question_id,continuation_id,t,delta,margin,top1,entropy,K,winner_now,winner_future,y,fold,p_base_rate_constant,p_base_rate_foldwise,p_margin,p_top1_mass,p_entropy,p_time_fe,p_margin_plus_controls
cd/490199,seed1,100,5,0.37460317,0.58095238,0.706994,5,57-,57-,1,4,0.5,0.95388235,0.97359298,0.93227157,0.89336619,0.94846564,0.97879619
cd/490199,seed1,105,5,0.38224229,0.59367946,0.69355542,5,57-,57-,1,4,0.5,0.95388235,0.97531527,0.94051129,0.89991289,0.95290546,0.9843368
cd/490199,seed1,110,5,0.20685197,0.54621849,0.63025495,5,57-,57-,1,4,0.5,0.95388235,0.88968179,0.90413879,0.92615657,0.95523842,0.90820834
cd/490199,seed1,115,5,0.25607587,0.58980439,0.56934491,5,57-,57-,1,4,0.5,0.95388235,0.92645554,0.93810727,0.94528592,0.9622306,0.94240649
cd/490199,seed1,120,5,0.20484171,0.57790192,0.5284713,5,57-,57-,1,4,0.5,0.95388235,0.88788145,0.93014492,0.95539518,0.95057173,0.86554192
cd/490199,seed2,100,5,0.37460317,0.58095238,0.706994,5,57-,57-,1,4,0.5,0.95388235,0.97359298,0.93227157,0.89336619,0.94846564,0.95769922
cd/490199,seed2,105,5,0.27124464,0.53991416,0.70475062,5,57-,57-,1,4,0.5,0.95388235,0.93528806,0.89802465,0.8944847,0.95290546,0.9165016
cd/490199,seed2,110,5,0.20348304,0.54537122,0.6308021,5,57-,57+,0,4,0.5,0.95388235,0.88665016,0.90333656,0.92595957,0.95523842,0.82465361
cd/490199,seed2,115,5,0.32646834,0.64302059,0.49831967,5,57+,57+,1,4,0.5,0.95388235,0.9597379,0.96434831,0.96168417,0.9622306,0.93919809
cd/490199,seed2,120,5,0.51527861,0.74835231,0.39941277,5,57+,57+,1,4,0.5,0.95388235,0.99247461,0.98838833,0.97686233,0.95057173,0.98266231
cd/490199,seed3,100,5,0.37460317,0.58095238,0.706994,5,57-,57-,1,4,0.5,0.95388235,0.97359298,0.93227157,0.89336619,0.94846564,0.97933102
cd/490199,seed3,105,5,0.40299523,0.59972771,0.68289075,5,57-,57-,1,4,0.5,0.95388235,0.97945951,0.9440893,0.90485157,0.95290546,0.98738025
cd/490199,seed3,110,5,0.42765502,0.63649323,0.63280587,5,57-,57-,1,4,0.5,0.95388235,0.98350437,0.9618236,0.92523399,0.95523842,0.987531
cd/490199,seed3,115,5,0.36910458,0.61449077,0.62540497,5,57-,57-,1,4,0.5,0.95388235,0.97228149,0.95198991,0.9278818,0.9622306,0.97961812
cd/490199,seed3,120,5,0.41196465,0.64377974,0.61131245,5,57-,57-,1,4,0.5,0.95388235,0.9810323,0.96463129,0.93268582,0.95057173,0.97843453
cd/490199,seed4,100,5,0.37460317,0.58095238,0.706994,5,57-,57-,1,4,0.5,0.95388235,0.97359298,0.93227157,0.89336619,0.94846564,0.97302617
cd/490199,seed4,105,5,0.38095238,0.59914712,0.67521868,5,57-,57-,1,4,0.5,0.95388235,0.97503233,0.94375482,0.90826842,0.95290546,0.97980774
cd/490199,seed4,110,5,0.4894027,0.68914579,0.55817854,5,57-,57-,1,4,0.5,0.95388235,0.99050525,0.97811174,0.94824442,0.95523842,0.99074826
cd/490199,seed4,115,5,0.3280236,0.62831858,0.54944826,5,57-,57-,1,4,0.5,0.95388235,0.96027888,0.95841903,0.95045147,0.9622306,0.9614945
cd/490199,seed4,120,5,0.02612152,0.49687677,0.51685818,5,57-,57+,0,4,0.5,0.95388235,0.61064658,0.84645405,0.95792622,0.95057173,0.4882631
cd/490199,seed5,100,5,0.37460317,0.58095238,0.706994,5,57-,57-,1,4,0.5,0.95388235,0.97359298,0.93227157,0.89336619,0.94846564,0.98190834
cd/490199,seed5,105,5,0.35676493,0.57671958,0.71092192,5,57-,57-,1,4,0.5,0.95388235,0.96910398,0.92930415,0.89138265,0.95290546,0.98313602
cd/490199,seed5,110,5,0.16149068,0.48654244,0.70075502,5,57-,57-,1,4,0.5,0.95388235,0.84244185,0.8312594,0.89645121,0.95523842,0.88410637
cd/490199,seed5,115,5,0.01883239,0.45511613,0.63557016,5,57-,57+,0,4,0.5,0.95388235,0.59483497,0.77773951,0.92422229,0.9622306,0.67919719
cd/490199,seed5,120,5,0.08814771,0.50684932,0.58587363,5,57+,57+,1,4,0.5,0.95388235,0.73341216,0.86003675,0.94061303,0.95057173,0.71879989
cd/490201,seed1,100,5,0.3830735,0.66146993,0.52916395,5,82-,82-,1,4,0.5,0.95388235,0.97549593,0.97064378,0.95523972,0.94846564,0.98037121
cd/490201,seed1,105,5,0.30101768,0.6293519,0.51437542,5,82-,82-,1,4,0.5,0.95388235,0.9498202,0.95886491,0.95844923,0.95290546,0.96723563
cd/490201,seed1,110,5,0.28658848,0.63284039,0.47102848,5,82-,82-,1,4,0.5,0.95388235,0.94320996,0.96033667,0.96663529,0.95523842,0.95407199
cd/490201,seed1,115,5,0.42593516,0.70872818,0.40412782,5,82-,82-,1,4,0.5,0.95388235,0.98324966,0.98223856,0.9762953,0.9622306,0.98756912
cd/490201,seed1,120,5,0.47029946,0.73392243,0.37006454,5,82-,82-,1,4,0.5,0.95388235,0.98873133,0.98644047,0.98010515,0.95057173,0.98702152
cd/490201,seed2,100,5,0.3830735,0.66146993,0.52916395,5,82-,82-,1,4,0.5,0.95388235,0.97549593,0.97064378,0.95523972,0.94846564,0.96077852
cd/490201,seed2,105,5,0.3223006,0.64514379,0.48490603,5,82-,82-,1,4,0.5,0.95388235,0.95825319,0.96513433,0.96420008,0.95290546,0.94637688
cd/490201,seed2,110,5,0.18714653,0.58868895,0.45569855,5,82-,82+,0,4,0.5,0.95388235,0.8709021,0.93739863,0.96913941,0.95523842,0.80158613
cd/490201,seed2,115,5,0.18809405,0.5897949,0.45204658,5,82+,82+,1,4,0.5,0.95388235,0.87186424,0.93810128,0.96970857,0.9622306,0.81003587
cd/490201,seed2,120,5,0.45925926,0.72839506,0.3735832,5,82+,82+,1,4,0.5,0.95388235,0.9875606,0.98561181,0.97974117,0.95057173,0.9711477
cd/490201,seed3,100,5,0.3830735,0.66146993,0.52916395,5,82-,82-,1,4,0.5,0.95388235,0.97549593,0.97064378,0.95523972,0.94846564,0.98086709
cd/490201,seed3,105,5,0.37910609,0.67151319,0.48395946,5,82-,82-,1,4,0.5,0.95388235,0.97462185,0.97360327,0.96437148,0.95290546,0.98428925
cd/490201,seed3,110,5,0.37657749,0.67693084,0.45434349,5,82-,82-,1,4,0.5,0.95388235,0.974049,0.97507707,0.96935179,0.95523842,0.98009811
cd/490201,seed3,115,5,0.36598707,0.67081054,0.45720731,5,82-,82-,1,4,0.5,0.95388235,0.97151003,0.97340602,0.96890125,0.9622306,0.97903099
cd/490201,seed3,120,5,0.37333333,0.67111111,0.4678492,5,82-,82-,1,4,0.5,0.95388235,0.97329557,0.97349057,0.96717025,0.95057173,0.96939506
cd/490201,seed4,100,5,0.3830735,0.66146993,0.52916395,5,82-,82-,1,4,0.5,0.95388235,0.97549593,0.97064378,0.95523972,0.94846564,0.97501884
cd/490201,seed4,105,5,0.30671602,0.63088313,0.51757731,5,82-,82-,1,4,0.5,0.95388235,0.95222454,0.95951725,0.95777356,0.95290546,0.96051345
cd/490201,seed4,110,5,0.51667496,0.74216028,0.43441886,5,82-,82-,1,4,0.5,0.95388235,0.99256851,0.98758887,0.9723158,0.95523842,0.99280635
cd/490201,seed4,115,5,0.54107231,0.75110674,0.42516556,5,82-,82-,1,4,0.5,0.95388235,0.99403354,0.9887274,0.97359581,0.9622306,0.99451083
cd/490201,seed4,120,5,0.36150464,0.65901319,0.48288094,5,82-,82-,1,4,0.5,0.95388235,0.97036418,0.96987221,0.96456582,0.95057173,0.95575621
cd/490201,seed5,100,5,0.3830735,0.66146993,0.52916395,5,82-,82-,1,4,0.5,0.95388235,0.97549593,0.97064378,0.95523972,0.94846564,0.98325614
cd/490201,seed5,105,5,0.27937195,0.61884136,0.52145334,5,82-,82-,1,4,0.5,0.95388235,0.9396045,0.95410836,0.95694157,0.95290546,0.96596228
cd/490201,seed5,110,5,0.14233386,0.55416013,0.52187448,5,82-,82-,1,4,0.5,0.95388235,0.81801321,0.91137308,0.95685023,0.95523842,0.86456179
cd/490201,seed5,115,5,0.0917899,0.53799082,0.47782769,5,82-,82-,1,4,0.5,0.95388235,0.73981422,0.89609162,0.96546283,0.9622306,0.80670458
cd/490201,seed5,120,5,0.10436528,0.54641244,0.46846656,5,82-,82-,1,4,0.5,0.95388235,0.76113993,0.90432159,0.96706702,0.95057173,0.7482636
cd/490202,seed1,100,5,0.93678161,0.9683908,0.20239879,2,97-,97-,1,2,0.5,0.95058824,0.99994697,0.99888503,0.9926813,0.93926157,0.99995558
cd/490202,seed1,105,5,0.96977661,0.9848883,0.11303442,2,97-,97-,1,2,0.5,0.95058824,0.99996255,0.9990686,0.99567111,0.95750543,0.9999781
cd/490202,seed1,110,5,0.98636927,0.99318463,0.05884905,2,97-,97-,1,2,0.5,0.95058824,0.99996855,0.99914917,0.99685356,0.95750543,0.99997725
cd/490202,seed1,115,5,0.9988081,0.99940405,0.00724362,2,97-,97-,1,2,0.5,0.95058824,0.99997242,0.99920496,0.99767872,0.95750543,0.99997748
cd/490202,seed1,120,5,0.99882767,0.99941383,0.00713873,2,97-,97-,1,2,0.5,0.95058824,0.99997242,0.99920505,0.99768015,0.94116374,0.99996561
cd/490202,seed2,100,5,0.93678161,0.9683908,0.20239879,2,97-,97-,1,2,0.5,0.95058824,0.99994697,0.99888503,0.9926813,0.93926157,0.99991923
cd/490202,seed2,105,5,0.96831956,0.98415978,0.11739935,2,97-,97-,1,2,0.5,0.95058824,0.99996197,0.99906117,0.99555849,0.95750543,0.99995955
cd/490202,seed2,110,5,0.98880597,0.99440299,0.04992412,2,97-,97-,1,2,0.5,0.95058824,0.99996935,0.9991604,0.99701474,0.95750543,0.9999597
cd/490202,seed2,115,5,0.99638554,0.99819277,0.0190724,2,97-,97-,1,2,0.5,0.95058824,0.99997171,0.99919439,0.99751106,0.95750543,0.99995797
cd/490202,seed2,120,5,0.99886878,0.99943439,0.00691753,2,97-,97-,1,2,0.5,0.95058824,0.99997244,0.99920523,0.99768318,0.94116374,0.9999375
cd/490202,seed3,100,5,0.93678161,0.9683908,0.20239879,2,97-,97-,1,2,0.5,0.95058824,0.99994697,0.99888503,0.9926813,0.93926157,0.99995928
cd/490202,seed3,105,5,0.98266667,0.99133333,0.07181835,2,97-,97-,1,2,0.5,0.95058824,0.9999673,0.99913181,0.99660377,0.95750543,0.99998252
cd/490202,seed3,110,5,0.99395405,0.99697703,0.02965637,2,97-,97-,1,2,0.5,0.95058824,0.99997097,0.99918364,0.99735083,0.95750543,0.99998078
cd/490202,seed3,115,5,0.99644128,0.99822064,0.01881822,2,97-,97-,1,2,0.5,0.95058824,0.99997172,0.99919464,0.99751479,0.95750543,0.99997882
cd/490202,seed3,120,5,0.99881517,0.99940758,0.00720579,2,97-,97-,1,2,0.5,0.95058824,0.99997242,0.999205,0.99767924,0.94116374,0.99996848
cd/490202,seed4,100,5,0.93678161,0.9683908,0.20239879,2,97-,97-,1,2,0.5,0.95058824,0.99994697,0.99888503,0.9926813,0.93926157,0.99995291
cd/490202,seed4,105,5,0.9876881,0.99384405,0.05406185,2,97-,97-,1,2,0.5,0.95058824,0.99996899,0.99915526,0.99694106,0.95750543,0.99998085
cd/490202,seed4,110,5,0.99876543,0.99938272,0.00747162,2,97-,97-,1,2,0.5,0.95058824,0.99997241,0.99920478,0.9976756,0.95750543,0.99997889
cd/490202,seed4,115,5,0.99665179,0.99832589,0.01785248,2,97-,97-,1,2,0.5,0.95058824,0.99997178,0.99919556,0.99752889,0.95750543,0.99997557
cd/490202,seed4,120,5,0.99886364,0.99943182,0.00694525,2,97-,97-,1,2,0.5,0.95058824,0.99997243,0.99920521,0.9976828,0.94116374,0.99996356
cd/490202,seed5,100,5,0.93678161,0.9683908,0.20239879,2,97-,97-,1,2,0.5,0.95058824,0.99994697,0.99888503,0.9926813,0.93926157,0.99997206
cd/490202,seed5,105,5,0.98529412,0.99264706,0.06268265,2,97-,97-,1,2,0.5,0.95058824,0.9999682,0.99914416,0.99678169,0.95750543,0.99998834
cd/490202,seed5,110,5,0.99623116,0.99811558,0.01977324,2,97-,97-,1,2,0.5,0.95058824,0.99997166,0.99919371,0.99750075,0.95750543,0.99998713
cd/490202,seed5,115,5,0.99658314,0.99829157,0.01816841,2,97-,97-,1,2,0.5,0.95058824,0.99997176,0.99919526,0.99752429,0.95750543,0.99998549
cd/490202,seed5,120,5,0.99888765,0.99944383,0.00681561,2,97-,97-,1,2,0.5,0.95058824,0.99997244,0.99920531,0.99768457,0.94116374,0.99997839
cd/490203,seed1,100,5,0.3454039,0.66573816,0.63266333,3,38+,38+,1,1,0.5,0.95247059,0.96478222,0.97030679,0.92208009,0.94841585,0.97186522
cd/490203,seed1,105,5,0.23394185,0.61189993,0.65069563,3,38+,38+,1,1,0.5,0.95247059,0.90702014,0.94896995,0.91414808,0.9599007,0.9380505
cd/490203,seed1,110,5,0.05052372,0.52310536,0.65233937,3,38+,38+,1,1,0.5,0.95247059,0.64074995,0.88008218,0.91338973,0.95523798,0.64739576
cd/490203,seed1,115,5,0.08112875,0.54027043,0.63207394,3,38+,38+,1,1,0.5,0.95247059,0.70310789,0.89779318,0.92232767,0.95756992,0.69499142
cd/490203,seed1,120,5,0.29728231,0.64836384,0.59400966,3,38+,38+,1,1,0.5,0.95247059,0.94606641,0.96459209,0.93686559,0.94122849,0.92416245
cd/490203,seed2,100,5,0.3454039,0.66573816,0.63266333,3,38+,38+,1,1,0.5,0.95247059,0.96478222,0.97030679,0.92208009,0.94841585,0.95550809
cd/490203,seed2,105,5,0.28850488,0.64237415,0.61249233,3,38+,38+,1,1,0.5,0.95247059,0.94176375,0.9623865,0.93015385,0.9599007,0.94039697
cd/490203,seed2,110,5,0.42866894,0.71194539,0.56864923,3,38+,38+,1,1,0.5,0.95247059,0.98340154,0.98148567,0.94509927,0.95523798,0.97613326
cd/490203,seed2,115,5,0.25621415,0.6277884,0.60514424,3,38+,40+,0,1,0.5,0.95247059,0.92302029,0.95645038,0.93289782,0.95756992,0.8813522
cd/490203,seed2,120,5,0.15138462,0.57538462,0.62476596,3,40+,40+,1,1,0.5,0.95247059,0.8195028,0.92694058,0.92533821,0.94122849,0.65571129
cd/490203,seed3,100,5,0.3454039,0.66573816,0.63266333,3,38+,38+,1,1,0.5,0.95247059,0.96478222,0.97030679,0.92208009,0.94841585,0.97156458
cd/490203,seed3,105,5,0.1839396,0.58819492,0.65098551,3,38+,38+,1,1,0.5,0.95247059,0.859913,0.93552022,0.91401478,0.9599007,0.90320231
cd/490203,seed3,110,5,0.09381107,0.54397394,0.6559435,3,38+,38+,1,1,0.5,0.95247059,0.72703457,0.90129706,0.91170568,0.95523798,0.73230444
cd/490203,seed3,115,5,0.06189555,0.5306254,0.63367537,3,38+,38+,1,1,0.5,0.95247059,0.66462368,0.8881468,0.92165327,0.95756992,0.65262501
cd/490203,seed3,120,5,0.15559772,0.57748261,0.6242763,3,38+,38+,1,1,0.5,0.95247059,0.82520416,0.92841439,0.92553605,0.94122849,0.75922757
cd/490203,seed4,100,5,0.3454039,0.66573816,0.63266333,3,38+,38+,1,1,0.5,0.95247059,0.96478222,0.97030679,0.92208009,0.94841585,0.96857105
cd/490203,seed4,105,5,0.33816425,0.66597654,0.60794442,3,38+,38+,1,1,0.5,0.95247059,0.96243104,0.97037862,0.93186416,0.9599007,0.97313582
cd/490203,seed4,110,5,0.06143345,0.52901024,0.64779922,3,38+,40+,0,1,0.5,0.95247059,0.66366881,0.88645566,0.91546972,0.95523798,0.64491091
cd/490203,seed4,115,5,0.08805871,0.5436958,0.6320202,3,40+,40+,1,1,0.5,0.95247059,0.71633211,0.90103767,0.92235021,0.95756992,0.6846073
cd/490203,seed4,120,5,0.21987066,0.60964139,0.61287859,3,40+,40+,1,1,0.5,0.95247059,0.8954282,0.94781249,0.93000677,0.94122849,0.83937031
cd/490203,seed5,100,5,0.3454039,0.66573816,0.63266333,3,38+,38+,1,1,0.5,0.95247059,0.96478222,0.97030679,0.92208009,0.94841585,0.98003247
cd/490203,seed5,105,5,0.33402062,0.66323024,0.61445368,3,38+,38+,1,1,0.5,0.95247059,0.96101819,0.96954078,0.92940406,0.9599007,0.98229248
cd/490203,seed5,110,5,0.14529375,0.57169931,0.63261049,3,38+,38+,1,1,0.5,0.95247059,0.8110056,0.92428388,0.92210231,0.95523798,0.86480491
cd/490203,seed5,115,5,0.1829912,0.58944282,0.63721528,3,38+,38+,1,1,0.5,0.95247059,0.85885128,0.93630395,0.92014348,0.95756992,0.89462281
cd/490203,seed5,120,5,0.20034345,0.59931311,0.62293667,3,38+,38+,1,1,0.5,0.95247059,0.87723798,0.94219668,0.92607483,0.94122849,0.87370582
cd/490204,seed1,100,5,0.2300885,0.51106195,0.64411551,8,90-,90-,1,0,0.5,0.95095238,0.90907912,0.84612752,0.9157978,0.94318109,0.91232533
cd/490204,seed1,105,5,0.30888889,0.56277778,0.60326017,8,90-,90-,1,0,0.5,0.95095238,0.95472851,0.90754242,0.93029154,0.95703088,0.96681377
cd/490204,seed1,110,5,0.47325103,0.6712963,0.49127999,8,90-,90-,1,0,0.5,0.95095238,0.99010126,0.9706842,0.95898622,0.95938935,0.99206415
cd/490204,seed1,115,5,0.57128614,0.73629113,0.40503015,8,90-,90-,1,0,0.5,0.95095238,0.9960649,0.98562949,0.9729831,0.95703088,0.9958432
cd/490204,seed1,120,5,0.52295409,0.70808383,0.41423929,8,90-,90-,1,0,0.5,0.95095238,0.99379472,0.9803928,0.97174397,0.93812972,0.98973456
cd/490204,seed2,100,5,0.2300885,0.51106195,0.64411551,8,90-,90-,1,0,0.5,0.95095238,0.90907912,0.84612752,0.9157978,0.94318109,0.86679098
cd/490204,seed2,105,5,0.35050392,0.61086226,0.52198363,8,90-,90-,1,0,0.5,0.95095238,0.96901808,0.94389277,0.95249301,0.95703088,0.96450245
cd/490204,seed2,110,5,0.46354167,0.68072917,0.45644462,8,90-,90-,1,0,0.5,0.95095238,0.98915818,0.97354668,0.96532423,0.95938935,0.98615162
cd/490204,seed2,115,5,0.49389002,0.68279022,0.42749486,8,90-,90-,1,0,0.5,0.95095238,0.99184446,0.97413495,0.96986302,0.95703088,0.98615482
cd/490204,seed2,120,5,0.62399194,0.75655242,0.36354461,8,90-,90-,1,0,0.5,0.95095238,0.99760756,0.9885145,0.97793957,0.93812972,0.99375532
cd/490204,seed3,100,5,0.2300885,0.51106195,0.64411551,8,90-,90-,1,0,0.5,0.95095238,0.90907912,0.84612752,0.9157978,0.94318109,0.91576764
cd/490204,seed3,105,5,0.38646288,0.61626638,0.55261889,8,90-,90-,1,0,0.5,0.95095238,0.97776152,0.94701458,0.94504853,0.95703088,0.98464565
cd/490204,seed3,110,5,0.3447205,0.61645963,0.50686551,8,90-,90-,1,0,0.5,0.95095238,0.96733073,0.94712312,0.95580393,0.95938935,0.97435744
cd/490204,seed3,115,5,0.44633902,0.6775326,0.44259681,8,90-,90-,1,0,0.5,0.95095238,0.98726419,0.97260849,0.96757214,0.95703088,0.98690568
cd/490204,seed3,120,5,0.40631164,0.66025641,0.43377858,8,90-,90-,1,0,0.5,0.95095238,0.98150209,0.96695173,0.96892951,0.93812972,0.97045875
cd/490204,seed4,100,5,0.2300885,0.51106195,0.64411551,8,90-,90-,1,0,0.5,0.95095238,0.90907912,0.84612752,0.9157978,0.94318109,0.92315735
cd/490204,seed4,105,5,0.33695652,0.5875,0.57543445,8,90-,90-,1,0,0.5,0.95095238,0.96492542,0.92830823,0.93880409,0.95703088,0.97779909
cd/490204,seed4,110,5,0.4744898,0.68214286,0.47581379,8,90-,90-,1,0,0.5,0.95095238,0.99021558,0.97395156,0.96192662,0.95938935,0.99319975
cd/490204,seed4,115,5,0.5589391,0.74508841,0.38631846,8,90-,90-,1,0,0.5,0.95095238,0.99557891,0.9869608,0.97534019,0.95703088,0.99594569
cd/490204,seed4,120,5,0.5443038,0.74148004,0.36348667,8,90-,90-,1,0,0.5,0.95095238,0.99492495,0.98643013,0.97794583,0.93812972,0.99273518
cd/490204,seed5,100,5,0.2300885,0.51106195,0.64411551,8,90-,90-,1,0,0.5,0.95095238,0.90907912,0.84612752,0.9157978,0.94318109,0.94517191
cd/490204,seed5,105,5,0.2766191,0.55598244,0.57515028,8,90-,90-,1,0,0.5,0.95095238,0.93952402,0.90095248,0.9388858,0.95703088,0.97252664
cd/490204,seed5,110,5,0.38105263,0.62578947,0.50257532,8,90-,90-,1,0,0.5,0.95095238,0.97661966,0.95212023,0.95670269,0.95938935,0.98842791
cd/490204,seed5,115,5,0.41351075,0.64534289,0.48837325,8,90-,90-,1,0,0.5,0.95095238,0.98270018,0.96117464,0.95955495,0.95703088,0.98866008
cd/490204,seed5,120,5,0.50653266,0.70904523,0.40849022,8,90-,90-,1,0,0.5,0.95095238,0.99275811,0.9805988,0.97252385,0.93812972,0.99272281
cd/490205,seed1,100,5,0.03305785,0.47107438,0.62596091,5,72-,72+,0,3,0.5,0.96752941,0.58524017,0.79229221,0.94046282,0.96709606,0.70769137
cd/490205,seed1,105,5,0.03016393,0.49114754,0.55138151,5,72+,72+,1,3,0.5,0.96752941,0.57797934,0.82957581,0.9635982,0.96473295,0.67044736
cd/490205,seed1,110,5,0.21173624,0.5922565,0.49658927,5,72+,72+,1,3,0.5,0.96752941,0.89904446,0.94325561,0.97479936,0.9740259,0.94447924
cd/490205,seed1,115,5,0.13153639,0.56226415,0.45207992,5,72+,72+,1,3,0.5,0.96752941,0.79571453,0.92030275,0.98135733,0.96705934,0.81932424
cd/490205,seed1,120,5,0.13941568,0.56842645,0.43610356,5,72+,72+,1,3,0.5,0.96752941,0.80860395,0.925623,0.98327661,0.96473295,0.80257774
cd/490205,seed2,100,5,0.03305785,0.47107438,0.62596091,5,72-,72-,1,3,0.5,0.96752941,0.58524017,0.79229221,0.94046282,0.96709606,0.48110587
cd/490205,seed2,105,5,0.17204301,0.56415771,0.53273409,5,72-,72+,0,3,0.5,0.96752941,0.85537312,0.92197353,0.96786495,0.96473295,0.77440036
cd/490205,seed2,110,5,0.10965251,0.54594595,0.48321006,5,72+,72+,1,3,0.5,0.96752941,0.75659111,0.90449971,0.97697727,0.9740259,0.69148719
cd/490205,seed2,115,5,0.24011103,0.61276891,0.45990055,5,72+,72+,1,3,0.5,0.96752941,0.92267224,0.95520981,0.9803406,0.96705934,0.84380206
cd/490205,seed2,120,5,0.19864281,0.59777915,0.43178374,5,72+,72+,1,3,0.5,0.96752941,0.886114,0.94674123,0.98376131,0.96473295,0.74301888
cd/490205,seed3,100,5,0.03305785,0.47107438,0.62596091,5,72-,72-,1,3,0.5,0.96752941,0.58524017,0.79229221,0.94046282,0.96709606,0.66566497
cd/490205,seed3,105,5,0.101945,0.51978538,0.57614094,5,72-,72-,1,3,0.5,0.96752941,0.74165899,0.87330296,0.95708439,0.96473295,0.77987087
cd/490205,seed3,110,5,0.04436229,0.50831793,0.51155835,5,72-,72+,0,3,0.5,0.96752941,0.61322322,0.85707315,0.97212453,0.9740259,0.70866715
cd/490205,seed3,115,5,0.03491872,0.50872968,0.48495339,5,72+,72-,0,3,0.5,0.96752941,0.58988981,0.85768473,0.97670425,0.96705934,0.57599834
cd/490205,seed3,120,5,0.01330913,0.50393224,0.45245524,5,72-,72+,0,3,0.5,0.96752941,0.53511614,0.85042241,0.98130974,0.96473295,0.47224254
cd/490205,seed4,100,5,0.03305785,0.47107438,0.62596091,5,72-,72-,1,3,0.5,0.96752941,0.58524017,0.79229221,0.94046282,0.96709606,0.60488386
cd/490205,seed4,105,5,0.04705882,0.50311419,0.54123694,5,72-,72-,1,3,0.5,0.96752941,0.61979657,0.84915401,0.96598291,0.96473295,0.60550451
cd/490205,seed4,110,5,0.21584529,0.59575795,0.49127021,5,72-,72-,1,3,0.5,0.96752941,0.90282543,0.94548964,0.97568827,0.9740259,0.91822596
cd/490205,seed4,115,5,0.09643836,0.54410959,0.45818156,5,72-,72+,0,3,0.5,0.96752941,0.73063189,0.90255545,0.98056864,0.96705934,0.66520749
cd/490205,seed4,120,5,0.00207147,0.49974107,0.44227849,5,72+,72+,1,3,0.5,0.96752941,0.50620622,0.84383033,0.98255897,0.96473295,0.37956688
cd/490205,seed5,100,5,0.03305785,0.47107438,0.62596091,5,72-,72+,0,3,0.5,0.96752941,0.58524017,0.79229221,0.94046282,0.96709606,0.68345606
cd/490205,seed5,105,5,0.00692042,0.48235294,0.54654101,5,72+,72+,1,3,0.5,0.96752941,0.51869704,0.81393693,0.9647555,0.96473295,0.58728889
cd/490205,seed5,110,5,0.12357528,0.53929214,0.54235265,5,72+,72+,1,3,0.5,0.96752941,0.78204712,0.89728633,0.9657282,0.9740259,0.85789502
cd/490205,seed5,115,5,0.20169014,0.59323944,0.46923178,5,72+,72+,1,3,0.5,0.96752941,0.88924658,0.9438913,0.97905623,0.96705934,0.89383525
cd/490205,seed5,120,5,0.12666312,0.56040447,0.44763632,5,72+,72+,1,3,0.5,0.96752941,0.7874252,0.91863012,0.98191186,0.96473295,0.76036757
cd/490206,seed1,100,5,0.56750572,0.71167048,0.59134426,5,68-,68-,1,2,0.5,0.95058824,0.99740818,0.98193668,0.93158997,0.93926157,0.9976591
cd/490206,seed1,105,5,0.6782798,0.79096353,0.46077537,5,68-,68-,1,2,0.5,0.95058824,0.99919209,0.99231787,0.96716944,0.95750543,0.99949864
cd/490206,seed1,110,5,0.68477704,0.80522809,0.42639843,5,68-,68-,1,2,0.5,0.95058824,0.99924552,0.99341823,0.97304276,0.95750543,0.99941947
cd/490206,seed1,115,5,0.65939514,0.79871096,0.40555497,5,68-,68-,1,2,0.5,0.95058824,0.99901436,0.9929364,0.97609232,0.95750543,0.99913759
cd/490206,seed1,120,5,0.55042226,0.73174367,0.47288677,5,68-,68-,1,2,0.5,0.95058824,0.99689848,0.9854391,0.96481911,0.94116374,0.99576846
cd/490206,seed2,100,5,0.56750572,0.71167048,0.59134426,5,68-,68-,1,2,0.5,0.95058824,0.99740818,0.98193668,0.93158997,0.93926157,0.99575175
cd/490206,seed2,105,5,0.68991826,0.78964578,0.46682686,5,68-,68-,1,2,0.5,0.95058824,0.99928529,0.99220745,0.96601469,0.95750543,0.99919577
cd/490206,seed2,110,5,0.76146316,0.85368367,0.3363895,5,68-,68-,1,2,0.5,0.95058824,0.99966362,0.99611118,0.98398546,0.95750543,0.99953679
cd/490206,seed2,115,5,0.8066633,0.89197375,0.25024863,5,68-,68-,1,2,0.5,0.95058824,0.99979107,0.9974362,0.99031258,0.95750543,0.99967747
cd/490206,seed2,120,5,0.88214818,0.92839383,0.1921181,5,68-,68-,1,2,0.5,0.95058824,0.99990569,0.99827574,0.99310975,0.94116374,0.99978106
cd/490206,seed3,100,5,0.56750572,0.71167048,0.59134426,5,68-,68-,1,2,0.5,0.95058824,0.99740818,0.98193668,0.93158997,0.93926157,0.99785397
cd/490206,seed3,105,5,0.65799063,0.77719938,0.48639012,5,68-,68-,1,2,0.5,0.95058824,0.99899967,0.99108361,0.96200755,0.95750543,0.9994286
cd/490206,seed3,110,5,0.66838046,0.77583548,0.4743067,5,68-,68-,1,2,0.5,0.95058824,0.99910333,0.99095109,0.96453316,0.95750543,0.99936545
cd/490206,seed3,115,5,0.68582955,0.80131114,0.41529524,5,68-,68-,1,2,0.5,0.95058824,0.99925384,0.99313271,0.97471155,0.95750543,0.99940478
cd/490206,seed3,120,5,0.67625186,0.79771939,0.40819347,5,68-,68-,1,2,0.5,0.95058824,0.99917466,0.99286009,0.97572572,0.94116374,0.99899296
cd/490206,seed4,100,5,0.56750572,0.71167048,0.59134426,5,68-,68-,1,2,0.5,0.95058824,0.99740818,0.98193668,0.93158997,0.93926157,0.99751902
cd/490206,seed4,105,5,0.66739012,0.78296256,0.4767934,5,68-,68-,1,2,0.5,0.95058824,0.99909393,0.99162268,0.96402698,0.95750543,0.99940267
cd/490206,seed4,110,5,0.7100353,0.82349975,0.3952252,5,68-,68-,1,2,0.5,0.95058824,0.99942175,0.99460186,0.97747627,0.95750543,0.99953082
cd/490206,seed4,115,5,0.75012321,0.86200099,0.30325685,5,68-,68-,1,2,0.5,0.95058824,0.99962093,0.99644748,0.98679573,0.95750543,0.99965488
cd/490206,seed4,120,5,0.61786237,0.78818936,0.3974522,5,68-,68-,1,2,0.5,0.95058824,0.9984739,0.99208357,0.97718468,0.94116374,0.99782194
cd/490206,seed5,100,5,0.56750572,0.71167048,0.59134426,5,68-,68-,1,2,0.5,0.95058824,0.99740818,0.98193668,0.93158997,0.93926157,0.99852668
cd/490206,seed5,105,5,0.62956901,0.75995636,0.50616216,5,68-,68-,1,2,0.5,0.95058824,0.99865079,0.98925696,0.95749853,0.95750543,0.99946799
cd/490206,seed5,110,5,0.68577384,0.79676915,0.44716681,5,68-,68-,1,2,0.5,0.95058824,0.9992534,0.99278618,0.96962938,0.95750543,0.99963875
cd/490206,seed5,115,5,0.69257951,0.80817769,0.4170251,5,68-,68-,1,2,0.5,0.95058824,0.99930504,0.99362543,0.97445834,0.95750543,0.99962012
cd/490206,seed5,120,5,0.59910135,0.76635047,0.44840801,5,68-,68-,1,2,0.5,0.95058824,0.99814087,0.98997393,0.96941262,0.94116374,0.99841842
cd/490207,seed1,100,5,0.51697128,0.65535248,0.64071404,5,80-,80-,1,0,0.5,0.95095238,0.99343534,0.96515011,0.91710209,0.94318109,0.99392948
cd/490207,seed1,105,5,0.41954397,0.60651466,0.67956857,5,80-,80-,1,0,0.5,0.95095238,0.98364526,0.94125653,0.90105722,0.95703088,0.98828206
cd/490207,seed1,110,5,0.3141994,0.5734139,0.66030078,5,80-,80-,1,0,0.5,0.95095238,0.95685332,0.91706808,0.90933312,0.95938935,0.96444639
cd/490207,seed1,115,5,0.22258953,0.54490358,0.6327161,5,80-,80-,1,0,0.5,0.95095238,0.90303584,0.88931083,0.92009675,0.95703088,0.89370807
cd/490207,seed1,120,5,0.05320814,0.46061555,0.63199141,5,80-,80-,1,0,0.5,0.95095238,0.65186205,0.75755561,0.92036316,0.93812972,0.51403947
cd/490207,seed2,100,5,0.51697128,0.65535248,0.64071404,5,80-,80-,1,0,0.5,0.95095238,0.99343534,0.96515011,0.91710209,0.94318109,0.99032738
cd/490207,seed2,105,5,0.43250883,0.61696113,0.66561594,5,80-,80-,1,0,0.5,0.95095238,0.98550765,0.94740382,0.90711451,0.95703088,0.98353483
cd/490207,seed2,110,5,0.26224066,0.56348548,0.61741455,5,80-,80+,0,0,0.5,0.95095238,0.93130759,0.90820562,0.92555217,0.95938935,0.91148478
cd/490207,seed2,115,5,0.06956522,0.50039526,0.57189956,5,80+,80+,1,0,0.5,0.95095238,0.68614324,0.82991601,0.93981326,0.95703088,0.54728821
cd/490207,seed2,120,5,0.28110289,0.61802286,0.51366661,5,80+,80+,1,0,0.5,0.95095238,0.94189228,0.94799346,0.95434261,0.93812972,0.85518909
cd/490207,seed3,100,5,0.51697128,0.65535248,0.64071404,5,80-,80-,1,0,0.5,0.95095238,0.99343534,0.96515011,0.91710209,0.94318109,0.99418823
cd/490207,seed3,105,5,0.49969155,0.66193708,0.61911528,5,80-,80-,1,0,0.5,0.95095238,0.99227711,0.96754823,0.92496316,0.95703088,0.99477251
cd/490207,seed3,110,5,0.42072795,0.60271437,0.66052422,5,80-,80-,1,0,0.5,0.95095238,0.98382468,0.93885745,0.90924082,0.95938935,0.98747802
cd/490207,seed3,115,5,0.38095238,0.59307359,0.64704825,5,80-,80-,1,0,0.5,0.95095238,0.97659797,0.93235477,0.91465831,0.95703088,0.97573788
cd/490207,seed3,120,5,0.27916386,0.55495617,0.64917274,5,80-,80-,1,0,0.5,0.95095238,0.94087899,0.89992162,0.91382414,0.93812972,0.90641033
cd/490207,seed4,100,5,0.51697128,0.65535248,0.64071404,5,80-,80-,1,0,0.5,0.95095238,0.99343534,0.96515011,0.91710209,0.94318109,0.99473763
cd/490207,seed4,105,5,0.41452145,0.61452145,0.65693084,5,80-,80-,1,0,0.5,0.95095238,0.98286216,0.94602494,0.91071495,0.95703088,0.98933722
cd/490207,seed4,110,5,0.43118724,0.6278795,0.61424392,5,80-,80-,1,0,0.5,0.95095238,0.9853278,0.95317654,0.92663891,0.95938935,0.98972791
cd/490207,seed4,115,5,0.31330713,0.59011791,0.60495977,5,80-,80-,1,0,0.5,0.95095238,0.95650309,0.93023599,0.92973755,0.95703088,0.95868429
cd/490207,seed4,120,5,0.21386351,0.56260075,0.57230908,5,80-,80+,0,0,0.5,0.95095238,0.89555452,0.90737585,0.93969715,0.93812972,0.85108536
cd/490207,seed5,100,5,0.51697128,0.65535248,0.64071404,5,80-,80-,1,0,0.5,0.95095238,0.99343534,0.96515011,0.91710209,0.94318109,0.99632684
cd/490207,seed5,105,5,0.34879164,0.54800784,0.73874208,5,80-,80-,1,0,0.5,0.95095238,0.9685275,0.89268853,0.87132088,0.95703088,0.98607417
cd/490207,seed5,110,5,0.30959752,0.54551084,0.69466907,5,80-,80-,1,0,0.5,0.95095238,0.9550177,0.88997883,0.89410776,0.95938935,0.97727065
cd/490207,seed5,115,5,0.24358209,0.54268657,0.65638195,5,80-,80-,1,0,0.5,0.95095238,0.91910425,0.88684188,0.91093821,0.95703088,0.94457213
cd/490207,seed5,120,5,0.22673435,0.55217146,0.61526332,5,80-,80-,1,0,0.5,0.95095238,0.90641913,0.8970763,0.92629111,0.93812972,0.90272743
cd/490208,seed1,100,5,0.45346062,0.69928401,0.49860494,5,94-,94-,1,3,0.5,0.96752941,0.99079755,0.98387026,0.97445429,0.96709606,0.99492465
cd/490208,seed1,105,5,0.54589082,0.75764847,0.41748178,5,94-,94-,1,3,0.5,0.96752941,0.99643165,0.99199597,0.98526948,0.96473295,0.99776353
cd/490208,seed1,110,5,0.58998349,0.78866263,0.35631481,5,94-,94-,1,3,0.5,0.96752941,0.99773228,0.99449456,0.99030526,0.9740259,0.9988733
cd/490208,seed1,115,5,0.60772896,0.79989412,0.33597377,5,94-,94-,1,3,0.5,0.96752941,0.99811075,0.9951933,0.99156791,0.96705934,0.99848219
cd/490208,seed1,120,5,0.45996776,0.72810317,0.37775184,5,94-,94-,1,3,0.5,0.96752941,0.99138959,0.98857986,0.98877173,0.96473295,0.99144725
cd/490208,seed2,100,5,0.45346062,0.69928401,0.49860494,5,94-,94-,1,3,0.5,0.96752941,0.99079755,0.98387026,0.97445429,0.96709606,0.98685474
cd/490208,seed2,105,5,0.53595575,0.75169023,0.42576372,5,94-,94-,1,3,0.5,0.96752941,0.99604825,0.99140038,0.9844138,0.96473295,0.99354846
cd/490208,seed2,110,5,0.6324567,0.80885183,0.34445811,5,94-,94-,1,3,0.5,0.96752941,0.99853531,0.99568672,0.99106239,0.9740259,0.9981141
cd/490208,seed2,115,5,0.76083086,0.87893175,0.23971319,5,94-,94-,1,3,0.5,0.96752941,0.99960974,0.99815418,0.99565172,0.96705934,0.99919943
cd/490208,seed2,120,5,0.72697187,0.86100386,0.26589852,5,94-,94-,1,3,0.5,0.96752941,0.99944677,0.99770613,0.99479205,0.96473295,0.99861939
cd/490208,seed3,100,5,0.45346062,0.69928401,0.49860494,5,94-,94-,1,3,0.5,0.96752941,0.99079755,0.98387026,0.97445429,0.96709606,0.99383521
cd/490208,seed3,105,5,0.53177843,0.74810496,0.43072728,5,94-,94-,1,3,0.5,0.96752941,0.99587504,0.99102103,0.98387773,0.96473295,0.99685113
cd/490208,seed3,110,5,0.4910249,0.73364215,0.42380365,5,94-,94-,1,3,0.5,0.96752941,0.99373419,0.98931501,0.98462063,0.9740259,0.99615628
cd/490208,seed3,115,5,0.53593315,0.76155989,0.3784907,5,94-,94-,1,3,0.5,0.96752941,0.99604733,0.99236453,0.9887148,0.96705934,0.9961005
cd/490208,seed3,120,5,0.47405789,0.73347897,0.38406146,5,94-,94-,1,3,0.5,0.96752941,0.99254522,0.98929403,0.9882763,0.96473295,0.99102795
cd/490208,seed4,100,5,0.45346062,0.69928401,0.49860494,5,94-,94-,1,3,0.5,0.96752941,0.99079755,0.98387026,0.97445429,0.96709606,0.99199722
cd/490208,seed4,105,5,0.46654159,0.71607255,0.45312976,5,94-,94-,1,3,0.5,0.96752941,0.99194933,0.9868066,0.9812239,0.96473295,0.99194131
cd/490208,seed4,110,5,0.66074403,0.82343143,0.32891048,5,94-,94-,1,3,0.5,0.96752941,0.99890545,0.99638424,0.99196706,0.9740259,0.99914929
cd/490208,seed4,115,5,0.76344648,0.87571802,0.2651138,5,94-,94-,1,3,0.5,0.96752941,0.99962012,0.99808084,0.99482012,0.96705934,0.99952806
cd/490208,seed4,120,5,0.69551777,0.84647089,0.27606785,5,94-,94-,1,3,0.5,0.96752941,0.99923499,0.99726446,0.99441433,0.96473295,0.99883812
cd/490208,seed5,100,5,0.45346062,0.69928401,0.49860494,5,94-,94-,1,3,0.5,0.96752941,0.99079755,0.98387026,0.97445429,0.96709606,0.99431246
cd/490208,seed5,105,5,0.46727829,0.71376147,0.46444166,5,94-,94-,1,3,0.5,0.96752941,0.99200977,0.98643607,0.97972549,0.96473295,0.99431632
cd/490208,seed5,110,5,0.4980057,0.73561254,0.42708998,5,94-,94-,1,3,0.5,0.96752941,0.9941668,0.98956507,0.98427231,0.9740259,0.99670315
cd/490208,seed5,115,5,0.57744199,0.77873718,0.38186453,5,94-,94-,1,3,0.5,0.96752941,0.99742004,0.99379352,0.98845121,0.96705934,0.99766617
cd/490208,seed5,120,5,0.49235635,0.74275171,0.37772134,5,94-,94-,1,3,0.5,0.96752941,0.99381909,0.99042354,0.98877407,0.96473295,0.99315211
cd/490211,seed1,100,5,0.67586207,0.79770115,0.44114698,5,79-,79-,1,3,0.5,0.96752941,0.99906328,0.99506418,0.9826927,0.96709606,0.99950121
cd/490211,seed1,105,5,0.64402943,0.79173741,0.42717939,5,79-,79-,1,3,0.5,0.96752941,0.99869985,0.99469532,0.98426272,0.96473295,0.99919701
cd/490211,seed1,110,5,0.75883257,0.85970302,0.32526854,5,79-,79-,1,3,0.5,0.96752941,0.99960161,0.99766968,0.99216548,0.9740259,0.99980691
cd/490211,seed1,115,5,0.86564204,0.92265741,0.20679952,5,79-,79-,1,3,0.5,0.96752941,0.99986753,0.99891394,0.99653464,0.96705934,0.99989741
cd/490211,seed1,120,5,0.87184562,0.93072736,0.18008445,5,79-,79-,1,3,0.5,0.96752941,0.99987573,0.99901525,0.99711806,0.96473295,0.99988354
cd/490211,seed2,100,5,0.67586207,0.79770115,0.44114698,5,79-,79-,1,3,0.5,0.96752941,0.99906328,0.99506418,0.9826927,0.96709606,0.9986986
cd/490211,seed2,105,5,0.70127002,0.82882385,0.36783497,5,79-,79-,1,3,0.5,0.96752941,0.99927902,0.99661271,0.98950888,0.96473295,0.9988477
cd/490211,seed2,110,5,0.68498728,0.83206107,0.33210074,5,79-,79-,1,3,0.5,0.96752941,0.99914733,0.99674289,0.99178915,0.9740259,0.99891003
cd/490211,seed2,115,5,0.78114144,0.88883375,0.22813676,5,79-,79-,1,3,0.5,0.96752941,0.99968345,0.99836302,0.99598525,0.96705934,0.99935246
cd/490211,seed2,120,5,0.84973079,0.9236417,0.17579872,5,79-,79-,1,3,0.5,0.96752941,0.99984391,0.99892684,0.99720207,0.96473295,0.99961694
cd/490211,seed3,100,5,0.67586207,0.79770115,0.44114698,5,79-,79-,1,3,0.5,0.96752941,0.99906328,0.99506418,0.9826927,0.96709606,0.99939354
cd/490211,seed3,105,5,0.67729522,0.80868609,0.40836281,5,79-,79-,1,3,0.5,0.96752941,0.99907701,0.99567807,0.98615816,0.96473295,0.99931026
cd/490211,seed3,110,5,0.70005163,0.82860093,0.36515318,5,79-,79-,1,3,0.5,0.96752941,0.99926991,0.99660356,0.98969986,0.9740259,0.99956608
cd/490211,seed3,115,5,0.71133501,0.83476071,0.35138752,5,79-,79-,1,3,0.5,0.96752941,0.99935004,0.99684764,0.99062732,0.96705934,0.99937449
cd/490211,seed3,120,5,0.75581971,0.85537395,0.32249693,5,79-,79-,1,3,0.5,0.96752941,0.99958905,0.99754417,0.99231323,0.96473295,0.999524
cd/490211,seed4,100,5,0.67586207,0.79770115,0.44114698,5,79-,79-,1,3,0.5,0.96752941,0.99906328,0.99506418,0.9826927,0.96709606,0.99921142
cd/490211,seed4,105,5,0.60778936,0.77290181,0.44790477,5,79-,79-,1,3,0.5,0.96752941,0.99811192,0.99334067,0.98187882,0.96473295,0.99814727
cd/490211,seed4,110,5,0.73220686,0.84024578,0.35781049,5,79-,79-,1,3,0.5,0.96752941,0.99947582,0.99705022,0.99020534,0.9740259,0.99959674
cd/490211,seed4,115,5,0.84992571,0.90391283,0.24922266,5,79-,79-,1,3,0.5,0.96752941,0.99984422,0.99863662,0.99535722,0.96705934,0.99980882
cd/490211,seed4,120,5,0.8544831,0.91082803,0.22853612,5,79-,79-,1,3,0.5,0.96752941,0.99985137,0.99874633,0.99597418,0.96473295,0.99977921
cd/490211,seed5,100,5,0.67586207,0.79770115,0.44114698,5,79-,79-,1,3,0.5,0.96752941,0.99906328,0.99506418,0.9826927,0.96709606,0.99944073
cd/490211,seed5,105,5,0.70163565,0.82177101,0.39224934,5,79-,79-,1,3,0.5,0.96752941,0.99928173,0.99631084,0.98760106,0.96473295,0.99950674
cd/490211,seed5,110,5,0.70376259,0.82935877,0.36755524,5,79-,79-,1,3,0.5,0.96752941,0.9992973,0.99663457,0.98952896,0.9740259,0.99961507
cd/490211,seed5,115,5,0.77396207,0.8728857,0.29504884,5,79-,79-,1,3,0.5,0.96752941,0.99965914,0.9980138,0.99363497,0.96705934,0.99970016
cd/490211,seed5,120,5,0.79675621,0.89153573,0.24804404,5,79-,79-,1,3,0.5,0.96752941,0.99973051,0.99841579,0.99539477,0.96473295,0.9997138
cd/490212,seed1,100,5,0.13417191,0.45073375,0.74750053,5,49-,49-,1,2,0.5,0.95058824,0.79993043,0.75904534,0.84402883,0.93926157,0.80217633
cd/490212,seed1,105,5,0.04709576,0.3992674,0.76297407,5,49-,49+,0,2,0.5,0.95058824,0.61494747,0.64237434,0.83160839,0.95750543,0.69369075
cd/490212,seed1,110,5,0.09711684,0.46788063,0.68540655,5,49+,49+,1,2,0.5,0.95058824,0.73014005,0.79160303,0.88650024,0.95750543,0.75736133
cd/490212,seed1,115,5,0.07202763,0.48001973,0.62325851,5,49+,49+,1,2,0.5,0.95058824,0.67500626,0.81261873,0.91854688,0.95750543,0.67816429
cd/490212,seed1,120,5,0.08882382,0.4875549,0.61782674,5,49+,49+,1,2,0.5,0.95058824,0.71257689,0.82482199,0.92091658,0.94116374,0.62302368
cd/490212,seed2,100,5,0.13417191,0.45073375,0.74750053,5,49-,49+,0,2,0.5,0.95058824,0.79993043,0.75904534,0.84402883,0.93926157,0.69041626
cd/490212,seed2,105,5,0.05023548,0.41182627,0.72508133,5,49+,49+,1,2,0.5,0.95058824,0.6227523,0.67321619,0.86068719,0.95750543,0.56298168
cd/490212,seed2,110,5,0.16485226,0.47019181,0.67715727,5,49+,49+,1,2,0.5,0.95058824,0.84673279,0.79573408,0.89131388,0.95750543,0.78040066
cd/490212,seed2,115,5,0.26392373,0.53336678,0.63989139,5,49+,49+,1,2,0.5,0.95058824,0.94010083,0.88588832,0.91088328,0.95750543,0.90103991
cd/490212,seed2,120,5,0.43344879,0.673429,0.51365741,5,49+,49+,1,2,0.5,0.95058824,0.98943892,0.97283349,0.95565893,0.94116374,0.97357125
cd/490212,seed3,100,5,0.13417191,0.45073375,0.74750053,5,49-,49-,1,2,0.5,0.95058824,0.79993043,0.75904534,0.84402883,0.93926157,0.81563695
cd/490212,seed3,105,5,0.04660798,0.41895391,0.72270314,5,49-,49+,0,2,0.5,0.95058824,0.61372949,0.6900959,0.86236388,0.95750543,0.7108059
cd/490212,seed3,110,5,0.03905859,0.40711067,0.71470955,5,49+,49-,0,2,0.5,0.95058824,0.59470558,0.66179323,0.86787563,0.95750543,0.64604709
cd/490212,seed3,115,5,0.00098474,0.394387,0.68640707,5,49-,49+,0,2,0.5,0.95058824,0.49554745,0.63004588,0.88590394,0.95750543,0.51731987
cd/490212,seed3,120,5,0.00786241,0.39459459,0.67841408,5,49+,49+,1,2,0.5,0.95058824,0.51366501,0.63057387,0.89059225,0.94116374,0.43040844
cd/490212,seed4,100,5,0.13417191,0.45073375,0.74750053,5,49-,49-,1,2,0.5,0.95058824,0.79993043,0.75904534,0.84402883,0.93926157,0.79276867
cd/490212,seed4,105,5,0.01033592,0.39121447,0.75387972,5,49-,49-,1,2,0.5,0.95058824,0.52017458,0.62193858,0.83900124,0.95750543,0.59007992
cd/490212,seed4,110,5,0.03994009,0.43085372,0.6848297,5,49-,49-,1,2,0.5,0.95058824,0.59694282,0.71716802,0.8868428,0.95750543,0.61439179
cd/490212,seed4,115,5,0.08934708,0.4796269,0.62384196,5,49-,49+,0,2,0.5,0.95058824,0.71370504,0.81196495,0.91828853,0.95750543,0.7053985
cd/490212,seed4,120,5,0.03806735,0.48169839,0.57346448,5,49+,49+,1,2,0.5,0.95058824,0.59218512,0.8153928,0.93802467,0.94116374,0.47474986
cd/490212,seed5,100,5,0.13417191,0.45073375,0.74750053,5,49-,49-,1,2,0.5,0.95058824,0.79993043,0.75904534,0.84402883,0.93926157,0.86574373
cd/490212,seed5,105,5,0.01163406,0.37281861,0.76204188,5,49-,49+,0,2,0.5,0.95058824,0.52358832,0.57370633,0.83237846,0.95750543,0.71102827
cd/490212,seed5,110,5,0.15726849,0.48887739,0.69230629,5,49+,49+,1,2,0.5,0.95058824,0.83607048,0.82689799,0.88233232,0.95750543,0.90450461
cd/490212,seed5,115,5,0.27473091,0.58175295,0.60113677,5,49+,49+,1,2,0.5,0.95058824,0.94620212,0.92940338,0.92780838,0.95750543,0.9672862
cd/490212,seed5,120,5,0.32708861,0.61012658,0.57978891,5,49+,49+,1,2,0.5,0.95058824,0.96829383,0.94721335,0.93581592,0.94116374,0.97141182
cd/490213,seed1,100,5,0.02188184,0.33041575,0.8254847,7,34-,44-,0,3,0.5,0.96752941,0.5570229,0.4085983,0.79875694,0.96709606,0.68295507
cd/490213,seed1,105,5,0.02075369,0.34134353,0.80120534,7,44-,44-,1,3,0.5,0.96752941,0.5541508,0.44101969,0.82442503,0.96473295,0.64836332
cd/490213,seed1,110,5,0.02811036,0.36803748,0.75749852,7,44-,34-,0,3,0.5,0.96752941,0.57280622,0.52179194,0.86403149,0.9740259,0.71394225
cd/490213,seed1,115,5,0.08875441,0.42208775,0.66054842,7,34-,34-,1,3,0.5,0.96752941,0.7147573,0.67781843,0.92555513,0.96705934,0.74357171
cd/490213,seed1,120,5,0.29542097,0.52141802,0.58673049,7,34-,34-,1,3,0.5,0.96752941,0.95476157,0.87548102,0.95397042,0.96473295,0.95404553
cd/490213,seed2,100,5,0.02188184,0.33041575,0.8254847,7,34-,34-,1,3,0.5,0.96752941,0.5570229,0.4085983,0.79875694,0.96709606,0.45204168
cd/490213,seed2,105,5,0.01121705,0.3707235,0.74862672,7,34-,34-,1,3,0.5,0.96752941,0.52974609,0.52992662,0.87108677,0.96473295,0.38992316
cd/490213,seed2,110,5,0.26035503,0.51048951,0.65347453,7,34-,34-,1,3,0.5,0.96752941,0.9363121,0.86027407,0.92885977,0.9740259,0.91546239
cd/490213,seed2,115,5,0.43766439,0.64229353,0.53231859,7,34-,34-,1,3,0.5,0.96752941,0.98918736,0.96827999,0.96795429,0.96705934,0.97705926
cd/490213,seed2,120,5,0.55023184,0.74652241,0.38834832,7,34-,34-,1,3,0.5,0.96752941,0.99658731,0.99084835,0.98792743,0.96473295,0.99130736
cd/490213,seed3,100,5,0.02188184,0.33041575,0.8254847,7,34-,44-,0,3,0.5,0.96752941,0.5570229,0.4085983,0.79875694,0.96709606,0.63918547
cd/490213,seed3,105,5,0.03237992,0.37398813,0.76112391,7,44-,44-,1,3,0.5,0.96752941,0.58354244,0.53979185,0.86105602,0.96473295,0.63130417
cd/490213,seed3,110,5,0.02168301,0.39494063,0.70647802,7,44-,34-,0,3,0.5,0.96752941,0.55651698,0.60204946,0.90046317,0.9740259,0.65743272
cd/490213,seed3,115,5,0.01612091,0.41057935,0.67355419,7,34-,34-,1,3,0.5,0.96752941,0.54232052,0.64656479,0.9191089,0.96705934,0.52744529
cd/490213,seed3,120,5,0.0516129,0.41538462,0.65030537,7,34-,34-,1,3,0.5,0.96752941,0.63079791,0.65978633,0.9302959,0.96473295,0.5718025
cd/490213,seed4,100,5,0.02188184,0.33041575,0.8254847,7,34-,44-,0,3,0.5,0.96752941,0.5570229,0.4085983,0.79875694,0.96709606,0.576652
cd/490213,seed4,105,5,0.10440457,0.40511147,0.76207197,7,44-,44-,1,3,0.5,0.96752941,0.7464882,0.63124362,0.86026896,0.96473295,0.73649603
cd/490213,seed4,110,5,0.23119637,0.50630994,0.6846514,7,44-,44-,1,3,0.5,0.96752941,0.91585397,0.85405921,0.91321036,0.9740259,0.92949344
cd/490213,seed4,115,5,0.24447717,0.55621011,0.58730916,7,44-,44-,1,3,0.5,0.96752941,0.92582374,0.91473965,0.9537942,0.96705934,0.90325256
cd/490213,seed4,120,5,0.33999026,0.61617146,0.53122019,7,44-,44-,1,3,0.5,0.96752941,0.97094454,0.95694519,0.96818931,0.96473295,0.95437321
cd/490213,seed5,100,5,0.02188184,0.33041575,0.8254847,7,34-,34-,1,3,0.5,0.96752941,0.5570229,0.4085983,0.79875694,0.96709606,0.65766097
cd/490213,seed5,105,5,0.02638813,0.34909291,0.79710587,7,34-,34-,1,3,0.5,0.96752941,0.56845542,0.46433714,0.82849511,0.96473295,0.63558364
cd/490213,seed5,110,5,0.09499226,0.40836345,0.73968615,7,34-,34-,1,3,0.5,0.96752941,0.72768729,0.64038994,0.87787877,0.9740259,0.8174498
cd/490213,seed5,115,5,0.30209933,0.50947261,0.67255753,7,34-,34-,1,3,0.5,0.96752941,0.95764434,0.85878269,0.91962038,0.96705934,0.96007513
cd/490213,seed5,120,5,0.32982456,0.56691729,0.58833929,7,34-,34-,1,3,0.5,0.96752941,0.96783696,0.92435107,0.9534789,0.96473295,0.96367161
cd/490214,seed1,100,5,0.98329356,0.99045346,0.05395501,3,73-,73-,1,0,0.5,0.95095238,0.9999202,0.99915543,0.99523686,0.94318109,0.99993076
cd/490214,seed1,105,5,0.97524467,0.98618307,0.07277714,3,73-,73-,1,0,0.5,0.95095238,0.99991388,0.99911407,0.99476851,0.95703088,0.99994304
cd/490214,seed1,110,5,0.98515668,0.99120396,0.05084232,3,73-,73-,1,0,0.5,0.95095238,0.9999216,0.9991625,0.99531019,0.95938935,0.99994147
cd/490214,seed1,115,5,0.96752889,0.98348927,0.07877434,3,73-,73-,1,0,0.5,0.95095238,0.99990735,0.99908695,0.99460987,0.95703088,0.99990722
cd/490214,seed1,120,5,0.9743029,0.98687808,0.06569353,3,73-,73-,1,0,0.5,0.95095238,0.99991311,0.99912094,0.99494992,0.93812972,0.99986423
cd/490214,seed2,100,5,0.98329356,0.99045346,0.05395501,3,73-,73-,1,0,0.5,0.95095238,0.9999202,0.99915543,0.99523686,0.94318109,0.99988927
cd/490214,seed2,105,5,0.9832853,0.98962536,0.05884595,3,73-,73-,1,0,0.5,0.95095238,0.9999202,0.99914756,0.99511933,0.95703088,0.99991568
cd/490214,seed2,110,5,0.98918611,0.99317018,0.04141755,3,73-,73-,1,0,0.5,0.95095238,0.99992453,0.99918073,0.99552543,0.95938935,0.99990995
cd/490214,seed2,115,5,0.99507389,0.99671593,0.02215117,3,73-,73-,1,0,0.5,0.95095238,0.99992863,0.99921261,0.99593532,0.95703088,0.99988613
cd/490214,seed2,120,5,0.99634083,0.99790904,0.01471499,3,73-,73-,1,0,0.5,0.95095238,0.99992948,0.99922306,0.99608332,0.93812972,0.99982431
cd/490214,seed3,100,5,0.98329356,0.99045346,0.05395501,3,73-,73-,1,0,0.5,0.95095238,0.9999202,0.99915543,0.99523686,0.94318109,0.99993373
cd/490214,seed3,105,5,0.97318882,0.98516828,0.076859,3,73-,73-,1,0,0.5,0.95095238,0.99991219,0.99910395,0.99466105,0.95703088,0.99994439
cd/490214,seed3,110,5,0.98037016,0.98766125,0.06812117,3,73-,73-,1,0,0.5,0.95095238,0.99991796,0.99912861,0.99488846,0.95938935,0.99994134
cd/490214,seed3,115,5,0.97024144,0.98315553,0.08614618,3,73-,73-,1,0,0.5,0.95095238,0.9999097,0.99908353,0.99440829,0.95703088,0.99991349
cd/490214,seed3,120,5,0.97594869,0.98717263,0.06686249,3,73-,73-,1,0,0.5,0.95095238,0.99991445,0.99912383,0.99492042,0.93812972,0.99987209
cd/490214,seed4,100,5,0.98329356,0.99045346,0.05395501,3,73-,73-,1,0,0.5,0.95095238,0.9999202,0.99915543,0.99523686,0.94318109,0.99994002
cd/490214,seed4,105,5,0.98792409,0.9919494,0.04771332,3,73-,73-,1,0,0.5,0.95095238,0.99992363,0.99916946,0.99538277,0.95703088,0.99995632
cd/490214,seed4,110,5,0.99178982,0.99452655,0.03436814,3,73-,73-,1,0,0.5,0.95095238,0.99992637,0.99919308,0.99567997,0.95938935,0.99995243
cd/490214,seed4,115,5,0.98892989,0.99367422,0.03813094,3,73-,73-,1,0,0.5,0.95095238,0.99992435,0.99918534,0.99559816,0.95703088,0.99993457
cd/490214,seed4,120,5,0.95525606,0.97628032,0.10975672,3,73-,73-,1,0,0.5,0.95095238,0.99989594,0.99901022,0.99371086,0.93812972,0.99985879
cd/490214,seed5,100,5,0.98329356,0.99045346,0.05395501,3,73-,73-,1,0,0.5,0.95095238,0.9999202,0.99915543,0.99523686,0.94318109,0.9999582
cd/490214,seed5,105,5,0.97558206,0.98523566,0.07866102,3,73-,73-,1,0,0.5,0.95095238,0.99991416,0.99910463,0.99461291,0.95703088,0.99996573
cd/490214,seed5,110,5,0.98016997,0.98753541,0.06870005,3,73-,73-,1,0,0.5,0.95095238,0.99991781,0.99912738,0.9948737,0.95938935,0.99996293
cd/490214,seed5,115,5,0.99199146,0.99466097,0.03364524,3,73-,73-,1,0,0.5,0.95095238,0.99992651,0.99919429,0.99569552,0.95703088,0.99995572
cd/490214,seed5,120,5,0.99110413,0.99476714,0.03268021,3,73-,73-,1,0,0.5,0.95095238,0.99992589,0.99919525,0.99571618,0.93812972,0.99993026
cd/490215,seed1,100,5,0.84563758,0.89261745,0.29083379,5,61-,61-,1,1,0.5,0.95247059,0.9996455,0.99716341,0.98870925,0.94841585,0.99974562
cd/490215,seed1,105,5,0.73149649,0.81631551,0.42163675,5,61-,61-,1,1,0.5,0.95247059,0.99898013,0.9937155,0.97602659,0.9599007,0.999405
cd/490215,seed1,110,5,0.72755259,0.81221139,0.42496411,5,61-,61-,1,1,0.5,0.95247059,0.99894222,0.99344136,0.97556648,0.95523798,0.99910253
cd/490215,seed1,115,5,0.7307883,0.83539911,0.36718456,5,61-,61-,1,1,0.5,0.95247059,0.99897343,0.99484791,0.98245647,0.95756992,0.99906306
cd/490215,seed1,120,5,0.70024691,0.83308642,0.34529551,5,61-,61-,1,1,0.5,0.95247059,0.99863818,0.99472229,0.98453416,0.94122849,0.99819243
cd/490215,seed2,100,5,0.84563758,0.89261745,0.29083379,5,61-,61-,1,1,0.5,0.95247059,0.9996455,0.99716341,0.98870925,0.94841585,0.99959091
cd/490215,seed2,105,5,0.66917698,0.79343733,0.44106079,5,61-,61-,1,1,0.5,0.95247059,0.9981848,0.99202796,0.97321633,0.9599007,0.99827583
cd/490215,seed2,110,5,0.50513791,0.68739859,0.54212611,5,61-,61-,1,1,0.5,0.95247059,0.99175694,0.97618873,0.95262201,0.95523798,0.98828172
cd/490215,seed2,115,5,0.52739375,0.69892473,0.51784514,5,61-,61-,1,1,0.5,0.95247059,0.99328238,0.97883854,0.95864111,0.95756992,0.98976596
cd/490215,seed2,120,5,0.64253394,0.77476119,0.43021272,5,61-,61-,1,1,0.5,0.95247059,0.99767782,0.99032278,0.97482315,0.94122849,0.99499595
cd/490215,seed3,100,5,0.84563758,0.89261745,0.29083379,5,61-,61-,1,1,0.5,0.95247059,0.9996455,0.99716341,0.98870925,0.94841585,0.99974283
cd/490215,seed3,105,5,0.74505612,0.82255478,0.42019461,5,61-,61-,1,1,0.5,0.95247059,0.99910041,0.99411061,0.97622338,0.9599007,0.99947087
cd/490215,seed3,110,5,0.66323907,0.77275064,0.46988421,5,61-,61-,1,1,0.5,0.95247059,0.99808235,0.99011893,0.96844771,0.95523798,0.99833361
cd/490215,seed3,115,5,0.58954845,0.72704211,0.53116723,5,61-,61-,1,1,0.5,0.95247059,0.99621182,0.98414983,0.95543536,0.95756992,0.99640396
cd/490215,seed3,120,5,0.59684799,0.73970513,0.51548726,5,61-,61-,1,1,0.5,0.95247059,0.99645864,0.98609069,0.95918503,0.94122849,0.9951526
cd/490215,seed4,100,5,0.84563758,0.89261745,0.29083379,5,61-,61-,1,1,0.5,0.95247059,0.9996455,0.99716341,0.98870925,0.94841585,0.99971488
cd/490215,seed4,105,5,0.74423592,0.83485255,0.38349854,5,61-,61-,1,1,0.5,0.95247059,0.99909356,0.99481849,0.98073193,0.9599007,0.99940882
cd/490215,seed4,110,5,0.75833761,0.83786557,0.38703561,5,61-,61-,1,1,0.5,0.95247059,0.99920448,0.9949786,0.98033666,0.95523798,0.99924818
cd/490215,seed4,115,5,0.8442011,0.88551518,0.30276857,5,61-,61-,1,1,0.5,0.95247059,0.99964075,0.99694509,0.98790192,0.95756992,0.99964077
cd/490215,seed4,120,5,0.87445042,0.91402052,0.24035342,5,61-,61-,1,1,0.5,0.95247059,0.99972852,0.99773162,0.99157413,0.94122849,0.99960982
cd/490215,seed5,100,5,0.84563758,0.89261745,0.29083379,5,61-,61-,1,1,0.5,0.95247059,0.9996455,0.99716341,0.98870925,0.94841585,0.99982096
cd/490215,seed5,105,5,0.74276352,0.81977062,0.41704241,5,61-,61-,1,1,0.5,0.95247059,0.99908112,0.99393745,0.97664804,0.9599007,0.99962351
cd/490215,seed5,110,5,0.74015748,0.82152231,0.40335475,5,61-,61-,1,1,0.5,0.95247059,0.99905869,0.99404697,0.97840768,0.95523798,0.9994392
cd/490215,seed5,115,5,0.78101072,0.85706993,0.33412768,5,61-,61-,1,1,0.5,0.95247059,0.99935509,0.99588953,0.98549891,0.95756992,0.99958983
cd/490215,seed5,120,5,0.79820628,0.87144993,0.30435053,5,61-,61-,1,1,0.5,0.95247059,0.99945001,0.99646207,0.98779072,0.94122849,0.99949594
cd/490217,seed1,100,5,0.7804878,0.88913525,0.32694752,3,74-,74-,1,2,0.5,0.95058824,0.99972472,0.99735574,0.98484143,0.93926157,0.99976194
cd/490217,seed1,105,5,0.62818336,0.81211092,0.45726362,3,74-,74-,1,2,0.5,0.95058824,0.99863097,0.99389168,0.96782208,0.95750543,0.99914157
cd/490217,seed1,110,5,0.58770446,0.79244219,0.47844566,3,74-,74-,1,2,0.5,0.95058824,0.9979041,0.99243994,0.96368681,0.95750543,0.99835475
cd/490217,seed1,115,5,0.60206859,0.79967338,0.46900833,3,74-,74-,1,2,0.5,0.95058824,0.99819801,0.9930097,0.96558888,0.95750543,0.99840472
cd/490217,seed1,120,5,0.60193072,0.80011357,0.46427554,3,74-,74-,1,2,0.5,0.95058824,0.9981954,0.99304298,0.96650624,0.94116374,0.9975623
cd/490217,seed2,100,5,0.7804878,0.88913525,0.32694752,3,74-,74-,1,2,0.5,0.95058824,0.99972472,0.99735574,0.98484143,0.93926157,0.99956723
cd/490217,seed2,105,5,0.69127124,0.83948448,0.4405028,3,74-,74-,1,2,0.5,0.95058824,0.9992954,0.9954622,0.97076794,0.95750543,0.99920736
cd/490217,seed2,110,5,0.57822725,0.78584176,0.49943257,3,74-,74-,1,2,0.5,0.95058824,0.99768446,0.99187976,0.95908788,0.95750543,0.99669341
cd/490217,seed2,115,5,0.45525526,0.72612613,0.54943234,3,74-,74-,1,2,0.5,0.95058824,0.99158912,0.98453257,0.94578542,0.95750543,0.98613108
cd/490217,seed2,120,5,0.55393586,0.77609329,0.49338443,3,74-,74-,1,2,0.5,0.95058824,0.99701089,0.99097629,0.9604676,0.94116374,0.99261436
cd/490217,seed3,100,5,0.7804878,0.88913525,0.32694752,3,74-,74-,1,2,0.5,0.95058824,0.99972472,0.99735574,0.98484143,0.93926157,0.9997818
cd/490217,seed3,105,5,0.72118115,0.85576377,0.40779371,3,74-,74-,1,2,0.5,0.95058824,0.99948581,0.99619815,0.97578162,0.95750543,0.99971009
cd/490217,seed3,110,5,0.64689104,0.81973759,0.45759073,3,74-,74-,1,2,0.5,0.95058824,0.99887568,0.99437685,0.96776182,0.95750543,0.99920081
cd/490217,seed3,115,5,0.6430579,0.81899944,0.45147204,3,74-,74-,1,2,0.5,0.95058824,0.99882938,0.99433161,0.9688711,0.95750543,0.99905797
cd/490217,seed3,120,5,0.72446162,0.86195472,0.36864606,3,74-,74-,1,2,0.5,0.95058824,0.99950327,0.99644569,0.98068715,0.94116374,0.99939978
cd/490217,seed4,100,5,0.7804878,0.88913525,0.32694752,3,74-,74-,1,2,0.5,0.95058824,0.99972472,0.99735574,0.98484143,0.93926157,0.99974766
cd/490217,seed4,105,5,0.68441926,0.83796034,0.43360313,3,74-,74-,1,2,0.5,0.95058824,0.99924268,0.99538643,0.97190311,0.95750543,0.99950248
cd/490217,seed4,110,5,0.60622611,0.80010923,0.47989872,3,74-,74-,1,2,0.5,0.95058824,0.99827513,0.99304265,0.9633851,0.95750543,0.99857039
cd/490217,seed4,115,5,0.6340179,0.81569247,0.44753089,3,74-,74-,1,2,0.5,0.95058824,0.99871252,0.99412449,0.96956596,0.95750543,0.99879979
cd/490217,seed4,120,5,0.66992931,0.83469277,0.41144476,3,74-,74-,1,2,0.5,0.95058824,0.99911784,0.99521971,0.97526644,0.94116374,0.99875385
cd/490217,seed5,100,5,0.7804878,0.88913525,0.32694752,3,74-,74-,1,2,0.5,0.95058824,0.99972472,0.99735574,0.98484143,0.93926157,0.99985029
cd/490217,seed5,105,5,0.64486517,0.81640849,0.47446835,3,74-,74-,1,2,0.5,0.95058824,0.99885144,0.99416997,0.96450046,0.95750543,0.99954857
cd/490217,seed5,110,5,0.59180236,0.79225154,0.49386825,3,74-,74-,1,2,0.5,0.95058824,0.99799252,0.99242431,0.96035889,0.95750543,0.99900932
cd/490217,seed5,115,5,0.58640984,0.79026217,0.49193178,3,74-,74-,1,2,0.5,0.95058824,0.99787537,0.9922593,0.96079228,0.95750543,0.99881259
cd/490217,seed5,120,5,0.6125194,0.80444904,0.46622951,3,74-,74-,1,2,0.5,0.95058824,0.99838564,0.9933624,0.9661304,0.94116374,0.99863043
cd/490219,seed1,100,5,0.1897019,0.48509485,0.78806606,5,94-,94-,1,3,0.5,0.96752941,0.8764744,0.8189282,0.83720516,0.96709606,0.92563197
cd/490219,seed1,105,5,0.13904407,0.52327747,0.62604591,5,94-,94-,1,3,0.5,0.96752941,0.80801026,0.87792245,0.94042986,0.96473295,0.86391923
cd/490219,seed1,110,5,0.1370826,0.53368483,0.58927276,5,94-,94-,1,3,0.5,0.96752941,0.80485328,0.89083693,0.95319142,0.9740259,0.88631013
cd/490219,seed1,115,5,0.22788931,0.60607705,0.46504367,5,94-,94-,1,3,0.5,0.96752941,0.9131886,0.95160055,0.97964254,0.96705934,0.9254536
cd/490219,seed1,120,5,0.1981886,0.58977091,0.4726006,5,94-,94-,1,3,0.5,0.96752941,0.88564052,0.9416178,0.97857264,0.96473295,0.88254783
cd/490219,seed2,100,5,0.1897019,0.48509485,0.78806606,5,94-,94-,1,3,0.5,0.96752941,0.8764744,0.8189282,0.83720516,0.96709606,0.82658858
cd/490219,seed2,105,5,0.14372881,0.52271186,0.63744918,5,94-,94+,0,3,0.5,0.96752941,0.81539234,0.87718421,0.93585066,0.96473295,0.71857122
cd/490219,seed2,110,5,0.14745884,0.5619184,0.49348396,5,94+,94+,1,3,0.5,0.96752941,0.82111153,0.91999417,0.97532208,0.9740259,0.76892218
cd/490219,seed2,115,5,0.35208471,0.66909332,0.43757396,5,94+,94+,1,3,0.5,0.96752941,0.97426339,0.97688996,0.9831084,0.96705934,0.94568707
cd/490219,seed2,120,5,0.3574368,0.67783657,0.39850587,5,94+,94+,1,3,0.5,0.96752941,0.97561148,0.97916998,0.98705935,0.96473295,0.93828014
cd/490219,seed3,100,5,0.1897019,0.48509485,0.78806606,5,94-,94-,1,3,0.5,0.96752941,0.8764744,0.8189282,0.83720516,0.96709606,0.91099912
cd/490219,seed3,105,5,0.19886004,0.54654845,0.64878351,5,94-,94-,1,3,0.5,0.96752941,0.88633984,0.90513001,0.93097598,0.96473295,0.90702806
cd/490219,seed3,110,5,0.23783784,0.59039039,0.55258774,5,94-,94-,1,3,0.5,0.96752941,0.92098329,0.94203009,0.96330416,0.9740259,0.94839425
cd/490219,seed3,115,5,0.28309456,0.63438395,0.45138638,5,94-,94-,1,3,0.5,0.96752941,0.94894361,0.96519257,0.98144496,0.96705934,0.94786204
cd/490219,seed3,120,5,0.24817518,0.61931499,0.44667935,5,94-,94-,1,3,0.5,0.96752941,0.92840013,0.95849125,0.98202914,0.96473295,0.91243133
cd/490219,seed4,100,5,0.1897019,0.48509485,0.78806606,5,94-,94-,1,3,0.5,0.96752941,0.8764744,0.8189282,0.83720516,0.96709606,0.88726557
cd/490219,seed4,105,5,0.12815773,0.51694393,0.63065165,5,94-,94-,1,3,0.5,0.96752941,0.78999332,0.86943463,0.9386184,0.96473295,0.781786
cd/490219,seed4,110,5,0.32898469,0.643789,0.50668032,5,94-,94-,1,3,0.5,0.96752941,0.9675663,0.96883319,0.97302517,0.9740259,0.97342948
cd/490219,seed4,115,5,0.40147136,0.69206516,0.43482148,5,94-,94-,1,3,0.5,0.96752941,0.98437272,0.98241802,0.98342193,0.96705934,0.97966388
cd/490219,seed4,120,5,0.28010336,0.6372093,0.42846447,5,94-,94-,1,3,0.5,0.96752941,0.94742847,0.96632733,0.98412433,0.96473295,0.91793526
cd/490219,seed5,100,5,0.1897019,0.48509485,0.78806606,5,94-,94-,1,3,0.5,0.96752941,0.8764744,0.8189282,0.83720516,0.96709606,0.91735597
cd/490219,seed5,105,5,0.12491867,0.49772284,0.68401495,5,94-,94-,1,3,0.5,0.96752941,0.78439888,0.8405724,0.91355893,0.96473295,0.83006578
cd/490219,seed5,110,5,0.11225106,0.51840676,0.60307049,5,94-,94-,1,3,0.5,0.96752941,0.76149141,0.8714385,0.94874043,0.9740259,0.8428455
cd/490219,seed5,115,5,0.03242617,0.49739433,0.53505858,5,94-,94-,1,3,0.5,0.96752941,0.58365833,0.84003692,0.96736068,0.96705934,0.58937264
cd/490219,seed5,120,5,0.01761145,0.49917446,0.49140768,5,94-,94-,1,3,0.5,0.96752941,0.54613264,0.84292119,0.97566568,0.96473295,0.50372027
cd/490221,seed1,100,5,0.85327314,0.90970655,0.24427767,5,79-,79-,1,1,0.5,0.95247059,0.9996697,0.99762706,0.99137998,0.94841585,0.99976335
cd/490221,seed1,105,5,0.81041313,0.86644029,0.33951447,5,79-,79-,1,1,0.5,0.95247059,0.99950878,0.99627224,0.9850412,0.9599007,0.99971797
cd/490221,seed1,110,5,0.80426667,0.86986667,0.31819092,5,79-,79-,1,1,0.5,0.95247059,0.99948002,0.99640314,0.98677374,0.95523798,0.99956558
cd/490221,seed1,115,5,0.81624154,0.88235294,0.28586077,5,79-,79-,1,1,0.5,0.95247059,0.99953459,0.99684256,0.98902972,0.95756992,0.99958245
cd/490221,seed1,120,5,0.80199501,0.87032419,0.30158671,5,79-,79-,1,1,0.5,0.95247059,0.99946896,0.99642027,0.98798435,0.94122849,0.99930916
cd/490221,seed2,100,5,0.85327314,0.90970655,0.24427767,5,79-,79-,1,1,0.5,0.95247059,0.9996697,0.99762706,0.99137998,0.94841585,0.99961942
cd/490221,seed2,105,5,0.73422119,0.82165605,0.40469865,5,79-,79-,1,1,0.5,0.95247059,0.99900553,0.99405526,0.97824082,0.9599007,0.99906765
cd/490221,seed2,110,5,0.56014363,0.72471574,0.50585094,5,79-,79-,1,1,0.5,0.95247059,0.99503158,0.98376534,0.96133757,0.95523798,0.99300398
cd/490221,seed2,115,5,0.48629738,0.67580175,0.5392293,5,79-,79-,1,1,0.5,0.95247059,0.99020044,0.97319688,0.95338168,0.95756992,0.98497368
cd/490221,seed2,120,5,0.72974443,0.8216422,0.37517456,5,79-,79-,1,1,0.5,0.95247059,0.99896346,0.9940544,0.98163167,0.94122849,0.99780166
cd/490221,seed3,100,5,0.85327314,0.90970655,0.24427767,5,79-,79-,1,1,0.5,0.95247059,0.9996697,0.99762706,0.99137998,0.94841585,0.99976075
cd/490221,seed3,105,5,0.81081081,0.87424159,0.31621799,5,79-,79-,1,1,0.5,0.95247059,0.99951059,0.99656364,0.98692366,0.9599007,0.99971594
cd/490221,seed3,110,5,0.61066236,0.76090468,0.45886482,5,79-,79-,1,1,0.5,0.95247059,0.99688271,0.98882864,0.97036075,0.95523798,0.99726215
cd/490221,seed3,115,5,0.65028751,0.7877679,0.42048009,5,79-,79-,1,1,0.5,0.95247059,0.99783842,0.99154451,0.97618455,0.95756992,0.99797297
cd/490221,seed3,120,5,0.59130435,0.7657289,0.43191791,5,79-,79-,1,1,0.5,0.95247059,0.99627271,0.98937308,0.97457694,0.94122849,0.99489283
cd/490221,seed4,100,5,0.85327314,0.90970655,0.24427767,5,79-,79-,1,1,0.5,0.95247059,0.9996697,0.99762706,0.99137998,0.94841585,0.99973475
cd/490221,seed4,105,5,0.78615995,0.8559274,0.34894353,5,79-,79-,1,1,0.5,0.95247059,0.99938511,0.99584026,0.98420553,0.9599007,0.99960236
cd/490221,seed4,110,5,0.79200432,0.86061588,0.32667257,5,79-,79-,1,1,0.5,0.95247059,0.9994175,0.99603875,0.98610968,0.95523798,0.9994532
cd/490221,seed4,115,5,0.82173692,0.89029964,0.26574247,5,79-,79-,1,1,0.5,0.95247059,0.99955768,0.99709392,0.99023686,0.95756992,0.9995557
cd/490221,seed4,120,5,0.79980129,0.88375559,0.27129918,5,79-,79-,1,1,0.5,0.95247059,0.99945807,0.99688846,0.98991725,0.94122849,0.99920948
cd/490221,seed5,100,5,0.85327314,0.90970655,0.24427767,5,79-,79-,1,1,0.5,0.95247059,0.9996697,0.99762706,0.99137998,0.94841585,0.99983344
cd/490221,seed5,105,5,0.84113229,0.89139226,0.2794858,5,79-,79-,1,1,0.5,0.95247059,0.9996304,0.99712689,0.98942741,0.9599007,0.99985157
cd/490221,seed5,110,5,0.7689787,0.8514473,0.34863252,5,79-,79-,1,1,0.5,0.95247059,0.9992791,0.99564135,0.98423382,0.95523798,0.99957302
cd/490221,seed5,115,5,0.72564508,0.83043707,0.36530131,5,79-,79-,1,1,0.5,0.95247059,0.99892338,0.99457463,0.98264552,0.95756992,0.99930753
cd/490221,seed5,120,5,0.69305913,0.81491003,0.39043073,5,79-,79-,1,1,0.5,0.95247059,0.99854455,0.99362293,0.97994977,0.94122849,0.99863768
cd/490225,seed1,100,5,0.67120181,0.79591837,0.44232365,5,91-,91-,1,3,0.5,0.96752941,0.99901722,0.99495667,0.98255362,0.96709606,0.99947633
cd/490225,seed1,105,5,0.70411985,0.82343499,0.37756168,5,91-,91-,1,3,0.5,0.96752941,0.99929988,0.99638439,0.98878634,0.96473295,0.99957135
cd/490225,seed1,110,5,0.78487481,0.86612161,0.31271833,5,91-,91-,1,3,0.5,0.96752941,0.9996954,0.99784409,0.99281273,0.9740259,0.99985292
cd/490225,seed1,115,5,0.87307118,0.92135391,0.20688928,5,91-,91-,1,3,0.5,0.96752941,0.99987729,0.99889663,0.99653249,0.96705934,0.99990508
cd/490225,seed1,120,5,0.88682019,0.93140617,0.1878216,5,91-,91-,1,3,0.5,0.96752941,0.99989351,0.99902333,0.99695997,0.96473295,0.99990041
cd/490225,seed2,100,5,0.67120181,0.79591837,0.44232365,5,91-,91-,1,3,0.5,0.96752941,0.99901722,0.99495667,0.98255362,0.96709606,0.99863373
cd/490225,seed2,105,5,0.69512863,0.8226601,0.38033678,5,91-,91-,1,3,0.5,0.96752941,0.99923192,0.99635033,0.98857131,0.96473295,0.9987714
cd/490225,seed2,110,5,0.76728925,0.87582029,0.26882698,5,91-,91-,1,3,0.5,0.96752941,0.99963487,0.99808322,0.99468596,0.9740259,0.99953858
cd/490225,seed2,115,5,0.87050714,0.93303791,0.16468675,5,91-,91-,1,3,0.5,0.96752941,0.99987401,0.99904248,0.99740869,0.96705934,0.99974544
cd/490225,seed2,120,5,0.91507118,0.95679921,0.11558549,5,91-,91-,1,3,0.5,0.96752941,0.99992042,0.99928236,0.99815404,0.96473295,0.99980647
cd/490225,seed3,100,5,0.67120181,0.79591837,0.44232365,5,91-,91-,1,3,0.5,0.96752941,0.99901722,0.99495667,0.98255362,0.96709606,0.99936329
cd/490225,seed3,105,5,0.69676049,0.80669145,0.41892542,5,91-,91-,1,3,0.5,0.96752941,0.99924473,0.99557254,0.98512373,0.96473295,0.99943716
cd/490225,seed3,110,5,0.70179028,0.82608696,0.36142298,5,91-,91-,1,3,0.5,0.96752941,0.99928287,0.99649861,0.9899598,0.9740259,0.99957389
cd/490225,seed3,115,5,0.78781827,0.87119321,0.30268659,5,91-,91-,1,3,0.5,0.96752941,0.9997045,0.99797263,0.99329169,0.96705934,0.99971867
cd/490225,seed3,120,5,0.81277641,0.89090909,0.26186909,5,91-,91-,1,3,0.5,0.96752941,0.99977154,0.99840371,0.99493459,0.96473295,0.99973748
cd/490225,seed4,100,5,0.67120181,0.79591837,0.44232365,5,91-,91-,1,3,0.5,0.96752941,0.99901722,0.99495667,0.98255362,0.96709606,0.99917209
cd/490225,seed4,105,5,0.71163038,0.81943707,0.39509883,5,91-,91-,1,3,0.5,0.96752941,0.99935202,0.99620516,0.98735718,0.96473295,0.99937341
cd/490225,seed4,110,5,0.78647148,0.8748107,0.29570224,5,91-,91-,1,3,0.5,0.96752941,0.99970037,0.99805962,0.9936063,0.9740259,0.99977126
cd/490225,seed4,115,5,0.89361702,0.93171697,0.19080297,5,91-,91-,1,3,0.5,0.96752941,0.99990072,0.99902701,0.99689677,0.96705934,0.9998789
cd/490225,seed4,120,5,0.93016345,0.95443289,0.13758263,5,91-,91-,1,3,0.5,0.96752941,0.99993189,0.99926145,0.99785106,0.96473295,0.99989988
cd/490225,seed5,100,5,0.67120181,0.79591837,0.44232365,5,91-,91-,1,3,0.5,0.96752941,0.99901722,0.99495667,0.98255362,0.96709606,0.99941284
cd/490225,seed5,105,5,0.60755337,0.76902025,0.45418134,5,91-,91-,1,3,0.5,0.96752941,0.99810733,0.99302141,0.98108931,0.96473295,0.99868239
cd/490225,seed5,110,5,0.72689295,0.83916449,0.3475318,5,91-,91-,1,3,0.5,0.96752941,0.99944632,0.99701134,0.99087193,0.9740259,0.99969771
cd/490225,seed5,115,5,0.82181818,0.89714286,0.24989905,5,91-,91-,1,3,0.5,0.96752941,0.99979187,0.99851994,0.99533553,0.96705934,0.99981815
cd/490225,seed5,120,5,0.83953133,0.91339786,0.20816234,5,91-,91-,1,3,0.5,0.96752941,0.99982661,0.99878481,0.99650191,0.96473295,0.99981696
cd/490227,seed1,100,5,0.04376368,0.3654267,0.77015094,5,43-,35+,0,3,0.5,0.96752941,0.61175828,0.51387399,0.85340968,0.96709606,0.73029028
cd/490227,seed1,105,5,0.00526593,0.3206951,0.78266712,5,35+,43+,0,3,0.5,0.96752941,0.51443694,0.38040293,0.84223509,0.96473295,0.61063299
cd/490227,seed1,110,5,0.06259465,0.38414942,0.74490773,5,43+,43-,0,3,0.5,0.96752941,0.6567564,0.57026502,0.8739503,0.9740259,0.78160432
cd/490227,seed1,115,5,0.01101652,0.40410616,0.68623989,5,43-,43-,1,3,0.5,0.96752941,0.52923098,0.62839659,0.91233484,0.96705934,0.56269213
cd/490227,seed1,120,5,0.07952872,0.4413353,0.66196746,5,43-,43-,1,3,0.5,0.96752941,0.69497408,0.7266241,0.92487543,0.96473295,0.68493433
cd/490227,seed2,100,5,0.04376368,0.3654267,0.77015094,5,43-,35+,0,3,0.5,0.96752941,0.61175828,0.51387399,0.85340968,0.96709606,0.50907036
cd/490227,seed2,105,5,0.01807549,0.34502924,0.76023688,5,35+,35+,1,3,0.5,0.96752941,0.54731835,0.45208377,0.86178904,0.96473295,0.40710398
cd/490227,seed2,110,5,0.04220278,0.38960371,0.73407747,5,35+,43+,0,3,0.5,0.96752941,0.60792893,0.58641994,0.8819806,0.9740259,0.52550104
cd/490227,seed2,115,5,0.17880462,0.46057258,0.69033371,5,43+,43+,1,3,0.5,0.96752941,0.86378609,0.77051724,0.91004156,0.96705934,0.74000908
cd/490227,seed2,120,5,0.37110341,0.61108362,0.59051691,5,43+,43+,1,3,0.5,0.96752941,0.9787489,0.95432578,0.95280564,0.96473295,0.94605252
cd/490227,seed3,100,5,0.04376368,0.3654267,0.77015094,5,43-,43-,1,3,0.5,0.96752941,0.61175828,0.51387399,0.85340968,0.96709606,0.69009017
cd/490227,seed3,105,5,0.01450026,0.33713102,0.77694311,5,43-,35+,0,3,0.5,0.96752941,0.53817004,0.42844619,0.84742918,0.96473295,0.58684467
cd/490227,seed3,110,5,0.04054739,0.35732387,0.75848795,5,35+,43-,0,3,0.5,0.96752941,0.60385322,0.48927321,0.8632248,0.9740259,0.70036698
cd/490227,seed3,115,5,0.02852776,0.35506877,0.71748549,5,43-,43-,1,3,0.5,0.96752941,0.57385902,0.48243071,0.89342191,0.96705934,0.55960736
cd/490227,seed3,120,5,0.06314751,0.38628515,0.70827371,5,43-,43-,1,3,0.5,0.96752941,0.65804029,0.57661062,0.89934344,0.96473295,0.60103261
cd/490227,seed4,100,5,0.04376368,0.3654267,0.77015094,5,43-,43-,1,3,0.5,0.96752941,0.61175828,0.51387399,0.85340968,0.96709606,0.63128994
cd/490227,seed4,105,5,0.00837258,0.35112507,0.73905186,5,43-,43-,1,3,0.5,0.96752941,0.52243395,0.47048194,0.87834873,0.96473295,0.50602557
cd/490227,seed4,110,5,0.07392405,0.39240506,0.72635263,5,43-,43-,1,3,0.5,0.96752941,0.68258755,0.59464772,0.88743427,0.9740259,0.71811177
cd/490227,seed4,115,5,0.14504193,0.45041934,0.67817971,5,43-,43+,0,3,0.5,0.96752941,0.81742169,0.74798685,0.91669606,0.96705934,0.76756194
cd/490227,seed4,120,5,0.03615046,0.44894968,0.6273607,5,43+,43+,1,3,0.5,0.96752941,0.59295872,0.74460687,0.93991792,0.96473295,0.46625353
cd/490227,seed5,100,5,0.04376368,0.3654267,0.77015094,5,43-,35+,0,3,0.5,0.96752941,0.61175828,0.51387399,0.85340968,0.96709606,0.70715331
cd/490227,seed5,105,5,0.01170836,0.33368813,0.7666469,5,35+,43+,0,3,0.5,0.96752941,0.53100787,0.41823726,0.85641835,0.96473295,0.59936328
cd/490227,seed5,110,5,0.14366925,0.42739018,0.73072952,5,43+,43+,1,3,0.5,0.96752941,0.81529988,0.69171985,0.88437179,0.9740259,0.88162811
cd/490227,seed5,115,5,0.2848329,0.53419023,0.66506208,5,43+,43+,1,3,0.5,0.96752941,0.94980506,0.89143249,0.92337333,0.96705934,0.95255345
cd/490227,seed5,120,5,0.30777044,0.56323007,0.64219711,5,43+,43+,1,3,0.5,0.96752941,0.95995369,0.92115907,0.93384896,0.96473295,0.95468053
cd/490228,seed1,100,5,0.18262806,0.56792873,0.54614614,5,56+,56+,1,1,0.5,0.95247059,0.85844298,0.92147416,0.95154827,0.94841585,0.88097499
cd/490228,seed1,105,5,0.20145495,0.59037493,0.48004185,5,56+,56+,1,1,0.5,0.95247059,0.87834256,0.93688355,0.96657884,0.9599007,0.91758875
cd/490228,seed1,110,5,0.42503945,0.70647028,0.41162391,5,56+,56+,1,1,0.5,0.95247059,0.9828437,0.98041464,0.97736077,0.95523798,0.98451136
cd/490228,seed1,115,5,0.52824427,0.76284987,0.35059459,5,56+,56+,1,1,0.5,0.95247059,0.99333475,0.9890514,0.98405455,0.95756992,0.99366351
cd/490228,seed1,120,5,0.58170915,0.79010495,0.32580774,5,56+,56+,1,1,0.5,0.95247059,0.99592764,0.99174722,0.98617887,0.94122849,0.99447053
cd/490228,seed2,100,5,0.18262806,0.56792873,0.54614614,5,56+,56+,1,1,0.5,0.95247059,0.85844298,0.92147416,0.95154827,0.94841585,0.82148206
cd/490228,seed2,105,5,0.09845449,0.5409273,0.48285271,5,56+,56+,1,1,0.5,0.95247059,0.73548747,0.89842258,0.96604307,0.9599007,0.72311251
cd/490228,seed2,110,5,0.45563824,0.72180882,0.40407339,5,56+,56+,1,1,0.5,0.95247059,0.98702342,0.98327198,0.97831861,0.95523798,0.98140973
cd/490228,seed2,115,5,0.74722955,0.87124011,0.25325799,5,56+,56+,1,1,0.5,0.95247059,0.99911833,0.99645432,0.99091883,0.95756992,0.99871059
cd/490228,seed2,120,5,0.93421724,0.96532381,0.10250566,5,56+,56+,1,1,0.5,0.95247059,0.99984393,0.99867313,0.99622325,0.94122849,0.99968195
cd/490228,seed3,100,5,0.18262806,0.56792873,0.54614614,5,56+,56+,1,1,0.5,0.95247059,0.85844298,0.92147416,0.95154827,0.94841585,0.87982325
cd/490228,seed3,105,5,0.19068493,0.58575342,0.48086929,5,56+,56+,1,1,0.5,0.95247059,0.86727254,0.93396083,0.96642198,0.9599007,0.90864167
cd/490228,seed3,110,5,0.22281167,0.60530504,0.45725491,5,56+,56+,1,1,0.5,0.95247059,0.89795199,0.94552036,0.97063066,0.95523798,0.9026666
cd/490228,seed3,115,5,0.34179182,0.66649404,0.42573051,5,56+,56+,1,1,0.5,0.95247059,0.96362742,0.97053398,0.97545929,0.95756992,0.96372033
cd/490228,seed3,120,5,0.3682347,0.68133536,0.40836324,5,56+,56+,1,1,0.5,0.95247059,0.97130319,0.97466754,0.97777938,0.94122849,0.95933418
cd/490228,seed4,100,5,0.18262806,0.56792873,0.54614614,5,56+,56+,1,1,0.5,0.95247059,0.85844298,0.92147416,0.95154827,0.94841585,0.86847908
cd/490228,seed4,105,5,0.06415307,0.52279122,0.49026774,5,56+,56+,1,1,0.5,0.95247059,0.66926909,0.8797346,0.96458968,0.9599007,0.73036607
cd/490228,seed4,110,5,0.21936865,0.60406635,0.45442862,5,56+,56+,1,1,0.5,0.95247059,0.89499194,0.94484837,0.97109874,0.95523798,0.89006904
cd/490228,seed4,115,5,0.37275986,0.68253968,0.41425464,5,56+,56+,1,1,0.5,0.95247059,0.97244885,0.97497703,0.97701742,0.95756992,0.96980581
cd/490228,seed4,120,5,0.49039882,0.74396849,0.36353566,5,56+,56+,1,1,0.5,0.95247059,0.99056234,0.98668988,0.98282094,0.94122849,0.98542602
cd/490228,seed5,100,5,0.18262806,0.56792873,0.54614614,5,56+,56+,1,1,0.5,0.95247059,0.85844298,0.92147416,0.95154827,0.94841585,0.91316946
cd/490228,seed5,105,5,0.21706326,0.59953569,0.47429175,5,56+,56+,1,1,0.5,0.95247059,0.89296779,0.94232348,0.96764953,0.9599007,0.94829015
cd/490228,seed5,110,5,0.43126685,0.70781671,0.42324482,5,56+,56+,1,1,0.5,0.95247059,0.98378984,0.98068353,0.97580529,0.95523798,0.98966921
cd/490228,seed5,115,5,0.55034265,0.77016342,0.3665017,5,56+,56+,1,1,0.5,0.95247059,0.99456192,0.98985035,0.98252525,0.95756992,0.99637215
cd/490228,seed5,120,5,0.55596044,0.774076,0.3581384,5,56+,56+,1,1,0.5,0.95247059,0.99483627,0.99025378,0.98334644,0.94122849,0.99503171
cd/490229,seed1,100,5,0.4368932,0.60436893,0.5832241,8,87-,87-,1,3,0.5,0.96752941,0.98910198,0.95063594,0.95502462,0.96709606,0.99397089
cd/490229,seed1,105,5,0.36924804,0.55948373,0.59013262,8,87-,87-,1,3,0.5,0.96752941,0.97834733,0.91779019,0.95292512,0.96473295,0.98599637
cd/490229,seed1,110,5,0.37431991,0.57943417,0.54184538,8,87-,87-,1,3,0.5,0.96752941,0.97942787,0.9343203,0.96584423,0.9740259,0.98936813
cd/490229,seed1,115,5,0.38129496,0.63874615,0.44572037,8,87-,87-,1,3,0.5,0.96752941,0.98082807,0.9669295,0.98214593,0.96705934,0.98405077
cd/490229,seed1,120,5,0.18525896,0.54332669,0.46954033,8,87-,16+,0,3,0.5,0.96752941,0.87142849,0.90171587,0.97901238,0.96473295,0.86779944
cd/490229,seed2,100,5,0.4368932,0.60436893,0.5832241,8,87-,87-,1,3,0.5,0.96752941,0.98910198,0.95063594,0.95502462,0.96709606,0.98440824
cd/490229,seed2,105,5,0.39495798,0.59363745,0.57154008,8,87-,87-,1,3,0.5,0.96752941,0.98330529,0.9441468,0.95837371,0.96473295,0.97243476
cd/490229,seed2,110,5,0.26762402,0.56853786,0.50832279,8,87-,87-,1,3,0.5,0.96752941,0.94063799,0.92571611,0.97272512,0.9740259,0.92115967
cd/490229,seed2,115,5,0.26709677,0.56322581,0.47964684,8,87-,87-,1,3,0.5,0.96752941,0.94033371,0.92115531,0.97752561,0.96705934,0.87748758
cd/490229,seed2,120,5,0.54066986,0.73744019,0.35610807,8,87-,87-,1,3,0.5,0.96752941,0.99623503,0.98979184,0.99031899,0.96473295,0.99040247
cd/490229,seed3,100,5,0.4368932,0.60436893,0.5832241,8,87-,87-,1,3,0.5,0.96752941,0.98910198,0.95063594,0.95502462,0.96709606,0.99267822
cd/490229,seed3,105,5,0.40131579,0.59046053,0.56814643,8,87-,87-,1,3,0.5,0.96752941,0.98434802,0.9420766,0.9593009,0.96473295,0.98779892
cd/490229,seed3,110,5,0.40411701,0.60942579,0.50048952,8,87-,87-,1,3,0.5,0.96752941,0.98478686,0.95343995,0.97412752,0.9740259,0.99052048
cd/490229,seed3,115,5,0.3371488,0.58116545,0.50863659,8,87-,87-,1,3,0.5,0.96752941,0.9701065,0.93559908,0.97266743,0.96705934,0.96968398
cd/490229,seed3,120,5,0.21903787,0.53480041,0.50908103,8,87-,16+,0,3,0.5,0.96752941,0.90567536,0.89214773,0.97258551,0.96473295,0.88484614
cd/490229,seed4,100,5,0.4368932,0.60436893,0.5832241,8,87-,87-,1,3,0.5,0.96752941,0.98910198,0.95063594,0.95502462,0.96709606,0.99049858
cd/490229,seed4,105,5,0.401649,0.58598351,0.57092355,8,87-,87-,1,3,0.5,0.96752941,0.98440087,0.93903675,0.95854365,0.96473295,0.98424398
cd/490229,seed4,110,5,0.51772288,0.66756176,0.48956149,8,87-,87-,1,3,0.5,0.96752941,0.99523481,0.97646622,0.97596728,0.9740259,0.99621805
cd/490229,seed4,115,5,0.45259939,0.65698267,0.45480152,8,87-,87-,1,3,0.5,0.96752941,0.99071623,0.97332524,0.98100949,0.96705934,0.98798135
cd/490229,seed4,120,5,0.3234714,0.632643,0.40407512,8,87-,16+,0,3,0.5,0.96752941,0.96573414,0.96447509,0.98655753,0.96473295,0.94623681
cd/490229,seed5,100,5,0.4368932,0.60436893,0.5832241,8,87-,87-,1,3,0.5,0.96752941,0.98910198,0.95063594,0.95502462,0.96709606,0.99324444
cd/490229,seed5,105,5,0.33294931,0.53513825,0.61110822,8,87-,87-,1,3,0.5,0.96752941,0.96882491,0.89254196,0.94596587,0.96473295,0.97725588
cd/490229,seed5,110,5,0.37636761,0.58588621,0.5426026,8,87-,87-,1,3,0.5,0.96752941,0.97984901,0.93896906,0.96567088,0.9740259,0.98834292
cd/490229,seed5,115,5,0.48020833,0.6515625,0.46599457,8,87-,87-,1,3,0.5,0.96752941,0.99300009,0.97156155,0.97951085,0.96705934,0.99357822
cd/490229,seed5,120,5,0.48651452,0.66545643,0.43099397,8,87-,87-,1,3,0.5,0.96752941,0.99343786,0.97587133,0.98384841,0.96473295,0.99272409
cd/490231,seed1,100,5,0.59210526,0.70833333,0.49003865,8,66-,66-,1,3,0.5,0.96752941,0.99778124,0.98552498,0.97588968,0.96709606,0.99880378
cd/490231,seed1,105,5,0.59725159,0.74154334,0.43244851,8,66-,66-,1,3,0.5,0.96752941,0.99789567,0.99028332,0.98368763,0.96473295,0.99869134
cd/490231,seed1,110,5,0.61213992,0.77726337,0.35134757,8,66-,66-,1,3,0.5,0.96752941,0.99819459,0.99368212,0.99062988,0.9740259,0.99910601
cd/490231,seed1,115,5,0.591,0.7835,0.30239642,8,66-,66-,1,3,0.5,0.96752941,0.99775587,0.99414035,0.99330506,0.96705934,0.99819271
cd/490231,seed1,120,5,0.53497537,0.76009852,0.30220104,8,66-,66-,1,3,0.5,0.96752941,0.99600826,0.99222884,0.99331405,0.96473295,0.99607672
cd/490231,seed2,100,5,0.59210526,0.70833333,0.49003865,8,66-,66-,1,3,0.5,0.96752941,0.99778124,0.98552498,0.97588968,0.96709606,0.99688244
cd/490231,seed2,105,5,0.65306122,0.77282492,0.38886005,8,66-,66-,1,3,0.5,0.96752941,0.99881532,0.99333449,0.98788511,0.96473295,0.99809422
cd/490231,seed2,110,5,0.52747253,0.74230769,0.35750227,8,66-,66-,1,3,0.5,0.96752941,0.99568858,0.99037225,0.99022601,0.9740259,0.9943709
cd/490231,seed2,115,5,0.25028703,0.61595867,0.36857758,8,66-,66-,1,3,0.5,0.96752941,0.92983415,0.95683857,0.98945538,0.96705934,0.85731354
cd/490231,seed2,120,5,0.27982163,0.63712375,0.33327413,8,66-,66-,1,3,0.5,0.96752941,0.9472836,0.9662935,0.99172274,0.96473295,0.87104213
cd/490231,seed3,100,5,0.59210526,0.70833333,0.49003865,8,66-,66-,1,3,0.5,0.96752941,0.99778124,0.98552498,0.97588968,0.96709606,0.99854579
cd/490231,seed3,105,5,0.65368421,0.76578947,0.41899566,8,66-,66-,1,3,0.5,0.96752941,0.9988229,0.99274413,0.9851166,0.96473295,0.99911737
cd/490231,seed3,110,5,0.73868313,0.84002058,0.30434648,8,66-,66-,1,3,0.5,0.96752941,0.99950967,0.99704217,0.99321469,0.9740259,0.99971019
cd/490231,seed3,115,5,0.75675676,0.85935936,0.25961244,8,66-,66-,1,3,0.5,0.96752941,0.999593,0.99765995,0.99501271,0.96705934,0.99961081
cd/490231,seed3,120,5,0.64833006,0.80009823,0.3202866,8,66-,66-,1,3,0.5,0.96752941,0.99875617,0.99520514,0.99242906,0.96473295,0.99853748
cd/490231,seed4,100,5,0.59210526,0.70833333,0.49003865,8,66-,66-,1,3,0.5,0.96752941,0.99778124,0.98552498,0.97588968,0.96709606,0.99810956
cd/490231,seed4,105,5,0.66701903,0.77219873,0.40006004,8,66-,66-,1,3,0.5,0.96752941,0.99897395,0.99328393,0.9869212,0.96473295,0.99900156
cd/490231,seed4,110,5,0.723,0.8355,0.29880276,8,66-,66-,1,3,0.5,0.96752941,0.99942365,0.99687573,0.99346849,0.9740259,0.99955602
cd/490231,seed4,115,5,0.78072763,0.87561455,0.2294192,8,66-,66-,1,3,0.5,0.96752941,0.9996821,0.99807843,0.99594959,0.96705934,0.99960602
cd/490231,seed4,120,5,0.75,0.85986328,0.24587183,8,66-,66-,1,3,0.5,0.96752941,0.99956365,0.9976742,0.99546319,0.96473295,0.99934224
cd/490231,seed5,100,5,0.59210526,0.70833333,0.49003865,8,66-,66-,1,3,0.5,0.96752941,0.99778124,0.98552498,0.97588968,0.96709606,0.99865886
cd/490231,seed5,105,5,0.60215054,0.73709677,0.45313435,8,66-,66-,1,3,0.5,0.96752941,0.99799912,0.9897496,0.98122332,0.96473295,0.99860595
cd/490231,seed5,110,5,0.68307692,0.81282051,0.32909408,8,66-,66-,1,3,0.5,0.96752941,0.99913038,0.99588888,0.99195692,0.9740259,0.99952221
cd/490231,seed5,115,5,0.67353244,0.81719876,0.30024995,8,66-,66-,1,3,0.5,0.96752941,0.99904053,0.99610098,0.99340316,0.96705934,0.99914389
cd/490231,seed5,120,5,0.66032064,0.82114228,0.26659404,8,66-,66-,1,3,0.5,0.96752941,0.99890066,0.99628267,0.99476704,0.96473295,0.99880989
cd/490232,seed1,100,5,0.98976109,0.99317406,0.04148424,3,88-,88-,1,1,0.5,0.95247059,0.9999067,0.99900842,0.9973549,0.94841585,0.99993496
cd/490232,seed1,105,5,0.99458623,0.99690642,0.02066648,3,88-,88-,1,1,0.5,0.95247059,0.99991078,0.99904639,0.99765773,0.9599007,0.99995064
cd/490232,seed1,110,5,0.99791522,0.99861015,0.01046365,3,88-,88-,1,1,0.5,0.95247059,0.99991349,0.99906324,0.99779326,0.95523798,0.99993047
cd/490232,seed1,115,5,0.99811912,0.99874608,0.0095578,3,88-,88-,1,1,0.5,0.95247059,0.99991365,0.99906457,0.99780491,0.95756992,0.9999253
cd/490232,seed1,120,5,0.99815612,0.99877074,0.00939206,3,88-,88-,1,1,0.5,0.95247059,0.99991368,0.99906481,0.99780703,0.94122849,0.99989201
cd/490232,seed2,100,5,0.98976109,0.99317406,0.04148424,3,88-,88-,1,1,0.5,0.95247059,0.9999067,0.99900842,0.9973549,0.94841585,0.99989539
cd/490232,seed2,105,5,0.99503194,0.99716111,0.01918739,3,88-,88-,1,1,0.5,0.95247059,0.99991115,0.99904893,0.99767788,0.9599007,0.99992094
cd/490232,seed2,110,5,0.99813317,0.99875544,0.00949492,3,88-,88-,1,1,0.5,0.95247059,0.99991366,0.99906466,0.99780571,0.95523798,0.99988841
cd/490232,seed2,115,5,0.99829836,0.99886557,0.00875049,3,88-,88-,1,1,0.5,0.95247059,0.99991379,0.99906574,0.99781523,0.95756992,0.99988006
cd/490232,seed2,120,5,0.99838623,0.99892415,0.00835056,3,88-,88-,1,1,0.5,0.95247059,0.99991386,0.99906631,0.99782033,0.94122849,0.9998267
cd/490232,seed3,100,5,0.98976109,0.99317406,0.04148424,3,88-,88-,1,1,0.5,0.95247059,0.9999067,0.99900842,0.9973549,0.94841585,0.99993424
cd/490232,seed3,105,5,0.9882904,0.99375488,0.03666308,3,88-,88-,1,1,0.5,0.95247059,0.99990542,0.99901443,0.99742834,0.9599007,0.99994703
cd/490232,seed3,110,5,0.99799062,0.99866042,0.01013014,3,88-,88-,1,1,0.5,0.95247059,0.99991355,0.99906373,0.99779755,0.95523798,0.99992976
cd/490232,seed3,115,5,0.99527984,0.99730276,0.01835581,3,88-,88-,1,1,0.5,0.95247059,0.99991135,0.99905034,0.99768913,0.95756992,0.99992242
cd/490232,seed3,120,5,0.99559471,0.99748269,0.01728971,3,88-,88-,1,1,0.5,0.95247059,0.99991161,0.99905212,0.99770348,0.94122849,0.99988815
cd/490232,seed4,100,5,0.98976109,0.99317406,0.04148424,3,88-,88-,1,1,0.5,0.95247059,0.9999067,0.99900842,0.9973549,0.94841585,0.9999271
cd/490232,seed4,105,5,0.99757478,0.99838319,0.01194957,3,88-,88-,1,1,0.5,0.95247059,0.99991321,0.99906101,0.99777402,0.9599007,0.99994621
cd/490232,seed4,110,5,0.99417476,0.9961165,0.0256006,3,88-,88-,1,1,0.5,0.95247059,0.99991044,0.99903848,0.99758924,0.95523798,0.99991926
cd/490232,seed4,115,5,0.99821109,0.99880739,0.00914491,3,88-,88-,1,1,0.5,0.95247059,0.99991372,0.99906517,0.99781019,0.95756992,0.99991635
cd/490232,seed4,120,5,0.99824047,0.99882698,0.00901242,3,88-,88-,1,1,0.5,0.95247059,0.99991375,0.99906536,0.99781189,0.94122849,0.99987906
cd/490232,seed5,100,5,0.98976109,0.99317406,0.04148424,3,88-,88-,1,1,0.5,0.95247059,0.9999067,0.99900842,0.9973549,0.94841585,0.99995422
cd/490232,seed5,105,5,0.99465241,0.99694423,0.02044813,3,88-,88-,1,1,0.5,0.95247059,0.99991083,0.99904677,0.99766071,0.9599007,0.99996528
cd/490232,seed5,110,5,0.99544567,0.99739753,0.01779574,3,88-,88-,1,1,0.5,0.95247059,0.99991149,0.99905128,0.99769668,0.95523798,0.99994991
cd/490232,seed5,115,5,0.99465241,0.99643494,0.02377959,3,88-,88-,1,1,0.5,0.95247059,0.99991083,0.99904168,0.99761475,0.95756992,0.99994567
cd/490232,seed5,120,5,0.99604296,0.99773884,0.01575157,3,88-,88-,1,1,0.5,0.95247059,0.99991197,0.99905466,0.99772402,0.94122849,0.99992246
cd/490233,seed1,100,5,0.71794872,0.8041958,0.44162869,5,92-,92-,1,2,0.5,0.95058824,0.999468,0.99334415,0.97057853,0.93926157,0.99953404
cd/490233,seed1,105,5,0.7654321,0.8436214,0.38697511,5,92-,92-,1,2,0.5,0.95058824,0.9996774,0.99566168,0.97852509,0.95750543,0.99980335
cd/490233,seed1,110,5,0.77783641,0.86385224,0.33690179,5,92-,92-,1,2,0.5,0.95058824,0.99971692,0.9965183,0.98393768,0.95750543,0.99978628
cd/490233,seed1,115,5,0.886421,0.93538617,0.18154679,5,92-,92-,1,2,0.5,0.95058824,0.99990984,0.99840225,0.99352435,0.95750543,0.99992468
cd/490233,seed1,120,5,0.90682611,0.94818137,0.14532078,5,92-,92-,1,2,0.5,0.95058824,0.99992729,0.99861022,0.99476583,0.94116374,0.99990762
cd/490233,seed2,100,5,0.71794872,0.8041958,0.44162869,5,92-,92-,1,2,0.5,0.95058824,0.999468,0.99334415,0.97057853,0.93926157,0.99915309
cd/490233,seed2,105,5,0.73221515,0.83689994,0.38012013,5,92-,92-,1,2,0.5,0.95058824,0.99954223,0.99533297,0.9793601,0.95750543,0.99948928
cd/490233,seed2,110,5,0.76890534,0.87414067,0.28368388,5,92-,92-,1,2,0.5,0.95058824,0.99968899,0.99688699,0.98822109,0.95750543,0.99957237
cd/490233,seed2,115,5,0.70944922,0.8494189,0.29435714,5,92-,92-,1,2,0.5,0.95058824,0.99941817,0.99592663,0.98746379,0.95750543,0.99908413
cd/490233,seed2,120,5,0.66927976,0.83243508,0.29608267,5,92-,92-,1,2,0.5,0.95058824,0.99911178,0.99510103,0.98733692,0.94116374,0.99784937
cd/490233,seed3,100,5,0.71794872,0.8041958,0.44162869,5,92-,92-,1,2,0.5,0.95058824,0.999468,0.99334415,0.97057853,0.93926157,0.9995729
cd/490233,seed3,105,5,0.77437969,0.85920369,0.34580163,5,92-,92-,1,2,0.5,0.95058824,0.99970642,0.99633774,0.98308492,0.95750543,0.99983627
cd/490233,seed3,110,5,0.75469673,0.85936661,0.32527782,5,92-,92-,1,2,0.5,0.95058824,0.99963877,0.99634422,0.98498804,0.95750543,0.99974884
cd/490233,seed3,115,5,0.79046169,0.87924911,0.29145653,5,92-,92-,1,2,0.5,0.95058824,0.99975218,0.99705532,0.98767423,0.95750543,0.99980649
cd/490233,seed3,120,5,0.80197531,0.88246914,0.28795699,5,92-,92-,1,2,0.5,0.95058824,0.99978049,0.99715673,0.98792348,0.94116374,0.99973888
cd/490233,seed4,100,5,0.71794872,0.8041958,0.44162869,5,92-,92-,1,2,0.5,0.95058824,0.999468,0.99334415,0.97057853,0.93926157,0.99950611
cd/490233,seed4,105,5,0.7091222,0.81870338,0.41487044,5,92-,92-,1,2,0.5,0.95058824,0.99941616,0.99431337,0.97477336,0.95750543,0.99961839
cd/490233,seed4,110,5,0.81141046,0.88800845,0.28506531,5,92-,92-,1,2,0.5,0.95058824,0.99980126,0.9973231,0.98812568,0.95750543,0.99984204
cd/490233,seed4,115,5,0.84205282,0.9023418,0.25686724,5,92-,92-,1,2,0.5,0.95058824,0.9998561,0.99770991,0.98993004,0.95750543,0.99987142
cd/490233,seed4,120,5,0.8653182,0.91119882,0.23584808,5,92-,92-,1,2,0.5,0.95058824,0.99988739,0.9979205,0.99109588,0.94116374,0.99984706
cd/490233,seed5,100,5,0.71794872,0.8041958,0.44162869,5,92-,92-,1,2,0.5,0.95058824,0.999468,0.99334415,0.97057853,0.93926157,0.99970694
cd/490233,seed5,105,5,0.72896111,0.82240279,0.41866253,5,92-,92-,1,2,0.5,0.95058824,0.99952627,0.99453719,0.97421638,0.95750543,0.99981703
cd/490233,seed5,110,5,0.8,0.8739726,0.3238599,5,92-,92-,1,2,0.5,0.95058824,0.99977587,0.99688129,0.98511144,0.95750543,0.99989407
cd/490233,seed5,115,5,0.77284874,0.87172635,0.29825159,5,92-,92-,1,2,0.5,0.95058824,0.99970164,0.99680413,0.98717566,0.95750543,0.99983958
cd/490233,seed5,120,5,0.75343162,0.86578546,0.29647844,5,92-,92-,1,2,0.5,0.95058824,0.99963392,0.99659075,0.98730764,0.94116374,0.99969824
cd/490234,seed1,100,5,0.57634409,0.72903226,0.53900818,5,83-,83-,1,1,0.5,0.95247059,0.99572101,0.98447163,0.95343919,0.94841585,0.99675644
cd/490234,seed1,105,5,0.48891293,0.70795024,0.50951888,5,83-,83-,1,1,0.5,0.95247059,0.99043279,0.98071,0.96053139,0.9599007,0.99412138
cd/490234,seed1,110,5,0.65597517,0.81169167,0.36636895,5,83-,83-,1,1,0.5,0.95247059,0.99794914,0.99340581,0.98253859,0.95523798,0.99823462
cd/490234,seed1,115,5,0.7943972,0.88394197,0.27079778,5,83-,83-,1,1,0.5,0.95247059,0.99943026,0.9968945,0.98994651,0.95756992,0.9994866
cd/490234,seed1,120,5,0.7762963,0.87950617,0.26679891,5,83-,83-,1,1,0.5,0.95247059,0.99932632,0.99674734,0.99017688,0.94122849,0.99911911
cd/490234,seed2,100,5,0.57634409,0.72903226,0.53900818,5,83-,83-,1,1,0.5,0.95247059,0.99572101,0.98447163,0.95343919,0.94841585,0.99479315
cd/490234,seed2,105,5,0.49972663,0.72772007,0.45163325,5,83-,83-,1,1,0.5,0.95247059,0.99133685,0.98426018,0.97155458,0.9599007,0.99148694
cd/490234,seed2,110,5,0.51578384,0.7517389,0.38291262,5,83-,83-,1,1,0.5,0.95247059,0.9925253,0.98771717,0.98079665,0.95523798,0.98939293
cd/490234,seed2,115,5,0.71086181,0.85415604,0.26760868,5,83-,83-,1,1,0.5,0.95247059,0.99876556,0.99576272,0.99013066,0.95756992,0.99818181
cd/490234,seed2,120,5,0.79023418,0.89436971,0.21546139,5,83-,83-,1,1,0.5,0.95247059,0.99940787,0.99721483,0.99270855,0.94122849,0.99875867
cd/490234,seed3,100,5,0.57634409,0.72903226,0.53900818,5,83-,83-,1,1,0.5,0.95247059,0.99572101,0.98447163,0.95343919,0.94841585,0.99672088
cd/490234,seed3,105,5,0.55667908,0.74667376,0.46908025,5,83-,83-,1,1,0.5,0.95247059,0.99487036,0.98705681,0.96859123,0.9599007,0.99686173
cd/490234,seed3,110,5,0.54763144,0.74700677,0.46370446,5,83-,83-,1,1,0.5,0.95247059,0.99442438,0.98710128,0.96953481,0.95523798,0.99503969
cd/490234,seed3,115,5,0.56965303,0.75970999,0.4430672,5,83-,83-,1,1,0.5,0.95247059,0.99544863,0.9886896,0.9729084,0.95756992,0.99566215
cd/490234,seed3,120,5,0.60556962,0.78531646,0.39448559,5,83-,83-,1,1,0.5,0.95247059,0.99673261,0.99132657,0.97947794,0.94122849,0.99553493
cd/490234,seed4,100,5,0.57634409,0.72903226,0.53900818,5,83-,83-,1,1,0.5,0.95247059,0.99572101,0.98447163,0.95343919,0.94841585,0.99636577
cd/490234,seed4,105,5,0.4863124,0.70155663,0.52219303,5,83-,83-,1,1,0.5,0.95247059,0.99020179,0.9794019,0.95761989,0.9599007,0.99325247
cd/490234,seed4,110,5,0.68109222,0.81968058,0.37574999,5,83-,83-,1,1,0.5,0.95247059,0.99837419,0.99393176,0.98157082,0.95523798,0.99843954
cd/490234,seed4,115,5,0.81916538,0.88974755,0.2787445,5,83-,83-,1,1,0.5,0.95247059,0.99954702,0.99707713,0.98947271,0.95756992,0.99954476
cd/490234,seed4,120,5,0.84398977,0.90792839,0.23944559,5,83-,83-,1,1,0.5,0.95247059,0.99964005,0.99758257,0.99161843,0.94122849,0.99947952
cd/490234,seed5,100,5,0.57634409,0.72903226,0.53900818,5,83-,83-,1,1,0.5,0.95247059,0.99572101,0.98447163,0.95343919,0.94841585,0.997715
cd/490234,seed5,105,5,0.55718157,0.74092141,0.49040413,5,83-,83-,1,1,0.5,0.95247059,0.99489406,0.98626429,0.96456239,0.9599007,0.99782359
cd/490234,seed5,110,5,0.61825948,0.78857448,0.4083773,5,83-,83-,1,1,0.5,0.95247059,0.99709395,0.99161502,0.97777759,0.95523798,0.99822459
cd/490234,seed5,115,5,0.67040245,0.82577687,0.33611714,5,83-,83-,1,1,0.5,0.95247059,0.99820525,0.99430488,0.9853315,0.95756992,0.99883251
cd/490234,seed5,120,5,0.70747617,0.84846964,0.29281456,5,83-,83-,1,1,0.5,0.95247059,0.99872628,0.99550393,0.98857905,0.94122849,0.99881123
cd/490235,seed1,100,5,0.65342163,0.73951435,0.49235222,7,90-,90-,1,1,0.5,0.95247059,0.99790015,0.98606327,0.96417043,0.94841585,0.99843343
cd/490235,seed1,105,5,0.68766684,0.76721837,0.46171596,7,90-,90-,1,1,0.5,0.95247059,0.99847011,0.98953581,0.96987683,0.9599007,0.9990994
cd/490235,seed1,110,5,0.72755259,0.80913289,0.38419399,7,90-,90-,1,1,0.5,0.95247059,0.99894222,0.99322796,0.98065484,0.95523798,0.99910253
cd/490235,seed1,115,5,0.76109726,0.83640898,0.33514785,7,90-,90-,1,1,0.5,0.95247059,0.99922454,0.99490182,0.9854133,0.95756992,0.99929654
cd/490235,seed1,120,5,0.73475459,0.83044125,0.33157239,7,90-,90-,1,1,0.5,0.95247059,0.99901042,0.99457487,0.98571118,0.94122849,0.99869539
cd/490235,seed2,100,5,0.65342163,0.73951435,0.49235222,7,90-,90-,1,1,0.5,0.95247059,0.99790015,0.98606327,0.96417043,0.94841585,0.99748264
cd/490235,seed2,105,5,0.68902109,0.77717685,0.43851054,7,90-,90-,1,1,0.5,0.95247059,0.99848916,0.99056221,0.97360281,0.9599007,0.99857063
cd/490235,seed2,110,5,0.62718139,0.74828133,0.42612229,7,90-,90-,1,1,0.5,0.95247059,0.99732386,0.9872701,0.97540432,0.95523798,0.99627828
cd/490235,seed2,115,5,0.60072501,0.73174521,0.42292473,7,90-,90-,1,1,0.5,0.95247059,0.99658315,0.98489997,0.9758495,0.95756992,0.99486107
cd/490235,seed2,120,5,0.69375317,0.79989843,0.34327765,7,90-,90-,1,1,0.5,0.95247059,0.99855386,0.99254557,0.98471303,0.94122849,0.99691228
cd/490235,seed3,100,5,0.65342163,0.73951435,0.49235222,7,90-,90-,1,1,0.5,0.95247059,0.99790015,0.98606327,0.96417043,0.94841585,0.99841623
cd/490235,seed3,105,5,0.71866595,0.79343733,0.41545757,7,90-,90-,1,1,0.5,0.95247059,0.99885156,0.99202796,0.97685874,0.9599007,0.99932085
cd/490235,seed3,110,5,0.69913749,0.80010147,0.38729633,7,90-,90-,1,1,0.5,0.95247059,0.99862413,0.99256128,0.98030721,0.95523798,0.99881304
cd/490235,seed3,115,5,0.72478459,0.81855043,0.3630267,7,90-,90-,1,1,0.5,0.95247059,0.99891478,0.99385997,0.98287118,0.95756992,0.99899744
cd/490235,seed3,120,5,0.67225234,0.79891572,0.3643381,7,90-,90-,1,1,0.5,0.95247059,0.99823569,0.99246905,0.98274143,0.94122849,0.99761955
cd/490235,seed4,100,5,0.65342163,0.73951435,0.49235222,7,90-,90-,1,1,0.5,0.95247059,0.99790015,0.98606327,0.96417043,0.94841585,0.99824439
cd/490235,seed4,105,5,0.66231648,0.76291463,0.45796467,7,90-,90-,1,1,0.5,0.95247059,0.99806592,0.98905874,0.97051196,0.9599007,0.99871731
cd/490235,seed4,110,5,0.78195489,0.85162907,0.32038053,7,90-,90-,1,1,0.5,0.95247059,0.9993607,0.9956496,0.98660537,0.95523798,0.99939868
cd/490235,seed4,115,5,0.813576,0.88489916,0.2475363,7,90-,90-,1,1,0.5,0.95247059,0.99952296,0.99692538,0.99121539,0.95756992,0.99952005
cd/490235,seed4,120,5,0.71992207,0.84802728,0.26659841,7,90-,90-,1,1,0.5,0.95247059,0.99886483,0.99548315,0.99018829,0.94122849,0.99831794
cd/490235,seed5,100,5,0.65342163,0.73951435,0.49235222,7,90-,90-,1,1,0.5,0.95247059,0.99790015,0.98606327,0.96417043,0.94841585,0.99889694
cd/490235,seed5,105,5,0.68213708,0.77441986,0.44192569,7,90-,90-,1,1,0.5,0.95247059,0.99838983,0.99028847,0.97308401,0.9599007,0.99933195
cd/490235,seed5,110,5,0.74544508,0.8209266,0.36669847,7,90-,90-,1,1,0.5,0.95247059,0.99910365,0.99400995,0.98250546,0.95523798,0.99946656
cd/490235,seed5,115,5,0.77422628,0.84576357,0.31599153,7,90-,90-,1,1,0.5,0.95247059,0.99931329,0.99537531,0.98694076,0.95756992,0.99956264
cd/490235,seed5,120,5,0.77749874,0.85836263,0.2883344,7,90-,90-,1,1,0.5,0.95247059,0.99933378,0.99594457,0.98887146,0.94122849,0.99938688
cd/490236,seed1,100,5,0.46153846,0.66025641,0.51755368,8,97-,97-,1,0,0.5,0.95095238,0.98895282,0.96695173,0.95348687,0.94318109,0.98970473
cd/490236,seed1,105,5,0.47351351,0.68918919,0.45630495,8,97-,97-,1,0,0.5,0.95095238,0.99012559,0.9758813,0.96534763,0.95703088,0.99298936
cd/490236,seed1,110,5,0.48370137,0.69873817,0.43738346,8,97-,97-,1,0,0.5,0.95095238,0.99102568,0.97827536,0.96838139,0.95938935,0.99281669
cd/490236,seed1,115,5,0.57673019,0.7447342,0.39905081,8,97-,97-,1,0,0.5,0.95095238,0.99626191,0.98690963,0.9737592,0.95703088,0.99605417
cd/490236,seed1,120,5,0.61744301,0.74876115,0.39724355,8,97-,97-,1,0,0.5,0.95095238,0.99745486,0.98747991,0.97398948,0.93812972,0.9958328
cd/490236,seed2,100,5,0.46153846,0.66025641,0.51755368,8,97-,97-,1,0,0.5,0.95095238,0.98895282,0.96695173,0.95348687,0.94318109,0.98363704
cd/490236,seed2,105,5,0.45424107,0.68024554,0.46301033,8,97-,97-,1,0,0.5,0.95095238,0.98817167,0.97340677,0.96420659,0.95703088,0.98659551
cd/490236,seed2,110,5,0.50593312,0.70280475,0.44061645,8,97-,97-,1,0,0.5,0.95095238,0.99271718,0.9792229,0.96788188,0.95938935,0.99074105
cd/490236,seed2,115,5,0.60290828,0.72427293,0.43863441,8,97-,97-,1,0,0.5,0.95095238,0.99708034,0.98359206,0.96818901,0.95703088,0.99509766
cd/490236,seed2,120,5,0.71096346,0.80011074,0.35898516,8,97-,97-,1,0,0.5,0.95095238,0.99894877,0.9929185,0.97842683,0.93812972,0.99728224
cd/490236,seed3,100,5,0.46153846,0.66025641,0.51755368,8,97-,97-,1,0,0.5,0.95095238,0.98895282,0.96695173,0.95348687,0.94318109,0.99014178
cd/490236,seed3,105,5,0.46995708,0.68508584,0.46290702,8,97-,97-,1,0,0.5,0.95095238,0.98979079,0.97477517,0.96422445,0.95703088,0.99305626
cd/490236,seed3,110,5,0.44444444,0.67746914,0.44928182,8,97-,97-,1,0,0.5,0.95095238,0.98703659,0.97258954,0.96650511,0.95938935,0.99000371
cd/490236,seed3,115,5,0.53434343,0.71767677,0.41820353,8,97-,97-,1,0,0.5,0.95095238,0.99442569,0.98235568,0.97119372,0.95703088,0.9943351
cd/490236,seed3,120,5,0.52923687,0.70019822,0.43399064,8,97-,97-,1,0,0.5,0.95095238,0.99415109,0.97862033,0.96889752,0.93812972,0.99074073
cd/490236,seed4,100,5,0.46153846,0.66025641,0.51755368,8,97-,97-,1,0,0.5,0.95095238,0.98895282,0.96695173,0.95348687,0.94318109,0.99107026
cd/490236,seed4,105,5,0.45882353,0.68074866,0.46375496,8,97-,97-,1,0,0.5,0.95095238,0.98866835,0.97355231,0.96407767,0.95703088,0.99300716
cd/490236,seed4,110,5,0.58494405,0.76144456,0.36583839,8,97-,97-,1,0,0.5,0.95095238,0.99654071,0.98912045,0.97769038,0.95938935,0.99763597
cd/490236,seed4,115,5,0.65243297,0.79294935,0.33867114,8,97-,97-,1,0,0.5,0.95095238,0.99817146,0.9923314,0.98047282,0.95703088,0.99834457
cd/490236,seed4,120,5,0.69620253,0.80574489,0.32621348,8,97-,97-,1,0,0.5,0.95095238,0.99879123,0.99334883,0.98163215,0.93812972,0.99830198
cd/490236,seed5,100,5,0.46153846,0.66025641,0.51755368,8,97-,97-,1,0,0.5,0.95095238,0.98895282,0.96695173,0.95348687,0.94318109,0.99376004
cd/490236,seed5,105,5,0.39101862,0.64457831,0.48906082,8,97-,97-,1,0,0.5,0.95095238,0.97868061,0.96085368,0.95942111,0.95703088,0.99067444
cd/490236,seed5,110,5,0.47689076,0.69590336,0.43238234,8,97-,97-,1,0,0.5,0.95095238,0.99043346,0.97758997,0.96913932,0.95938935,0.99535894
cd/490236,seed5,115,5,0.53720693,0.72528033,0.40731391,8,97-,97-,1,0,0.5,0.95095238,0.99457402,0.98377323,0.97268083,0.95703088,0.99651666
cd/490236,seed5,120,5,0.575,0.7375,0.41072906,8,97-,97-,1,0,0.5,0.95095238,0.99620039,0.98582008,0.97222266,0.93812972,0.99621689
cd/490237,seed1,100,5,0.94303797,0.97151899,0.18671606,2,96-,96-,1,0,0.5,0.95095238,0.99988317,0.99895604,0.99078087,0.94318109,0.99989807
cd/490237,seed1,105,5,0.96086957,0.98043478,0.13899236,2,96-,96-,1,0,0.5,0.95095238,0.99990132,0.99905519,0.99272645,0.95703088,0.9999346
cd/490237,seed1,110,5,0.98876404,0.99438202,0.05008072,2,96-,96-,1,0,0.5,0.95095238,0.99992423,0.99919177,0.99532796,0.95938935,0.99994346
cd/490237,seed1,115,5,0.99882214,0.99941107,0.00716837,2,96-,96-,1,0,0.5,0.95095238,0.99993112,0.99923602,0.99622803,0.95703088,0.99993131
cd/490237,seed1,120,5,0.99888018,0.99944009,0.006856,2,96-,96-,1,0,0.5,0.95095238,0.99993115,0.99923627,0.99623391,0.93812972,0.99989278
cd/490237,seed2,100,5,0.94303797,0.97151899,0.18671606,2,96-,96-,1,0,0.5,0.95095238,0.99988317,0.99895604,0.99078087,0.94318109,0.999837
cd/490237,seed2,105,5,0.97560976,0.98780488,0.09501725,2,96-,96-,1,0,0.5,0.95095238,0.99991418,0.99913001,0.99415575,0.95703088,0.99990923
cd/490237,seed2,110,5,0.98320413,0.99160207,0.06997469,2,96-,96-,1,0,0.5,0.95095238,0.99992013,0.99916622,0.99484104,0.95938935,0.99990463
cd/490237,seed2,115,5,0.99612403,0.99806202,0.02025683,2,96-,96-,1,0,0.5,0.95095238,0.99992933,0.99922439,0.99597354,0.95703088,0.99988727
cd/490237,seed2,120,5,0.99878641,0.9993932,0.00735968,2,96-,96-,1,0,0.5,0.95095238,0.99993109,0.99923586,0.99622443,0.93812972,0.99982839
cd/490237,seed3,100,5,0.94303797,0.97151899,0.18671606,2,96-,96-,1,0,0.5,0.95095238,0.99988317,0.99895604,0.99078087,0.94318109,0.99990244
cd/490237,seed3,105,5,0.9717362,0.9858681,0.10708239,2,96-,96-,1,0,0.5,0.95095238,0.99991097,0.99911094,0.99379401,0.95703088,0.99994361
cd/490237,seed3,110,5,0.99144254,0.99572127,0.03982729,2,96-,96-,1,0,0.5,0.95095238,0.99992613,0.9992038,0.99556077,0.95938935,0.99994726
cd/490237,seed3,115,5,0.99881376,0.99940688,0.00721332,2,96-,96-,1,0,0.5,0.95095238,0.99993111,0.99923598,0.99622719,0.95703088,0.99993425
cd/490237,seed3,120,5,0.99880526,0.99940263,0.00725887,2,96-,96-,1,0,0.5,0.95095238,0.9999311,0.99923595,0.99622633,0.93812972,0.9998973
cd/490237,seed4,100,5,0.94303797,0.97151899,0.18671606,2,96-,96-,1,0,0.5,0.95095238,0.99988317,0.99895604,0.99078087,0.94318109,0.99991171
cd/490237,seed4,105,5,0.95851216,0.97925608,0.14559731,2,96-,96-,1,0,0.5,0.95095238,0.9998991,0.99904264,0.99248368,0.95703088,0.99994206
cd/490237,seed4,110,5,0.98911729,0.99455865,0.0487577,2,96-,96-,1,0,0.5,0.95095238,0.99992448,0.99919337,0.99535867,0.95938935,0.99995119
cd/490237,seed4,115,5,0.99662921,0.99831461,0.01795648,2,96-,96-,1,0,0.5,0.95095238,0.99992967,0.99922658,0.99601948,0.95703088,0.99993924
cd/490237,seed4,120,5,0.9988764,0.9994382,0.00687638,2,96-,96-,1,0,0.5,0.95095238,0.99993115,0.99923625,0.99623353,0.93812972,0.99990712
cd/490237,seed5,100,5,0.94303797,0.97151899,0.18671606,2,96-,96-,1,0,0.5,0.95095238,0.99988317,0.99895604,0.99078087,0.94318109,0.99993847
cd/490237,seed5,105,5,0.96483826,0.98241913,0.1276334,2,96-,96-,1,0,0.5,0.95095238,0.99990496,0.99907595,0.99312589,0.95703088,0.999962
cd/490237,seed5,110,5,0.99120603,0.99560302,0.04075472,2,96-,96-,1,0,0.5,0.95095238,0.99992596,0.99920274,0.9955402,0.95938935,0.99996666
cd/490237,seed5,115,5,0.99657925,0.99828962,0.01818631,2,96-,96-,1,0,0.5,0.95095238,0.99992964,0.99922636,0.99601491,0.95703088,0.99995763
cd/490237,seed5,120,5,0.99888517,0.99944259,0.00682902,2,96-,96-,1,0,0.5,0.95095238,0.99993116,0.99923629,0.99623442,0.93812972,0.99993528
cd/490239,seed1,100,5,0.85889571,0.92638037,0.25852569,3,27-,27-,1,1,0.5,0.95247059,0.99968646,0.99800644,0.99063703,0.94841585,0.99977561
cd/490239,seed1,105,5,0.89055472,0.94002999,0.2318331,3,27-,27-,1,1,0.5,0.95247059,0.99976614,0.99827148,0.99198088,0.9599007,0.99986788
cd/490239,seed1,110,5,0.96763203,0.97955707,0.103442,3,27-,27-,1,1,0.5,0.95247059,0.99988547,0.99885664,0.99620257,0.95523798,0.9999074
cd/490239,seed1,115,5,0.96682464,0.98104265,0.09522327,3,27-,27-,1,1,0.5,0.95247059,0.99988461,0.99887427,0.99638033,0.95756992,0.99989956
cd/490239,seed1,120,5,0.99544765,0.9969651,0.02068882,3,27-,27-,1,1,0.5,0.95247059,0.99991149,0.99904698,0.99765742,0.94122849,0.99988921
cd/490239,seed2,100,5,0.85889571,0.92638037,0.25852569,3,27-,27-,1,1,0.5,0.95247059,0.99968646,0.99800644,0.99063703,0.94841585,0.99963913
cd/490239,seed2,105,5,0.93553223,0.96101949,0.17279456,3,27-,27-,1,1,0.5,0.95247059,0.99984582,0.99861205,0.99431122,0.9599007,0.99986116
cd/490239,seed2,110,5,0.9580574,0.97792494,0.10302522,3,27-,27-,1,1,0.5,0.95247059,0.99987485,0.99883696,0.99621179,0.95523798,0.99983695
cd/490239,seed2,115,5,0.96986301,0.98356164,0.08305024,3,27-,27-,1,1,0.5,0.95247059,0.99988782,0.99890354,0.99662851,0.95756992,0.99984303
cd/490239,seed2,120,5,0.98321343,0.99040767,0.05417181,3,27-,27-,1,1,0.5,0.95247059,0.99990087,0.99897931,0.9971515,0.94122849,0.99979994
cd/490239,seed3,100,5,0.85889571,0.92638037,0.25852569,3,27-,27-,1,1,0.5,0.95247059,0.99968646,0.99800644,0.99063703,0.94841585,0.99977315
cd/490239,seed3,105,5,0.89451477,0.94374121,0.21640347,3,27-,27-,1,1,0.5,0.95247059,0.99977456,0.99833725,0.99266851,0.9599007,0.99987134
cd/490239,seed3,110,5,0.97986577,0.98657718,0.0732737,3,27-,27-,1,1,0.5,0.95247059,0.99989774,0.99893759,0.99681549,0.95523798,0.99991662
cd/490239,seed3,115,5,0.96886675,0.98256538,0.08823712,3,27-,27-,1,1,0.5,0.95247059,0.99988678,0.99889206,0.99652491,0.95756992,0.99990039
cd/490239,seed3,120,5,0.98656899,0.99267399,0.04243258,3,27-,27-,1,1,0.5,0.95247059,0.9999039,0.99900322,0.99734021,0.94122849,0.99987817
cd/490239,seed4,100,5,0.85889571,0.92638037,0.25852569,3,27-,27-,1,1,0.5,0.95247059,0.99968646,0.99800644,0.99063703,0.94841585,0.99974849
cd/490239,seed4,105,5,0.93314367,0.96301565,0.16051581,3,27-,27-,1,1,0.5,0.95247059,0.99984237,0.99864072,0.99470377,0.9599007,0.99990103
cd/490239,seed4,110,5,0.95970696,0.97557998,0.1188643,3,27-,27-,1,1,0.5,0.95247059,0.99987675,0.99880808,0.99584519,0.95523798,0.99988813
cd/490239,seed4,115,5,0.99212598,0.99550056,0.02852104,3,27-,27-,1,1,0.5,0.95247059,0.99990872,0.99903226,0.99754776,0.95756992,0.99991139
cd/490239,seed4,120,5,0.99190751,0.99537572,0.02919692,3,27-,27-,1,1,0.5,0.95247059,0.99990854,0.999031,0.99753806,0.94122849,0.99987159
cd/490239,seed5,100,5,0.85889571,0.92638037,0.25852569,3,27-,27-,1,1,0.5,0.95247059,0.99968646,0.99800644,0.99063703,0.94841585,0.99984207
cd/490239,seed5,105,5,0.86956522,0.93043478,0.25370456,3,27-,27-,1,1,0.5,0.95247059,0.99971596,0.99808914,0.99089527,0.9599007,0.99988658
cd/490239,seed5,110,5,0.92748735,0.95952782,0.1730848,3,27-,27-,1,1,0.5,0.95247059,0.99983389,0.99859023,0.9943016,0.95523798,0.99990471
cd/490239,seed5,115,5,0.97520661,0.98347107,0.08707424,3,27-,27-,1,1,0.5,0.95247059,0.99989323,0.9989025,0.99654841,0.95756992,0.9999347
cd/490239,seed5,120,5,0.9483066,0.9714795,0.1304595,3,27-,27-,1,1,0.5,0.95247059,0.99986302,0.99875586,0.99555462,0.94122849,0.99987818
cd/490240,seed1,100,5,0.72483221,0.83892617,0.35828593,5,85-,85-,1,1,0.5,0.95247059,0.99891525,0.99503378,0.98333229,0.94841585,0.99920242
cd/490240,seed1,105,5,0.84781406,0.91256226,0.22507932,5,85-,85-,1,1,0.5,0.95247059,0.99965257,0.9976968,0.99228941,0.9599007,0.99980203
cd/490240,seed1,110,5,0.90101659,0.941145,0.16997333,5,85-,85-,1,1,0.5,0.95247059,0.99978774,0.99829151,0.9944039,0.95523798,0.99982607
cd/490240,seed1,115,5,0.95549872,0.9713555,0.0982444,5,85-,85-,1,1,0.5,0.95247059,0.99987185,0.99875424,0.99631597,0.95756992,0.99988819
cd/490240,seed1,120,5,0.9697591,0.98154792,0.0668507,5,85-,85-,1,1,0.5,0.95247059,0.99988771,0.9988802,0.99693266,0.94122849,0.99985872
cd/490240,seed2,100,5,0.72483221,0.83892617,0.35828593,5,85-,85-,1,1,0.5,0.95247059,0.99891525,0.99503378,0.98333229,0.94841585,0.99871775
cd/490240,seed2,105,5,0.8398459,0.90203632,0.26005505,5,85-,85-,1,1,0.5,0.95247059,0.99962597,0.99742912,0.99055361,0.9599007,0.99965668
cd/490240,seed2,110,5,0.96743193,0.9818473,0.06445905,5,85-,85-,1,1,0.5,0.95247059,0.99988526,0.9988837,0.99697519,0.95523798,0.99985079
cd/490240,seed2,115,5,0.98687664,0.99160105,0.0355339,5,85-,85-,1,1,0.5,0.95247059,0.99990417,0.99899197,0.99744524,0.95756992,0.99986637
cd/490240,seed2,120,5,0.99435608,0.99589533,0.019763,5,85-,85-,1,1,0.5,0.95247059,0.99991059,0.99903625,0.99767006,0.94122849,0.99981996
cd/490240,seed3,100,5,0.72483221,0.83892617,0.35828593,5,85-,85-,1,1,0.5,0.95247059,0.99891525,0.99503378,0.98333229,0.94841585,0.99919365
cd/490240,seed3,105,5,0.81383855,0.88907194,0.28272014,5,85-,85-,1,1,0.5,0.95247059,0.99952412,0.99705644,0.98922746,0.9599007,0.99972396
cd/490240,seed3,110,5,0.88877062,0.93507185,0.18419553,5,85-,85-,1,1,0.5,0.95247059,0.99976224,0.99817954,0.9939209,0.95523798,0.99980256
cd/490240,seed3,115,5,0.95332984,0.97273204,0.09208569,5,85-,85-,1,1,0.5,0.95247059,0.99986925,0.99877205,0.99644599,0.95756992,0.99988462
cd/490240,seed3,120,5,0.9860753,0.99174832,0.03440893,5,85-,85-,1,1,0.5,0.95247059,0.99990346,0.99899353,0.99746197,0.94122849,0.9998776
cd/490240,seed4,100,5,0.72483221,0.83892617,0.35828593,5,85-,85-,1,1,0.5,0.95247059,0.99891525,0.99503378,0.98333229,0.94841585,0.99910609
cd/490240,seed4,105,5,0.7654456,0.86768726,0.30637086,5,85-,85-,1,1,0.5,0.95247059,0.99925513,0.99632042,0.98764722,0.9599007,0.99951629
cd/490240,seed4,110,5,0.9010989,0.94557823,0.15259142,5,85-,85-,1,1,0.5,0.95247059,0.9997879,0.99836888,0.99494268,0.95523798,0.9998052
cd/490240,seed4,115,5,0.97863885,0.98708395,0.04995289,5,85-,85-,1,1,0.5,0.95247059,0.99989657,0.9989432,0.99722081,0.95756992,0.99989932
cd/490240,seed4,120,5,0.9847516,0.98917855,0.04593392,5,85-,85-,1,1,0.5,0.95247059,0.99990227,0.9989661,0.99728527,0.94122849,0.99986259
cd/490240,seed5,100,5,0.72483221,0.83892617,0.35828593,5,85-,85-,1,1,0.5,0.95247059,0.99891525,0.99503378,0.98333229,0.94841585,0.99943853
cd/490240,seed5,105,5,0.76854434,0.86726157,0.3098999,5,85-,85-,1,1,0.5,0.95247059,0.9992762,0.99630404,0.98739257,0.9599007,0.999705
cd/490240,seed5,110,5,0.85945073,0.91707054,0.22432437,5,85-,85-,1,1,0.5,0.95247059,0.99968807,0.99780276,0.99232315,0.95523798,0.99981859
cd/490240,seed5,115,5,0.92469721,0.95155345,0.15547007,5,85-,85-,1,1,0.5,0.95247059,0.99982954,0.99846765,0.99485716,0.95756992,0.99989468
cd/490240,seed5,120,5,0.96991331,0.97960224,0.07602009,5,85-,85-,1,1,0.5,0.95247059,0.99988787,0.99885718,0.99676403,0.94122849,0.99990071
cd/490241,seed1,100,5,0.69728601,0.7954071,0.44457261,5,98-,98-,1,0,0.5,0.95095238,0.99880355,0.99253814,0.96726024,0.94318109,0.9989207
cd/490241,seed1,105,5,0.68713605,0.80412917,0.4268463,5,98-,98-,1,0,0.5,0.95095238,0.99868299,0.99322815,0.96995781,0.95703088,0.99909385
cd/490241,seed1,110,5,0.74680307,0.84859335,0.34814944,5,98-,98-,1,0,0.5,0.95095238,0.99925111,0.99587428,0.97954299,0.95938935,0.99942248
cd/490241,seed1,115,5,0.8185907,0.89705147,0.24978124,5,98-,98-,1,0,0.5,0.95095238,0.99962042,0.99759866,0.98740008,0.95703088,0.99961215
cd/490241,seed1,120,5,0.77368679,0.88119784,0.25360557,5,98-,98-,1,0,0.5,0.95095238,0.99941935,0.99713322,0.98715956,0.93812972,0.999068
cd/490241,seed2,100,5,0.69728601,0.7954071,0.44457261,5,98-,98-,1,0,0.5,0.95095238,0.99880355,0.99253814,0.96726024,0.94318109,0.99827513
cd/490241,seed2,105,5,0.74714519,0.83904296,0.38310131,5,98-,98-,1,0,0.5,0.95095238,0.99925353,0.99541045,0.97572475,0.95703088,0.9991857
cd/490241,seed2,110,5,0.74113287,0.86236104,0.29085765,5,98-,98-,1,0,0.5,0.95095238,0.99920983,0.99646196,0.98456672,0.95938935,0.99902514
cd/490241,seed2,115,5,0.70797359,0.85170137,0.27614172,5,98-,98-,1,0,0.5,0.95095238,0.99891861,0.99601492,0.98564747,0.95703088,0.99820761
cd/490241,seed2,120,5,0.74638764,0.87244644,0.24324285,5,98-,98-,1,0,0.5,0.95095238,0.99924816,0.99683881,0.98780102,0.93812972,0.99806463
cd/490241,seed3,100,5,0.69728601,0.7954071,0.44457261,5,98-,98-,1,0,0.5,0.95095238,0.99880355,0.99253814,0.96726024,0.94318109,0.99896693
cd/490241,seed3,105,5,0.73506081,0.83183501,0.39137591,5,98-,98-,1,0,0.5,0.95095238,0.99916309,0.99502634,0.97472363,0.95703088,0.99945249
cd/490241,seed3,110,5,0.76534296,0.86797318,0.30134531,5,98-,98-,1,0,0.5,0.95095238,0.99937163,0.99667687,0.983748,0.95938935,0.99953737
cd/490241,seed3,115,5,0.79501247,0.8882793,0.25795309,5,98-,98-,1,0,0.5,0.95095238,0.99952549,0.99735131,0.98688064,0.95703088,0.99953445
cd/490241,seed3,120,5,0.78652798,0.88905399,0.23959035,5,98-,98-,1,0,0.5,0.95095238,0.99948581,0.99737414,0.98801948,0.93812972,0.99921137
cd/490241,seed4,100,5,0.69728601,0.7954071,0.44457261,5,98-,98-,1,0,0.5,0.95095238,0.99880355,0.99253814,0.96726024,0.94318109,0.99906501
cd/490241,seed4,105,5,0.68002109,0.79546653,0.44750918,5,98-,98-,1,0,0.5,0.95095238,0.99859132,0.99254307,0.96679131,0.95703088,0.99915954
cd/490241,seed4,110,5,0.80100756,0.88513854,0.27834179,5,98-,98-,1,0,0.5,0.95095238,0.99955167,0.9972567,0.98549077,0.95938935,0.99970273
cd/490241,seed4,115,5,0.88670917,0.93624326,0.17561335,5,98-,98-,1,0,0.5,0.95095238,0.99980084,0.99845077,0.99127513,0.95703088,0.99982535
cd/490241,seed4,120,5,0.91442543,0.95599022,0.119452,5,98-,98-,1,0,0.5,0.95095238,0.99984681,0.99875789,0.99340003,0.93812972,0.99979098
cd/490241,seed5,100,5,0.69728601,0.7954071,0.44457261,5,98-,98-,1,0,0.5,0.95095238,0.99880355,0.99253814,0.96726024,0.94318109,0.99934823
cd/490241,seed5,105,5,0.6972771,0.81313401,0.4170193,5,98-,98-,1,0,0.5,0.95095238,0.99880345,0.99387407,0.97135917,0.95703088,0.99950359
cd/490241,seed5,110,5,0.73996873,0.85200625,0.3312504,5,98-,98-,1,0,0.5,0.95095238,0.99920108,0.99602845,0.98117177,0.95938935,0.99962767
cd/490241,seed5,115,5,0.74553799,0.85721571,0.31823864,5,98-,98-,1,0,0.5,0.95095238,0.99924209,0.99625279,0.98233857,0.95703088,0.99952776
cd/490241,seed5,120,5,0.78653943,0.88448016,0.26142819,5,98-,98-,1,0,0.5,0.95095238,0.99948586,0.99723645,0.9866534,0.93812972,0.99950255
cd/490243,seed1,100,5,0.61431871,0.75057737,0.52104908,5,72-,72-,1,2,0.5,0.95058824,0.99841592,0.98811265,0.95377056,0.93926157,0.99858293
cd/490243,seed1,105,5,0.63234471,0.75825406,0.49624665,5,72-,72-,1,2,0.5,0.95058824,0.99868964,0.98905768,0.95982031,0.95750543,0.99917906
cd/490243,seed1,110,5,0.6175697,0.76223041,0.47010886,5,72-,72-,1,2,0.5,0.95058824,0.99846919,0.98951758,0.96537212,0.95750543,0.99880574
cd/490243,seed1,115,5,0.51225613,0.71985993,0.48301868,5,72-,72-,1,2,0.5,0.95058824,0.99536982,0.98345574,0.96272912,0.95750543,0.99582449
cd/490243,seed1,120,5,0.29432099,0.61679012,0.52629498,5,72-,72-,1,2,0.5,0.95058824,0.95579408,0.950734,0.9523842,0.94116374,0.93760697
cd/490243,seed2,100,5,0.61431871,0.75057737,0.52104908,5,72-,72-,1,2,0.5,0.95058824,0.99841592,0.98811265,0.95377056,0.93926157,0.99742637
cd/490243,seed2,105,5,0.69880885,0.79466818,0.45425029,5,72-,72-,1,2,0.5,0.95058824,0.99934917,0.99262007,0.96837208,0.95750543,0.99926897
cd/490243,seed2,110,5,0.7027027,0.82460011,0.38137821,5,72-,72-,1,2,0.5,0.95058824,0.99937532,0.99466597,0.97920927,0.95750543,0.99912957
cd/490243,seed2,115,5,0.80395216,0.88767551,0.26737792,5,72-,72-,1,2,0.5,0.95058824,0.99978502,0.99731339,0.9892916,0.95750543,0.99966795
cd/490243,seed2,120,5,0.93842239,0.96437659,0.11094787,5,72-,72-,1,2,0.5,0.95058824,0.99994788,0.99883515,0.99572393,0.94116374,0.99988037
cd/490243,seed3,100,5,0.61431871,0.75057737,0.52104908,5,72-,72-,1,2,0.5,0.95058824,0.99841592,0.98811265,0.95377056,0.93926157,0.99870099
cd/490243,seed3,105,5,0.6688926,0.78297162,0.46415123,5,72-,72-,1,2,0.5,0.95058824,0.99910815,0.9916235,0.96653001,0.95750543,0.99949171
cd/490243,seed3,110,5,0.68601583,0.80158311,0.42861526,5,72-,72-,1,2,0.5,0.95058824,0.9992553,0.99315292,0.97269697,0.95750543,0.9994749
cd/490243,seed3,115,5,0.6492039,0.80380072,0.38590796,5,72-,72-,1,2,0.5,0.95058824,0.99890272,0.99331558,0.97865722,0.95750543,0.9991181
cd/490243,seed3,120,5,0.5960863,0.79227296,0.3501095,5,72-,72-,1,2,0.5,0.95058824,0.99808097,0.99242607,0.98265632,0.94116374,0.99762075
cd/490243,seed4,100,5,0.61431871,0.75057737,0.52104908,5,72-,72-,1,2,0.5,0.95058824,0.99841592,0.98811265,0.95377056,0.93926157,0.99849805
cd/490243,seed4,105,5,0.65181058,0.76601671,0.49081843,5,72-,72-,1,2,0.5,0.95058824,0.99893242,0.9899377,0.9610394,0.95750543,0.99929393
cd/490243,seed4,110,5,0.71912454,0.82073997,0.39367263,5,72-,72-,1,2,0.5,0.95058824,0.99947455,0.99443769,0.9776774,0.95750543,0.99957445
cd/490243,seed4,115,5,0.68038133,0.82639237,0.34316718,5,72-,72-,1,2,0.5,0.95058824,0.99920978,0.99476876,0.98334188,0.95750543,0.99927027
cd/490243,seed4,120,5,0.42569887,0.70769985,0.40775698,5,72-,72-,1,2,0.5,0.95058824,0.98855041,0.98115167,0.97578675,0.94116374,0.9830917
cd/490243,seed5,100,5,0.61431871,0.75057737,0.52104908,5,72-,72-,1,2,0.5,0.95058824,0.99841592,0.98811265,0.95377056,0.93926157,0.99910843
cd/490243,seed5,105,5,0.66370206,0.77987771,0.47006608,5,72-,72-,1,2,0.5,0.95058824,0.99905805,0.99133828,0.96538057,0.95750543,0.99963123
cd/490243,seed5,110,5,0.70733012,0.80310326,0.43448533,5,72-,72-,1,2,0.5,0.95058824,0.99940504,0.99326484,0.97176039,0.95750543,0.9997134
cd/490243,seed5,115,5,0.654904,0.78930981,0.43006938,5,72-,72-,1,2,0.5,0.95058824,0.99896663,0.99217904,0.97246781,0.95750543,0.99943072
cd/490243,seed5,120,5,0.53259222,0.71298636,0.50741662,5,72-,72-,1,2,0.5,0.95058824,0.9962597,0.98218968,0.9571958,0.94116374,0.99677407
cd/490245,seed1,100,5,0.59493671,0.68565401,0.5381639,8,93-,93-,1,2,0.5,0.95058824,0.99805762,0.97614616,0.94910045,0.93926157,0.9982555
cd/490245,seed1,105,5,0.57382199,0.6895288,0.51237155,8,93-,93-,1,2,0.5,0.95058824,0.99757469,0.97711139,0.95597984,0.95750543,0.99846178
cd/490245,seed1,110,5,0.61241099,0.72990844,0.45206676,8,93-,93-,1,2,0.5,0.95058824,0.9983838,0.98514885,0.96876493,0.95750543,0.99873778
cd/490245,seed1,115,5,0.70977295,0.78627838,0.39212209,8,93-,93-,1,2,0.5,0.95058824,0.99942015,0.99191805,0.97787651,0.95750543,0.99949784
cd/490245,seed1,120,5,0.71498531,0.78991185,0.38285146,8,93-,93-,1,2,0.5,0.95058824,0.99945113,0.99222987,0.97903127,0.94116374,0.99927507
cd/490245,seed2,100,5,0.59493671,0.68565401,0.5381639,8,93-,93-,1,2,0.5,0.95058824,0.99805762,0.97614616,0.94910045,0.93926157,0.99683255
cd/490245,seed2,105,5,0.63836478,0.73113208,0.45990865,8,93-,93-,1,2,0.5,0.95058824,0.9987701,0.985343,0.96733169,0.95750543,0.9986016
cd/490245,seed2,110,5,0.57696335,0.71989529,0.44444863,8,93-,93-,1,2,0.5,0.95058824,0.99765348,0.98346202,0.97009889,0.95750543,0.99664836
cd/490245,seed2,115,5,0.4623431,0.66893305,0.44608131,8,93-,93-,1,2,0.5,0.95058824,0.99218979,0.97150599,0.96981773,0.95750543,0.98713476
cd/490245,seed2,120,5,0.55794872,0.73692308,0.37565899,8,93-,93-,1,2,0.5,0.95058824,0.99713431,0.98622843,0.97988635,0.94116374,0.99292376
cd/490245,seed3,100,5,0.59493671,0.68565401,0.5381639,8,93-,93-,1,2,0.5,0.95058824,0.99805762,0.97614616,0.94910045,0.93926157,0.9984008
cd/490245,seed3,105,5,0.65770424,0.7409514,0.4523254,8,93-,93-,1,2,0.5,0.95058824,0.99899665,0.98681304,0.96871864,0.95750543,0.99942684
cd/490245,seed3,110,5,0.69736842,0.77378543,0.40665115,8,93-,93-,1,2,0.5,0.95058824,0.99933922,0.99074821,0.97594068,0.95750543,0.99953516
cd/490245,seed3,115,5,0.71161417,0.79675197,0.37383667,8,93-,93-,1,2,0.5,0.95058824,0.99943129,0.99278484,0.98009751,0.95750543,0.99954872
cd/490245,seed3,120,5,0.69087341,0.78263003,0.39529425,8,93-,93-,1,2,0.5,0.95058824,0.99929244,0.99159247,0.97746728,0.94116374,0.99913921
cd/490245,seed4,100,5,0.59493671,0.68565401,0.5381639,8,93-,93-,1,2,0.5,0.95058824,0.99805762,0.97614616,0.94910045,0.93926157,0.99815105
cd/490245,seed4,105,5,0.58480749,0.68938606,0.51661355,8,93-,93-,1,2,0.5,0.95058824,0.99783927,0.97707652,0.95491271,0.95750543,0.99855086
cd/490245,seed4,110,5,0.67935872,0.77304609,0.40889141,8,93-,93-,1,2,0.5,0.95058824,0.99920122,0.99067395,0.97562784,0.95750543,0.99934781
cd/490245,seed4,115,5,0.76551724,0.83793103,0.31436555,8,93-,93-,1,2,0.5,0.95058824,0.99967768,0.99538496,0.98591239,0.95750543,0.99970747
cd/490245,seed4,120,5,0.81402142,0.875852,0.25633004,8,93-,93-,1,2,0.5,0.95058824,0.99980666,0.99694442,0.98996164,0.94116374,0.99973468
cd/490245,seed5,100,5,0.59493671,0.68565401,0.5381639,8,93-,93-,1,2,0.5,0.95058824,0.99805762,0.97614616,0.94910045,0.93926157,0.99890229
cd/490245,seed5,105,5,0.61530287,0.70828905,0.49463983,8,93-,93-,1,2,0.5,0.95058824,0.99843224,0.98127024,0.96018494,0.95750543,0.99937993
cd/490245,seed5,110,5,0.65384615,0.752079,0.43366646,8,93-,93-,1,2,0.5,0.95058824,0.99895506,0.98830364,0.97189289,0.95750543,0.99949103
cd/490245,seed5,115,5,0.64717742,0.75957661,0.42064368,8,93-,93-,1,2,0.5,0.95058824,0.99887906,0.98921282,0.97392064,0.95750543,0.99938148
cd/490245,seed5,120,5,0.69154229,0.79054726,0.37623968,8,93-,93-,1,2,0.5,0.95058824,0.99929741,0.99228316,0.9798186,0.94116374,0.99941351
cd/490246,seed1,100,5,0.60455487,0.71014493,0.61621495,5,52-,52-,1,4,0.5,0.95388235,0.99663442,0.98250558,0.93104925,0.94846564,0.99745521
cd/490246,seed1,105,5,0.62283009,0.73698054,0.54884053,5,52-,52-,1,4,0.5,0.95388235,0.99714653,0.98687853,0.95060174,0.95290546,0.99830539
cd/490246,seed1,110,5,0.72717896,0.81227437,0.42743944,5,52-,52-,1,4,0.5,0.95388235,0.99888945,0.99417515,0.9732867,0.95523842,0.99920156
cd/490246,seed1,115,5,0.80435859,0.88211986,0.27790867,5,52-,52-,1,4,0.5,0.95388235,0.99944781,0.99726794,0.9876511,0.9622306,0.9996276
cd/490246,seed1,120,5,0.76900441,0.87542913,0.27197645,5,52-,52-,1,4,0.5,0.95388235,0.99923947,0.99706218,0.9880258,0.95057173,0.99918374
cd/490246,seed2,100,5,0.60455487,0.71014493,0.61621495,5,52-,52-,1,4,0.5,0.95388235,0.99663442,0.98250558,0.93104925,0.94846564,0.99482509
cd/490246,seed2,105,5,0.57006875,0.69751454,0.60707099,5,52-,52-,1,4,0.5,0.95388235,0.99540569,0.97997915,0.93407257,0.95290546,0.99437787
cd/490246,seed2,110,5,0.50081125,0.6776636,0.56696307,5,52-,52-,1,4,0.5,0.95388235,0.99142966,0.97527015,0.94593006,0.95523842,0.98679617
cd/490246,seed2,115,5,0.61980503,0.74653669,0.47384695,5,52-,52-,1,4,0.5,0.95388235,0.99706748,0.98815934,0.96615401,0.9622306,0.99578983
cd/490246,seed2,120,5,0.76114171,0.84276415,0.34440965,5,52-,52-,1,4,0.5,0.95388235,0.99918336,0.99581321,0.98257199,0.95057173,0.99821118
cd/490246,seed3,100,5,0.60455487,0.71014493,0.61621495,5,52-,52-,1,4,0.5,0.95388235,0.99663442,0.98250558,0.93104925,0.94846564,0.99752059
cd/490246,seed3,105,5,0.63555322,0.74200315,0.54451873,5,52-,52-,1,4,0.5,0.95388235,0.99745642,0.98756789,0.95165798,0.95290546,0.99853298
cd/490246,seed3,110,5,0.51402346,0.70525242,0.53536566,5,52-,52-,1,4,0.5,0.95388235,0.9923892,0.9815664,0.95382458,0.95523842,0.99437763
cd/490246,seed3,115,5,0.56271864,0.74612694,0.46564007,5,52-,52-,1,4,0.5,0.95388235,0.99509087,0.98810705,0.96753707,0.9622306,0.99657602
cd/490246,seed3,120,5,0.5523054,0.75210709,0.42955653,5,52-,52-,1,4,0.5,0.95388235,0.99460778,0.98884811,0.97299575,0.95057173,0.99406134
cd/490246,seed4,100,5,0.60455487,0.71014493,0.61621495,5,52-,52-,1,4,0.5,0.95388235,0.99663442,0.98250558,0.93104925,0.94846564,0.99674584
cd/490246,seed4,105,5,0.60246121,0.71749599,0.58071069,5,52-,52-,1,4,0.5,0.95388235,0.99657019,0.98382898,0.94211146,0.95290546,0.99738152
cd/490246,seed4,110,5,0.67244014,0.78196638,0.46830725,5,52-,52-,1,4,0.5,0.95388235,0.99817772,0.9919173,0.96709369,0.95523842,0.99830143
cd/490246,seed4,115,5,0.75331045,0.84894556,0.34253843,5,52-,52-,1,4,0.5,0.95388235,0.99912337,0.99608455,0.98273968,0.9622306,0.99923412
cd/490246,seed4,120,5,0.761347,0.8682284,0.28825779,5,52-,52-,1,4,0.5,0.95388235,0.99918488,0.99682343,0.98696949,0.95057173,0.99887869
cd/490246,seed5,100,5,0.60455487,0.71014493,0.61621495,5,52-,52-,1,4,0.5,0.95388235,0.99663442,0.98250558,0.93104925,0.94846564,0.99783478
cd/490246,seed5,105,5,0.61719167,0.72984517,0.56378683,5,52-,52-,1,4,0.5,0.95388235,0.99699742,0.98583392,0.94677792,0.95290546,0.99848082
cd/490246,seed5,110,5,0.71465832,0.80594679,0.43059723,5,52-,52-,1,4,0.5,0.95388235,0.99875621,0.99376246,0.9728516,0.95523842,0.999237
cd/490246,seed5,115,5,0.76395289,0.84331797,0.36329741,5,52-,52-,1,4,0.5,0.95388235,0.99920389,0.99583826,0.98078725,0.9622306,0.9995388
cd/490246,seed5,120,5,0.80020336,0.87188612,0.31004761,5,52-,52-,1,4,0.5,0.95388235,0.99942663,0.99694703,0.98541074,0.95057173,0.99948048
cd/490248,seed1,100,5,0.115,0.5575,0.99043904,2,54-,54-,1,3,0.5,0.96752941,0.76660109,0.91595371,0.55888217,0.96709606,0.85077113
cd/490248,seed1,105,5,0.27358491,0.63679245,0.94531352,2,54-,54-,1,3,0.5,0.96752941,0.9439784,0.96616218,0.6339067,0.96473295,0.96283302
cd/490248,seed1,110,5,0.39470199,0.69735099,0.88450496,2,54-,54-,1,3,0.5,0.96752941,0.98326191,0.98349337,0.72511318,0.9740259,0.99139053
cd/490248,seed1,115,5,0.59264305,0.79632153,0.72922432,2,54-,54-,1,3,0.5,0.96752941,0.99779349,0.99498119,0.88543305,0.96705934,0.99822342
cd/490248,seed1,120,5,0.70778267,0.85389134,0.60001595,2,54-,54-,1,3,0.5,0.96752941,0.99932581,0.99749965,0.94975907,0.96473295,0.99935337
cd/490248,seed2,100,5,0.115,0.5575,0.99043904,2,54-,54-,1,3,0.5,0.96752941,0.76660109,0.91595371,0.55888217,0.96709606,0.68586362
cd/490248,seed2,105,5,0.30936228,0.65468114,0.92981778,2,54-,54-,1,3,0.5,0.96752941,0.96057991,0.97258972,0.65842531,0.96473295,0.93514794
cd/490248,seed2,110,5,0.57739938,0.78869969,0.74396089,2,54-,54-,1,3,0.5,0.96752941,0.99741891,0.99449703,0.87467059,0.9740259,0.99665187
cd/490248,seed2,115,5,0.78318584,0.89159292,0.49509245,2,54-,54-,1,3,0.5,0.96752941,0.99969005,0.99841689,0.97505265,0.96705934,0.99936614
cd/490248,seed2,120,5,0.90105541,0.9505277,0.28415106,2,54-,54-,1,3,0.5,0.96752941,0.99990805,0.9992256,0.99409476,0.96473295,0.99977594
cd/490248,seed3,100,5,0.115,0.5575,0.99043904,2,54-,54-,1,3,0.5,0.96752941,0.76660109,0.91595371,0.55888217,0.96709606,0.82420591
cd/490248,seed3,105,5,0.19972826,0.59986413,0.97103002,2,54-,54-,1,3,0.5,0.96752941,0.88723857,0.94800387,0.59169768,0.96473295,0.90779049
cd/490248,seed3,110,5,0.39772727,0.69886364,0.88267555,2,54-,54-,1,3,0.5,0.96752941,0.98376762,0.98378902,0.72763027,0.9740259,0.98987239
cd/490248,seed3,115,5,0.44474035,0.72237017,0.85220115,2,54-,54-,1,3,0.5,0.96752941,0.9899405,0.98776632,0.76738347,0.96705934,0.98994766
cd/490248,seed3,120,5,0.56638418,0.78319209,0.75429586,2,54-,54-,1,3,0.5,0.96752941,0.99710936,0.99411852,0.86661518,0.96473295,0.99656271
cd/490248,seed4,100,5,0.115,0.5575,0.99043904,2,54-,54-,1,3,0.5,0.96752941,0.76660109,0.91595371,0.55888217,0.96709606,0.78284458
cd/490248,seed4,105,5,0.27114094,0.63557047,0.94629871,2,54-,54-,1,3,0.5,0.96752941,0.94263076,0.96567354,0.63232253,0.96473295,0.94106481
cd/490248,seed4,110,5,0.16441718,0.58220859,0.98041098,2,54-,54-,1,3,0.5,0.96752941,0.84537162,0.93635834,0.57592011,0.9740259,0.86772067
cd/490248,seed4,115,5,0.31341463,0.65670732,0.92793478,2,54-,54-,1,3,0.5,0.96752941,0.96213199,0.97323826,0.66135089,0.96705934,0.95047276
cd/490248,seed4,120,5,0.25755585,0.62877792,0.95160582,2,54-,54-,1,3,0.5,0.96752941,0.93456919,0.96283094,0.62374027,0.96473295,0.89834328
cd/490248,seed5,100,5,0.115,0.5575,0.99043904,2,54-,54-,1,3,0.5,0.96752941,0.76660109,0.91595371,0.55888217,0.96709606,0.83564353
cd/490248,seed5,105,5,0.25358166,0.62679083,0.95310435,2,54-,54-,1,3,0.5,0.96752941,0.93201837,0.96195743,0.62130256,0.96473295,0.94935232
cd/490248,seed5,110,5,0.42600277,0.71300138,0.86481254,2,54-,54-,1,3,0.5,0.96752941,0.98782266,0.98631198,0.75143708,0.9740259,0.99302834
cd/490248,seed5,115,5,0.55310881,0.7765544,0.76640934,2,54-,54-,1,3,0.5,0.96752941,0.99668673,0.99362782,0.85662045,0.96705934,0.99699233
cd/490248,seed5,120,5,0.67169811,0.83584906,0.64414809,2,54-,54-,1,3,0.5,0.96752941,0.99902223,0.99688891,0.93300972,0.96473295,0.99894318
cd/490249,seed1,100,5,0.59325843,0.70786517,0.52883975,7,96-,96-,1,4,0.5,0.95388235,0.99627307,0.98207395,0.95531255,0.94846564,0.99717405
cd/490249,seed1,105,5,0.64438356,0.75890411,0.44790124,7,96-,96-,1,4,0.5,0.95388235,0.99765154,0.98963508,0.97034231,0.95290546,0.99861283
cd/490249,seed1,110,5,0.72242551,0.8170413,0.34932849,7,96-,96-,1,4,0.5,0.95388235,0.99884063,0.99446802,0.98212352,0.95523842,0.99916549
cd/490249,seed1,115,5,0.83877449,0.89352084,0.22432523,7,96-,96-,1,4,0.5,0.95388235,0.99959567,0.99758599,0.99065485,0.9622306,0.99972959
cd/490249,seed1,120,5,0.817866,0.89181141,0.2210853,7,96-,96-,1,4,0.5,0.95388235,0.99951138,0.99754077,0.99081125,0.95057173,0.99948172
cd/490249,seed2,100,5,0.59325843,0.70786517,0.52883975,7,96-,96-,1,4,0.5,0.95388235,0.99627307,0.98207395,0.95531255,0.94846564,0.99425501
cd/490249,seed2,105,5,0.65214964,0.77666108,0.4078939,7,96-,96-,1,4,0.5,0.95388235,0.99781075,0.99144097,0.97583267,0.95290546,0.99737207
cd/490249,seed2,110,5,0.60609546,0.75848189,0.40406594,7,96-,96-,1,4,0.5,0.95388235,0.99668092,0.98958784,0.97630283,0.95523842,0.99500004
cd/490249,seed2,115,5,0.50150693,0.70825799,0.42215526,7,96-,96-,1,4,0.5,0.95388235,0.99148305,0.98214906,0.97399967,0.9622306,0.98745266
cd/490249,seed2,120,5,0.57969231,0.76984615,0.33836077,7,96-,96-,1,4,0.5,0.95388235,0.99578769,0.99078806,0.98310836,0.95057173,0.99040204
cd/490249,seed3,100,5,0.59325843,0.70786517,0.52883975,7,96-,96-,1,4,0.5,0.95388235,0.99627307,0.98207395,0.95531255,0.94846564,0.99724663
cd/490249,seed3,105,5,0.64588931,0.7603439,0.44772266,7,96-,96-,1,4,0.5,0.95388235,0.99768328,0.98979459,0.97036932,0.95290546,0.99866728
cd/490249,seed3,110,5,0.66701959,0.77766014,0.40417202,7,96-,96-,1,4,0.5,0.95388235,0.99808617,0.99153275,0.97628992,0.95523842,0.9986395
cd/490249,seed3,115,5,0.59867415,0.74298827,0.41663824,7,96-,96-,1,4,0.5,0.95388235,0.99645089,0.98769884,0.97472429,0.9622306,0.99754698
cd/490249,seed3,120,5,0.53009611,0.72382398,0.40612479,7,96-,96-,1,4,0.5,0.95388235,0.99341379,0.98488897,0.97605107,0.95057173,0.99270847
cd/490249,seed4,100,5,0.59325843,0.70786517,0.52883975,7,96-,96-,1,4,0.5,0.95388235,0.99627307,0.98207395,0.95531255,0.94846564,0.99638658
cd/490249,seed4,105,5,0.57355284,0.71853425,0.48129286,7,96-,96-,1,4,0.5,0.95388235,0.99554782,0.98400778,0.96485011,0.95290546,0.9965764
cd/490249,seed4,110,5,0.67292645,0.78195097,0.39615267,7,96-,96-,1,4,0.5,0.95388235,0.99818572,0.99191596,0.97724663,0.95523842,0.99830908
cd/490249,seed4,115,5,0.73731793,0.84028127,0.29950988,7,96-,96-,1,4,0.5,0.95388235,0.99898682,0.99569902,0.98618626,0.9622306,0.99911138
cd/490249,seed4,120,5,0.74052191,0.85425899,0.26322922,7,96-,96-,1,4,0.5,0.95388235,0.99901578,0.99630375,0.98855791,0.95057173,0.99863933
cd/490249,seed5,100,5,0.59325843,0.70786517,0.52883975,7,96-,96-,1,4,0.5,0.95388235,0.99627307,0.98207395,0.95531255,0.94846564,0.99759545
cd/490249,seed5,105,5,0.56126482,0.70299266,0.51722399,7,96-,96-,1,4,0.5,0.95388235,0.9950261,0.98111608,0.95784863,0.95290546,0.99744675
cd/490249,seed5,110,5,0.67314965,0.78390059,0.39736465,7,96-,96-,1,4,0.5,0.95388235,0.99818937,0.99208435,0.97710449,0.95523842,0.99887783
cd/490249,seed5,115,5,0.73178295,0.84186047,0.30196914,7,96-,96-,1,4,0.5,0.95388235,0.99893478,0.995772,0.98600899,0.9622306,0.99937802
cd/490249,seed5,120,5,0.77929985,0.86402841,0.27481252,7,96-,96-,1,4,0.5,0.95388235,0.99930716,0.99667535,0.98784809,0.95057173,0.99936904
cd/490254,seed1,100,5,0.13333333,0.54666667,0.75010647,3,90*,90*,1,2,0.5,0.95058824,0.79851226,0.89976218,0.84199066,0.93926157,0.80074295
cd/490254,seed1,105,5,0.21596244,0.58685446,0.74124503,3,90*,90*,1,2,0.5,0.95058824,0.90446549,0.93297076,0.84883392,0.95750543,0.93285636
cd/490254,seed1,110,5,0.42276423,0.69105691,0.67225518,3,90*,90*,1,2,0.5,0.95058824,0.988195,0.97748148,0.89408871,0.95750543,0.99040061
cd/490254,seed1,115,5,0.46511628,0.72093023,0.61178985,3,90*,90*,1,2,0.5,0.95058824,0.99241304,0.98364475,0.9234762,0.95750543,0.9930907
cd/490254,seed1,120,5,0.88888889,0.92592593,0.28708607,3,90*,90*,1,2,0.5,0.95058824,0.99991216,0.99822875,0.98798473,0.94116374,0.99988799
cd/490254,seed2,100,5,0.13333333,0.54666667,0.75010647,3,90*,90*,1,2,0.5,0.95058824,0.79851226,0.89976218,0.84199066,0.93926157,0.68848756
cd/490254,seed2,105,5,0.1952862,0.57575758,0.7486482,3,90*,90*,1,2,0.5,0.95058824,0.88390575,0.92498709,0.84313386,0.95750543,0.85953391
cd/490254,seed2,110,5,0.65846154,0.82153846,0.47465512,3,90*,90*,1,2,0.5,0.95058824,0.99900462,0.9944857,0.96446265,0.95750543,0.99860074
cd/490254,seed2,115,5,0.82700422,0.907173,0.31494623,3,90*,90*,1,2,0.5,0.95058824,0.99983138,0.99782729,0.98586465,0.95750543,0.99974076
cd/490254,seed2,120,5,0.91017964,0.95209581,0.19146543,3,90*,90*,1,2,0.5,0.95058824,0.99992981,0.99866827,0.9931361,0.94116374,0.99983798
cd/490254,seed3,100,5,0.13333333,0.54666667,0.75010647,3,90*,90*,1,2,0.5,0.95058824,0.79851226,0.89976218,0.84199066,0.93926157,0.81427852
cd/490254,seed3,105,5,0.15686275,0.55294118,0.77022496,3,90*,90*,1,2,0.5,0.95058824,0.83548357,0.90577222,0.82552208,0.95750543,0.88930595
cd/490254,seed3,110,5,0.42780749,0.70053476,0.63763555,3,90*,90*,1,2,0.5,0.95058824,0.98879923,0.9796496,0.91195956,0.95750543,0.99165486
cd/490254,seed3,115,5,0.89108911,0.94059406,0.22946751,3,90*,90*,1,2,0.5,0.95058824,0.99991417,0.9984904,0.99142256,0.95750543,0.99993434
cd/490254,seed3,120,5,0.82105263,0.89473684,0.36482139,3,90*,90*,1,2,0.5,0.95058824,0.99982046,0.99751218,0.98111063,0.94116374,0.99978725
cd/490254,seed4,100,5,0.13333333,0.54666667,0.75010647,3,90*,90*,1,2,0.5,0.95058824,0.79851226,0.89976218,0.84199066,0.93926157,0.79128485
cd/490254,seed4,105,5,0.2248996,0.58232932,0.77538487,3,90*,90*,1,2,0.5,0.95058824,0.91229993,0.92981505,0.82108615,0.95750543,0.9351824
cd/490254,seed4,110,5,0.05780347,0.51445087,0.73028145,3,90*,90*,1,2,0.5,0.95058824,0.64129897,0.8632962,0.85696128,0.95750543,0.65874388
cd/490254,seed4,115,5,0.65671642,0.82089552,0.47460461,3,90*,90*,1,2,0.5,0.95058824,0.99898616,0.99444708,0.96447288,0.95750543,0.99905925
cd/490254,seed4,120,5,0.84210526,0.89473684,0.3727053,3,90*,90/,0,2,0.5,0.95058824,0.99985618,0.99751218,0.98022752,0.94116374,0.99980376
cd/490254,seed5,100,5,0.13333333,0.54666667,0.75010647,3,90*,90*,1,2,0.5,0.95058824,0.79851226,0.89976218,0.84199066,0.93926157,0.86469325
cd/490254,seed5,105,5,0.09195402,0.50191571,0.84251159,3,90*,90*,1,2,0.5,0.95058824,0.71928584,0.84633194,0.75528775,0.95750543,0.85360873
cd/490254,seed5,110,5,0.4966443,0.70469799,0.71551045,3,90*,90*,1,2,0.5,0.95058824,0.99454626,0.98053608,0.86733194,0.95750543,0.99725144
cd/490254,seed5,115,5,0.63736264,0.8021978,0.53382116,3,90*,90*,1,2,0.5,0.95058824,0.99875705,0.9931984,0.95032609,0.95750543,0.99931275
cd/490254,seed5,120,5,0.54901961,0.76470588,0.55805437,3,90*,90*,1,2,0.5,0.95058824,0.99685243,0.98979417,0.94311256,0.94116374,0.99729452
cd/490256,seed1,100,5,0.64182195,0.75569358,0.53281525,5,79-,79-,1,2,0.5,0.95058824,0.99881405,0.98875104,0.95060597,0.93926157,0.99894503
cd/490256,seed1,105,5,0.64403183,0.75172414,0.54316912,5,79-,79-,1,2,0.5,0.95058824,0.99884132,0.98825879,0.94765234,0.95750543,0.99927585
cd/490256,seed1,110,5,0.69821883,0.7913486,0.48007142,5,79-,79-,1,2,0.5,0.95058824,0.99934511,0.99234985,0.96334909,0.95750543,0.99949748
cd/490256,seed1,115,5,0.71876556,0.81383773,0.43766046,5,79-,79-,1,2,0.5,0.95058824,0.99947256,0.99400505,0.97124087,0.95750543,0.99954406
cd/490256,seed1,120,5,0.69749139,0.80619774,0.43977484,5,79-,79-,1,2,0.5,0.95058824,0.99934008,0.99348708,0.97088978,0.94116374,0.99912532
cd/490256,seed2,100,5,0.64182195,0.75569358,0.53281525,5,79-,79-,1,2,0.5,0.95058824,0.99881405,0.98875104,0.95060597,0.93926157,0.99808344
cd/490256,seed2,105,5,0.60615883,0.73311723,0.56138814,5,79-,79-,1,2,0.5,0.95058824,0.99827391,0.98565267,0.94204625,0.95750543,0.99802472
cd/490256,seed2,110,5,0.53087071,0.72242744,0.50696728,5,79-,79-,1,2,0.5,0.95058824,0.99619149,0.9839056,0.95730447,0.95750543,0.9945127
cd/490256,seed2,115,5,0.53196931,0.72071611,0.4914816,5,79-,79-,1,2,0.5,0.95058824,0.99623516,0.98360711,0.96089238,0.95750543,0.99386877
cd/490256,seed2,120,5,0.71944582,0.8149431,0.38384038,5,79-,79-,1,2,0.5,0.95058824,0.99947632,0.99407652,0.97891096,0.94116374,0.99874421
cd/490256,seed3,100,5,0.64182195,0.75569358,0.53281525,5,79-,79-,1,2,0.5,0.95058824,0.99881405,0.98875104,0.95060597,0.93926157,0.99903296
cd/490256,seed3,105,5,0.60305746,0.73431734,0.5621928,5,79-,79-,1,2,0.5,0.95058824,0.99821666,0.98583674,0.94178608,0.95750543,0.99896957
cd/490256,seed3,110,5,0.61887571,0.74935534,0.53576251,5,79-,79-,1,2,0.5,0.95058824,0.99849009,0.98795495,0.94978168,0.95750543,0.9989205
cd/490256,seed3,115,5,0.59749373,0.75438596,0.50186436,5,79-,79-,1,2,0.5,0.95058824,0.99810917,0.98859118,0.95852023,0.95750543,0.99846406
cd/490256,seed3,120,5,0.57355126,0.76126795,0.44897638,5,79-,79-,1,2,0.5,0.95058824,0.99756778,0.98940805,0.96931287,0.94116374,0.99697107
cd/490256,seed4,100,5,0.64182195,0.75569358,0.53281525,5,79-,79-,1,2,0.5,0.95058824,0.99881405,0.98875104,0.95060597,0.93926157,0.99888182
cd/490256,seed4,105,5,0.58997361,0.71398417,0.59688726,5,79-,79-,1,2,0.5,0.95058824,0.99795353,0.98237921,0.92947254,0.95750543,0.99862899
cd/490256,seed4,110,5,0.7445181,0.82355941,0.42031268,5,79-,79-,1,2,0.5,0.95058824,0.99959788,0.99460536,0.97397028,0.95750543,0.99967601
cd/490256,seed4,115,5,0.77585354,0.85947551,0.34506949,5,79-,79-,1,2,0.5,0.95058824,0.99971094,0.99634855,0.98315672,0.95750543,0.9997382
cd/490256,seed4,120,5,0.77306003,0.86627623,0.30675601,5,79-,79-,1,2,0.5,0.95058824,0.99970231,0.9966089,0.98652354,0.94116374,0.99958809
cd/490256,seed5,100,5,0.64182195,0.75569358,0.53281525,5,79-,79-,1,2,0.5,0.95058824,0.99881405,0.98875104,0.95060597,0.93926157,0.99933634
cd/490256,seed5,105,5,0.64460119,0.74389582,0.55868682,5,79-,79-,1,2,0.5,0.95058824,0.99884824,0.98722479,0.9429117,0.95750543,0.99954728
cd/490256,seed5,110,5,0.71509531,0.79701185,0.46775613,5,79-,79-,1,2,0.5,0.95058824,0.99945176,0.99280513,0.96583393,0.95750543,0.99973633
cd/490256,seed5,115,5,0.75012827,0.82247306,0.42060194,5,79-,79-,1,2,0.5,0.95058824,0.99962095,0.99454136,0.9739269,0.95750543,0.99979524
cd/490256,seed5,120,5,0.76969393,0.84746613,0.35896028,5,79-,79-,1,2,0.5,0.95058824,0.99969156,0.99583924,0.98174198,0.94116374,0.9997466
cd/490258,seed1,100,5,0.61607143,0.70758929,0.51726268,8,84-,84-,1,0,0.5,0.95095238,0.99742167,0.980286,0.95355146,0.94318109,0.99764815
cd/490258,seed1,105,5,0.72620321,0.8026738,0.38656101,8,84-,84-,1,0,0.5,0.95095238,0.99908993,0.99311759,0.97531096,0.95703088,0.99937721
cd/490258,seed1,110,5,0.70358974,0.80358974,0.36919732,8,84-,84-,1,0,0.5,0.95095238,0.99887282,0.99318738,0.97732051,0.95938935,0.99912558
cd/490258,seed1,115,5,0.72403561,0.83432245,0.30387101,8,84-,84-,1,0,0.5,0.95095238,0.99907107,0.99516238,0.98354453,0.95703088,0.99903863
cd/490258,seed1,120,5,0.71231527,0.8320197,0.29628297,8,84-,84-,1,0,0.5,0.95095238,0.99896213,0.99503657,0.98414839,0.93812972,0.9983207
cd/490258,seed2,100,5,0.61607143,0.70758929,0.51726268,8,84-,84-,1,0,0.5,0.95095238,0.99742167,0.980286,0.95355146,0.94318109,0.99624429
cd/490258,seed2,105,5,0.75757576,0.8241342,0.3528461,8,84-,84-,1,0,0.5,0.95095238,0.9993237,0.99458057,0.97906632,0.95703088,0.99926328
cd/490258,seed2,110,5,0.78772112,0.8673257,0.26936184,8,84-,84-,1,0,0.5,0.95095238,0.99949158,0.99665276,0.98611995,0.95938935,0.99937665
cd/490258,seed2,115,5,0.76262626,0.86818182,0.2365317,8,84-,84-,1,0,0.5,0.95095238,0.99935527,0.9966846,0.98819944,0.95703088,0.99893893
cd/490258,seed2,120,5,0.79162512,0.89182453,0.18482274,8,84-,84-,1,0,0.5,0.95095238,0.99951003,0.9974542,0.99086707,0.93812972,0.9987459
cd/490258,seed3,100,5,0.61607143,0.70758929,0.51726268,8,84-,84-,1,0,0.5,0.95095238,0.99742167,0.980286,0.95355146,0.94318109,0.99774876
cd/490258,seed3,105,5,0.74381055,0.81324004,0.36910256,8,84-,84-,1,0,0.5,0.95095238,0.9992296,0.9938813,0.97733103,0.95703088,0.99949661
cd/490258,seed3,110,5,0.78556911,0.85010163,0.30395319,8,84-,84-,1,0,0.5,0.95095238,0.99948112,0.99594314,0.98353787,0.95938935,0.99961903
cd/490258,seed3,115,5,0.74180735,0.82571996,0.32601241,8,84-,84-,1,0,0.5,0.95095238,0.99921486,0.9946755,0.9816503,0.95703088,0.99922411
cd/490258,seed3,120,5,0.75294118,0.82696078,0.32305482,8,84-,84-,1,0,0.5,0.95095238,0.99929338,0.99474863,0.98191521,0.93812972,0.99891141
cd/490258,seed4,100,5,0.61607143,0.70758929,0.51726268,8,84-,84-,1,0,0.5,0.95095238,0.99742167,0.980286,0.95355146,0.94318109,0.99796226
cd/490258,seed4,105,5,0.70530878,0.79469122,0.38997983,8,84-,84-,1,0,0.5,0.95095238,0.998891,0.9924785,0.97489532,0.95703088,0.99934068
cd/490258,seed4,110,5,0.75454545,0.83787879,0.31123947,8,84-,84-,1,0,0.5,0.95095238,0.99930402,0.99535048,0.98293652,0.95938935,0.99953558
cd/490258,seed4,115,5,0.80693069,0.86881188,0.26368938,8,84-,84-,1,0,0.5,0.95095238,0.99957612,0.99670785,0.98650346,0.95703088,0.99962424
cd/490258,seed4,120,5,0.75486381,0.84484436,0.29003242,8,84-,84-,1,0,0.5,0.95095238,0.99930612,0.99569805,0.98462939,0.93812972,0.99903277
cd/490258,seed5,100,5,0.61607143,0.70758929,0.51726268,8,84-,84-,1,0,0.5,0.95095238,0.99742167,0.980286,0.95355146,0.94318109,0.99857904
cd/490258,seed5,105,5,0.72410033,0.79225736,0.40401673,8,84-,84-,1,0,0.5,0.95095238,0.99907164,0.99227217,0.9731162,0.95703088,0.99961631
cd/490258,seed5,110,5,0.71030928,0.80051546,0.38290302,8,84-,84-,1,0,0.5,0.95095238,0.99894224,0.99295031,0.97574826,0.95938935,0.99950499
cd/490258,seed5,115,5,0.72727273,0.84191919,0.28316431,8,84-,84-,1,0,0.5,0.95095238,0.99909909,0.99555535,0.98514136,0.95703088,0.99943724
cd/490258,seed5,120,5,0.758,0.8645,0.24699632,8,84-,84-,1,0,0.5,0.95095238,0.99932641,0.99654546,0.98757242,0.93812972,0.99934574
cd/490259,seed1,100,5,0.9380531,0.95870206,0.18266034,3,74-,74-,1,4,0.5,0.95388235,0.99983549,0.99881102,0.99247959,0.94846564,0.99988533
cd/490259,seed1,105,5,0.88280702,0.9354386,0.24597869,3,74-,74-,1,4,0.5,0.95388235,0.99972865,0.99846896,0.9895397,0.95290546,0.99984883
cd/490259,seed1,110,5,0.90412698,0.95047619,0.19015156,3,74-,74-,1,4,0.5,0.95388235,0.9997763,0.99869981,0.99217982,0.95523842,0.99984594
cd/490259,seed1,115,5,0.92270821,0.96045536,0.15820537,3,74-,74-,1,4,0.5,0.95388235,0.99981095,0.99883347,0.99338102,0.9622306,0.99987612
cd/490259,seed1,120,5,0.94628847,0.97223899,0.12157501,3,74-,74-,1,4,0.5,0.95388235,0.99984731,0.99897374,0.99453428,0.95057173,0.99984299
cd/490259,seed2,100,5,0.9380531,0.95870206,0.18266034,3,74-,74-,1,4,0.5,0.95388235,0.99983549,0.99881102,0.99247959,0.94846564,0.99976623
cd/490259,seed2,105,5,0.92117889,0.95339273,0.19771512,3,74-,74-,1,4,0.5,0.95388235,0.99980832,0.99874038,0.99186513,0.95290546,0.99978431
cd/490259,seed2,110,5,0.94876913,0.97338656,0.118199,3,74-,74-,1,4,0.5,0.95388235,0.99985071,0.99898646,0.99462993,0.95523842,0.99979265
cd/490259,seed2,115,5,0.97380192,0.98466454,0.08059218,3,74-,74-,1,4,0.5,0.95388235,0.999881,0.99910343,0.99558916,0.9622306,0.99984297
cd/490259,seed2,120,5,0.99161831,0.99484204,0.03251834,3,74-,74-,1,4,0.5,0.95388235,0.99989874,0.99919737,0.99657098,0.95057173,0.99979002
cd/490259,seed3,100,5,0.9380531,0.95870206,0.18266034,3,74-,74-,1,4,0.5,0.95388235,0.99983549,0.99881102,0.99247959,0.94846564,0.99988829
cd/490259,seed3,105,5,0.89849378,0.94237066,0.22943636,3,74-,74-,1,4,0.5,0.95388235,0.99976459,0.99858006,0.99040274,0.95290546,0.99987271
cd/490259,seed3,110,5,0.90103218,0.94778385,0.20252058,3,74-,74-,1,4,0.5,0.95388235,0.99976994,0.9986612,0.9916587,0.95523842,0.99984553
cd/490259,seed3,115,5,0.86735312,0.92852816,0.26114397,3,74-,74-,1,4,0.5,0.95388235,0.99968788,0.99834956,0.98868126,0.9622306,0.99979804
cd/490259,seed3,120,5,0.89354276,0.94531704,0.20338669,3,74-,74-,1,4,0.5,0.95388235,0.99975379,0.99862481,0.99162094,0.95057173,0.99975018
cd/490259,seed4,100,5,0.9380531,0.95870206,0.18266034,3,74-,74-,1,4,0.5,0.95388235,0.99983549,0.99881102,0.99247959,0.94846564,0.99985327
cd/490259,seed4,105,5,0.91706001,0.95279838,0.19693746,3,74-,74-,1,4,0.5,0.95388235,0.99980103,0.99873222,0.99189805,0.95290546,0.99985933
cd/490259,seed4,110,5,0.91505565,0.95664909,0.16912782,3,74-,74-,1,4,0.5,0.95388235,0.99979739,0.99878419,0.99299249,0.95523842,0.99982192
cd/490259,seed4,115,5,0.90421456,0.94964423,0.19632897,3,74-,74-,1,4,0.5,0.95388235,0.99977648,0.998688,0.99192372,0.9622306,0.99981173
cd/490259,seed4,120,5,0.9234943,0.96093326,0.15631841,3,74-,74-,1,4,0.5,0.95388235,0.9998123,0.99883951,0.99344594,0.95057173,0.99975165
cd/490259,seed5,100,5,0.9380531,0.95870206,0.18266034,3,74-,74-,1,4,0.5,0.95388235,0.99983549,0.99881102,0.99247959,0.94846564,0.99990247
cd/490259,seed5,105,5,0.90169492,0.94169492,0.23534894,3,74-,74-,1,4,0.5,0.95388235,0.99977132,0.9985696,0.99010268,0.95290546,0.99989214
cd/490259,seed5,110,5,0.87835309,0.93512165,0.24087558,3,74-,74-,1,4,0.5,0.95388235,0.99971748,0.99846368,0.98981383,0.95523842,0.99983347
cd/490259,seed5,115,5,0.9365738,0.96443391,0.15672155,3,74-,74-,1,4,0.5,0.95388235,0.99983327,0.99888285,0.99343212,0.9622306,0.99990738
cd/490259,seed5,120,5,0.93012331,0.96359366,0.15160611,3,74-,74-,1,4,0.5,0.95388235,0.99982324,0.9988726,0.99360531,0.95057173,0.99984479
cd/490260,seed1,100,5,0.49842271,0.73501577,0.60843397,3,67-,67-,1,4,0.5,0.95388235,0.99124381,0.98659872,0.93362986,0.94846564,0.99319937
cd/490260,seed1,105,5,0.43850267,0.70359053,0.64425795,3,67-,67-,1,4,0.5,0.95388235,0.98502536,0.98123626,0.92096035,0.95290546,0.99065931
cd/490260,seed1,110,5,0.64709898,0.81706485,0.47572493,3,67-,67-,1,4,0.5,0.95388235,0.99770848,0.99446943,0.96582961,0.95523842,0.99831977
cd/490260,seed1,115,5,0.49240924,0.74257426,0.54924974,3,67-,67-,1,4,0.5,0.95388235,0.99075804,0.98764397,0.95050061,0.9622306,0.99326318
cd/490260,seed1,120,5,0.12368584,0.55967842,0.64656493,3,67-,7+,0,4,0.5,0.95388235,0.79149962,0.91610589,0.92007283,0.95057173,0.75160467
cd/490260,seed2,100,5,0.49842271,0.73501577,0.60843397,3,67-,67-,1,4,0.5,0.95388235,0.99124381,0.98659872,0.93362986,0.94846564,0.98623141
cd/490260,seed2,105,5,0.38927203,0.67969349,0.66122566,3,67-,67-,1,4,0.5,0.95388235,0.97680312,0.97579744,0.9142172,0.95290546,0.970506
cd/490260,seed2,110,5,0.40808081,0.6983165,0.60163557,3,67-,67-,1,4,0.5,0.95388235,0.98036631,0.98014969,0.93581086,0.95523842,0.96927211
cd/490260,seed2,115,5,0.58536585,0.79037574,0.48755208,3,67-,67-,1,4,0.5,0.95388235,0.99599791,0.99261902,0.9637167,0.9622306,0.9942092
cd/490260,seed2,120,5,0.66709102,0.83322724,0.41407847,3,67-,67-,1,4,0.5,0.95388235,0.9980874,0.9953574,0.97505378,0.95057173,0.99572014
cd/490260,seed3,100,5,0.49842271,0.73501577,0.60843397,3,67-,67-,1,4,0.5,0.95388235,0.99124381,0.98659872,0.93362986,0.94846564,0.99337336
cd/490260,seed3,105,5,0.49509434,0.73132075,0.61982389,3,67-,67-,1,4,0.5,0.95388235,0.99097816,0.98605646,0.92982104,0.95290546,0.994603
cd/490260,seed3,110,5,0.3035343,0.64102564,0.66825094,3,67-,67-,1,4,0.5,0.95388235,0.95089587,0.96359425,0.91127558,0.95523842,0.96148339
cd/490260,seed3,115,5,0.34849455,0.66944266,0.61717751,3,67-,67-,1,4,0.5,0.95388235,0.96677981,0.97301789,0.93072363,0.9622306,0.9754168
cd/490260,seed3,120,5,0.19210371,0.59222157,0.64997994,3,67-,7+,0,4,0.5,0.95388235,0.87586822,0.93961728,0.91874234,0.95057173,0.85442128
cd/490260,seed4,100,5,0.49842271,0.73501577,0.60843397,3,67-,67-,1,4,0.5,0.95388235,0.99124381,0.98659872,0.93362986,0.94846564,0.99131398
cd/490260,seed4,105,5,0.47103085,0.72009029,0.62805306,3,67-,67-,1,4,0.5,0.95388235,0.98880492,0.98427212,0.92694448,0.95290546,0.99116333
cd/490260,seed4,110,5,0.60122699,0.78732106,0.54397314,3,67-,67-,1,4,0.5,0.95388235,0.99653176,0.9923714,0.95178978,0.95523842,0.99671088
cd/490260,seed4,115,5,0.67076923,0.82892308,0.4582085,3,67-,67-,1,4,0.5,0.95388235,0.99814997,0.99513582,0.96874224,0.9622306,0.99835097
cd/490260,seed4,120,5,0.56498516,0.78041543,0.49788174,3,67-,67-,1,4,0.5,0.95388235,0.99519017,0.99178084,0.96176893,0.95057173,0.99307432
cd/490260,seed5,100,5,0.49842271,0.73501577,0.60843397,3,67-,67-,1,4,0.5,0.95388235,0.99124381,0.98659872,0.93362986,0.94846564,0.99421002
cd/490260,seed5,105,5,0.37674761,0.67623252,0.65166152,3,67-,67-,1,4,0.5,0.95388235,0.97408793,0.9748917,0.9180798,0.95290546,0.98595642
cd/490260,seed5,110,5,0.52030282,0.74397798,0.60620457,3,67-,67-,1,4,0.5,0.95388235,0.99280708,0.98782903,0.93435256,0.95523842,0.99536552
cd/490260,seed5,115,5,0.50779788,0.74173425,0.59334324,3,67-,67-,1,4,0.5,0.95388235,0.99195113,0.9875319,0.93838073,0.9622306,0.99502557
cd/490260,seed5,120,5,0.36772334,0.67377522,0.64368012,3,67-,67-,1,4,0.5,0.95388235,0.97194222,0.97422867,0.92118123,0.95057173,0.97178107
cd/490261,seed1,100,5,0.71827957,0.80645161,0.42563414,5,60-,60-,1,1,0.5,0.95247059,0.99884745,0.99303648,0.9754728,0.94841585,0.99915144
cd/490261,seed1,105,5,0.72255273,0.81070849,0.44029289,5,60-,60-,1,1,0.5,0.95247059,0.99889213,0.99333803,0.97333328,0.9599007,0.99935248
cd/490261,seed1,110,5,0.78283086,0.86203373,0.33915791,5,60-,60-,1,1,0.5,0.95247059,0.99936587,0.9960969,0.98507193,0.95523798,0.99946792
cd/490261,seed1,115,5,0.82058971,0.88105947,0.30362515,5,60-,60-,1,1,0.5,0.95247059,0.99955296,0.99679965,0.98784183,0.95756992,0.99959928
cd/490261,seed1,120,5,0.85208845,0.9007371,0.26453821,5,60-,60-,1,1,0.5,0.95247059,0.99966606,0.997394,0.9903048,0.94122849,0.99956987
cd/490261,seed2,100,5,0.71827957,0.80645161,0.42563414,5,60-,60-,1,1,0.5,0.95247059,0.99884745,0.99303648,0.9754728,0.94841585,0.99863583
cd/490261,seed2,105,5,0.72017592,0.79879054,0.4696978,5,60-,60-,1,1,0.5,0.95247059,0.99886749,0.99245925,0.96848104,0.9599007,0.99893524
cd/490261,seed2,110,5,0.63123994,0.78099839,0.44762616,5,60-,60-,1,1,0.5,0.95247059,0.99742236,0.99092904,0.97219587,0.95523798,0.99641802
cd/490261,seed2,115,5,0.59905907,0.78149503,0.39735686,5,60-,60-,1,1,0.5,0.95247059,0.99653019,0.99097567,0.97913727,0.95756992,0.99477983
cd/490261,seed2,120,5,0.77704418,0.88522092,0.24037696,5,60-,60-,1,1,0.5,0.95247059,0.99933097,0.99693569,0.99157298,0.94122849,0.99859386
cd/490261,seed3,100,5,0.71827957,0.80645161,0.42563414,5,60-,60-,1,1,0.5,0.95247059,0.99884745,0.99303648,0.9754728,0.94841585,0.99914211
cd/490261,seed3,105,5,0.76311606,0.82829889,0.41692512,5,60-,60-,1,1,0.5,0.95247059,0.9992389,0.99445248,0.97666369,0.9599007,0.99955396
cd/490261,seed3,110,5,0.75165732,0.82967874,0.396202,5,60-,60-,1,1,0.5,0.95247059,0.99915373,0.99453162,0.97927495,0.95523798,0.99927761
cd/490261,seed3,115,5,0.71692461,0.81028457,0.41577484,5,60-,60-,1,1,0.5,0.95247059,0.9988329,0.99330859,0.97681671,0.95756992,0.9989201
cd/490261,seed3,120,5,0.71478003,0.81117153,0.39412051,5,60-,60-,1,1,0.5,0.95247059,0.99880951,0.99337003,0.97952086,0.94122849,0.99840704
cd/490261,seed4,100,5,0.71827957,0.80645161,0.42563414,5,60-,60-,1,1,0.5,0.95247059,0.99884745,0.99303648,0.9754728,0.94841585,0.99904896
cd/490261,seed4,105,5,0.70826667,0.78773333,0.48937756,5,60-,60-,1,1,0.5,0.95247059,0.99873556,0.99154147,0.96476727,0.9599007,0.99916928
cd/490261,seed4,110,5,0.75961046,0.84725782,0.3634434,5,60-,60-,1,1,0.5,0.95247059,0.99921379,0.99544678,0.98283006,0.95523798,0.99925718
cd/490261,seed4,115,5,0.72987654,0.84790123,0.33309948,5,60-,60-,1,1,0.5,0.95247059,0.99896473,0.99547722,0.98558469,0.95756992,0.99894083
cd/490261,seed4,120,5,0.70778267,0.84140969,0.32106345,5,60-,60-,1,1,0.5,0.95247059,0.99872989,0.99516064,0.98655242,0.94122849,0.99811354
cd/490261,seed5,100,5,0.71827957,0.80645161,0.42563414,5,60-,60-,1,1,0.5,0.95247059,0.99884745,0.99303648,0.9754728,0.94841585,0.99940263
cd/490261,seed5,105,5,0.74798495,0.82482536,0.4238316,5,60-,60-,1,1,0.5,0.95247059,0.99912447,0.99424818,0.97572405,0.9599007,0.99964166
cd/490261,seed5,110,5,0.79875841,0.8561821,0.36522651,5,60-,60-,1,1,0.5,0.95247059,0.99945281,0.9958513,0.98265299,0.95523798,0.99967786
cd/490261,seed5,115,5,0.84666327,0.89709628,0.27505317,5,60-,60-,1,1,0.5,0.95247059,0.99964885,0.99729301,0.98969548,0.95756992,0.9997796
cd/490261,seed5,120,5,0.83787804,0.90580069,0.23750325,5,60-,60-,1,1,0.5,0.95247059,0.99961909,0.99752824,0.99171242,0.94122849,0.99965367
cd/490262,seed1,100,5,0.45783133,0.70281124,0.67957429,3,32*,32*,1,1,0.5,0.95247059,0.98728108,0.97966526,0.8999149,0.94841585,0.99010936
cd/490262,seed1,105,5,0.51411879,0.74099318,0.60906548,3,32*,32*,1,1,0.5,0.95247059,0.99240999,0.98627447,0.93144621,0.9599007,0.99536321
cd/490262,seed1,110,5,0.45621622,0.72324324,0.57526699,3,32*,32*,1,1,0.5,0.95247059,0.98709182,0.98351724,0.94305374,0.95523798,0.98842307
cd/490262,seed1,115,5,0.39517345,0.69230769,0.60368942,3,32*,32*,1,1,0.5,0.95247059,0.97749839,0.97735474,0.9334291,0.95756992,0.97802623
cd/490262,seed1,120,5,0.15619048,0.57714286,0.63114963,3,32*,32*,1,1,0.5,0.95247059,0.82599482,0.9281776,0.9227145,0.94122849,0.76223959
cd/490262,seed2,100,5,0.45783133,0.70281124,0.67957429,3,32*,32*,1,1,0.5,0.95247059,0.98728108,0.97966526,0.8999149,0.94841585,0.98418651
cd/490262,seed2,105,5,0.38163816,0.67956796,0.64504546,3,32*,5*,0,1,0.5,0.95247059,0.97456886,0.97420657,0.91670912,0.9599007,0.9744195
cd/490262,seed2,110,5,0.01850139,0.49676226,0.72134738,3,5*,5*,1,1,0.5,0.95247059,0.57002913,0.84779031,0.87563095,0.95523798,0.45742253
cd/490262,seed2,115,5,0.35772358,0.67479675,0.60872064,3,5*,5*,1,1,0.5,0.95247059,0.96846087,0.97292101,0.93157502,0.95756992,0.95101361
cd/490262,seed2,120,5,0.68937876,0.84368737,0.40435235,3,5*,5*,1,1,0.5,0.95247059,0.99849415,0.99527415,0.97828393,0.94122849,0.99678219
cd/490262,seed3,100,5,0.45783133,0.70281124,0.67957429,3,32*,32*,1,1,0.5,0.95247059,0.98728108,0.97966526,0.8999149,0.94841585,0.99000167
cd/490262,seed3,105,5,0.52292683,0.75219512,0.56962719,3,32*,32*,1,1,0.5,0.95247059,0.99300055,0.98777499,0.9448014,0.9599007,0.99568575
cd/490262,seed3,110,5,0.30992196,0.64548495,0.65914122,3,32*,32*,1,1,0.5,0.95247059,0.95173828,0.96354799,0.91018683,0.95523798,0.95485264
cd/490262,seed3,115,5,0.0244898,0.5047619,0.69197226,3,32*,5*,0,1,0.5,0.95247059,0.58356996,0.85828731,0.89318423,0.95756992,0.56870973
cd/490262,seed3,120,5,0.21837088,0.60831889,0.61952496,3,5*,5*,1,1,0.5,0.95247059,0.89412007,0.94712327,0.92743081,0.94122849,0.85100892
cd/490262,seed4,100,5,0.45783133,0.70281124,0.67957429,3,32*,32*,1,1,0.5,0.95247059,0.98728108,0.97966526,0.8999149,0.94841585,0.98892698
cd/490262,seed4,105,5,0.46800382,0.71155683,0.66034247,3,32*,32*,1,1,0.5,0.95247059,0.98841167,0.98141159,0.9096102,0.9599007,0.99198613
cd/490262,seed4,110,5,0.34335597,0.66246363,0.6470803,3,32*,32*,1,1,0.5,0.95247059,0.96413189,0.96930284,0.9157949,0.95523798,0.96320364
cd/490262,seed4,115,5,0.26666667,0.63100775,0.62204063,3,32*,32*,1,1,0.5,0.95247059,0.9296248,0.95783307,0.9264332,0.95756992,0.92167872
cd/490262,seed4,120,5,0.45435244,0.72399151,0.56384323,3,32*,32*,1,1,0.5,0.95247059,0.98686997,0.98364378,0.9465412,0.94122849,0.97962163
cd/490262,seed5,100,5,0.45783133,0.70281124,0.67957429,3,32*,32*,1,1,0.5,0.95247059,0.98728108,0.97966526,0.8999149,0.94841585,0.99301856
cd/490262,seed5,105,5,0.42084562,0.68731563,0.68468767,3,32*,32*,1,1,0.5,0.95247059,0.98217615,0.97616853,0.89718582,0.9599007,0.99213638
cd/490262,seed5,110,5,0.36384705,0.66859791,0.66255503,3,32*,32*,1,1,0.5,0.95247059,0.97014827,0.97115748,0.90853939,0.95523798,0.98062448
cd/490262,seed5,115,5,0.21052632,0.6,0.6569093,3,32*,32*,1,1,0.5,0.95247059,0.88704071,0.94258714,0.91124941,0.95756992,0.91678529
cd/490262,seed5,120,5,0.08787346,0.53954306,0.66766762,3,32*,5*,0,1,0.5,0.95247059,0.71598327,0.8970922,0.90602132,0.94122849,0.70468551
cd/490263,seed1,100,5,0.34615385,0.53632479,0.70749542,8,32-,32-,1,4,0.5,0.95388235,0.96609191,0.89439109,0.89311477,0.94846564,0.97254869
cd/490263,seed1,105,5,0.49154334,0.60200846,0.66975477,8,32-,32-,1,4,0.5,0.95388235,0.99068593,0.94538524,0.91063418,0.95290546,0.99427617
cd/490263,seed1,110,5,0.54695562,0.63209494,0.63485215,8,32-,32-,1,4,0.5,0.95388235,0.99434149,0.96002647,0.92448628,0.95523842,0.99574589
cd/490263,seed1,115,5,0.55079681,0.65687251,0.59012193,8,32-,32-,1,4,0.5,0.95388235,0.99453398,0.96918392,0.93935288,0.9622306,0.99607529
cd/490263,seed1,120,5,0.50686275,0.64068627,0.58337187,8,32-,32-,1,4,0.5,0.95388235,0.9918832,0.96346445,0.94134359,0.95057173,0.99072866
cd/490263,seed2,100,5,0.34615385,0.53632479,0.70749542,8,32-,32-,1,4,0.5,0.95388235,0.96609191,0.89439109,0.89311477,0.94846564,0.94558128
cd/490263,seed2,105,5,0.55708245,0.66331924,0.59471972,8,32-,32-,1,4,0.5,0.95388235,0.994835,0.9712119,0.9379609,0.95290546,0.99366058
cd/490263,seed2,110,5,0.65977249,0.74405377,0.47221054,8,32-,32-,1,4,0.5,0.95388235,0.99795655,0.98783894,0.96643425,0.95523842,0.99695929
cd/490263,seed2,115,5,0.66666667,0.76082578,0.42084808,8,32-,32-,1,4,0.5,0.95388235,0.99808005,0.98984743,0.97417317,0.9622306,0.99727332
cd/490263,seed2,120,5,0.83399602,0.88121272,0.2508536,8,32-,32-,1,4,0.5,0.95388235,0.99957779,0.99724091,0.98927102,0.95057173,0.99909086
cd/490263,seed3,100,5,0.34615385,0.53632479,0.70749542,8,32-,32-,1,4,0.5,0.95388235,0.96609191,0.89439109,0.89311477,0.94846564,0.9732368
cd/490263,seed3,105,5,0.48553719,0.61105372,0.6513309,8,32-,32-,1,4,0.5,0.95388235,0.99017016,0.95025097,0.91821045,0.95290546,0.99410419
cd/490263,seed3,110,5,0.60762101,0.68640577,0.57240816,8,32-,32-,1,4,0.5,0.95388235,0.99672633,0.97746409,0.94444687,0.95523842,0.99763831
cd/490263,seed3,115,5,0.6033966,0.68681319,0.56991772,8,32-,32-,1,4,0.5,0.95388235,0.99659904,0.97756157,0.94512993,0.9622306,0.99765216
cd/490263,seed3,120,5,0.58939096,0.6910609,0.53895899,8,32-,32-,1,4,0.5,0.95388235,0.99614067,0.97855357,0.95298525,0.95057173,0.99578669
cd/490263,seed4,100,5,0.34615385,0.53632479,0.70749542,8,32-,32-,1,4,0.5,0.95388235,0.96609191,0.89439109,0.89311477,0.94846564,0.96513913
cd/490263,seed4,105,5,0.44538706,0.57635207,0.69180703,8,32-,32-,1,4,0.5,0.95388235,0.98591811,0.92904091,0.90073788,0.95290546,0.98880943
cd/490263,seed4,110,5,0.646,0.7155,0.53417364,8,32-,32-,1,4,0.5,0.95388235,0.9976856,0.98347971,0.95409985,0.95523842,0.99782884
cd/490263,seed4,115,5,0.72468043,0.7920354,0.41194915,8,32-,32-,1,4,0.5,0.95388235,0.99886405,0.99275019,0.97532467,0.9622306,0.99900065
cd/490263,seed4,120,5,0.66569201,0.75389864,0.4295673,8,32-,32-,1,4,0.5,0.95388235,0.99806305,0.9890611,0.97299426,0.95057173,0.99727443
cd/490263,seed5,100,5,0.34615385,0.53632479,0.70749542,8,32-,32-,1,4,0.5,0.95388235,0.96609191,0.89439109,0.89311477,0.94846564,0.97655584
cd/490263,seed5,105,5,0.48611111,0.60416667,0.6631924,8,32-,32-,1,4,0.5,0.95388235,0.99022064,0.94658544,0.91340272,0.95290546,0.99487634
cd/490263,seed5,110,5,0.63465553,0.70093946,0.55907354,8,32-,32-,1,4,0.5,0.95388235,0.99743571,0.98069758,0.94801298,0.95523842,0.99839544
cd/490263,seed5,115,5,0.71616162,0.76919192,0.46144836,8,32-,32-,1,4,0.5,0.95388235,0.99877302,0.99072284,0.96822225,0.9622306,0.99928081
cd/490263,seed5,120,5,0.754,0.8055,0.39813547,8,32-,32-,1,4,0.5,0.95388235,0.99912882,0.99373224,0.97701365,0.95057173,0.99920175
cd/490264,seed1,100,5,0.57831325,0.73493976,0.68960055,3,34-,34-,1,3,0.5,0.96752941,0.99744305,0.98948034,0.9104562,0.96709606,0.99861855
cd/490264,seed1,105,5,0.64638783,0.78707224,0.59548133,3,34-,34-,1,3,0.5,0.96752941,0.99873104,0.99438778,0.95123599,0.96473295,0.99921655
cd/490264,seed1,110,5,0.82051282,0.88034188,0.40886485,3,34-,34-,1,3,0.5,0.96752941,0.99978905,0.99818547,0.98611064,0.9740259,0.99989865
cd/490264,seed1,115,5,0.75728155,0.84466019,0.48999757,3,34-,34-,1,3,0.5,0.96752941,0.99959519,0.9972038,0.97589637,0.96705934,0.99968167
cd/490264,seed1,120,5,0.93333333,0.95555556,0.19354128,3,34-,34-,1,3,0.5,0.96752941,0.99993408,0.99927145,0.99683758,0.96473295,0.99993875
cd/490264,seed2,100,5,0.57831325,0.73493976,0.68960055,3,34-,34-,1,3,0.5,0.96752941,0.99744305,0.98948034,0.9104562,0.96709606,0.99640077
cd/490264,seed2,105,5,0.6367713,0.76681614,0.64005284,3,34-,34-,1,3,0.5,0.96752941,0.99859895,0.99283341,0.93476006,0.96473295,0.99774128
cd/490264,seed2,110,5,0.6504065,0.80487805,0.54015135,3,34-,34-,1,3,0.5,0.96752941,0.99878248,0.99547438,0.966229,0.9740259,0.9984362
cd/490264,seed2,115,5,0.61818182,0.78181818,0.5891873,3,34-,34-,1,3,0.5,0.96752941,0.99830345,0.99402014,0.95321781,0.96705934,0.9964541
cd/490264,seed2,120,5,0.62068966,0.79310345,0.54890635,3,34-,34-,1,3,0.5,0.96752941,0.99834668,0.99478216,0.96419447,0.96473295,0.99581884
cd/490264,seed3,100,5,0.57831325,0.73493976,0.68960055,3,34-,34-,1,3,0.5,0.96752941,0.99744305,0.98948034,0.9104562,0.96709606,0.99832068
cd/490264,seed3,105,5,0.64638783,0.78707224,0.59548133,3,34-,34-,1,3,0.5,0.96752941,0.99873104,0.99438778,0.95123599,0.96473295,0.99904749
cd/490264,seed3,110,5,0.85232068,0.907173,0.33845427,3,34-,34-,1,3,0.5,0.96752941,0.99984802,0.99868949,0.99142312,0.9740259,0.99991162
cd/490264,seed3,115,5,0.90502793,0.94413408,0.22716301,3,34-,34-,1,3,0.5,0.96752941,0.99991174,0.99916312,0.99601212,0.96705934,0.99991735
cd/490264,seed3,120,5,0.94488189,0.96850394,0.14346838,3,34-,34-,1,3,0.5,0.96752941,0.99994148,0.99937741,0.99776189,0.96473295,0.99993399
cd/490264,seed4,100,5,0.57831325,0.73493976,0.68960055,3,34-,34-,1,3,0.5,0.96752941,0.99744305,0.98948034,0.9104562,0.96709606,0.99781706
cd/490264,seed4,105,5,0.46090535,0.65432099,0.80272335,3,34-,34-,1,3,0.5,0.96752941,0.99147172,0.97247285,0.82289874,0.96473295,0.99145648
cd/490264,seed4,110,5,0.73366834,0.82914573,0.52291443,3,34-,34-,1,3,0.5,0.96752941,0.99948366,0.99662588,0.96991329,0.9740259,0.99960285
cd/490264,seed4,115,5,0.84210526,0.89473684,0.3727053,3,34-,34-,1,3,0.5,0.96752941,0.99983115,0.99847612,0.98915304,0.96705934,0.99979254
cd/490264,seed4,120,5,0.89655172,0.93103448,0.2719413,3,34-,34-,1,3,0.5,0.96752941,0.99990368,0.99901892,0.99457078,0.96473295,0.99985775
cd/490264,seed5,100,5,0.57831325,0.73493976,0.68960055,3,34-,34-,1,3,0.5,0.96752941,0.99744305,0.98948034,0.9104562,0.96709606,0.99845123
cd/490264,seed5,105,5,0.68592058,0.81949458,0.52393268,3,34-,34-,1,3,0.5,0.96752941,0.99915549,0.9962078,0.9697069,0.96473295,0.99941873
cd/490264,seed5,110,5,0.70921986,0.81560284,0.54943814,3,34-,34-,1,3,0.5,0.96752941,0.99933572,0.99602496,0.96406716,0.9740259,0.99963641
cd/490264,seed5,115,5,0.63917526,0.77319588,0.62699524,3,34-,34-,1,3,0.5,0.96752941,0.99863321,0.99336425,0.94006063,0.96705934,0.99877446
cd/490264,seed5,120,5,0.72463768,0.82608696,0.52808209,3,34-,34-,1,3,0.5,0.96752941,0.9994333,0.99649861,0.96885162,0.96473295,0.99939202
cd/490266,seed1,100,5,0.44295302,0.67337808,0.56881307,5,92-,92-,1,0,0.5,0.95095238,0.98685461,0.97134071,0.94068165,0.94318109,0.98771708
cd/490266,seed1,105,5,0.56996002,0.72587093,0.50935533,5,92-,92-,1,0,0.5,0.95095238,0.99601536,0.98387853,0.95527421,0.95703088,0.99721238
cd/490266,seed1,110,5,0.71946458,0.81372002,0.38881444,5,92-,92-,1,0,0.5,0.95095238,0.99903001,0.99391392,0.97503776,0.95938935,0.99924917
cd/490266,seed1,115,5,0.70677507,0.81138211,0.39843571,5,92-,92-,1,0,0.5,0.95095238,0.99890628,0.9937534,0.9738378,0.95703088,0.99886545
cd/490266,seed1,120,5,0.5602571,0.71505088,0.52080035,5,92-,92-,1,0,0.5,0.95095238,0.99563352,0.98183842,0.95276044,0.93812972,0.99280391
cd/490266,seed2,100,5,0.44295302,0.67337808,0.56881307,5,92-,92-,1,0,0.5,0.95095238,0.98685461,0.97134071,0.94068165,0.94318109,0.98050101
cd/490266,seed2,105,5,0.62435678,0.76672384,0.45720167,5,92-,92-,1,0,0.5,0.95095238,0.99761579,0.98973891,0.96519709,0.95703088,0.99735606
cd/490266,seed2,110,5,0.62088219,0.75656058,0.46863784,5,92-,92-,1,0,0.5,0.95095238,0.99753622,0.98851554,0.96322113,0.95938935,0.99691185
cd/490266,seed2,115,5,0.64648772,0.79668761,0.3929561,5,92-,92-,1,0,0.5,0.95095238,0.99806575,0.99264365,0.97452793,0.95703088,0.99676911
cd/490266,seed2,120,5,0.78614623,0.87685542,0.27942054,5,92-,92-,1,0,0.5,0.95095238,0.99948395,0.99699072,0.98541332,0.93812972,0.99867822
cd/490266,seed3,100,5,0.44295302,0.67337808,0.56881307,5,92-,92-,1,0,0.5,0.95095238,0.98685461,0.97134071,0.94068165,0.94318109,0.9882375
cd/490266,seed3,105,5,0.55252918,0.73096165,0.49402922,5,92-,92-,1,0,0.5,0.95095238,0.99530351,0.98475871,0.95844127,0.95703088,0.99684671
cd/490266,seed3,110,5,0.62988752,0.76754151,0.45801943,5,92-,92-,1,0,0.5,0.95095238,0.99773719,0.98983154,0.96505926,0.95938935,0.9983025
cd/490266,seed3,115,5,0.63349385,0.76672017,0.44849833,5,92-,92-,1,0,0.5,0.95095238,0.997813,0.98973849,0.9666319,0.95703088,0.9978069
cd/490266,seed3,120,5,0.55456919,0.70652742,0.51500649,5,92-,92-,1,0,0.5,0.95095238,0.99539296,0.98005476,0.95404934,0.93812972,0.9927262
cd/490266,seed4,100,5,0.44295302,0.67337808,0.56881307,5,92-,92-,1,0,0.5,0.95095238,0.98685461,0.97134071,0.94068165,0.94318109,0.98934341
cd/490266,seed4,105,5,0.56638177,0.73105413,0.49605612,5,92-,92-,1,0,0.5,0.95095238,0.99587858,0.98477426,0.95803506,0.95703088,0.99750029
cd/490266,seed4,110,5,0.64690588,0.77015081,0.43765688,5,92-,92-,1,0,0.5,0.95095238,0.99807338,0.99012162,0.96833944,0.95938935,0.99869499
cd/490266,seed4,115,5,0.67782851,0.79705733,0.40787464,5,92-,92-,1,0,0.5,0.95095238,0.9985618,0.99267384,0.97260611,0.95703088,0.99870246
cd/490266,seed4,120,5,0.66803489,0.78860954,0.41414962,5,92-,92-,1,0,0.5,0.95095238,0.99842224,0.99195238,0.97175629,0.93812972,0.99777553
cd/490266,seed5,100,5,0.44295302,0.67337808,0.56881307,5,92-,92-,1,0,0.5,0.95095238,0.98685461,0.97134071,0.94068165,0.94318109,0.99254944
cd/490266,seed5,105,5,0.55292076,0.72469636,0.50279261,5,92-,92-,1,0,0.5,0.95095238,0.99532081,0.98366845,0.95665759,0.95703088,0.99801648
cd/490266,seed5,110,5,0.67622725,0.79591837,0.42208001,5,92-,92-,1,0,0.5,0.95095238,0.99853985,0.99258045,0.97064561,0.95938935,0.99931337
cd/490266,seed5,115,5,0.73104201,0.82214948,0.37749096,5,92-,92-,1,0,0.5,0.95095238,0.99913065,0.99445938,0.97638142,0.95703088,0.99945724
cd/490266,seed5,120,5,0.75791734,0.84326355,0.34364972,5,92-,92-,1,0,0.5,0.95095238,0.99932588,0.99562151,0.9799897,0.93812972,0.99934522
cd/490267,seed1,100,5,0.59857482,0.7672209,0.44232,5,75-,75-,1,1,0.5,0.95247059,0.99651464,0.98953608,0.97302347,0.94841585,0.99737023
cd/490267,seed1,105,5,0.59760956,0.77347752,0.42858741,5,75-,75-,1,1,0.5,0.95247059,0.99648345,0.99019312,0.97505566,0.9599007,0.99789061
cd/490267,seed1,110,5,0.73640601,0.85189021,0.32219813,5,75-,75-,1,1,0.5,0.95247059,0.99902543,0.99566143,0.98646399,0.95523798,0.9991746
cd/490267,seed1,115,5,0.85260546,0.92158809,0.19317708,5,75-,75-,1,1,0.5,0.95247059,0.99966765,0.99790407,0.99359476,0.95756992,0.99970399
cd/490267,seed1,120,5,0.8702516,0.93290577,0.16492666,5,75-,75-,1,1,0.5,0.95247059,0.99971776,0.99813786,0.99456596,0.94122849,0.99963778
cd/490267,seed2,100,5,0.59857482,0.7672209,0.44232,5,75-,75-,1,1,0.5,0.95247059,0.99651464,0.98953608,0.97302347,0.94841585,0.99577689
cd/490267,seed2,105,5,0.60141381,0.77922784,0.40924144,5,75-,75-,1,1,0.5,0.95247059,0.9966048,0.99076088,0.97766738,0.9599007,0.99673093
cd/490267,seed2,110,5,0.69492412,0.84196756,0.30137035,5,75-,75-,1,1,0.5,0.95247059,0.99856944,0.99518869,0.98799938,0.95523798,0.9980363
cd/490267,seed2,115,5,0.8015992,0.89905047,0.21445331,5,75-,75-,1,1,0.5,0.95247059,0.99946701,0.99734769,0.99275115,0.95756992,0.99922883
cd/490267,seed2,120,5,0.78745645,0.89248382,0.220877,5,75-,75-,1,1,0.5,0.95247059,0.99939245,0.99715945,0.9924754,0.94122849,0.99872565
cd/490267,seed3,100,5,0.59857482,0.7672209,0.44232,5,75-,75-,1,1,0.5,0.95247059,0.99651464,0.98953608,0.97302347,0.94841585,0.99734139
cd/490267,seed3,105,5,0.62382271,0.78836565,0.40830769,5,75-,75-,1,1,0.5,0.95247059,0.99723952,0.99159682,0.97778644,0.9599007,0.99833521
cd/490267,seed3,110,5,0.65406824,0.8152231,0.34982821,5,75-,75-,1,1,0.5,0.95247059,0.99791266,0.99364367,0.98412481,0.95523798,0.99818279
cd/490267,seed3,115,5,0.71524548,0.8501292,0.2972345,5,75-,75-,1,1,0.5,0.95247059,0.99881463,0.99558104,0.98828313,0.95756992,0.99890283
cd/490267,seed3,120,5,0.74673629,0.86736292,0.27336935,5,75-,75-,1,1,0.5,0.95247059,0.9991143,0.99630795,0.98979554,0.94122849,0.99882228
cd/490267,seed4,100,5,0.59857482,0.7672209,0.44232,5,75-,75-,1,1,0.5,0.95247059,0.99651464,0.98953608,0.97302347,0.94841585,0.99705327
cd/490267,seed4,105,5,0.58148779,0.76831346,0.42770412,5,75-,75-,1,1,0.5,0.95247059,0.99591931,0.98965388,0.97518114,0.9599007,0.99724767
cd/490267,seed4,110,5,0.71018277,0.84438642,0.31232937,5,75-,75-,1,1,0.5,0.95247059,0.99875778,0.99530846,0.98721426,0.95523798,0.99881464
cd/490267,seed4,115,5,0.82826199,0.90716864,0.21912776,5,75-,75-,1,1,0.5,0.95247059,0.99958362,0.99756331,0.99255151,0.95756992,0.9995823
cd/490267,seed4,120,5,0.93583725,0.96452791,0.10932007,5,75-,75-,1,1,0.5,0.95247059,0.99984625,0.99866204,0.99607012,0.94122849,0.99978171
cd/490267,seed5,100,5,0.59857482,0.7672209,0.44232,5,75-,75-,1,1,0.5,0.95247059,0.99651464,0.98953608,0.97302347,0.94841585,0.99814774
cd/490267,seed5,105,5,0.58366197,0.76225352,0.44282422,5,75-,75-,1,1,0.5,0.95247059,0.99600036,0.98898358,0.97294587,0.9599007,0.99830523
cd/490267,seed5,110,5,0.685077,0.82899628,0.3397315,5,75-,75-,1,1,0.5,0.95247059,0.99843302,0.99449262,0.98502246,0.95523798,0.99905588
cd/490267,seed5,115,5,0.73700463,0.86103963,0.28432983,5,75-,75-,1,1,0.5,0.95247059,0.99903082,0.99605622,0.98912655,0.95756992,0.99937807
cd/490267,seed5,120,5,0.73489765,0.86120819,0.28189057,5,75-,75-,1,1,0.5,0.95247059,0.99901173,0.99606315,0.98927909,0.94122849,0.99908271
cd/490268,seed1,100,5,0.54295533,0.72508591,0.6952912,3,11+,11+,1,2,0.5,0.95058824,0.99664539,0.98435871,0.88048847,0.93926157,0.99695484
cd/490268,seed1,105,5,0.50939144,0.73253193,0.63792392,3,11+,11+,1,2,0.5,0.95058824,0.99522858,0.98556204,0.91182263,0.95750543,0.99693142
cd/490268,seed1,110,5,0.56496445,0.76599871,0.5818275,3,11+,11+,1,2,0.5,0.95058824,0.99733801,0.98993574,0.93508846,0.95750543,0.99790047
cd/490268,seed1,115,5,0.74725275,0.86581839,0.40279666,3,11+,11+,1,2,0.5,0.95058824,0.9996093,0.99659197,0.97646979,0.95750543,0.99966421
cd/490268,seed1,120,5,0.85183218,0.92140202,0.27612762,3,11+,11+,1,2,0.5,0.95058824,0.99987019,0.99813926,0.98872972,0.94116374,0.99983323
cd/490268,seed2,100,5,0.54295533,0.72508591,0.6952912,3,11+,11+,1,2,0.5,0.95058824,0.99664539,0.98435871,0.88048847,0.93926157,0.99447684
cd/490268,seed2,105,5,0.21953328,0.58167675,0.76893658,3,11+,11+,1,2,0.5,0.95058824,0.90766817,0.92934879,0.82661607,0.95750543,0.88814078
cd/490268,seed2,110,5,0.05947324,0.52081563,0.69951478,3,11+,11+,1,2,0.5,0.95058824,0.64533694,0.87129013,0.87783685,0.95750543,0.53394987
cd/490268,seed2,115,5,0.30202855,0.64838467,0.61510566,3,11+,11+,1,2,0.5,0.95058824,0.95910192,0.96459526,0.92207986,0.95750543,0.93202118
cd/490268,seed2,120,5,0.6640159,0.83167661,0.41647875,3,11+,11+,1,2,0.5,0.95058824,0.99906116,0.99506051,0.97453858,0.94116374,0.99772455
cd/490268,seed3,100,5,0.54295533,0.72508591,0.6952912,3,11+,11+,1,2,0.5,0.95058824,0.99664539,0.98435871,0.88048847,0.93926157,0.99720817
cd/490268,seed3,105,5,0.45973417,0.70602033,0.66994908,3,11+,11+,1,2,0.5,0.95058824,0.99197381,0.98080965,0.89537235,0.95750543,0.99521347
cd/490268,seed3,110,5,0.36350677,0.6678546,0.66560644,3,11+,11+,1,2,0.5,0.95058824,0.97817939,0.97117831,0.89775231,0.95750543,0.98348721
cd/490268,seed3,115,5,0.46662428,0.71392244,0.64820079,3,11+,11+,1,2,0.5,0.95058824,0.99253178,0.98236754,0.90681575,0.95750543,0.99376463
cd/490268,seed3,120,5,0.47121662,0.70919881,0.67418378,3,11+,11+,1,2,0.5,0.95058824,0.99288211,0.98145188,0.89300455,0.94116374,0.99096185
cd/490268,seed4,100,5,0.54295533,0.72508591,0.6952912,3,11+,11+,1,2,0.5,0.95058824,0.99664539,0.98435871,0.88048847,0.93926157,0.99677276
cd/490268,seed4,105,5,0.39933166,0.66917293,0.72170174,3,11+,11+,1,2,0.5,0.95058824,0.98493794,0.97157838,0.86306481,0.95750543,0.98946993
cd/490268,seed4,110,5,0.59475655,0.78277154,0.55446665,3,11+,11+,1,2,0.5,0.95058824,0.99805394,0.99160534,0.94423949,0.95750543,0.99838324
cd/490268,seed4,115,5,0.70232851,0.83134047,0.49674524,3,11+,11+,1,2,0.5,0.95058824,0.99937286,0.99504244,0.95970652,0.95750543,0.99942344
cd/490268,seed4,120,5,0.86452293,0.91354771,0.32167482,3,11+,11+,1,2,0.5,0.95058824,0.99988644,0.99797303,0.98529966,0.94116374,0.99984575
cd/490268,seed5,100,5,0.54295533,0.72508591,0.6952912,3,11+,11+,1,2,0.5,0.95058824,0.99664539,0.98435871,0.88048847,0.93926157,0.99808293
cd/490268,seed5,105,5,0.47619048,0.70927318,0.68048028,3,11+,11+,1,2,0.5,0.95058824,0.99324316,0.98146665,0.88939677,0.95750543,0.99724259
cd/490268,seed5,110,5,0.52332657,0.74036511,0.62675571,3,11+,11+,1,2,0.5,0.95058824,0.99587761,0.9867295,0.91698711,0.95750543,0.99793498
cd/490268,seed5,115,5,0.65895954,0.82273603,0.46870237,3,11+,11+,1,2,0.5,0.95058824,0.99900983,0.99455692,0.96564891,0.95750543,0.99945497
cd/490268,seed5,120,5,0.73677812,0.86504559,0.38440194,3,11+,11+,1,2,0.5,0.95058824,0.99956371,0.9965632,0.97884233,0.94116374,0.99963915
cd/490270,seed1,100,5,0.45033113,0.72516556,0.84831653,2,88-,88-,1,2,0.5,0.95058824,0.99114507,0.98437209,0.7488916,0.93926157,0.99180638
cd/490270,seed1,105,5,0.46852123,0.73426061,0.83528426,2,88-,88-,1,2,0.5,0.95058824,0.99267852,0.98582809,0.76309586,0.95750543,0.99524804
cd/490270,seed1,110,5,0.58707124,0.79353562,0.73466995,2,88-,88-,1,2,0.5,0.95058824,0.9978901,0.99252896,0.85375264,0.95750543,0.99834354
cd/490270,seed1,115,5,0.66998755,0.83499377,0.64615264,2,88-,88-,1,2,0.5,0.95058824,0.99911838,0.99523532,0.90783355,0.95750543,0.99923027
cd/490270,seed1,120,5,0.69279393,0.84639697,0.61878393,2,88-,88-,1,2,0.5,0.95058824,0.99930661,0.9957906,0.92050361,0.94116374,0.9990801
cd/490270,seed2,100,5,0.45033113,0.72516556,0.84831653,2,88-,88-,1,2,0.5,0.95058824,0.99114507,0.98437209,0.7488916,0.93926157,0.985201
cd/490270,seed2,105,5,0.37164179,0.6858209,0.89793876,2,88-,88-,1,2,0.5,0.95058824,0.97993627,0.97618854,0.68985689,0.95750543,0.9760105
cd/490270,seed2,110,5,0.56705539,0.7835277,0.75367352,2,88-,88-,1,2,0.5,0.95058824,0.99739588,0.99167377,0.83916578,0.95750543,0.99627337
cd/490270,seed2,115,5,0.72546012,0.86273006,0.57704413,2,88-,88-,1,2,0.5,0.95058824,0.99950847,0.99647554,0.93678337,0.95750543,0.99922874
cd/490270,seed2,120,5,0.77638889,0.88819444,0.50533815,2,88-,88-,1,2,0.5,0.95058824,0.99971257,0.99732852,0.95769626,0.94116374,0.99931842
cd/490270,seed3,100,5,0.45033113,0.72516556,0.84831653,2,88-,88-,1,2,0.5,0.95058824,0.99114507,0.98437209,0.7488916,0.93926157,0.99248479
cd/490270,seed3,105,5,0.43361582,0.71680791,0.85976388,2,88-,88-,1,2,0.5,0.95058824,0.9894573,0.98290489,0.73595658,0.95750543,0.99367302
cd/490270,seed3,110,5,0.55088195,0.77544098,0.7684052,2,88-,88-,1,2,0.5,0.95058824,0.99691342,0.99091239,0.82706569,0.95750543,0.99776165
cd/490270,seed3,115,5,0.59259259,0.7962963,0.72927394,2,88-,88-,1,2,0.5,0.95058824,0.99800913,0.99274912,0.85768959,0.95750543,0.99838117
cd/490270,seed3,120,5,0.69382392,0.84691196,0.61751448,2,88-,88-,1,2,0.5,0.95058824,0.99931409,0.9958141,0.92105087,0.94116374,0.99916604
cd/490270,seed4,100,5,0.45033113,0.72516556,0.84831653,2,88-,88-,1,2,0.5,0.95058824,0.99114507,0.98437209,0.7488916,0.93926157,0.99131914
cd/490270,seed4,105,5,0.39936609,0.69968304,0.881678,2,88-,88-,1,2,0.5,0.95058824,0.98494332,0.97946343,0.71003391,0.95750543,0.98947378
cd/490270,seed4,110,5,0.67529107,0.83764554,0.63991254,2,88-,88-,1,2,0.5,0.95058824,0.99916626,0.99537062,0.91087313,0.95750543,0.9993187
cd/490270,seed4,115,5,0.83793517,0.91896759,0.40580656,2,88-,88-,1,2,0.5,0.95058824,0.99984972,0.99808924,0.9760576,0.95750543,0.9998656
cd/490270,seed4,120,5,0.87956204,0.93978102,0.32831357,2,88-,88-,1,2,0.5,0.95058824,0.99990309,0.99847697,0.98472043,0.94116374,0.99986876
cd/490270,seed5,100,5,0.45033113,0.72516556,0.84831653,2,88-,88-,1,2,0.5,0.95058824,0.99114507,0.98437209,0.7488916,0.93926157,0.99483185
cd/490270,seed5,105,5,0.47562777,0.73781388,0.83002736,2,88-,88-,1,2,0.5,0.95058824,0.99320325,0.98635987,0.76866627,0.95750543,0.99722592
cd/490270,seed5,110,5,0.47090663,0.73545332,0.83353017,2,88-,88-,1,2,0.5,0.95058824,0.99285899,0.98600883,0.76496479,0.95750543,0.99637925
cd/490270,seed5,115,5,0.56129808,0.78064904,0.75898061,2,88-,88-,1,2,0.5,0.95058824,0.99723343,0.99141028,0.83488752,0.95750543,0.99844549
cd/490270,seed5,120,5,0.57988166,0.78994083,0.74159583,2,88-,88-,1,2,0.5,0.95058824,0.99772439,0.99223231,0.84856771,0.94116374,0.99805644
cd/490271,seed1,100,5,0.63576159,0.76600442,0.47571178,5,95-,95-,1,2,0.5,0.95058824,0.99873593,0.98993636,0.964248,0.93926157,0.99887415
cd/490271,seed1,105,5,0.57158177,0.74262735,0.48758375,5,95-,95-,1,2,0.5,0.95058824,0.99751689,0.98704899,0.96174889,0.95750543,0.99842437
cd/490271,seed1,110,5,0.64066563,0.78471139,0.42772691,5,95-,95-,1,2,0.5,0.95058824,0.99879953,0.99177978,0.97283605,0.95750543,0.9990679
cd/490271,seed1,115,5,0.73256397,0.84044155,0.34486953,5,95-,95-,1,2,0.5,0.95058824,0.99954391,0.99550915,0.98317628,0.95750543,0.99960684
cd/490271,seed1,120,5,0.73803651,0.85989147,0.28823345,5,95-,95-,1,2,0.5,0.95058824,0.99956946,0.99636503,0.98790397,0.94116374,0.99943398
cd/490271,seed2,100,5,0.63576159,0.76600442,0.47571178,5,95-,95-,1,2,0.5,0.95058824,0.99873593,0.98993636,0.964248,0.93926157,0.99795478
cd/490271,seed2,105,5,0.51503554,0.71787862,0.49585605,5,95-,95-,1,2,0.5,0.95058824,0.99550289,0.98310016,0.95990924,0.95750543,0.99476016
cd/490271,seed2,110,5,0.38767507,0.67507003,0.47618635,5,95-,95-,1,2,0.5,0.95058824,0.98300257,0.9733029,0.96415118,0.95750543,0.97495195
cd/490271,seed2,115,5,0.49485652,0.73578776,0.41567919,5,95-,95-,1,2,0.5,0.95058824,0.99444311,0.9860591,0.97465556,0.95750543,0.9908928
cd/490271,seed2,120,5,0.67016256,0.8311484,0.30425294,5,95-,95-,1,2,0.5,0.95058824,0.99912,0.99503209,0.9867188,0.94116374,0.99786963
cd/490271,seed3,100,5,0.63576159,0.76600442,0.47571178,5,95-,95-,1,2,0.5,0.95058824,0.99873593,0.98993636,0.964248,0.93926157,0.99896797
cd/490271,seed3,105,5,0.57730871,0.73825858,0.47820403,5,95-,95-,1,2,0.5,0.95058824,0.99766199,0.98642503,0.96373675,0.95750543,0.99864169
cd/490271,seed3,110,5,0.4821521,0.70822556,0.48891582,5,95-,95-,1,2,0.5,0.95058824,0.99365202,0.9812575,0.96145823,0.95750543,0.99532794
cd/490271,seed3,115,5,0.52191436,0.73400504,0.46170813,5,95-,95-,1,2,0.5,0.95058824,0.99581606,0.98578907,0.96699395,0.95750543,0.99654749
cd/490271,seed3,120,5,0.49975112,0.72722748,0.45233532,5,95-,95-,1,2,0.5,0.95058824,0.99472101,0.98471457,0.96871686,0.94116374,0.99333198
cd/490271,seed4,100,5,0.63576159,0.76600442,0.47571178,5,95-,95-,1,2,0.5,0.95058824,0.99873593,0.98993636,0.964248,0.93926157,0.99880669
cd/490271,seed4,105,5,0.57127488,0.73641743,0.48553965,5,95-,95-,1,2,0.5,0.95058824,0.99750887,0.98615327,0.96219083,0.95750543,0.9983245
cd/490271,seed4,110,5,0.63958869,0.78920308,0.4188844,5,95-,95-,1,2,0.5,0.95058824,0.99878584,0.99217,0.97418342,0.95750543,0.99900055
cd/490271,seed4,115,5,0.72274764,0.84270781,0.33621111,5,95-,95-,1,2,0.5,0.95058824,0.99949422,0.9956184,0.98400206,0.95750543,0.99953695
cd/490271,seed4,120,5,0.74106706,0.85805188,0.30126285,5,95-,95-,1,2,0.5,0.95058824,0.99958299,0.99629158,0.9869484,0.94116374,0.99941926
cd/490271,seed5,100,5,0.63576159,0.76600442,0.47571178,5,95-,95-,1,2,0.5,0.95058824,0.99873593,0.98993636,0.964248,0.93926157,0.99929173
cd/490271,seed5,105,5,0.59989288,0.75040171,0.48257141,5,95-,95-,1,2,0.5,0.95058824,0.99815629,0.98809011,0.96282385,0.95750543,0.99926839
cd/490271,seed5,110,5,0.65537321,0.79671784,0.41139504,5,95-,95-,1,2,0.5,0.95058824,0.99897172,0.99278217,0.97527353,0.95750543,0.9994993
cd/490271,seed5,115,5,0.76606684,0.8714653,0.28249431,5,95-,95-,1,2,0.5,0.95058824,0.99967955,0.99679504,0.98830264,0.95750543,0.99982746
cd/490271,seed5,120,5,0.80161535,0.89197375,0.25111221,5,95-,95-,1,2,0.5,0.95058824,0.99977966,0.9974362,0.99026349,0.94116374,0.99982015
cd/490274,seed1,100,5,0.81818182,0.86898396,0.38123979,4,55-,55-,1,4,0.5,0.95388235,0.99951278,0.99684937,0.97892647,0.94846564,0.99965038
cd/490274,seed1,105,5,0.85621762,0.90220207,0.30423671,4,55-,55-,1,4,0.5,0.95388235,0.99965476,0.99780316,0.98584355,0.95290546,0.99980641
cd/490274,seed1,110,5,0.92298289,0.950489,0.17747358,4,55-,55-,1,4,0.5,0.95388235,0.99981142,0.99869999,0.99268044,0.95523842,0.99987072
cd/490274,seed1,115,5,0.91476591,0.95138055,0.16351428,4,55-,55-,1,4,0.5,0.95388235,0.99979685,0.99871253,0.99319492,0.9622306,0.99986662
cd/490274,seed1,120,5,0.92718447,0.96055825,0.13475195,4,55-,55-,1,4,0.5,0.95388235,0.99981847,0.99883477,0.99414445,0.95057173,0.99981247
cd/490274,seed2,100,5,0.81818182,0.86898396,0.38123979,4,55-,55-,1,4,0.5,0.95388235,0.99951278,0.99684937,0.97892647,0.94846564,0.99928742
cd/490274,seed2,105,5,0.86814621,0.91449086,0.2666458,4,55-,55-,1,4,0.5,0.95388235,0.99969011,0.99807765,0.98835291,0.95290546,0.9996468
cd/490274,seed2,110,5,0.96902655,0.97861357,0.08929584,4,55-,55-,1,4,0.5,0.95388235,0.99987574,0.99904246,0.99538356,0.95523842,0.99982825
cd/490274,seed2,115,5,0.98457223,0.99088359,0.04263532,4,55-,55-,1,4,0.5,0.95388235,0.99989206,0.99916206,0.99638431,0.9622306,0.99985794
cd/490274,seed2,120,5,0.9973262,0.99799465,0.0120202,4,55-,55-,1,4,0.5,0.95388235,0.99990384,0.99922442,0.99692026,0.95057173,0.99980088
cd/490274,seed3,100,5,0.81818182,0.86898396,0.38123979,4,55-,55-,1,4,0.5,0.95388235,0.99951278,0.99684937,0.97892647,0.94846564,0.99965939
cd/490274,seed3,105,5,0.86821705,0.91795866,0.2537741,4,55-,55-,1,4,0.5,0.95388235,0.99969031,0.99814872,0.98910681,0.95290546,0.99983131
cd/490274,seed3,110,5,0.91165173,0.94430218,0.19166,4,55-,55-,1,4,0.5,0.95388235,0.99979104,0.99860956,0.99211804,0.95523842,0.99986005
cd/490274,seed3,115,5,0.92088197,0.9539559,0.15627869,4,55-,55-,1,4,0.5,0.95388235,0.9998078,0.99874807,0.99344729,0.9622306,0.99987724
cd/490274,seed3,120,5,0.92607527,0.95766129,0.14750628,4,55-,55-,1,4,0.5,0.95388235,0.99981663,0.99879749,0.99374083,0.95057173,0.9998154
cd/490274,seed4,100,5,0.81818182,0.86898396,0.38123979,4,55-,55-,1,4,0.5,0.95388235,0.99951278,0.99684937,0.97892647,0.94846564,0.99955265
cd/490274,seed4,105,5,0.84953395,0.90346205,0.29544505,4,55-,55-,1,4,0.5,0.95388235,0.99963321,0.99783301,0.98647442,0.95290546,0.9997364
cd/490274,seed4,110,5,0.93020305,0.95621827,0.15702559,4,55-,55-,1,4,0.5,0.95388235,0.99982336,0.99877848,0.99342168,0.95523842,0.99984532
cd/490274,seed4,115,5,0.96759259,0.98206019,0.07234243,4,55-,55-,1,4,0.5,0.95388235,0.99987411,0.99907768,0.99577561,0.9622306,0.99989558
cd/490274,seed4,120,5,0.95166858,0.97410817,0.09573578,4,55-,55-,1,4,0.5,0.95388235,0.99985458,0.99899438,0.99522532,0.95057173,0.9998089
cd/490274,seed5,100,5,0.81818182,0.86898396,0.38123979,4,55-,55-,1,4,0.5,0.95388235,0.99951278,0.99684937,0.97892647,0.94846564,0.99970263
cd/490274,seed5,105,5,0.84848485,0.9057971,0.28771047,4,55-,55-,1,4,0.5,0.95388235,0.99962971,0.99788728,0.98700645,0.95290546,0.99982307
cd/490274,seed5,110,5,0.9161529,0.94389642,0.19405145,4,55-,55-,1,4,0.5,0.95388235,0.99979939,0.99860342,0.9920191,0.95523842,0.99988283
cd/490274,seed5,115,5,0.96800948,0.97808057,0.09175686,4,55-,55-,1,4,0.5,0.95388235,0.99987459,0.99903689,0.99532372,0.9622306,0.99993086
cd/490274,seed5,120,5,0.97577855,0.98442907,0.06900243,4,55-,55-,1,4,0.5,0.95388235,0.99988311,0.99910113,0.99584885,0.95057173,0.99989849
cd/490275,seed1,100,5,0.79032258,0.89516129,0.48414891,2,59-,59-,1,4,0.5,0.95388235,0.99937297,0.99762861,0.96433724,0.94846564,0.99954701
cd/490275,seed1,105,5,0.91139241,0.9556962,0.26168834,2,59-,59-,1,4,0.5,0.95388235,0.99979055,0.99877153,0.98864919,0.95290546,0.99988412
cd/490275,seed1,110,5,0.92016807,0.96008403,0.24190677,2,59-,59-,1,4,0.5,0.95388235,0.99980655,0.99882875,0.98975901,0.95523842,0.99986729
cd/490275,seed1,115,5,0.97787611,0.98893805,0.08775373,2,59-,59-,1,4,0.5,0.95388235,0.99988531,0.99914414,0.99542067,0.9622306,0.99992584
cd/490275,seed1,120,5,0.97844828,0.98922414,0.08589382,2,59-,59-,1,4,0.5,0.95388235,0.9998859,0.9991468,0.99546503,0.95057173,0.99988358
cd/490275,seed2,100,5,0.79032258,0.89516129,0.48414891,2,59-,59-,1,4,0.5,0.95388235,0.99937297,0.99762861,0.96433724,0.94846564,0.99907682
cd/490275,seed2,105,5,0.86637931,0.93318966,0.35390613,2,59-,59-,1,4,0.5,0.95388235,0.99968511,0.99843108,0.98169599,0.95290546,0.99964095
cd/490275,seed2,110,5,0.88484848,0.94242424,0.31774545,2,59-,59-,1,4,0.5,0.95388235,0.99973362,0.99858089,0.98481727,0.95523842,0.99962428
cd/490275,seed2,115,5,0.86315789,0.93157895,0.36000351,2,59-,59-,1,4,0.5,0.95388235,0.99967579,0.99840338,0.98111091,0.9622306,0.99956062
cd/490275,seed2,120,5,0.94545455,0.97272727,0.18052467,2,59-,59-,1,4,0.5,0.95388235,0.99984616,0.99897917,0.99256295,0.95057173,0.99967744
cd/490275,seed3,100,5,0.79032258,0.89516129,0.48414891,2,59-,59-,1,4,0.5,0.95388235,0.99937297,0.99762861,0.96433724,0.94846564,0.99955867
cd/490275,seed3,105,5,0.92946058,0.96473029,0.22016676,2,59-,59-,1,4,0.5,0.95388235,0.99982217,0.99888644,0.99085512,0.95290546,0.99990457
cd/490275,seed3,110,5,0.93624161,0.96812081,0.20373011,2,59-,59-,1,4,0.5,0.95388235,0.99983277,0.99892674,0.99160592,0.95523842,0.99988866
cd/490275,seed3,115,5,0.96636086,0.98318043,0.12319006,2,59-,59-,1,4,0.5,0.95388235,0.9998727,0.99908885,0.99448792,0.9622306,0.99991958
cd/490275,seed3,120,5,0.99076923,0.99538462,0.04245551,2,59-,59-,1,4,0.5,0.95388235,0.99989795,0.99920209,0.99638771,0.95057173,0.99989886
cd/490275,seed4,100,5,0.79032258,0.89516129,0.48414891,2,59-,59-,1,4,0.5,0.95388235,0.99937297,0.99762861,0.96433724,0.94846564,0.99942039
cd/490275,seed4,105,5,0.88655462,0.94327731,0.31429544,2,59-,59-,1,4,0.5,0.95388235,0.9997377,0.99859399,0.98508614,0.95290546,0.99981318
cd/490275,seed4,110,5,0.94508671,0.97254335,0.18147213,2,59-,59-,1,4,0.5,0.95388235,0.99984564,0.99897713,0.99252608,0.95523842,0.99986531
cd/490275,seed4,115,5,0.98143236,0.99071618,0.07600703,2,59-,59-,1,4,0.5,0.95388235,0.99988895,0.99916053,0.99569378,0.9622306,0.99990819
cd/490275,seed4,120,5,0.99635036,0.99817518,0.0192325,2,59-,59-,1,4,0.5,0.95388235,0.99990299,0.99922594,0.99680161,0.95057173,0.99987388
cd/490275,seed5,100,5,0.79032258,0.89516129,0.48414891,2,59-,59-,1,4,0.5,0.95388235,0.99937297,0.99762861,0.96433724,0.94846564,0.99961469
cd/490275,seed5,105,5,0.84120172,0.92060086,0.40005848,2,59-,59-,1,4,0.5,0.95388235,0.99960446,0.99820111,0.97678547,0.95290546,0.99981067
cd/490275,seed5,110,5,0.85067873,0.92533937,0.38308031,2,59-,59-,1,4,0.5,0.95388235,0.99963699,0.99829138,0.9787259,0.95523842,0.99978459
cd/490275,seed5,115,5,0.92718447,0.96359223,0.22557225,2,59-,59-,1,4,0.5,0.95388235,0.99981847,0.99887258,0.99059395,0.9622306,0.99989893
cd/490275,seed5,120,5,0.97747748,0.98873874,0.08904312,2,59-,59-,1,4,0.5,0.95388235,0.9998849,0.99914229,0.99538966,0.95057173,0.99990008
cd/490276,seed1,100,5,0.64362851,0.79265659,0.42853249,5,83-,83-,1,3,0.5,0.96752941,0.99869447,0.99475391,0.98411697,0.96709606,0.99930153
cd/490276,seed1,105,5,0.72375979,0.83916449,0.36150891,5,83-,83-,1,3,0.5,0.96752941,0.99942815,0.99701134,0.98995389,0.96473295,0.99965087
cd/490276,seed1,110,5,0.79401496,0.8882793,0.25848894,5,83-,83-,1,3,0.5,0.96752941,0.99972279,0.99835198,0.99505116,0.9740259,0.99986631
cd/490276,seed1,115,5,0.85205344,0.9238001,0.17981433,5,83-,83-,1,3,0.5,0.96752941,0.9998476,0.9989289,0.99712343,0.96705934,0.99988176
cd/490276,seed1,120,5,0.87457296,0.93557833,0.15846665,5,83-,83-,1,3,0.5,0.96752941,0.99987918,0.99907155,0.99751763,0.96473295,0.99988682
cd/490276,seed2,100,5,0.64362851,0.79265659,0.42853249,5,83-,83-,1,3,0.5,0.96752941,0.99869447,0.99475391,0.98411697,0.96709606,0.9981782
cd/490276,seed2,105,5,0.67514573,0.81981982,0.37015428,5,83-,83-,1,3,0.5,0.96752941,0.99905635,0.9962227,0.98934089,0.96473295,0.99848645
cd/490276,seed2,110,5,0.63585003,0.81407293,0.3228787,5,83-,83-,1,3,0.5,0.96752941,0.9985856,0.9959507,0.99229304,0.9740259,0.99817969
cd/490276,seed2,115,5,0.6394352,0.81744831,0.31158455,5,83-,83-,1,3,0.5,0.96752941,0.99863686,0.99611273,0.99286852,0.96705934,0.99715843
cd/490276,seed2,120,5,0.76991588,0.88322613,0.23536301,5,83-,83-,1,3,0.5,0.96752941,0.99964462,0.99824783,0.99578018,0.96473295,0.99911823
cd/490276,seed3,100,5,0.64362851,0.79265659,0.42853249,5,83-,83-,1,3,0.5,0.96752941,0.99869447,0.99475391,0.98411697,0.96709606,0.9991508
cd/490276,seed3,105,5,0.72943611,0.84790481,0.33331943,5,83-,83-,1,3,0.5,0.96752941,0.99946064,0.99731157,0.99172016,0.96473295,0.99959994
cd/490276,seed3,110,5,0.71220492,0.85032647,0.29508319,5,83-,83-,1,3,0.5,0.96752941,0.99935584,0.9973893,0.99363346,0.9740259,0.99961782
cd/490276,seed3,115,5,0.73751854,0.86554622,0.26490533,5,83-,83-,1,3,0.5,0.96752941,0.99950375,0.997829,0.99482755,0.96705934,0.99952417
cd/490276,seed3,120,5,0.78363726,0.88861508,0.23547327,5,83-,83-,1,3,0.5,0.96752941,0.99969149,0.99835867,0.99577697,0.96473295,0.99964405
cd/490276,seed4,100,5,0.64362851,0.79265659,0.42853249,5,83-,83-,1,3,0.5,0.96752941,0.99869447,0.99475391,0.98411697,0.96709606,0.99889585
cd/490276,seed4,105,5,0.69538142,0.82874935,0.36371718,5,83-,83-,1,3,0.5,0.96752941,0.99923392,0.99660965,0.98980071,0.96473295,0.99925751
cd/490276,seed4,110,5,0.83158421,0.90704648,0.22884645,5,83-,83-,1,3,0.5,0.96752941,0.9998118,0.99868748,0.99596556,0.9740259,0.99985724
cd/490276,seed4,115,5,0.88094072,0.93630573,0.1667971,5,83-,83-,1,3,0.5,0.96752941,0.99988686,0.99907971,0.99737066,0.96705934,0.99986174
cd/490276,seed4,120,5,0.96144461,0.9795022,0.06820471,5,83-,83-,1,3,0.5,0.96752941,0.99995066,0.99945523,0.99866955,0.96473295,0.9999278
cd/490276,seed5,100,5,0.64362851,0.79265659,0.42853249,5,83-,83-,1,3,0.5,0.96752941,0.99869447,0.99475391,0.98411697,0.96709606,0.99921686
cd/490276,seed5,105,5,0.70244919,0.82803544,0.37409207,5,83-,83-,1,3,0.5,0.96752941,0.99928772,0.99658022,0.98904955,0.96473295,0.99951091
cd/490276,seed5,110,5,0.7211094,0.85002568,0.31198172,5,83-,83-,1,3,0.5,0.96752941,0.99941232,0.99737976,0.99284903,0.9740259,0.99967888
cd/490276,seed5,115,5,0.7997993,0.89764175,0.21931431,5,83-,83-,1,3,0.5,0.96752941,0.99973883,0.99852887,0.99622221,0.96705934,0.9997711
cd/490276,seed5,120,5,0.8154077,0.90495248,0.21139374,5,83-,83-,1,3,0.5,0.96752941,0.99977765,0.99865371,0.99642306,0.96473295,0.99976448
cd/490279,seed1,100,5,0.59142212,0.72460497,0.54965107,5,50-,50-,1,1,0.5,0.95247059,0.99627676,0.9837468,0.95059331,0.94841585,0.99718657
cd/490279,seed1,105,5,0.52874798,0.68726491,0.57636168,5,50-,50-,1,1,0.5,0.95247059,0.99336557,0.97615617,0.94270854,0.9599007,0.9959603
cd/490279,seed1,110,5,0.60627895,0.74987133,0.47275741,5,50-,50-,1,1,0.5,0.95247059,0.99675394,0.98747765,0.96792958,0.95523798,0.99717747
cd/490279,seed1,115,5,0.69087242,0.81543116,0.38422366,5,50-,50-,1,1,0.5,0.95247059,0.99851481,0.99365741,0.98065154,0.95756992,0.99863358
cd/490279,seed1,120,5,0.60964694,0.78020885,0.40813891,5,50-,50-,1,1,0.5,0.95247059,0.99685335,0.99085443,0.9778079,0.94122849,0.99574976
cd/490279,seed2,100,5,0.59142212,0.72460497,0.54965107,5,50-,50-,1,1,0.5,0.95247059,0.99627676,0.9837468,0.95059331,0.94841585,0.99548246
cd/490279,seed2,105,5,0.55919956,0.71206226,0.53843675,5,50-,50-,1,1,0.5,0.95247059,0.99498815,0.98150789,0.95358749,0.9599007,0.99513328
cd/490279,seed2,110,5,0.5163297,0.7190254,0.48839924,5,50-,50-,1,1,0.5,0.95247059,0.99256272,0.98278579,0.96496147,0.95523798,0.98944701
cd/490279,seed2,115,5,0.5778003,0.76989356,0.41173988,5,50-,50-,1,1,0.5,0.95247059,0.99577811,0.98982192,0.97734574,0.95756992,0.99362387
cd/490279,seed2,120,5,0.78808933,0.88188586,0.27616677,5,50-,50-,1,1,0.5,0.95247059,0.999396,0.99682713,0.98962877,0.94122849,0.99873325
cd/490279,seed3,100,5,0.59142212,0.72460497,0.54965107,5,50-,50-,1,1,0.5,0.95247059,0.99627676,0.9837468,0.95059331,0.94841585,0.99715572
cd/490279,seed3,105,5,0.56127321,0.71140584,0.53495242,5,50-,50-,1,1,0.5,0.95247059,0.99508304,0.98138273,0.95448211,0.9599007,0.99699485
cd/490279,seed3,110,5,0.48788035,0.68231047,0.54817283,5,50-,50-,1,1,0.5,0.95247059,0.99034172,0.97491842,0.95099823,0.95523798,0.99130116
cd/490279,seed3,115,5,0.57577293,0.74049671,0.48415347,5,50-,50-,1,1,0.5,0.95247059,0.99569841,0.98620392,0.96579234,0.95756992,0.99590525
cd/490279,seed3,120,5,0.51070184,0.71727227,0.49160535,5,50-,50-,1,1,0.5,0.95247059,0.99216781,0.98247247,0.96432119,0.94122849,0.98911219
cd/490279,seed4,100,5,0.59142212,0.72460497,0.54965107,5,50-,50-,1,1,0.5,0.95247059,0.99627676,0.9837468,0.95059331,0.94841585,0.99684754
cd/490279,seed4,105,5,0.5056,0.6832,0.56592071,5,50-,50-,1,1,0.5,0.95247059,0.99179186,0.97514516,0.94592233,0.9599007,0.99437194
cd/490279,seed4,110,5,0.48963075,0.7066262,0.50261315,5,50-,50-,1,1,0.5,0.95247059,0.99049559,0.98044597,0.96203605,0.95523798,0.99052158
cd/490279,seed4,115,5,0.68796805,0.79331003,0.41984454,5,50-,50-,1,1,0.5,0.95247059,0.99847437,0.99201742,0.97627091,0.95756992,0.99842604
cd/490279,seed4,120,5,0.70651641,0.82361587,0.36294958,5,50-,50-,1,1,0.5,0.95247059,0.99871492,0.9941753,0.98287878,0.94122849,0.99809084
cd/490279,seed5,100,5,0.59142212,0.72460497,0.54965107,5,50-,50-,1,1,0.5,0.95247059,0.99627676,0.9837468,0.95059331,0.94841585,0.99801827
cd/490279,seed5,105,5,0.56769984,0.70636215,0.5402314,5,50-,50-,1,1,0.5,0.95247059,0.99536591,0.98039289,0.9531202,0.9599007,0.9980294
cd/490279,seed5,110,5,0.59923872,0.73355084,0.50020494,5,50-,50-,1,1,0.5,0.95247059,0.99653594,0.98517858,0.9625477,0.95523798,0.99787516
cd/490279,seed5,115,5,0.65284423,0.76501861,0.46508751,5,50-,50-,1,1,0.5,0.95247059,0.99788891,0.9892946,0.96929471,0.95756992,0.99862174
cd/490279,seed5,120,5,0.67793139,0.79928315,0.41509492,5,50-,50-,1,1,0.5,0.95247059,0.99832596,0.99249775,0.97690669,0.94122849,0.99842832
cd/490280,seed1,100,5,0.57023061,0.74842767,0.48739121,5,45-,45-,1,4,0.5,0.95388235,0.99541239,0.98839774,0.96374627,0.94846564,0.99650136
cd/490280,seed1,105,5,0.56651017,0.7381325,0.51976184,5,45-,45-,1,4,0.5,0.95388235,0.99525586,0.9870399,0.95730656,0.95290546,0.99714185
cd/490280,seed1,110,5,0.64503245,0.79930105,0.41050191,5,45-,45-,1,4,0.5,0.95388235,0.99766527,0.99329771,0.97550715,0.95523842,0.99828722
cd/490280,seed1,115,5,0.72241465,0.85056903,0.31341939,5,45-,45-,1,4,0.5,0.95388235,0.99884052,0.99615286,0.98515366,0.9622306,0.99920226
cd/490280,seed1,120,5,0.64204825,0.81388479,0.33824808,5,45-,45-,1,4,0.5,0.95388235,0.99760144,0.99427578,0.98311819,0.95057173,0.99734595
cd/490280,seed2,100,5,0.57023061,0.74842767,0.48739121,5,45-,45-,1,4,0.5,0.95388235,0.99541239,0.98839774,0.96374627,0.94846564,0.99289242
cd/490280,seed2,105,5,0.60508563,0.77581733,0.44142551,5,45-,45-,1,4,0.5,0.95388235,0.99665051,0.99136269,0.97130666,0.95290546,0.99593446
cd/490280,seed2,110,5,0.63233044,0.80010199,0.37639511,5,45-,45-,1,4,0.5,0.95388235,0.99738126,0.9933555,0.97944562,0.95523842,0.9960785
cd/490280,seed2,115,5,0.70353762,0.84354758,0.30493845,5,45-,45-,1,4,0.5,0.95388235,0.99862454,0.99584861,0.98579196,0.9622306,0.99806346
cd/490280,seed2,120,5,0.87012346,0.92888889,0.18233215,5,45-,45-,1,4,0.5,0.95388235,0.99969561,0.99835602,0.99249246,0.95057173,0.99935018
cd/490280,seed3,100,5,0.57023061,0.74842767,0.48739121,5,45-,45-,1,4,0.5,0.95388235,0.99541239,0.98839774,0.96374627,0.94846564,0.99659116
cd/490280,seed3,105,5,0.62815884,0.77720474,0.4635897,5,45-,45-,1,4,0.5,0.95388235,0.99728066,0.99149103,0.967874,0.95290546,0.99842869
cd/490280,seed3,110,5,0.55750879,0.74786539,0.47814594,5,45-,45-,1,4,0.5,0.95388235,0.99485481,0.98832735,0.96540699,0.95523842,0.99624111
cd/490280,seed3,115,5,0.54210264,0.75286497,0.43608022,5,45-,45-,1,4,0.5,0.95388235,0.99408865,0.98893871,0.97207969,0.9622306,0.99585521
cd/490280,seed3,120,5,0.54428501,0.75358733,0.43633759,5,45-,45-,1,4,0.5,0.95388235,0.99420371,0.98902438,0.97204293,0.95057173,0.99360427
cd/490280,seed4,100,5,0.57023061,0.74842767,0.48739121,5,45-,45-,1,4,0.5,0.95388235,0.99541239,0.98839774,0.96374627,0.94846564,0.99552728
cd/490280,seed4,105,5,0.50747808,0.71531717,0.52225855,5,45-,45-,1,4,0.5,0.95388235,0.99192796,0.98344734,0.95676678,0.95290546,0.9936882
cd/490280,seed4,110,5,0.64360902,0.80150376,0.39977169,5,45-,45-,1,4,0.5,0.95388235,0.99763504,0.99345544,0.97681964,0.95523842,0.99778012
cd/490280,seed4,115,5,0.7610094,0.86244433,0.31894066,5,45-,45-,1,4,0.5,0.95388235,0.99918239,0.99661773,0.98472301,0.9622306,0.99928701
cd/490280,seed4,120,5,0.74864732,0.86128874,0.29835445,5,45-,45-,1,4,0.5,0.95388235,0.99908557,0.99657507,0.98626878,0.95057173,0.99873826
cd/490280,seed5,100,5,0.57023061,0.74842767,0.48739121,5,45-,45-,1,4,0.5,0.95388235,0.99541239,0.98839774,0.96374627,0.94846564,0.99702277
cd/490280,seed5,105,5,0.55018201,0.73478939,0.51418391,5,45-,45-,1,4,0.5,0.95388235,0.99450361,0.9865661,0.95848931,0.95290546,0.99717027
cd/490280,seed5,110,5,0.6779661,0.8171546,0.38286534,5,45-,45-,1,4,0.5,0.95388235,0.99826655,0.9944748,0.97874942,0.95523842,0.99892695
cd/490280,seed5,115,5,0.7768262,0.86700252,0.32257436,5,45-,45-,1,4,0.5,0.95388235,0.99929147,0.9967809,0.98443291,0.9622306,0.99959083
cd/490280,seed5,120,5,0.75037369,0.85650224,0.32864575,5,45-,45-,1,4,0.5,0.95388235,0.99909975,0.99639258,0.98393604,0.95057173,0.99917439
cd/490281,seed1,100,5,0.55764075,0.73726542,0.47436459,5,27-,27-,1,3,0.5,0.96752941,0.99683751,0.98977036,0.97831509,0.96709606,0.99828593
cd/490281,seed1,105,5,0.61954262,0.77823978,0.41906329,5,27-,27-,1,3,0.5,0.96752941,0.99832705,0.99375614,0.98510973,0.96473295,0.99896305
cd/490281,seed1,110,5,0.75937287,0.86912065,0.28079001,5,27-,27-,1,3,0.5,0.96752941,0.99960383,0.99792105,0.99422978,0.9740259,0.999808
cd/490281,seed1,115,5,0.85775554,0.922802,0.19315572,5,27-,27-,1,3,0.5,0.96752941,0.9998563,0.99891585,0.99684598,0.96705934,0.9998886
cd/490281,seed1,120,5,0.88512912,0.93944791,0.15752112,5,27-,27-,1,3,0.5,0.96752941,0.99989164,0.99911414,0.99753379,0.96473295,0.99989864
cd/490281,seed2,100,5,0.55764075,0.73726542,0.47436459,5,27-,27-,1,3,0.5,0.96752941,0.99683751,0.98977036,0.97831509,0.96709606,0.99553654
cd/490281,seed2,105,5,0.60224719,0.77677903,0.41068938,5,27-,27-,1,3,0.5,0.96752941,0.99800111,0.99364508,0.98593658,0.96473295,0.99676294
cd/490281,seed2,110,5,0.66987952,0.82971888,0.31305835,5,27-,27-,1,3,0.5,0.96752941,0.99900374,0.99664921,0.99279592,0.9740259,0.99872382
cd/490281,seed2,115,5,0.68887408,0.84277149,0.28230096,5,27-,27-,1,3,0.5,0.96752941,0.9991808,0.99713909,0.99416947,0.96705934,0.99830316
cd/490281,seed2,120,5,0.58478873,0.7915493,0.32531522,5,27-,27-,1,3,0.5,0.96752941,0.9976078,0.99468325,0.99216297,0.96473295,0.99392656
cd/490281,seed3,100,5,0.55764075,0.73726542,0.47436459,5,27-,27-,1,3,0.5,0.96752941,0.99683751,0.98977036,0.97831509,0.96709606,0.99791649
cd/490281,seed3,105,5,0.64811133,0.7972167,0.39810845,5,27-,27-,1,3,0.5,0.96752941,0.99875336,0.99503519,0.98709444,0.96473295,0.99906448
cd/490281,seed3,110,5,0.75807609,0.86216798,0.30392776,5,27-,27-,1,3,0.5,0.96752941,0.9995985,0.99773826,0.99323419,0.9740259,0.99976335
cd/490281,seed3,115,5,0.81998631,0.90417522,0.22314088,5,27-,27-,1,3,0.5,0.96752941,0.9997879,0.99864096,0.9961212,0.96705934,0.99979899
cd/490281,seed3,120,5,0.881692,0.93522802,0.17235825,5,27-,27-,1,3,0.5,0.96752941,0.99988773,0.99906759,0.99726774,0.96473295,0.99987224
cd/490281,seed4,100,5,0.55764075,0.73726542,0.47436459,5,27-,27-,1,3,0.5,0.96752941,0.99683751,0.98977036,0.97831509,0.96709606,0.99729199
cd/490281,seed4,105,5,0.61644782,0.77194195,0.43665636,5,27-,27-,1,3,0.5,0.96752941,0.9982729,0.99326309,0.98321356,0.96473295,0.99830731
cd/490281,seed4,110,5,0.70620314,0.83367416,0.34505452,5,27-,27-,1,3,0.5,0.96752941,0.99931475,0.99680589,0.99102574,0.9740259,0.99947086
cd/490281,seed4,115,5,0.85168095,0.9222149,0.18868052,5,27-,27-,1,3,0.5,0.96752941,0.99984702,0.9989081,0.9969419,0.96705934,0.99981229
cd/490281,seed4,120,5,0.88196959,0.93917451,0.15309629,5,27-,27-,1,3,0.5,0.96752941,0.99988805,0.9991112,0.99760801,0.96473295,0.99983433
cd/490281,seed5,100,5,0.55764075,0.73726542,0.47436459,5,27-,27-,1,3,0.5,0.96752941,0.99683751,0.98977036,0.97831509,0.96709606,0.9980784
cd/490281,seed5,105,5,0.64118896,0.79617834,0.39712229,5,27-,27-,1,3,0.5,0.96752941,0.99866126,0.99497249,0.98718112,0.96473295,0.99907258
cd/490281,seed5,110,5,0.60502143,0.79179424,0.37103194,5,27-,27-,1,3,0.5,0.96752941,0.99805736,0.99469896,0.98927663,0.9740259,0.99892033
cd/490281,seed5,115,5,0.70141643,0.84815864,0.28065339,5,27-,27-,1,3,0.5,0.96752941,0.9992801,0.99731982,0.99423521,0.96705934,0.99936019
cd/490281,seed5,120,5,0.73012188,0.8630296,0.26155387,5,27-,27-,1,3,0.5,0.96752941,0.99946444,0.99776176,0.99494557,0.96473295,0.99942587
cd/490282,seed1,100,5,0.47682119,0.69536424,0.54270154,5,78-,78-,1,3,0.5,0.96752941,0.9927531,0.98309699,0.96564817,0.96709606,0.99601981
cd/490282,seed1,105,5,0.35231506,0.65300692,0.51326001,5,78-,78-,1,3,0.5,0.96752941,0.97432288,0.97204232,0.97180353,0.96473295,0.98333028
cd/490282,seed1,110,5,0.25609124,0.61638154,0.48099932,5,78-,78-,1,3,0.5,0.96752941,0.93363966,0.95705021,0.977319,0.9740259,0.96434218
cd/490282,seed1,115,5,0.2566416,0.62506266,0.43508982,5,78-,78-,1,3,0.5,0.96752941,0.93399038,0.96118173,0.98339161,0.96705934,0.94371429
cd/490282,seed1,120,5,0.08379052,0.53815461,0.45678653,5,78-,78-,1,3,0.5,0.96752941,0.7042087,0.89600585,0.98075179,0.96473295,0.69446691
cd/490282,seed2,100,5,0.47682119,0.69536424,0.54270154,5,78-,78-,1,3,0.5,0.96752941,0.9927531,0.98309699,0.96564817,0.96709606,0.98967315
cd/490282,seed2,105,5,0.32411924,0.63902439,0.51454941,5,78-,78-,1,3,0.5,0.96752941,0.9659545,0.9670374,0.97155791,0.96473295,0.94389747
cd/490282,seed2,110,5,0.16553878,0.57522124,0.47063103,5,78-,78+,0,3,0.5,0.96752941,0.84687731,0.93110931,0.97885668,0.9740259,0.80078499
cd/490282,seed2,115,5,0.19341772,0.59291139,0.44563936,5,78+,78+,1,3,0.5,0.96752941,0.880563,0.94367989,0.98215576,0.96705934,0.76830282
cd/490282,seed2,120,5,0.32622707,0.66187407,0.40808997,5,78+,78+,1,3,0.5,0.96752941,0.96666204,0.97482522,0.98618392,0.96473295,0.91646337
cd/490282,seed3,100,5,0.47682119,0.69536424,0.54270154,5,78-,78-,1,3,0.5,0.96752941,0.9927531,0.98309699,0.96564817,0.96709606,0.99516431
cd/490282,seed3,105,5,0.39238498,0.67318879,0.50128428,5,78-,78-,1,3,0.5,0.96752941,0.98286415,0.9779868,0.97398849,0.96473295,0.98662113
cd/490282,seed3,110,5,0.26378156,0.62184441,0.47307772,5,78-,78-,1,3,0.5,0.96752941,0.93838673,0.95969658,0.97850328,0.9740259,0.96016283
cd/490282,seed3,115,5,0.25421133,0.6202144,0.45692798,5,78-,78-,1,3,0.5,0.96752941,0.93242858,0.95892374,0.9807333,0.96705934,0.93076024
cd/490282,seed3,120,5,0.2388974,0.61510975,0.44419795,5,78-,78-,1,3,0.5,0.96752941,0.92177469,0.9564107,0.9823298,0.96473295,0.90436703
cd/490282,seed4,100,5,0.47682119,0.69536424,0.54270154,5,78-,78-,1,3,0.5,0.96752941,0.9927531,0.98309699,0.96564817,0.96709606,0.99372007
cd/490282,seed4,105,5,0.3902439,0.67514271,0.48531823,5,78-,78-,1,3,0.5,0.96752941,0.98248834,0.97849201,0.97664671,0.96473295,0.98228456
cd/490282,seed4,110,5,0.46437724,0.72424398,0.41134729,5,78-,78-,1,3,0.5,0.96752941,0.99176915,0.98803833,0.98587329,0.9740259,0.99341369
cd/490282,seed4,115,5,0.38230808,0.68886629,0.40271172,5,78-,78-,1,3,0.5,0.96752941,0.98102352,0.98173413,0.98668213,0.96705934,0.9752656
cd/490282,seed4,120,5,0.13251156,0.56548536,0.4327411,5,78-,78+,0,3,0.5,0.96752941,0.79734411,0.9231258,0.98365509,0.96473295,0.70515761
cd/490282,seed5,100,5,0.47682119,0.69536424,0.54270154,5,78-,78-,1,3,0.5,0.96752941,0.9927531,0.98309699,0.96564817,0.96709606,0.99553913
cd/490282,seed5,105,5,0.30356164,0.62739726,0.52408646,5,78-,78-,1,3,0.5,0.96752941,0.95825171,0.96222608,0.96967562,0.96473295,0.96932881
cd/490282,seed5,110,5,0.24671916,0.60419948,0.51505405,5,78-,78+,0,3,0.5,0.96752941,0.92739573,0.95053926,0.97146122,0.9740259,0.9562707
cd/490282,seed5,115,5,0.00934094,0.49870265,0.47348156,5,78+,78+,1,3,0.5,0.96752941,0.5249245,0.84216089,0.9784444,0.96705934,0.52998506
cd/490282,seed5,120,5,0.11330298,0.5538695,0.44934485,5,78+,78+,1,3,0.5,0.96752941,0.76345573,0.91249598,0.98170059,0.96473295,0.73400822
cd/490283,seed1,100,5,0.8,0.85882353,0.3685692,5,91-,91-,1,1,0.5,0.95247059,0.99945906,0.99596401,0.98231619,0.94841585,0.99960826
cd/490283,seed1,105,5,0.86428166,0.89892107,0.28842921,5,91-,91-,1,1,0.5,0.95247059,0.99970172,0.99734411,0.98886535,0.9599007,0.99983059
cd/490283,seed1,110,5,0.91912159,0.94322442,0.18120254,5,91-,91-,1,1,0.5,0.95247059,0.99982051,0.99832825,0.99402587,0.95523798,0.99985346
cd/490283,seed1,115,5,0.94677003,0.96795866,0.10805235,5,91-,91-,1,1,0.5,0.95247059,0.99986106,0.99870919,0.99609907,0.95756992,0.99987857
cd/490283,seed1,120,5,0.95661052,0.97243492,0.09785572,5,91-,91-,1,1,0.5,0.95247059,0.99987316,0.99876823,0.99632432,0.94122849,0.99984
cd/490283,seed2,100,5,0.8,0.85882353,0.3685692,5,91-,91-,1,1,0.5,0.95247059,0.99945906,0.99596401,0.98231619,0.94841585,0.99937005
cd/490283,seed2,105,5,0.91405805,0.93739328,0.19519023,5,91-,91-,1,1,0.5,0.95247059,0.99981189,0.99822318,0.9935193,0.9599007,0.99982988
cd/490283,seed2,110,5,0.96853333,0.97866667,0.08073606,5,91-,91-,1,1,0.5,0.95247059,0.99988643,0.99884594,0.99667373,0.95523798,0.99985233
cd/490283,seed2,115,5,0.99004715,0.99371399,0.02789238,5,91-,91-,1,1,0.5,0.95247059,0.99990695,0.99901401,0.99755675,0.95756992,0.99987032
cd/490283,seed2,120,5,0.99552906,0.99701937,0.01492053,5,91-,91-,1,1,0.5,0.95247059,0.99991155,0.99904752,0.99773504,0.94122849,0.99982195
cd/490283,seed3,100,5,0.8,0.85882353,0.3685692,5,91-,91-,1,1,0.5,0.95247059,0.99945906,0.99596401,0.98231619,0.94841585,0.99960395
cd/490283,seed3,105,5,0.8654383,0.90284757,0.27817331,5,91-,91-,1,1,0.5,0.95247059,0.99970489,0.99745081,0.98950749,0.9599007,0.99983059
cd/490283,seed3,110,5,0.88086253,0.92560647,0.21571177,5,91-,91-,1,1,0.5,0.95247059,0.99974418,0.99799025,0.99269793,0.95523798,0.99978722
cd/490283,seed3,115,5,0.87937337,0.93002611,0.19419644,5,91-,91-,1,1,0.5,0.95247059,0.99974062,0.99808096,0.99355666,0.95756992,0.9997677
cd/490283,seed3,120,5,0.8599083,0.9246052,0.1892089,5,91-,91-,1,1,0.5,0.95247059,0.99968939,0.99796911,0.99374094,0.94122849,0.99959615
cd/490283,seed4,100,5,0.8,0.85882353,0.3685692,5,91-,91-,1,1,0.5,0.95247059,0.99945906,0.99596401,0.98231619,0.94841585,0.99956093
cd/490283,seed4,105,5,0.88888889,0.91824986,0.24466704,5,91-,91-,1,1,0.5,0.95247059,0.9997625,0.99782967,0.99136047,0.9599007,0.99984956
cd/490283,seed4,110,5,0.89953149,0.94169703,0.16834956,5,91-,91-,1,1,0.5,0.95247059,0.9997848,0.99830134,0.99445656,0.95523798,0.99980229
cd/490283,seed4,115,5,0.85430134,0.92143212,0.19872077,5,91-,91-,1,1,0.5,0.95247059,0.99967283,0.99790065,0.99338483,0.95756992,0.9996735
cd/490283,seed4,120,5,0.82162162,0.90565111,0.21820388,5,91-,91-,1,1,0.5,0.95247059,0.99955721,0.99752438,0.99259139,0.94122849,0.99935688
cd/490283,seed5,100,5,0.8,0.85882353,0.3685692,5,91-,91-,1,1,0.5,0.95247059,0.99945906,0.99596401,0.98231619,0.94841585,0.99972426
cd/490283,seed5,105,5,0.87634105,0.90626765,0.2725632,5,91-,91-,1,1,0.5,0.95247059,0.99973324,0.99754027,0.98984311,0.9599007,0.99989363
cd/490283,seed5,110,5,0.90354223,0.92915531,0.2180224,5,91-,91-,1,1,0.5,0.95247059,0.99979264,0.99806342,0.9925992,0.95523798,0.99988048
cd/490283,seed5,115,5,0.95332984,0.96853697,0.11133113,5,91-,91-,1,1,0.5,0.95247059,0.99986925,0.99871698,0.99602376,0.95756992,0.99991968
cd/490283,seed5,120,5,0.97976129,0.98443176,0.06302285,5,91-,91-,1,1,0.5,0.95247059,0.99989764,0.99891348,0.99700044,0.94122849,0.99990954
cd/490287,seed1,100,5,0.45052632,0.63789474,0.67600421,5,97-,97-,1,1,0.5,0.95247059,0.98640267,0.96065135,0.90178196,0.94841585,0.98940888
cd/490287,seed1,105,5,0.5383395,0.69434162,0.60838382,5,97-,97-,1,1,0.5,0.95247059,0.99392622,0.97782133,0.93170063,0.9599007,0.99630956
cd/490287,seed1,110,5,0.60112647,0.74295955,0.52273775,5,97-,97-,1,1,0.5,0.95247059,0.99659579,0.98655042,0.95749026,0.95523798,0.99703684
cd/490287,seed1,115,5,0.55483225,0.72558838,0.50638394,5,97-,97-,1,1,0.5,0.95247059,0.9947823,0.98391063,0.96122141,0.95756992,0.99506621
cd/490287,seed1,120,5,0.41629848,0.65144821,0.55276409,5,97-,97-,1,1,0.5,0.95247059,0.98142355,0.96567874,0.94973019,0.94122849,0.97408475
cd/490287,seed2,100,5,0.45052632,0.63789474,0.67600421,5,97-,97-,1,1,0.5,0.95247059,0.98640267,0.96065135,0.90178196,0.94841585,0.98307373
cd/490287,seed2,105,5,0.62519936,0.74694312,0.53968072,5,97-,97-,1,1,0.5,0.95247059,0.99727441,0.98709279,0.95326406,0.9599007,0.99738815
cd/490287,seed2,110,5,0.71690215,0.80743066,0.42750283,5,97-,97-,1,1,0.5,0.95247059,0.99883266,0.99310701,0.97520965,0.95523798,0.99840448
cd/490287,seed2,115,5,0.67552376,0.81706694,0.36452669,5,97-,97-,1,1,0.5,0.95247059,0.99828827,0.99376445,0.9827227,0.95756992,0.99746154
cd/490287,seed2,120,5,0.79018528,0.87981973,0.27370558,5,97-,97-,1,1,0.5,0.95247059,0.99940761,0.99675797,0.98977564,0.94122849,0.9987581
cd/490287,seed3,100,5,0.45052632,0.63789474,0.67600421,5,97-,97-,1,1,0.5,0.95247059,0.98640267,0.96065135,0.90178196,0.94841585,0.98929365
cd/490287,seed3,105,5,0.58034321,0.72438898,0.56613469,5,97-,97-,1,1,0.5,0.95247059,0.99587599,0.9837106,0.94585821,0.9599007,0.99748985
cd/490287,seed3,110,5,0.59928168,0.73422268,0.53492547,5,97-,97-,1,1,0.5,0.95247059,0.99653731,0.98528095,0.95448896,0.95523798,0.99695175
cd/490287,seed3,115,5,0.5758638,0.74061092,0.49737383,5,97-,97-,1,1,0.5,0.95247059,0.99570201,0.98622018,0.96314072,0.95756992,0.99590876
cd/490287,seed3,120,5,0.51840943,0.70937653,0.51159911,5,97-,97-,1,1,0.5,0.95247059,0.9927036,0.98099051,0.96006703,0.94122849,0.98987037
cd/490287,seed4,100,5,0.45052632,0.63789474,0.67600421,5,97-,97-,1,1,0.5,0.95247059,0.98640267,0.96065135,0.90178196,0.94841585,0.98814376
cd/490287,seed4,105,5,0.523126,0.68421053,0.62138579,5,97-,97-,1,1,0.5,0.95247059,0.99301337,0.97540033,0.92669409,0.9599007,0.99522803
cd/490287,seed4,110,5,0.62041227,0.76370035,0.48660657,5,97-,97-,1,1,0.5,0.95247059,0.99715117,0.98914742,0.96531463,0.95523798,0.99723221
cd/490287,seed4,115,5,0.61606703,0.78708724,0.4011937,5,97-,97-,1,1,0.5,0.95247059,0.9970345,0.99148455,0.97867338,0.95756992,0.99689649
cd/490287,seed4,120,5,0.50806058,0.7234978,0.46311452,5,97-,97-,1,1,0.5,0.95247059,0.99197536,0.9835604,0.96963667,0.94122849,0.98764164
cd/490287,seed5,100,5,0.45052632,0.63789474,0.67600421,5,97-,97-,1,1,0.5,0.95247059,0.98640267,0.96065135,0.90178196,0.94841585,0.99252256
cd/490287,seed5,105,5,0.5285638,0.68713294,0.6210441,5,97-,97-,1,1,0.5,0.95247059,0.99335432,0.97612398,0.92682989,0.9599007,0.99714852
cd/490287,seed5,110,5,0.55237103,0.71860344,0.54445948,5,97-,97-,1,1,0.5,0.95247059,0.99466261,0.98271088,0.95200156,0.95523798,0.99669291
cd/490287,seed5,115,5,0.52620865,0.70687023,0.54895643,5,97-,97-,1,1,0.5,0.95247059,0.99320873,0.9804949,0.95078398,0.95756992,0.9954455
cd/490287,seed5,120,5,0.55137845,0.73032581,0.49641976,5,97-,97-,1,1,0.5,0.95247059,0.99461357,0.98467733,0.96333852,0.94122849,0.99481267
cd/490288,seed1,100,5,0.675,0.75625,0.49652061,6,24*,24*,1,0,0.5,0.95095238,0.99852281,0.98847596,0.95794144,0.94318109,0.99866339
cd/490288,seed1,105,5,0.82080925,0.87138728,0.31702336,6,24*,24*,1,0,0.5,0.95095238,0.99962831,0.99680119,0.98244385,0.95703088,0.99974892
cd/490288,seed1,110,5,0.93452381,0.95386905,0.1373276,6,24*,24*,1,0,0.5,0.95095238,0.99987336,0.99872805,0.9927864,0.95938935,0.9999048
cd/490288,seed1,115,5,0.93886463,0.9628821,0.11109157,6,24*,24*,1,0,0.5,0.95095238,0.99987846,0.99885008,0.99366894,0.95703088,0.99987782
cd/490288,seed1,120,5,0.96135266,0.97342995,0.08869652,6,24*,24*,1,0,0.5,0.95095238,0.99990177,0.99897813,0.99433682,0.93812972,0.99984625
cd/490288,seed2,100,5,0.675,0.75625,0.49652061,6,24*,24*,1,0,0.5,0.95095238,0.99852281,0.98847596,0.95794144,0.94318109,0.99786424
cd/490288,seed2,105,5,0.84422111,0.90326633,0.24080975,6,24*,24*,1,0,0.5,0.95095238,0.9997022,0.99775982,0.98794698,0.95703088,0.99967937
cd/490288,seed2,110,5,0.9608209,0.97294776,0.0903074,6,24*,24*,1,0,0.5,0.95095238,0.99990128,0.9989726,0.99429121,0.95938935,0.99988175
cd/490288,seed2,115,5,0.97444634,0.98040886,0.07045834,6,24*,24*,1,0,0.5,0.95095238,0.99991323,0.99905492,0.9948286,0.95703088,0.99986118
cd/490288,seed2,120,5,0.99515347,0.99596123,0.01830141,6,24*,24*,1,0,0.5,0.95095238,0.99992868,0.99920593,0.99601262,0.93812972,0.9998223
cd/490288,seed3,100,5,0.675,0.75625,0.49652061,6,24*,24*,1,0,0.5,0.95095238,0.99852281,0.98847596,0.95794144,0.94318109,0.99872062
cd/490288,seed3,105,5,0.825,0.87361111,0.31193271,6,24*,24*,1,0,0.5,0.95095238,0.99964277,0.99687966,0.9828782,0.95703088,0.99976916
cd/490288,seed3,110,5,0.9382716,0.95524691,0.13499614,6,24*,24*,1,0,0.5,0.95095238,0.99987778,0.99874751,0.99286954,0.95938935,0.99991211
cd/490288,seed3,115,5,0.93357934,0.95387454,0.14007232,6,24*,24*,1,0,0.5,0.95095238,0.99987222,0.99872813,0.99268729,0.95703088,0.99987697
cd/490288,seed3,120,5,0.96984925,0.97738693,0.07878595,6,24*,24*,1,0,0.5,0.95095238,0.99990937,0.9990224,0.99460955,0.93812972,0.99986437
cd/490288,seed4,100,5,0.675,0.75625,0.49652061,6,24*,24*,1,0,0.5,0.95095238,0.99852281,0.98847596,0.95794144,0.94318109,0.99884206
cd/490288,seed4,105,5,0.83188406,0.87971014,0.29646204,6,24*,24*,1,0,0.5,0.95095238,0.99966531,0.99708517,0.9841344,0.95703088,0.99980446
cd/490288,seed4,110,5,0.89230769,0.92153846,0.21222681,6,24*,24*,1,0,0.5,0.95095238,0.99981112,0.99817379,0.98953766,0.95938935,0.99987631
cd/490288,seed4,115,5,0.94117647,0.96008403,0.12001981,6,24*,24*,1,0,0.5,0.95095238,0.99988109,0.99881351,0.99338136,0.95703088,0.99989649
cd/490288,seed4,120,5,0.96376812,0.97463768,0.08686596,6,24*,24*,1,0,0.5,0.95095238,0.999904,0.99899185,0.99438821,0.93812972,0.99986988
cd/490288,seed5,100,5,0.675,0.75625,0.49652061,6,24*,24*,1,0,0.5,0.95095238,0.99852281,0.98847596,0.95794144,0.94318109,0.99919276
cd/490288,seed5,105,5,0.86595174,0.90482574,0.24858638,6,24*,24*,1,0,0.5,0.95095238,0.99975758,0.99779854,0.98747431,0.95703088,0.99990175
cd/490288,seed5,110,5,0.90751445,0.93208092,0.19364504,6,24*,24*,1,0,0.5,0.95095238,0.99983645,0.99837692,0.99045845,0.95938935,0.99992551
cd/490288,seed5,115,5,0.91776316,0.93914474,0.17766004,6,24*,24*,1,0,0.5,0.95095238,0.99985158,0.99850025,0.99118603,0.95703088,0.99990967
cd/490288,seed5,120,5,0.95729537,0.97330961,0.08609967,6,24*,24*,1,0,0.5,0.95095238,0.99989793,0.99897675,0.99440958,0.93812972,0.9999035
cd/490290,seed1,100,5,0.17811705,0.51653944,0.67088246,5,40-,40-,1,1,0.5,0.95247059,0.85328833,0.87263473,0.90440627,0.94841585,0.87642505
cd/490290,seed1,105,5,0.08393443,0.48327869,0.66258829,5,40-,40-,1,1,0.5,0.95247059,0.70850474,0.82866424,0.90852321,0.9599007,0.78546618
cd/490290,seed1,110,5,0.21206581,0.57343083,0.56644746,5,40-,40-,1,1,0.5,0.95247059,0.88846185,0.92554298,0.94576435,0.95523798,0.89439579
cd/490290,seed1,115,5,0.41074426,0.6922216,0.4553076,5,40-,40-,1,1,0.5,0.95247059,0.98046187,0.97733478,0.97095395,0.95756992,0.98097979
cd/490290,seed1,120,5,0.48221344,0.73574252,0.39307847,5,40-,40-,1,1,0.5,0.95247059,0.98982643,0.98550997,0.97964289,0.94122849,0.98594313
cd/490290,seed2,100,5,0.17811705,0.51653944,0.67088246,5,40-,40-,1,1,0.5,0.95247059,0.85328833,0.87263473,0.90440627,0.94841585,0.81513511
cd/490290,seed2,105,5,0.10274455,0.51724138,0.59109594,5,40-,40+,0,1,0.5,0.95247059,0.74314652,0.87344938,0.93786719,0.9599007,0.73116765
cd/490290,seed2,110,5,0.06326034,0.51824818,0.50521572,5,40+,40-,0,1,0.5,0.95247059,0.66743595,0.87461007,0.96147557,0.95523798,0.56288439
cd/490290,seed2,115,5,0.03204661,0.51056082,0.46801378,5,40-,40-,1,1,0.5,0.95247059,0.60047655,0.86551322,0.96878064,0.95756992,0.47097522
cd/490290,seed2,120,5,0.04717567,0.52079454,0.45141595,5,40-,40+,0,1,0.5,0.95247059,0.63357969,0.877505,0.97158973,0.94122849,0.41532463
cd/490290,seed3,100,5,0.17811705,0.51653944,0.67088246,5,40-,40-,1,1,0.5,0.95247059,0.85328833,0.87263473,0.90440627,0.94841585,0.87523551
cd/490290,seed3,105,5,0.17358009,0.52265475,0.67024584,5,40-,40-,1,1,0.5,0.95247059,0.84794822,0.87958333,0.90472805,0.9599007,0.89428529
cd/490290,seed3,110,5,0.24813559,0.58779661,0.57666229,5,40-,40-,1,1,0.5,0.95247059,0.91753151,0.93526818,0.94261341,0.95523798,0.92178693
cd/490290,seed3,115,5,0.27767355,0.61851157,0.50945659,5,40-,40-,1,1,0.5,0.95247059,0.93601042,0.95222013,0.96054521,0.95756992,0.93539799
cd/490290,seed3,120,5,0.41639974,0.70275464,0.4131546,5,40-,40-,1,1,0.5,0.95247059,0.98144064,0.97965345,0.97716161,0.94122849,0.97383162
cd/490290,seed4,100,5,0.17811705,0.51653944,0.67088246,5,40-,40-,1,1,0.5,0.95247059,0.85328833,0.87263473,0.90440627,0.94841585,0.86352546
cd/490290,seed4,105,5,0.1514154,0.52205398,0.63920572,5,40-,40-,1,1,0.5,0.95247059,0.81954498,0.87891547,0.91928293,0.9599007,0.86084592
cd/490290,seed4,110,5,0.27924066,0.61420698,0.53459861,5,40-,40-,1,1,0.5,0.95247059,0.93687446,0.95012715,0.95457203,0.95523798,0.93450706
cd/490290,seed4,115,5,0.51988473,0.74755043,0.4134555,5,40-,40-,1,1,0.5,0.95247059,0.99280193,0.98717356,0.97712226,0.95756992,0.99232315
cd/490290,seed4,120,5,0.59151906,0.79173376,0.34335308,5,40-,40-,1,1,0.5,0.95247059,0.99628009,0.99188565,0.98470638,0.94122849,0.99435229
cd/490290,seed5,100,5,0.17811705,0.51653944,0.67088246,5,40-,40-,1,1,0.5,0.95247059,0.85328833,0.87263473,0.90440627,0.94841585,0.90972409
cd/490290,seed5,105,5,0.08985705,0.4894486,0.65753419,5,40-,40-,1,1,0.5,0.95247059,0.71970511,0.83764296,0.91095306,0.9599007,0.84620346
cd/490290,seed5,110,5,0.03613707,0.49034268,0.56308008,5,40-,40-,1,1,0.5,0.95247059,0.60953181,0.83891211,0.94676685,0.95523798,0.69481412
cd/490290,seed5,115,5,0.01484866,0.4882924,0.53022791,5,40-,40-,1,1,0.5,0.95247059,0.56171657,0.83598978,0.95566895,0.95756992,0.63356709
cd/490290,seed5,120,5,0.0320974,0.50415053,0.49811973,5,40-,40-,1,1,0.5,0.95247059,0.60058942,0.8575069,0.96298536,0.94122849,0.58463854
cd/490292,seed1,100,5,0.05232558,0.39825581,0.64510559,10,16+,44+,0,3,0.5,0.96752941,0.63250763,0.61165657,0.93259424,0.96709606,0.7475495
cd/490292,seed1,105,5,0.09189189,0.43175676,0.57979957,10,44+,44+,1,3,0.5,0.96752941,0.72130676,0.70291388,0.95603197,0.96473295,0.79500997
cd/490292,seed1,110,5,0.12215569,0.49041916,0.4902364,10,44+,44+,1,3,0.5,0.96752941,0.77954192,0.8283213,0.97585745,0.9740259,0.86961689
cd/490292,seed1,115,5,0.19425287,0.5591954,0.41076047,10,44+,44+,1,3,0.5,0.96752941,0.88146568,0.91752555,0.98592975,0.96705934,0.89727364
cd/490292,seed1,120,5,0.03798883,0.49441341,0.39014783,10,44+,16+,0,3,0.5,0.96752941,0.59752554,0.83511126,0.98777795,0.96473295,0.58476478
cd/490292,seed2,100,5,0.05232558,0.39825581,0.64510559,10,16+,44+,0,3,0.5,0.96752941,0.63250763,0.61165657,0.93259424,0.96709606,0.53140234
cd/490292,seed2,105,5,0.05932203,0.38064972,0.59526951,10,44+,16+,0,3,0.5,0.96752941,0.64910996,0.55981768,0.95130397,0.96473295,0.51378671
cd/490292,seed2,110,5,0.09774436,0.37907268,0.58165307,10,16+,16+,1,3,0.5,0.96752941,0.73327387,0.55509193,0.95548945,0.9740259,0.66432244
cd/490292,seed2,115,5,0.13377926,0.43199554,0.52832169,10,16+,16*,0,3,0.5,0.96752941,0.79944802,0.70351921,0.96880153,0.96705934,0.64001012
cd/490292,seed2,120,5,0.0292581,0.35475444,0.51107952,10,16*,44+,0,3,0.5,0.96752941,0.57569951,0.48147742,0.97221422,0.96473295,0.32988615
cd/490292,seed3,100,5,0.05232558,0.39825581,0.64510559,10,16+,44+,0,3,0.5,0.96752941,0.63250763,0.61165657,0.93259424,0.96709606,0.70889644
cd/490292,seed3,105,5,0.11413748,0.45201038,0.56201085,10,44+,44+,1,3,0.5,0.96752941,0.76500609,0.75161238,0.96092724,0.96473295,0.80096723
cd/490292,seed3,110,5,0.12915129,0.46555966,0.51573565,10,44+,44+,1,3,0.5,0.96752941,0.79168787,0.78105269,0.97133011,0.9740259,0.8550956
cd/490292,seed3,115,5,0.13253012,0.48493976,0.4913598,10,44+,44+,1,3,0.5,0.96752941,0.79737503,0.81864868,0.97567355,0.96705934,0.79027891
cd/490292,seed3,120,5,0.18296893,0.51611047,0.46600375,10,44+,16+,0,3,0.5,0.96752941,0.86875967,0.86828108,0.97950957,0.96473295,0.8405264
cd/490292,seed4,100,5,0.05232558,0.39825581,0.64510559,10,16+,44+,0,3,0.5,0.96752941,0.63250763,0.61165657,0.93259424,0.96709606,0.65186432
cd/490292,seed4,105,5,0.07427056,0.43037135,0.56739378,10,44+,44+,1,3,0.5,0.96752941,0.68336114,0.69938772,0.95950384,0.96473295,0.67103567
cd/490292,seed4,110,5,0.3765586,0.58416459,0.498106,10,44+,44+,1,3,0.5,0.96752941,0.97988785,0.93775959,0.97454013,0.9740259,0.98366971
cd/490292,seed4,115,5,0.3938706,0.63734393,0.41571397,10,44+,44+,1,3,0.5,0.96752941,0.98312024,0.9663805,0.98544604,0.96705934,0.97801935
cd/490292,seed4,120,5,0.43487395,0.69485294,0.3430279,10,44+,44+,1,3,0.5,0.96752941,0.98887525,0.98299347,0.99114966,0.96473295,0.98257532
cd/490292,seed5,100,5,0.05232558,0.39825581,0.64510559,10,16+,44+,0,3,0.5,0.96752941,0.63250763,0.61165657,0.93259424,0.96709606,0.72533626
cd/490292,seed5,105,5,0.10714286,0.4292328,0.59207901,10,44+,44+,1,3,0.5,0.96752941,0.75179405,0.69647208,0.95231699,0.96473295,0.80223145
cd/490292,seed5,110,5,0.11749681,0.48339719,0.50272015,10,44+,44+,1,3,0.5,0.96752941,0.77117571,0.81585025,0.97373547,0.9740259,0.84997222
cd/490292,seed5,115,5,0.12345679,0.51049383,0.44705442,10,44+,44+,1,3,0.5,0.96752941,0.78183881,0.86028038,0.98198326,0.96705934,0.78798631
cd/490292,seed5,120,5,0.06321839,0.48563218,0.43521714,10,44+,44+,1,3,0.5,0.96752941,0.65820473,0.81989402,0.98337721,0.96473295,0.62047568
cd/490296,seed1,100,5,0.36073059,0.61415525,0.53993004,8,99-,99-,1,4,0.5,0.95388235,0.97016183,0.95182273,0.95275596,0.94846564,0.97594585
cd/490296,seed1,105,5,0.42380423,0.64571746,0.50885776,8,99-,99-,1,4,0.5,0.95388235,0.9829287,0.96534382,0.95958938,0.95290546,0.98930541
cd/490296,seed1,110,5,0.57290589,0.73578077,0.40929189,8,99-,99-,1,4,0.5,0.95388235,0.99552176,0.98670836,0.9756587,0.95523842,0.9966552
cd/490296,seed1,115,5,0.6191446,0.76731161,0.36672336,8,99-,99-,1,4,0.5,0.95388235,0.99704993,0.99053285,0.98044484,0.9622306,0.99791792
cd/490296,seed1,120,5,0.57957958,0.75625626,0.36035421,8,99-,99-,1,4,0.5,0.95388235,0.99578341,0.98933526,0.9810767,0.95057173,0.99526453
cd/490296,seed2,100,5,0.36073059,0.61415525,0.53993004,8,99-,99-,1,4,0.5,0.95388235,0.97016183,0.95182273,0.95275596,0.94846564,0.95215153
cd/490296,seed2,105,5,0.49223947,0.69124169,0.46185822,8,99-,99-,1,4,0.5,0.95388235,0.99074395,0.97859482,0.96815588,0.95290546,0.98847263
cd/490296,seed2,110,5,0.60638298,0.74414894,0.40717605,8,99-,99-,1,4,0.5,0.95388235,0.99668953,0.98785138,0.97592152,0.95523842,0.99501333
cd/490296,seed2,115,5,0.59672467,0.7272262,0.41663831,8,99-,99-,1,4,0.5,0.95388235,0.99638788,0.98543028,0.97472428,0.9622306,0.99478682
cd/490296,seed2,120,5,0.6432212,0.76809378,0.3669538,8,99-,99-,1,4,0.5,0.95388235,0.99762673,0.99061234,0.9804216,0.95057173,0.99466177
cd/490296,seed3,100,5,0.36073059,0.61415525,0.53993004,8,99-,99-,1,4,0.5,0.95388235,0.97016183,0.95182273,0.95275596,0.94846564,0.97655085
cd/490296,seed3,105,5,0.44782609,0.66902174,0.47924411,8,99-,99-,1,4,0.5,0.95388235,0.98622164,0.97289736,0.96521363,0.95290546,0.99164753
cd/490296,seed3,110,5,0.54771784,0.73184647,0.4145851,8,99-,99-,1,4,0.5,0.95388235,0.99438022,0.98613491,0.9749889,0.95523842,0.99588417
cd/490296,seed3,115,5,0.56956957,0.73523524,0.41248916,8,99-,99-,1,4,0.5,0.95388235,0.99538496,0.98663027,0.97525624,0.9622306,0.99678673
cd/490296,seed3,120,5,0.4720314,0.68547596,0.43565342,8,99-,99-,1,4,0.5,0.95388235,0.98890483,0.97724009,0.97214053,0.95057173,0.98755119
cd/490296,seed4,100,5,0.36073059,0.61415525,0.53993004,8,99-,99-,1,4,0.5,0.95388235,0.97016183,0.95182273,0.95275596,0.94846564,0.96942441
cd/490296,seed4,105,5,0.40777778,0.63722222,0.50807396,8,99-,99-,1,4,0.5,0.95388235,0.9803134,0.96211387,0.95974889,0.95290546,0.9841964
cd/490296,seed4,110,5,0.60742972,0.75753012,0.39810865,8,99-,99-,1,4,0.5,0.95388235,0.99672067,0.98948056,0.97701681,0.95523842,0.99689472
cd/490296,seed4,115,5,0.69329389,0.81607495,0.31856606,8,99-,99-,1,4,0.5,0.95388235,0.99849098,0.99440986,0.98475262,0.9622306,0.99866227
cd/490296,seed4,120,5,0.69794721,0.82649071,0.29233364,8,99-,99-,1,4,0.5,0.95388235,0.99855319,0.99500598,0.98669098,0.95057173,0.9979795
cd/490296,seed5,100,5,0.36073059,0.61415525,0.53993004,8,99-,99-,1,4,0.5,0.95388235,0.97016183,0.95182273,0.95275596,0.94846564,0.97946757
cd/490296,seed5,105,5,0.36022099,0.6160221,0.51928983,8,99-,99-,1,4,0.5,0.95388235,0.97002788,0.95274595,0.95740788,0.95290546,0.98366083
cd/490296,seed5,110,5,0.50863931,0.70140389,0.44440438,8,99-,99-,1,4,0.5,0.95388235,0.99201177,0.98079303,0.97086689,0.95523842,0.99483716
cd/490296,seed5,115,5,0.6008273,0.75956567,0.38223573,8,99-,99-,1,4,0.5,0.95388235,0.99651922,0.98970868,0.97881817,0.9622306,0.99790022
cd/490296,seed5,120,5,0.629667,0.77144299,0.36162434,8,99-,99-,1,4,0.5,0.95388235,0.99731747,0.99094534,0.98095232,0.95057173,0.99746683
cd/490297,seed1,100,5,0.02754821,0.50413223,0.70510051,3,30+,22+,0,4,0.5,0.95388235,0.61371545,0.85643899,0.89431093,0.94846564,0.64653129
cd/490297,seed1,105,5,0.16698534,0.57680051,0.67421451,3,22+,30+,0,4,0.5,0.95388235,0.84893765,0.92936199,0.90870738,0.95290546,0.89457299
cd/490297,seed1,110,5,0.06856479,0.5293434,0.67299852,3,30+,30+,1,4,0.5,0.95388235,0.697322,0.88699591,0.90923642,0.95523842,0.73215833
cd/490297,seed1,115,5,0.15577627,0.56717198,0.7003398,3,30+,22+,0,4,0.5,0.95388235,0.83544725,0.92216515,0.8966537,0.9622306,0.86553417
cd/490297,seed1,120,5,0.07095793,0.52458186,0.71035688,3,22+,22+,1,4,0.5,0.95388235,0.70187872,0.88169631,0.89166997,0.95057173,0.64947044
cd/490297,seed2,100,5,0.02754821,0.50413223,0.70510051,3,30+,22+,0,4,0.5,0.95388235,0.61371545,0.85643899,0.89431093,0.94846564,0.47287969
cd/490297,seed2,105,5,0.37508948,0.68217609,0.61181517,3,22+,22+,1,4,0.5,0.95388235,0.97370603,0.97642743,0.93251968,0.95290546,0.96648602
cd/490297,seed2,110,5,0.46120996,0.72669039,0.56621795,3,22+,22+,1,4,0.5,0.95388235,0.98777586,0.98534632,0.9461301,0.95523842,0.98102701
cd/490297,seed2,115,5,0.32279758,0.66106254,0.58727239,3,22+,22+,1,4,0.5,0.95388235,0.95843295,0.97051717,0.94020086,0.9622306,0.93721872
cd/490297,seed2,120,5,0.04159021,0.51926606,0.64710673,3,22+,30+,0,4,0.5,0.95388235,0.64340672,0.87552693,0.91986308,0.95057173,0.4088113
cd/490297,seed3,100,5,0.02754821,0.50413223,0.70510051,3,30+,22+,0,4,0.5,0.95388235,0.61371545,0.85643899,0.89431093,0.94846564,0.65247131
cd/490297,seed3,105,5,0.09878127,0.54201411,0.68705579,3,22+,22+,1,4,0.5,0.95388235,0.75182077,0.90009871,0.90294928,0.95290546,0.82200406
cd/490297,seed3,110,5,0.11495601,0.55190616,0.67350345,3,22+,22+,1,4,0.5,0.95388235,0.7781459,0.90937149,0.90901708,0.95523842,0.81202569
cd/490297,seed3,115,5,0.0591133,0.52599891,0.66332226,3,22+,30+,0,4,0.5,0.95388235,0.67894875,0.88329559,0.91334869,0.9622306,0.72888406
cd/490297,seed3,120,5,0.02106372,0.50500263,0.67910059,3,30+,22+,0,4,0.5,0.95388235,0.59969777,0.85759981,0.90655357,0.95057173,0.54455355
cd/490297,seed4,100,5,0.02754821,0.50413223,0.70510051,3,30+,22+,0,4,0.5,0.95388235,0.61371545,0.85643899,0.89431093,0.94846564,0.58836919
cd/490297,seed4,105,5,0.25209003,0.6192926,0.6578883,3,22+,30+,0,4,0.5,0.95388235,0.92395677,0.95432292,0.91558343,0.95290546,0.9360385
cd/490297,seed4,110,5,0.16871705,0.57937903,0.66229994,3,30+,30+,1,4,0.5,0.95388235,0.85093874,0.9311823,0.91377317,0.95523842,0.84430585
cd/490297,seed4,115,5,0.24825363,0.61848469,0.65140883,3,30+,30+,1,4,0.5,0.95388235,0.92147832,0.95393808,0.91817967,0.9622306,0.92241815
cd/490297,seed4,120,5,0.40746344,0.69944528,0.59190757,3,30+,30+,1,4,0.5,0.95388235,0.98025836,0.98038731,0.93881578,0.95057173,0.97069625
cd/490297,seed5,100,5,0.02754821,0.50413223,0.70510051,3,30+,22+,0,4,0.5,0.95388235,0.61371545,0.85643899,0.89431093,0.94846564,0.68259668
cd/490297,seed5,105,5,0.27120908,0.62725451,0.6631846,3,22+,22+,1,4,0.5,0.95388235,0.93526856,0.95795504,0.91340596,0.95290546,0.96337545
cd/490297,seed5,110,5,0.15905045,0.57388724,0.66836001,3,22+,22+,1,4,0.5,0.95388235,0.83948496,0.9272519,0.9112292,0.95523842,0.88176021
cd/490297,seed5,115,5,0.11104816,0.54787535,0.6875884,3,22+,30+,0,4,0.5,0.95388235,0.77197342,0.90569038,0.90270359,0.9622306,0.83311667
cd/490297,seed5,120,5,0.0205739,0.50730915,0.66015742,3,30+,30+,1,4,0.5,0.95388235,0.59863193,0.8606381,0.91465668,0.95057173,0.5768713
cd/490303,seed1,100,5,0.07582938,0.29620853,0.81304828,8,68+,68+,1,3,0.5,0.96752941,0.68682865,0.31318447,0.8122407,0.96709606,0.79104706
cd/490303,seed1,105,5,0.17189315,0.37688734,0.76414182,8,68+,68+,1,3,0.5,0.96752941,0.85518186,0.54852703,0.85853764,0.96473295,0.89949004
cd/490303,seed1,110,5,0.16666667,0.4280303,0.6766681,8,68+,68+,1,3,0.5,0.96752941,0.8483793,0.69337544,0.91749168,0.9740259,0.91394683
cd/490303,seed1,115,5,0.17311609,0.48523422,0.59728077,8,68+,16+,0,3,0.5,0.96752941,0.85673652,0.81917909,0.95065491,0.96705934,0.87505021
cd/490303,seed1,120,5,0.04545455,0.43626482,0.56604238,8,16+,16+,1,3,0.5,0.96752941,0.61589095,0.71422048,0.95986579,0.96473295,0.60357816
cd/490303,seed2,100,5,0.07582938,0.29620853,0.81304828,8,68+,68+,1,3,0.5,0.96752941,0.68682865,0.31318447,0.8122407,0.96709606,0.5918064
cd/490303,seed2,105,5,0.15731707,0.36768293,0.7590807,8,68+,68+,1,3,0.5,0.96752941,0.83555821,0.52071722,0.8627396,0.96473295,0.74638244
cd/490303,seed2,110,5,0.07808564,0.3872796,0.69139846,8,68+,68+,1,3,0.5,0.96752941,0.69181074,0.57955683,0.90943631,0.9740259,0.61707289
cd/490303,seed2,115,5,0.09382716,0.47469136,0.5496222,8,68+,68+,1,3,0.5,0.96752941,0.72530027,0.79942957,0.964023,0.96705934,0.5393749
cd/490303,seed2,120,5,0.15679012,0.55123457,0.43461701,8,68+,68+,1,3,0.5,0.96752941,0.8348103,0.90990642,0.98344499,0.96473295,0.65118954
cd/490303,seed3,100,5,0.07582938,0.29620853,0.81304828,8,68+,68+,1,3,0.5,0.96752941,0.68682865,0.31318447,0.8122407,0.96709606,0.75688807
cd/490303,seed3,105,5,0.15730337,0.36235955,0.76421516,8,68+,68+,1,3,0.5,0.96752941,0.8355388,0.50456337,0.85847597,0.96473295,0.86336483
cd/490303,seed3,110,5,0.03093923,0.32541436,0.71721951,8,68+,68+,1,3,0.5,0.96752941,0.57992801,0.39400356,0.89359711,0.9740259,0.67887813
cd/490303,seed3,115,5,0.12839248,0.4065762,0.65819742,8,68+,68+,1,3,0.5,0.96752941,0.79039461,0.63537537,0.92666879,0.96705934,0.78302128
cd/490303,seed3,120,5,0.08695652,0.40798787,0.63390046,8,68+,16+,0,3,0.5,0.96752941,0.71096283,0.63933866,0.93730979,0.96473295,0.65895092
cd/490303,seed4,100,5,0.07582938,0.29620853,0.81304828,8,68+,68+,1,3,0.5,0.96752941,0.68682865,0.31318447,0.8122407,0.96709606,0.70535027
cd/490303,seed4,105,5,0.10440835,0.32772622,0.77483612,8,68+,68+,1,3,0.5,0.96752941,0.74649557,0.40072809,0.84930549,0.96473295,0.7365037
cd/490303,seed4,110,5,0.21574973,0.43851133,0.68847577,8,68+,68+,1,3,0.5,0.96752941,0.90273896,0.71975752,0.91108897,0.9740259,0.91815093
cd/490303,seed4,115,5,0.29333333,0.50820513,0.60423777,8,68+,68+,1,3,0.5,0.96752941,0.95382269,0.85690522,0.94834602,0.96705934,0.93960457
cd/490303,seed4,120,5,0.25885827,0.53100394,0.55161927,8,68+,68+,1,3,0.5,0.96752941,0.93538559,0.88762962,0.96354042,0.96473295,0.89957973
cd/490303,seed5,100,5,0.07582938,0.29620853,0.81304828,8,68+,68+,1,3,0.5,0.96752941,0.68682865,0.31318447,0.8122407,0.96709606,0.77149125
cd/490303,seed5,105,5,0.1108545,0.34006928,0.77323944,8,68+,68+,1,3,0.5,0.96752941,0.75886626,0.43720756,0.85071469,0.96473295,0.80831432
cd/490303,seed5,110,5,0.13681869,0.39655172,0.71500664,8,68+,68+,1,3,0.5,0.96752941,0.80442554,0.60672859,0.89504489,0.9740259,0.87394913
cd/490303,seed5,115,5,0.16207627,0.43802966,0.66218462,8,68+,68+,1,3,0.5,0.96752941,0.84219013,0.71857586,0.92477091,0.96705934,0.84767526
cd/490303,seed5,120,5,0.07580478,0.43354102,0.61208445,8,68+,68+,1,3,0.5,0.96752941,0.68677409,0.70741981,0.9456194,0.96473295,0.65092814
cd/490304,seed1,100,5,0.78899083,0.87155963,0.42519365,3,76-,76-,1,0,0.5,0.95095238,0.99949766,0.99680734,0.97019805,0.94318109,0.99955246
cd/490304,seed1,105,5,0.80668258,0.88066826,0.40490658,3,76-,76-,1,0,0.5,0.95095238,0.99957512,0.99711621,0.97299937,0.95703088,0.99971244
cd/490304,seed1,110,5,0.8009828,0.88206388,0.39690171,3,76-,76-,1,0,0.5,0.95095238,0.99955157,0.99716082,0.97403281,0.95938935,0.99965673
cd/490304,seed1,115,5,0.84039088,0.90228013,0.34976971,3,76-,76-,1,0,0.5,0.95095238,0.99969121,0.99773499,0.97937976,0.95703088,0.99968541
cd/490304,seed1,120,5,0.89361702,0.93191489,0.26880912,3,76-,76-,1,0,0.5,0.95095238,0.99981345,0.99837391,0.98615779,0.93812972,0.99970532
cd/490304,seed2,100,5,0.78899083,0.87155963,0.42519365,3,76-,76-,1,0,0.5,0.95095238,0.99949766,0.99680734,0.97019805,0.94318109,0.9992845
cd/490304,seed2,105,5,0.77623762,0.86138614,0.45044636,3,76-,76-,1,0,0.5,0.95095238,0.9994332,0.99642324,0.9663158,0.95703088,0.99938412
cd/490304,seed2,110,5,0.85358255,0.90654206,0.34080537,3,76-,76-,1,0,0.5,0.95095238,0.99972746,0.99784038,0.98026713,0.95938935,0.9996688
cd/490304,seed2,115,5,0.79338843,0.88429752,0.38083571,3,76-,76-,1,0,0.5,0.95095238,0.99951814,0.9972308,0.97599204,0.95703088,0.99921019
cd/490304,seed2,120,5,0.50793651,0.74603175,0.56983573,3,76-,76-,1,0,0.5,0.95095238,0.99285308,0.98709613,0.94039523,0.93812972,0.98119976
cd/490304,seed3,100,5,0.78899083,0.87155963,0.42519365,3,76-,76-,1,0,0.5,0.95095238,0.99949766,0.99680734,0.97019805,0.94318109,0.99957164
cd/490304,seed3,105,5,0.91081594,0.943074,0.23427257,3,76-,76-,1,0,0.5,0.95095238,0.99984149,0.99856475,0.98833065,0.95703088,0.99989876
cd/490304,seed3,110,5,0.88888889,0.92743764,0.28251248,3,76-,76-,1,0,0.5,0.95095238,0.99980491,0.9982904,0.98518907,0.95938935,0.99985876
cd/490304,seed3,115,5,0.92054795,0.95068493,0.20885281,3,76-,76-,1,0,0.5,0.95095238,0.99985544,0.99868191,0.98971115,0.95703088,0.99986056
cd/490304,seed3,120,5,0.86772487,0.92592593,0.27538327,3,76-,76-,1,0,0.5,0.95095238,0.99976162,0.99826124,0.9857011,0.93812972,0.99963833
cd/490304,seed4,100,5,0.78899083,0.87155963,0.42519365,3,76-,76-,1,0,0.5,0.95095238,0.99949766,0.99680734,0.97019805,0.94318109,0.99961233
cd/490304,seed4,105,5,0.78841871,0.87082405,0.42724417,3,76-,76-,1,0,0.5,0.95095238,0.99949493,0.99678101,0.9698997,0.95703088,0.99970316
cd/490304,seed4,110,5,0.88,0.92470588,0.28943902,3,76-,76-,1,0,0.5,0.95095238,0.99978778,0.99823735,0.9846743,0.95938935,0.99986079
cd/490304,seed4,115,5,0.83516484,0.9047619,0.33675907,3,76-,76-,1,0,0.5,0.95095238,0.99967554,0.99779697,0.98065531,0.95703088,0.99971347
cd/490304,seed4,120,5,0.87431694,0.92349727,0.29128089,3,76-,76-,1,0,0.5,0.95095238,0.99977604,0.99821337,0.98453448,0.93812972,0.99969277
cd/490304,seed5,100,5,0.78899083,0.87155963,0.42519365,3,76-,76-,1,0,0.5,0.95095238,0.99949766,0.99680734,0.97019805,0.94318109,0.99972981
cd/490304,seed5,105,5,0.85783133,0.91325301,0.32011612,3,76-,76-,1,0,0.5,0.95095238,0.99973821,0.9979965,0.9821747,0.95703088,0.99989378
cd/490304,seed5,110,5,0.84468665,0.89645777,0.36825282,3,76-,76-,1,0,0.5,0.95095238,0.99970351,0.99758267,0.97742512,0.95938935,0.99986381
cd/490304,seed5,115,5,0.82251082,0.88744589,0.39003887,3,76-,76-,1,0,0.5,0.95095238,0.99963425,0.99732653,0.97488808,0.95703088,0.9997745
cd/490304,seed5,120,5,0.77300613,0.86503067,0.43704893,3,76-,76-,1,0,0.5,0.95095238,0.9994156,0.99656587,0.96843265,0.93812972,0.99943352
cd/490305,seed1,100,5,0.66666667,0.83333333,0.65002242,2,15*,15*,1,3,0.5,0.96752941,0.99897022,0.99679268,0.93042281,0.96709606,0.99945092
cd/490305,seed1,105,5,0.44047619,0.7202381,0.85512619,2,15*,15*,1,3,0.5,0.96752941,0.9894931,0.98744938,0.76374936,0.96473295,0.99329928
cd/490305,seed1,110,5,0.66071429,0.83035714,0.65688713,2,15*,15*,1,3,0.5,0.96752941,0.99890511,0.996675,0.9272828,0.9740259,0.99946174
cd/490305,seed1,115,5,0.64,0.82,0.68007705,2,15*,15*,1,3,0.5,0.96752941,0.99864476,0.99623092,0.91568754,0.96705934,0.99891628
cd/490305,seed1,120,5,0.83333333,0.91666667,0.41381685,2,15*,3*,0,3,0.5,0.96752941,0.99981516,0.99883206,0.9856332,0.96473295,0.99982584
cd/490305,seed2,100,5,0.66666667,0.83333333,0.65002242,2,15*,15*,1,3,0.5,0.96752941,0.99897022,0.99679268,0.93042281,0.96709606,0.9985675
cd/490305,seed2,105,5,0.57692308,0.78846154,0.74441318,2,15*,15*,1,3,0.5,0.96752941,0.99740623,0.99448117,0.87432696,0.96473295,0.99578616
cd/490305,seed2,110,5,0.28125,0.640625,0.94216317,2,15*,15*,1,3,0.5,0.96752941,0.94801424,0.96765155,0.63895289,0.9740259,0.930902
cd/490305,seed2,115,5,0.22222222,0.61111111,0.96407876,2,15*,15*,1,3,0.5,0.96752941,0.90844312,0.95434033,0.60327,0.96705934,0.81754748
cd/490305,seed2,120,5,0.28571429,0.64285714,0.94028596,2,15*,15*,1,3,0.5,0.96752941,0.95023656,0.96848958,0.64194533,0.96473295,0.87780378
cd/490305,seed3,100,5,0.66666667,0.83333333,0.65002242,2,15*,15*,1,3,0.5,0.96752941,0.99897022,0.99679268,0.93042281,0.96709606,0.9993324
cd/490305,seed3,105,5,0.60674157,0.80337079,0.71513508,2,15*,15*,1,3,0.5,0.96752941,0.99809145,0.99539115,0.89496134,0.96473295,0.99855915
cd/490305,seed3,110,5,0.62222222,0.81111111,0.69914131,2,15*,15*,1,3,0.5,0.96752941,0.99837256,0.99580299,0.90492369,0.9740259,0.99902173
cd/490305,seed3,115,5,0.61111111,0.80555556,0.71067685,2,15*,15*,1,3,0.5,0.96752941,0.99817538,0.99551131,0.89782743,0.96705934,0.99821894
cd/490305,seed3,120,5,0.625,0.8125,0.69621226,2,15*,15*,1,3,0.5,0.96752941,0.99841844,0.99587291,0.90665397,0.96473295,0.99813436
cd/490305,seed4,100,5,0.66666667,0.83333333,0.65002242,2,15*,15*,1,3,0.5,0.96752941,0.99897022,0.99679268,0.93042281,0.96709606,0.99913193
cd/490305,seed4,105,5,0.59210526,0.79605263,0.72975293,2,15*,15*,1,3,0.5,0.96752941,0.99778124,0.99496485,0.88506132,0.96473295,0.99781796
cd/490305,seed4,110,5,0.6741573,0.83707865,0.64125277,2,15*,15*,1,3,0.5,0.96752941,0.99904669,0.99693489,0.93425166,0.9740259,0.99926049
cd/490305,seed4,115,5,0.78787879,0.89393939,0.48791799,2,15*,15*,1,3,0.5,0.96752941,0.99970469,0.99846131,0.9762327,0.96705934,0.99963438
cd/490305,seed4,120,5,0.5,0.75,0.81127812,2,15*,3*,0,3,0.5,0.96752941,0.99428485,0.99122356,0.81410238,0.96473295,0.991102
cd/490305,seed5,100,5,0.66666667,0.83333333,0.65002242,2,15*,15*,1,3,0.5,0.96752941,0.99897022,0.99679268,0.93042281,0.96709606,0.99938435
cd/490305,seed5,105,5,0.72115385,0.86057692,0.58272591,2,15*,15*,1,3,0.5,0.96752941,0.99941258,0.99769423,0.95517252,0.96473295,0.99959773
cd/490305,seed5,110,5,0.58333333,0.79166667,0.73828487,2,15*,15*,1,3,0.5,0.96752941,0.99757172,0.99469079,0.87891493,0.9740259,0.998646
cd/490305,seed5,115,5,0.475,0.7375,0.83049552,2,15*,15*,1,3,0.5,0.96752941,0.99261675,0.98979917,0.79312322,0.96705934,0.99322138
cd/490305,seed5,120,5,0.1875,0.59375,0.9744894,2,15*,15*,1,3,0.5,0.96752941,0.87399528,0.94421885,0.5858996,0.96473295,0.8569967
cd/490306,seed1,100,5,0.78571429,0.89285714,0.49123734,2,50-,50-,1,0,0.5,0.95095238,0.99948183,0.99748341,0.95899462,0.94318109,0.99953816
cd/490306,seed1,105,5,0.75324675,0.87662338,0.5389896,2,50-,50-,1,0,0.5,0.95095238,0.99929542,0.99698291,0.94848734,0.95703088,0.99951963
cd/490306,seed1,110,5,0.75555556,0.87777778,0.53571502,2,50-,50-,1,0,0.5,0.95095238,0.99931065,0.99702156,0.94928271,0.95938935,0.99946903
cd/490306,seed1,115,5,0.79166667,0.89583333,0.48206615,2,50-,50-,1,0,0.5,0.95095238,0.99951022,0.99756574,0.96076313,0.95703088,0.99949773
cd/490306,seed1,120,5,0.91666667,0.95833333,0.24988229,2,50-,50-,1,0,0.5,0.95095238,0.99985003,0.99879003,0.98739378,0.93812972,0.99976383
cd/490306,seed2,100,5,0.78571429,0.89285714,0.49123734,2,50-,50-,1,0,0.5,0.95095238,0.99948183,0.99748341,0.95899462,0.94318109,0.99926164
cd/490306,seed2,105,5,0.796875,0.8984375,0.47392912,2,50-,50-,1,0,0.5,0.95095238,0.99953378,0.99763558,0.96227078,0.95703088,0.99949482
cd/490306,seed2,110,5,0.66666667,0.83333333,0.65002242,2,50-,50-,1,0,0.5,0.95095238,0.99840169,0.99510874,0.91348846,0.95938935,0.99800856
cd/490306,seed2,115,5,0.25,0.625,0.954434,2,50-,50-,1,0,0.5,0.95095238,0.92350999,0.95171537,0.69688584,0.95703088,0.87247432
cd/490306,seed2,120,5,0.5,0.75,0.81127812,2,50-,50-,1,0,0.5,0.95095238,0.99229947,0.98765036,0.82483153,0.93812972,0.97974056
cd/490306,seed3,100,5,0.78571429,0.89285714,0.49123734,2,50-,50-,1,0,0.5,0.95095238,0.99948183,0.99748341,0.95899462,0.94318109,0.99955795
cd/490306,seed3,105,5,0.75,0.875,0.54356444,2,50-,50-,1,0,0.5,0.95095238,0.99927343,0.9969277,0.94735638,0.95703088,0.99952565
cd/490306,seed3,110,5,0.82,0.91,0.43646982,2,50-,50-,1,0,0.5,0.95095238,0.99962545,0.99792228,0.96852119,0.95938935,0.99972629
cd/490306,seed3,115,5,0.89655172,0.94827586,0.29367631,2,50-,50-,1,0,0.5,0.95095238,0.99981856,0.9986459,0.98435076,0.95703088,0.99982442
cd/490306,seed3,120,5,0.64285714,0.82142857,0.67694187,2,50-,50-,1,0,0.5,0.95095238,0.99799822,0.9944147,0.9022238,0.93812972,0.99687219
cd/490306,seed4,100,5,0.78571429,0.89285714,0.49123734,2,50-,50-,1,0,0.5,0.95095238,0.99948183,0.99748341,0.95899462,0.94318109,0.99959994
cd/490306,seed4,105,5,0.76056338,0.88028169,0.52855061,2,50-,50-,1,0,0.5,0.95095238,0.99934256,0.99710372,0.95098253,0.95703088,0.99961212
cd/490306,seed4,110,5,0.85106383,0.92553191,0.38238068,2,50-,50-,1,0,0.5,0.95095238,0.99972089,0.99825356,0.97581008,0.95938935,0.99981619
cd/490306,seed4,115,5,0.85714286,0.92857143,0.37123233,2,50-,50-,1,0,0.5,0.95095238,0.9997365,0.99831194,0.97709352,0.95703088,0.999768
cd/490306,seed4,120,5,0.66666667,0.83333333,0.65002242,2,50-,50-,1,0,0.5,0.95095238,0.99840169,0.99510874,0.91348846,0.93812972,0.99774616
cd/490306,seed5,100,5,0.78571429,0.89285714,0.49123734,2,50-,50-,1,0,0.5,0.95095238,0.99948183,0.99748341,0.95899462,0.94318109,0.99972117
cd/490306,seed5,105,5,0.77922078,0.88961039,0.50109002,2,50-,50-,1,0,0.5,0.95095238,0.99944898,0.99739042,0.95700976,0.95703088,0.99977401
cd/490306,seed5,110,5,0.73214286,0.86607143,0.5681147,2,50-,50-,1,0,0.5,0.95095238,0.99913966,0.99660554,0.9408765,0.95938935,0.99959861
cd/490306,seed5,115,5,0.77272727,0.88636364,0.51078782,2,50-,50-,1,0,0.5,0.95095238,0.99941405,0.997294,0.9549667,0.95703088,0.99963627
cd/490306,seed5,120,5,0.78571429,0.89285714,0.49123734,2,50-,50-,1,0,0.5,0.95095238,0.99948183,0.99748341,0.95899462,0.93812972,0.99949859
cd/490307,seed1,100,5,0.57327586,0.70043103,0.50131231,8,72-,72-,1,4,0.5,0.95388235,0.99553668,0.98059255,0.96110012,0.94846564,0.99659874
cd/490307,seed1,105,5,0.61290323,0.73248053,0.45695453,8,72-,72-,1,4,0.5,0.95388235,0.99687883,0.98622895,0.96894128,0.95290546,0.99814177
cd/490307,seed1,110,5,0.63280423,0.76984127,0.38788854,8,72-,72-,1,4,0.5,0.95388235,0.99739244,0.99078757,0.97819307,0.95523842,0.99808127
cd/490307,seed1,115,5,0.77520161,0.86643145,0.2573358,8,72-,72-,1,4,0.5,0.95388235,0.99928097,0.9967609,0.98890316,0.9622306,0.99951163
cd/490307,seed1,120,5,0.8189911,0.89564787,0.20956717,8,72-,72-,1,4,0.5,0.95388235,0.99951633,0.99764111,0.99134656,0.95057173,0.99948711
cd/490307,seed2,100,5,0.57327586,0.70043103,0.50131231,8,72-,72-,1,4,0.5,0.95388235,0.99553668,0.98059255,0.96110012,0.94846564,0.99308956
cd/490307,seed2,105,5,0.63605442,0.74886621,0.42431241,8,72-,72-,1,4,0.5,0.95388235,0.99746792,0.98845235,0.97371088,0.95290546,0.99694893
cd/490307,seed2,110,5,0.75553214,0.85089568,0.27637673,8,72-,72-,1,4,0.5,0.95388235,0.99914082,0.99616646,0.98774896,0.95523842,0.99875002
cd/490307,seed2,115,5,0.6993737,0.83977035,0.25423356,8,72-,72-,1,4,0.5,0.95388235,0.99857174,0.99567514,0.98908074,0.9622306,0.99798714
cd/490307,seed2,120,5,0.76215098,0.87745605,0.19764794,8,72-,72-,1,4,0.5,0.95388235,0.99919079,0.99712609,0.99186798,0.95057173,0.99822787
cd/490307,seed3,100,5,0.57327586,0.70043103,0.50131231,8,72-,72-,1,4,0.5,0.95388235,0.99553668,0.98059255,0.96110012,0.94846564,0.99668605
cd/490307,seed3,105,5,0.6177437,0.74424973,0.43454932,8,72-,72-,1,4,0.5,0.95388235,0.99701236,0.98786454,0.97229733,0.95290546,0.99826911
cd/490307,seed3,110,5,0.7357513,0.82746114,0.32536507,8,72-,72-,1,4,0.5,0.95388235,0.99897236,0.99505819,0.98420643,0.95523842,0.99928168
cd/490307,seed3,115,5,0.7420999,0.83231397,0.32854379,8,72-,72-,1,4,0.5,0.95388235,0.99902974,0.99531124,0.98394451,0.9622306,0.99935275
cd/490307,seed3,120,5,0.69367589,0.80879447,0.3520223,8,72-,72-,1,4,0.5,0.95388235,0.99849618,0.99395167,0.98187313,0.95057173,0.99839872
cd/490307,seed4,100,5,0.57327586,0.70043103,0.50131231,8,72-,72-,1,4,0.5,0.95388235,0.99553668,0.98059255,0.96110012,0.94846564,0.99565166
cd/490307,seed4,105,5,0.57191393,0.70271801,0.4753484,8,72-,72-,1,4,0.5,0.95388235,0.99548151,0.98106062,0.96589489,0.95290546,0.99652399
cd/490307,seed4,110,5,0.66873706,0.79761905,0.35101392,8,72-,72-,1,4,0.5,0.95388235,0.99811566,0.99317473,0.98196726,0.95523842,0.99824201
cd/490307,seed4,115,5,0.79802956,0.87142857,0.25964641,8,72-,72-,1,4,0.5,0.95388235,0.99941523,0.99693184,0.98876904,0.9622306,0.99949462
cd/490307,seed4,120,5,0.81194907,0.87022527,0.27822041,8,72-,72-,1,4,0.5,0.95388235,0.99948449,0.99689151,0.98763109,0.95057173,0.99929937
cd/490307,seed5,100,5,0.57327586,0.70043103,0.50131231,8,72-,72-,1,4,0.5,0.95388235,0.99553668,0.98059255,0.96110012,0.94846564,0.99710568
cd/490307,seed5,105,5,0.63333333,0.74388889,0.44457858,8,72-,72-,1,4,0.5,0.95388235,0.99740488,0.98781737,0.97084097,0.95290546,0.99869235
cd/490307,seed5,110,5,0.68220339,0.79925847,0.35917609,8,72-,72-,1,4,0.5,0.95388235,0.99833173,0.99329462,0.98119137,0.95523842,0.99896838
cd/490307,seed5,115,5,0.74077869,0.84989754,0.275362,8,72-,72-,1,4,0.5,0.95388235,0.99901807,0.99612475,0.98781335,0.9622306,0.99942792
cd/490307,seed5,120,5,0.78710338,0.87973388,0.22739678,8,72-,72-,1,4,0.5,0.95388235,0.99935442,0.99719627,0.99050414,0.95057173,0.99941319
cd/490308,seed1,100,5,0.34375,0.671875,0.91299921,2,11*,11*,1,2,0.5,0.95058824,0.97326336,0.97238159,0.6704996,0.93926157,0.97469852
cd/490308,seed1,105,5,0.43037975,0.71518987,0.86192244,2,11*,11*,1,2,0.5,0.95058824,0.98909553,0.98260558,0.73347019,0.95750543,0.99285884
cd/490308,seed1,110,5,0.56140351,0.78070175,0.75888405,2,11*,11*,1,2,0.5,0.95058824,0.99723649,0.99141518,0.83496617,0.95750543,0.99781879
cd/490308,seed1,115,5,0.63157895,0.81578947,0.68920199,2,11*,11*,1,2,0.5,0.95058824,0.99867904,0.99413067,0.8842237,0.95750543,0.99883761
cd/490308,seed1,120,5,0.57142857,0.78571429,0.74959526,2,11*,11*,1,2,0.5,0.95058824,0.99751289,0.99186854,0.84239219,0.94116374,0.99662036
cd/490308,seed2,100,5,0.34375,0.671875,0.91299921,2,11*,11*,1,2,0.5,0.95058824,0.97326336,0.97238159,0.6704996,0.93926157,0.95492818
cd/490308,seed2,105,5,0.42682927,0.71341463,0.86426939,2,11*,11*,1,2,0.5,0.95058824,0.98868447,0.98227127,0.73074993,0.95750543,0.98659574
cd/490308,seed2,110,5,0.38888889,0.69444444,0.88797632,2,11*,3*,0,2,0.5,0.95058824,0.983215,0.97828116,0.70231094,0.95750543,0.9752684
cd/490308,seed2,115,5,0.4,0.7,0.8812909,2,3*,3*,1,2,0.5,0.95058824,0.98504208,0.9795329,0.71050469,0.95750543,0.97517051
cd/490308,seed2,120,5,0.5,0.75,0.81127812,2,3*,3*,1,2,0.5,0.95058824,0.99473477,0.9880384,0.78778084,0.94116374,0.98689306
cd/490308,seed3,100,5,0.34375,0.671875,0.91299921,2,11*,11*,1,2,0.5,0.95058824,0.97326336,0.97238159,0.6704996,0.93926157,0.97676021
cd/490308,seed3,105,5,0.45783133,0.72891566,0.84301629,2,11*,11*,1,2,0.5,0.95058824,0.99181256,0.98498947,0.75473604,0.95750543,0.99511511
cd/490308,seed3,110,5,0.68518519,0.84259259,0.62807102,2,11*,11*,1,2,0.5,0.95058824,0.99924876,0.99561291,0.91639347,0.95750543,0.9994702
cd/490308,seed3,115,5,0.34482759,0.67241379,0.91244118,2,11*,11*,1,2,0.5,0.95058824,0.97355731,0.97253909,0.67122779,0.95750543,0.97731063
cd/490308,seed3,120,5,0.53333333,0.76666667,0.78377695,2,11*,11*,1,2,0.5,0.95058824,0.9962887,0.99000812,0.81368398,0.94116374,0.99534194
cd/490308,seed4,100,5,0.34375,0.671875,0.91299921,2,11*,11*,1,2,0.5,0.95058824,0.97326336,0.97238159,0.6704996,0.93926157,0.9732214
cd/490308,seed4,105,5,0.59047619,0.7952381,0.73135027,2,11*,11*,1,2,0.5,0.95058824,0.99796432,0.99266551,0.85618526,0.95750543,0.99863636
cd/490308,seed4,110,5,0.67073171,0.83536585,0.64528153,2,11*,11*,1,2,0.5,0.95058824,0.99912526,0.99525454,0.90826339,0.95750543,0.99928453
cd/490308,seed4,115,5,0.64516129,0.82258065,0.67439889,2,11*,11*,1,2,0.5,0.95058824,0.99885501,0.99454773,0.89288303,0.95750543,0.99893505
cd/490308,seed4,120,5,0.28571429,0.64285714,0.94028596,2,11*,3*,0,2,0.5,0.95058824,0.95179913,0.962476,0.63394656,0.94116374,0.92818692
cd/490308,seed5,100,5,0.34375,0.671875,0.91299921,2,11*,11*,1,2,0.5,0.95058824,0.97326336,0.97238159,0.6704996,0.93926157,0.98393871
cd/490308,seed5,105,5,0.28571429,0.64285714,0.94028596,2,11*,11*,1,2,0.5,0.95058824,0.95179913,0.962476,0.63394656,0.95750543,0.97905291
cd/490308,seed5,110,5,0.45833333,0.72916667,0.84265788,2,11*,11*,1,2,0.5,0.95058824,0.99185541,0.98502992,0.75512792,0.95750543,0.99585783
cd/490308,seed5,115,5,0.74285714,0.87142857,0.55350727,2,11*,11*,1,2,0.5,0.95058824,0.99959078,0.99679376,0.94453726,0.95750543,0.99977861
cd/490308,seed5,120,5,0.88888889,0.94444444,0.30954343,2,11*,3*,0,2,0.5,0.95058824,0.99991216,0.99855244,0.98630277,0.94116374,0.99992956
cd/490309,seed1,100,5,0.43668122,0.66157205,0.42036346,12,96-,96-,1,2,0.5,0.95058824,0.98978903,0.96919552,0.97396267,0.93926157,0.99052467
cd/490309,seed1,105,5,0.50805585,0.6858217,0.41656136,12,96-,96-,1,2,0.5,0.95058824,0.99516127,0.97618874,0.97452646,0.95750543,0.99688721
cd/490309,seed1,110,5,0.60484721,0.74341412,0.34814199,12,96-,96-,1,2,0.5,0.95058824,0.99824992,0.98715831,0.98285338,0.95750543,0.99863109
cd/490309,seed1,115,5,0.60041408,0.73964803,0.33659591,12,96-,96-,1,2,0.5,0.95058824,0.99816637,0.98662662,0.98396622,0.95750543,0.99837616
cd/490309,seed1,120,5,0.45915202,0.66235781,0.36468583,12,96-,96-,1,2,0.5,0.95058824,0.99192481,0.96945056,0.98112548,0.94116374,0.98879927
cd/490309,seed2,100,5,0.43668122,0.66157205,0.42036346,12,96-,96-,1,2,0.5,0.95058824,0.98978903,0.96919552,0.97396267,0.93926157,0.98290384
cd/490309,seed2,105,5,0.60470085,0.74198718,0.37703294,12,96-,96-,1,2,0.5,0.95058824,0.99824723,0.98695936,0.97972569,0.95750543,0.9979936
cd/490309,seed2,110,5,0.61377871,0.73329854,0.38732483,12,96-,96-,1,2,0.5,0.95058824,0.99840689,0.98568063,0.97848162,0.95750543,0.99774067
cd/490309,seed2,115,5,0.43822598,0.65417107,0.41463215,12,96-,96-,1,2,0.5,0.95058824,0.98995227,0.96669008,0.97480797,0.95750543,0.98339339
cd/490309,seed2,120,5,0.40909091,0.63997934,0.41730284,12,96-,96-,1,2,0.5,0.95058824,0.98639008,0.9613249,0.97441745,0.94116374,0.96593622
cd/490309,seed3,100,5,0.43668122,0.66157205,0.42036346,12,96-,96-,1,2,0.5,0.95058824,0.98978903,0.96919552,0.97396267,0.93926157,0.99130827
cd/490309,seed3,105,5,0.52038627,0.70761803,0.3712032,12,96-,96-,1,2,0.5,0.95058824,0.99574842,0.98113515,0.98039884,0.95750543,0.99749931
cd/490309,seed3,110,5,0.65488565,0.78742204,0.29083151,12,96-,96-,1,2,0.5,0.95058824,0.99896643,0.99201751,0.98771911,0.95750543,0.99926653
cd/490309,seed3,115,5,0.61338661,0.75274725,0.32597346,12,96-,96-,1,2,0.5,0.95058824,0.99840031,0.98838766,0.98492713,0.95750543,0.99870481
cd/490309,seed3,120,5,0.54673367,0.7080402,0.35846757,12,96-,96-,1,2,0.5,0.95058824,0.99677593,0.98122025,0.9817941,0.94116374,0.99596391
cd/490309,seed4,100,5,0.43668122,0.66157205,0.42036346,12,96-,96-,1,2,0.5,0.95058824,0.98978903,0.96919552,0.97396267,0.93926157,0.98996198
cd/490309,seed4,105,5,0.47165775,0.67219251,0.41175177,12,96-,96-,1,2,0.5,0.95058824,0.99291489,0.97247451,0.97522264,0.95750543,0.99513044
cd/490309,seed4,110,5,0.70971074,0.81559917,0.27660305,12,96-,96-,1,2,0.5,0.95058824,0.99941977,0.99411854,0.98869837,0.95750543,0.99952918
cd/490309,seed4,115,5,0.76043738,0.84940358,0.22814815,12,96-,96-,1,2,0.5,0.95058824,0.99965996,0.99592595,0.99148861,0.95750543,0.99969107
cd/490309,seed4,120,5,0.68172888,0.8089391,0.25728552,12,96-,96-,1,2,0.5,0.95058824,0.99922091,0.99367786,0.98990537,0.94116374,0.99890204
cd/490309,seed5,100,5,0.43668122,0.66157205,0.42036346,12,96-,96-,1,2,0.5,0.95058824,0.98978903,0.96919552,0.97396267,0.93926157,0.99402055
cd/490309,seed5,105,5,0.47149123,0.66611842,0.42421592,12,96-,96-,1,2,0.5,0.95058824,0.99290254,0.9706431,0.97337903,0.95750543,0.99710024
cd/490309,seed5,110,5,0.57601713,0.73072805,0.35633165,12,96-,96-,1,2,0.5,0.95058824,0.99763002,0.98527917,0.98201837,0.95750543,0.99882646
cd/490309,seed5,115,5,0.55422993,0.70986985,0.36808236,12,96-,96-,1,2,0.5,0.95058824,0.99702011,0.98158475,0.98075015,0.95750543,0.99832307
cd/490309,seed5,120,5,0.47939262,0.6697397,0.38627762,12,96-,96-,1,2,0.5,0.95058824,0.99346592,0.97174872,0.97861154,0.94116374,0.99430143
cd/490312,seed1,100,5,0.81653747,0.90697674,0.29244601,3,90-,90-,1,0,0.5,0.95095238,0.99961297,0.99785085,0.98444539,0.94318109,0.99965648
cd/490312,seed1,105,5,0.78027998,0.88800974,0.33566202,3,90-,90-,1,0,0.5,0.95095238,0.99945448,0.99734332,0.98075926,0.95703088,0.99962945
cd/490312,seed1,110,5,0.75926951,0.87825125,0.34916876,3,90-,90-,1,0,0.5,0.95095238,0.99933446,0.99703728,0.97944045,0.95938935,0.99948763
cd/490312,seed1,115,5,0.73188789,0.86462189,0.37275068,3,90-,90-,1,0,0.5,0.95095238,0.99913759,0.99655016,0.97692271,0.95703088,0.99910842
cd/490312,seed1,120,5,0.66529985,0.83188109,0.42020284,3,90-,90-,1,0,0.5,0.95095238,0.9983809,0.9950289,0.97091228,0.93812972,0.99736454
cd/490312,seed2,100,5,0.81653747,0.90697674,0.29244601,3,90-,90-,1,0,0.5,0.95095238,0.99961297,0.99785085,0.98444539,0.94318109,0.99945076
cd/490312,seed2,105,5,0.84966525,0.92331102,0.25797024,3,90-,90-,1,0,0.5,0.95095238,0.99971717,0.99820964,0.98687953,0.95703088,0.9996957
cd/490312,seed2,110,5,0.62244265,0.81029138,0.45170882,3,90-,90-,1,0,0.5,0.95095238,0.99757228,0.99367707,0.9661094,0.95938935,0.99695765
cd/490312,seed2,115,5,0.48902821,0.74043887,0.55417786,3,90-,90-,1,0,0.5,0.95095238,0.99146343,0.98627309,0.94464167,0.95703088,0.98550246
cd/490312,seed2,120,5,0.36109422,0.67902736,0.58691188,3,90-,90-,1,0,0.5,0.95095238,0.97189168,0.97305116,0.93541741,0.93812972,0.92719018
cd/490312,seed3,100,5,0.81653747,0.90697674,0.29244601,3,90-,90-,1,0,0.5,0.95095238,0.99961297,0.99785085,0.98444539,0.94318109,0.9996712
cd/490312,seed3,105,5,0.80915111,0.90246839,0.30673906,3,90-,90-,1,0,0.5,0.95095238,0.99958494,0.99773975,0.98331045,0.95703088,0.99973121
cd/490312,seed3,110,5,0.73128265,0.86535113,0.36306689,3,90-,90-,1,0,0.5,0.95095238,0.99913263,0.99657813,0.97799112,0.95938935,0.99935841
cd/490312,seed3,115,5,0.6406834,0.81954084,0.43805332,3,90-,90-,1,0,0.5,0.95095238,0.99795667,0.99429599,0.96827852,0.95703088,0.99795296
cd/490312,seed3,120,5,0.52286175,0.76116192,0.50386594,3,90-,90-,1,0,0.5,0.95095238,0.99378932,0.98908632,0.95643416,0.93812972,0.99016172
cd/490312,seed4,100,5,0.81653747,0.90697674,0.29244601,3,90-,90-,1,0,0.5,0.95095238,0.99961297,0.99785085,0.98444539,0.94318109,0.99970244
cd/490312,seed4,105,5,0.78833023,0.89323402,0.31775145,3,90-,90-,1,0,0.5,0.95095238,0.99949451,0.99749398,0.98238085,0.95703088,0.99970291
cd/490312,seed4,110,5,0.75499714,0.87664192,0.34824966,3,90-,90-,1,0,0.5,0.95095238,0.99930699,0.99698353,0.97953293,0.95938935,0.99953759
cd/490312,seed4,115,5,0.75851231,0.8784704,0.34439444,3,90-,90-,1,0,0.5,0.95095238,0.99932967,0.99704452,0.97991643,0.95703088,0.99940184
cd/490312,seed4,120,5,0.75588972,0.87769424,0.3411119,3,90-,90-,1,0,0.5,0.95095238,0.99931282,0.99701878,0.98023742,0.93812972,0.99904225
cd/490312,seed5,100,5,0.81653747,0.90697674,0.29244601,3,90-,90-,1,0,0.5,0.95095238,0.99961297,0.99785085,0.98444539,0.94318109,0.99979261
cd/490312,seed5,105,5,0.74590661,0.87022438,0.37192008,3,90-,90-,1,0,0.5,0.95095238,0.99924473,0.99675937,0.9770163,0.95703088,0.9996888
cd/490312,seed5,110,5,0.79035037,0.89431361,0.31512719,3,90-,90-,1,0,0.5,0.95095238,0.99950408,0.99752404,0.98260688,0.95938935,0.99977049
cd/490312,seed5,115,5,0.76185286,0.87901907,0.35118429,3,90-,90-,1,0,0.5,0.95095238,0.99935053,0.99706258,0.97923621,0.95703088,0.99959623
cd/490312,seed5,120,5,0.6137741,0.80165289,0.49069526,3,90-,90-,1,0,0.5,0.95095238,0.9973651,0.99303896,0.95910124,0.93812972,0.99739026
cd/490313,seed1,100,5,0.53078556,0.71125265,0.52971455,5,98-,98-,1,0,0.5,0.95095238,0.99423576,0.98106379,0.9507101,0.94318109,0.99467988
cd/490313,seed1,105,5,0.55915119,0.73793103,0.49756234,5,98-,98-,1,0,0.5,0.95095238,0.99558775,0.98588743,0.95773075,0.95703088,0.99690832
cd/490313,seed1,110,5,0.64493123,0.80438105,0.37545857,5,98-,98-,1,0,0.5,0.95095238,0.99803708,0.99324711,0.976615,0.95938935,0.99846486
cd/490313,seed1,115,5,0.70361207,0.83770411,0.33014105,5,98-,98-,1,0,0.5,0.95095238,0.99887305,0.99534141,0.98127413,0.95703088,0.99883049
cd/490313,seed1,120,5,0.7405591,0.86267778,0.28259005,5,98-,98-,1,0,0.5,0.95095238,0.99920553,0.99647445,0.9851834,0.93812972,0.99871923
cd/490313,seed2,100,5,0.53078556,0.71125265,0.52971455,5,98-,98-,1,0,0.5,0.95095238,0.99423576,0.98106379,0.9507101,0.94318109,0.99151925
cd/490313,seed2,105,5,0.60768826,0.77251185,0.44532346,5,98-,98-,1,0,0.5,0.95095238,0.99720921,0.99037704,0.96714095,0.95703088,0.99689836
cd/490313,seed2,110,5,0.6643038,0.82379747,0.32984527,5,98-,98-,1,0,0.5,0.95095238,0.99836558,0.9945602,0.98130133,0.95938935,0.99796293
cd/490313,seed2,115,5,0.64011946,0.81781981,0.30990344,5,98-,98-,1,0,0.5,0.95095238,0.99794575,0.99418557,0.98304838,0.95703088,0.99656599
cd/490313,seed2,120,5,0.61508132,0.80581567,0.31831302,5,98-,98-,1,0,0.5,0.95095238,0.99739744,0.99335407,0.9823321,0.93812972,0.99320104
cd/490313,seed3,100,5,0.53078556,0.71125265,0.52971455,5,98-,98-,1,0,0.5,0.95095238,0.99423576,0.98106379,0.9507101,0.94318109,0.99490681
cd/490313,seed3,105,5,0.63679494,0.78176067,0.44173849,5,98-,98-,1,0,0.5,0.95095238,0.99788018,0.99131608,0.96770674,0.95703088,0.99859404
cd/490313,seed3,110,5,0.65992926,0.81101566,0.37555839,5,98-,98-,1,0,0.5,0.95095238,0.99829656,0.99372786,0.97660358,0.95938935,0.99872749
cd/490313,seed3,115,5,0.68765617,0.82708646,0.35069327,5,98-,98-,1,0,0.5,0.95095238,0.99868945,0.99475598,0.97928615,0.95703088,0.99869538
cd/490313,seed3,120,5,0.70004958,0.83936539,0.32109712,5,98-,98-,1,0,0.5,0.95095238,0.99883443,0.99542693,0.98208848,0.93812972,0.99819194
cd/490313,seed4,100,5,0.53078556,0.71125265,0.52971455,5,98-,98-,1,0,0.5,0.95095238,0.99423576,0.98106379,0.9507101,0.94318109,0.9953886
cd/490313,seed4,105,5,0.59220779,0.75688312,0.47251717,5,98-,98-,1,0,0.5,0.95095238,0.99676995,0.98855649,0.96252666,0.95703088,0.99804843
cd/490313,seed4,110,5,0.73889166,0.84922616,0.34002276,5,98-,98-,1,0,0.5,0.95095238,0.99919289,0.99590331,0.9803428,0.95938935,0.99946026
cd/490313,seed4,115,5,0.8108642,0.88839506,0.2790749,5,98-,98-,1,0,0.5,0.95095238,0.99959161,0.99735473,0.98543818,0.95703088,0.99963816
cd/490313,seed4,120,5,0.79703704,0.88148148,0.28630378,5,98-,98-,1,0,0.5,0.95095238,0.9995345,0.99714229,0.98490945,0.93812972,0.99935475
cd/490313,seed5,100,5,0.53078556,0.71125265,0.52971455,5,98-,98-,1,0,0.5,0.95095238,0.99423576,0.98106379,0.9507101,0.94318109,0.99678185
cd/490313,seed5,105,5,0.56038647,0.73913043,0.50052159,5,98-,98-,1,0,0.5,0.95095238,0.99563884,0.98607319,0.95712672,0.95703088,0.99815349
cd/490313,seed5,110,5,0.62519603,0.7877679,0.41456144,5,98-,98-,1,0,0.5,0.95095238,0.99763462,0.99187675,0.97169963,0.95938935,0.99887945
cd/490313,seed5,115,5,0.64101266,0.80759494,0.3671689,5,98-,98-,1,0,0.5,0.95095238,0.99796302,0.99348439,0.97754458,0.95703088,0.9987121
cd/490313,seed5,120,5,0.68397404,0.83524713,0.31486327,5,98-,98-,1,0,0.5,0.95095238,0.99864301,0.99521201,0.98262946,0.93812972,0.99866867
cd/490315,seed1,100,5,0.70378619,0.79955457,0.46884191,5,87-,87-,1,2,0.5,0.95058824,0.99938241,0.9930007,0.96562155,0.93926157,0.99945752
cd/490315,seed1,105,5,0.70316694,0.8185722,0.41307895,5,87-,87-,1,2,0.5,0.95058824,0.99937837,0.99430527,0.9750324,0.95750543,0.99961621
cd/490315,seed1,110,5,0.82202958,0.89291178,0.27865165,5,87-,87-,1,2,0.5,0.95058824,0.9998223,0.99746225,0.98856228,0.95750543,0.99986704
cd/490315,seed1,115,5,0.87222496,0.92501233,0.20862193,5,87-,87-,1,2,0.5,0.95058824,0.9998953,0.99821103,0.99240921,0.95750543,0.99991227
cd/490315,seed1,120,5,0.8716183,0.93212002,0.17201111,5,87-,87-,1,2,0.5,0.95058824,0.99989462,0.99834435,0.99387701,0.94116374,0.99986516
cd/490315,seed2,100,5,0.70378619,0.79955457,0.46884191,5,87-,87-,1,2,0.5,0.95058824,0.99938241,0.9930007,0.96562155,0.93926157,0.99901406
cd/490315,seed2,105,5,0.7488051,0.84705258,0.36269125,5,87-,87-,1,2,0.5,0.95058824,0.99961563,0.99582049,0.98134253,0.95750543,0.99957261
cd/490315,seed2,110,5,0.84059457,0.91081497,0.22718704,5,87-,87-,1,2,0.5,0.95058824,0.99985388,0.99791179,0.99153641,0.95750543,0.99980197
cd/490315,seed2,115,5,0.87169246,0.93110334,0.17937713,5,87-,87-,1,2,0.5,0.95058824,0.99989471,0.99832591,0.99360632,0.95750543,0.99983958
cd/490315,seed2,120,5,0.95158924,0.97457213,0.08005479,5,87-,87-,1,2,0.5,0.95058824,0.99995463,0.9989577,0.99643496,0.94116374,0.99989615
cd/490315,seed3,100,5,0.70378619,0.79955457,0.46884191,5,87-,87-,1,2,0.5,0.95058824,0.99938241,0.9930007,0.96562155,0.93926157,0.99950275
cd/490315,seed3,105,5,0.6729461,0.79696494,0.45170791,5,87-,87-,1,2,0.5,0.95058824,0.99914542,0.99280147,0.96882904,0.95750543,0.99951336
cd/490315,seed3,110,5,0.73090723,0.84930805,0.33269688,5,87-,87-,1,2,0.5,0.95058824,0.99953588,0.99592172,0.98432574,0.95750543,0.99967574
cd/490315,seed3,115,5,0.8202765,0.89759345,0.2577779,5,87-,87-,1,2,0.5,0.95058824,0.99981899,0.99758837,0.98987625,0.95750543,0.99985951
cd/490315,seed3,120,5,0.83223517,0.90572732,0.23743428,5,87-,87-,1,2,0.5,0.95058824,0.99984042,0.9977928,0.99101277,0.94116374,0.99981133
cd/490315,seed4,100,5,0.70378619,0.79955457,0.46884191,5,87-,87-,1,2,0.5,0.95058824,0.99938241,0.9930007,0.96562155,0.93926157,0.999425
cd/490315,seed4,105,5,0.66492965,0.79781136,0.44062583,5,87-,87-,1,2,0.5,0.95058824,0.99907015,0.9928672,0.9707473,0.95750543,0.99938669
cd/490315,seed4,110,5,0.8243038,0.89772152,0.2596528,5,87-,87-,1,2,0.5,0.95058824,0.99982651,0.99759174,0.9897646,0.95750543,0.99986247
cd/490315,seed4,115,5,0.90507953,0.93945613,0.18300324,5,87-,87-,1,2,0.5,0.95058824,0.99992594,0.99847157,0.99346873,0.95750543,0.99993466
cd/490315,seed4,120,5,0.92838474,0.951908,0.15591893,5,87-,87-,1,2,0.5,0.95058824,0.99994207,0.99866555,0.99442939,0.94116374,0.99992232
cd/490315,seed5,100,5,0.70378619,0.79955457,0.46884191,5,87-,87-,1,2,0.5,0.95058824,0.99938241,0.9930007,0.96562155,0.93926157,0.9996588
cd/490315,seed5,105,5,0.6856841,0.80876915,0.4252687,5,87-,87-,1,2,0.5,0.95058824,0.9992527,0.99366619,0.97321733,0.95750543,0.99970877
cd/490315,seed5,110,5,0.78868895,0.87455013,0.30965223,5,87-,87-,1,2,0.5,0.95058824,0.99974751,0.99690083,0.98629408,0.95750543,0.99988038
cd/490315,seed5,115,5,0.83476503,0.90803436,0.23070704,5,87-,87-,1,2,0.5,0.95058824,0.99984462,0.99784757,0.99136004,0.95750543,0.9999175
cd/490315,seed5,120,5,0.86126305,0.92342118,0.19638873,5,87-,87-,1,2,0.5,0.95058824,0.99988247,0.99817974,0.99293488,0.94116374,0.99990523
cd/490316,seed1,100,5,0.28841608,0.59338061,0.61510712,5,26-,26-,1,3,0.5,0.96752941,0.95153747,0.94398205,0.94453328,0.96709606,0.97216461
cd/490316,seed1,105,5,0.15457227,0.53982301,0.58106272,5,26-,26-,1,3,0.5,0.96752941,0.83163257,0.89787911,0.95566294,0.96473295,0.88189847
cd/490316,seed1,110,5,0.15376045,0.5632312,0.50264755,5,26-,26-,1,3,0.5,0.96752941,0.83045727,0.92116007,0.97374832,0.9740259,0.90272803
cd/490316,seed1,115,5,0.06434873,0.5256876,0.47108613,5,26-,13+,0,3,0.5,0.96752941,0.66082187,0.88102549,0.97879138,0.96705934,0.69200861
cd/490316,seed1,120,5,0.20427306,0.59770714,0.44996442,5,13+,13+,1,3,0.5,0.96752941,0.89184244,0.94669711,0.98162338,0.96473295,0.88898124
cd/490316,seed2,100,5,0.28841608,0.59338061,0.61510712,5,26-,26-,1,3,0.5,0.96752941,0.95153747,0.94398205,0.94453328,0.96709606,0.93043603
cd/490316,seed2,105,5,0.03581745,0.49162334,0.56379116,5,26-,13+,0,3,0.5,0.96752941,0.59212972,0.83039136,0.96046187,0.96473295,0.45251593
cd/490316,seed2,110,5,0.23098592,0.60788732,0.46473174,5,13+,13+,1,3,0.5,0.96752941,0.91568659,0.9526033,0.97968556,0.9740259,0.88847573
cd/490316,seed2,115,5,0.13514929,0.56102672,0.46945267,5,13+,26-,0,3,0.5,0.96752941,0.80170331,0.91919331,0.97902485,0.96705934,0.64330266
cd/490316,seed2,120,5,0.22427035,0.60573477,0.45442065,5,26-,26-,1,3,0.5,0.96752941,0.91018451,0.9514087,0.98105855,0.96473295,0.79077105
cd/490316,seed3,100,5,0.28841608,0.59338061,0.61510712,5,26-,26-,1,3,0.5,0.96752941,0.95153747,0.94398205,0.94453328,0.96709606,0.96635484
cd/490316,seed3,105,5,0.13850746,0.52716418,0.60039684,5,26-,26-,1,3,0.5,0.96752941,0.80715048,0.8828927,0.9496331,0.96473295,0.83849425
cd/490316,seed3,110,5,0.07782101,0.52195664,0.52525187,5,26-,26-,1,3,0.5,0.96752941,0.69122869,0.8761925,0.96943749,0.9740259,0.77532581
cd/490316,seed3,115,5,0.09487038,0.53116382,0.51420618,5,26-,26-,1,3,0.5,0.96752941,0.72743819,0.88782318,0.9716235,0.96705934,0.71768061
cd/490316,seed3,120,5,0.07578254,0.52992861,0.48124088,5,26-,26-,1,3,0.5,0.96752941,0.68672476,0.88632017,0.9772819,0.96473295,0.63223839
cd/490316,seed4,100,5,0.28841608,0.59338061,0.61510712,5,26-,26-,1,3,0.5,0.96752941,0.95153747,0.94398205,0.94453328,0.96709606,0.95668088
cd/490316,seed4,105,5,0.03190883,0.47578348,0.60178481,5,26-,26-,1,3,0.5,0.96752941,0.58236153,0.80154819,0.94917154,0.96473295,0.56711886
cd/490316,seed4,110,5,0.16733524,0.56561605,0.5148683,5,26-,26-,1,3,0.5,0.96752941,0.8492639,0.92323838,0.97149685,0.9740259,0.87118238
cd/490316,seed4,115,5,0.16729223,0.57640751,0.46826792,5,26-,26-,1,3,0.5,0.96752941,0.84920712,0.93202788,0.97919261,0.96705934,0.80645793
cd/490316,seed4,120,5,0.01019888,0.50331464,0.44558555,5,26-,13+,0,3,0.5,0.96752941,0.52713003,0.84946563,0.98216229,0.96473295,0.39976633
cd/490316,seed5,100,5,0.28841608,0.59338061,0.61510712,5,26-,26-,1,3,0.5,0.96752941,0.95153747,0.94398205,0.94453328,0.96709606,0.96889294
cd/490316,seed5,105,5,0.18872404,0.55964392,0.57348123,5,26-,26-,1,3,0.5,0.96752941,0.87537864,0.91793689,0.95783432,0.96473295,0.90490822
cd/490316,seed5,110,5,0.19785189,0.57603166,0.53771629,5,26-,26-,1,3,0.5,0.96752941,0.88528843,0.93173808,0.96677475,0.9740259,0.92918646
cd/490316,seed5,115,5,0.27444625,0.62290654,0.4873684,5,26-,26-,1,3,0.5,0.96752941,0.94444621,0.96019265,0.97632081,0.96705934,0.94739876
cd/490316,seed5,120,5,0.21818182,0.59792208,0.48265429,5,26-,26-,1,3,0.5,0.96752941,0.90491862,0.94682871,0.97706365,0.96473295,0.89199226
cd/490317,seed1,100,5,0.69936034,0.80383795,0.43436309,5,47-,47-,1,0,0.5,0.95095238,0.9988268,0.99320617,0.96884126,0.94318109,0.99894197
cd/490317,seed1,105,5,0.67764206,0.77588954,0.4828189,5,47-,47-,1,0,0.5,0.95095238,0.99855926,0.9907311,0.96062078,0.95703088,0.9990074
cd/490317,seed1,110,5,0.75377408,0.84383134,0.35906295,5,47-,47-,1,0,0.5,0.95095238,0.99929892,0.99564916,0.97841861,0.95938935,0.99945987
cd/490317,seed1,115,5,0.85216526,0.91438527,0.21578352,5,47-,47-,1,0,0.5,0.95095238,0.99972378,0.9980217,0.98935164,0.95703088,0.99971904
cd/490317,seed1,120,5,0.67091712,0.82148112,0.34269263,5,47-,47-,1,0,0.5,0.95095238,0.99846466,0.99441797,0.98008348,0.93812972,0.99750264
cd/490317,seed2,100,5,0.69936034,0.80383795,0.43436309,5,47-,47-,1,0,0.5,0.95095238,0.9988268,0.99320617,0.96884126,0.94318109,0.99830911
cd/490317,seed2,105,5,0.64089636,0.76918768,0.48320702,5,47-,47-,1,0,0.5,0.95095238,0.99796078,0.99001551,0.96054719,0.95703088,0.99774359
cd/490317,seed2,110,5,0.6155568,0.77280358,0.4343471,5,47-,47-,1,0,0.5,0.95095238,0.9974091,0.99040814,0.96884368,0.95938935,0.99675028
cd/490317,seed2,115,5,0.67651715,0.81319261,0.37035425,5,47-,47-,1,0,0.5,0.95095238,0.99854385,0.99387807,0.97719173,0.95703088,0.99757678
cd/490317,seed2,120,5,0.85362096,0.90549563,0.23824691,5,47-,47-,1,0,0.5,0.95095238,0.99972756,0.99781497,0.98809885,0.93812972,0.99930827
cd/490317,seed3,100,5,0.69936034,0.80383795,0.43436309,5,47-,47-,1,0,0.5,0.95095238,0.9988268,0.99320617,0.96884126,0.94318109,0.99898729
cd/490317,seed3,105,5,0.68766404,0.78372703,0.47327487,5,47-,47-,1,0,0.5,0.95095238,0.99868955,0.99150371,0.96238956,0.95703088,0.99913705
cd/490317,seed3,110,5,0.67267905,0.79310345,0.43402401,5,47-,47-,1,0,0.5,0.95095238,0.99849003,0.99234453,0.96889249,0.95938935,0.99887401
cd/490317,seed3,115,5,0.63058329,0.77929585,0.43226487,5,47-,47-,1,0,0.5,0.95095238,0.99775202,0.99107509,0.96915691,0.95703088,0.99774486
cd/490317,seed3,120,5,0.54611025,0.74755281,0.43985276,5,47-,47-,1,0,0.5,0.95095238,0.99501061,0.98731141,0.96800055,0.93812972,0.99211531
cd/490317,seed4,100,5,0.69936034,0.80383795,0.43436309,5,47-,47-,1,0,0.5,0.95095238,0.9988268,0.99320617,0.96884126,0.94318109,0.99908344
cd/490317,seed4,105,5,0.64859117,0.7533227,0.52612378,5,47-,47-,1,0,0.5,0.95095238,0.99810383,0.9880963,0.95154596,0.95703088,0.99886365
cd/490317,seed4,110,5,0.68880557,0.78575254,0.4573592,5,47-,47-,1,0,0.5,0.95095238,0.99870362,0.99169277,0.96517058,0.95938935,0.99912703
cd/490317,seed4,115,5,0.79530373,0.87850944,0.28589234,5,47-,47-,1,0,0.5,0.95095238,0.9995268,0.99704581,0.98494005,0.95703088,0.99957985
cd/490317,seed4,120,5,0.72439386,0.84463137,0.3231899,5,47-,47-,1,0,0.5,0.95095238,0.99907421,0.99568781,0.98190319,0.93812972,0.9987043
cd/490317,seed5,100,5,0.69936034,0.80383795,0.43436309,5,47-,47-,1,0,0.5,0.95095238,0.9988268,0.99320617,0.96884126,0.94318109,0.99936108
cd/490317,seed5,105,5,0.69210102,0.78291241,0.47712735,5,47-,47-,1,0,0.5,0.95095238,0.99874341,0.99142647,0.96168496,0.95703088,0.9994783
cd/490317,seed5,110,5,0.76668391,0.83962752,0.37957442,5,47-,47-,1,0,0.5,0.95095238,0.99937956,0.99544028,0.9761396,0.95938935,0.99971192
cd/490317,seed5,115,5,0.85466599,0.90515043,0.25314103,5,47-,47-,1,0,0.5,0.95095238,0.99973024,0.99780652,0.98718902,0.95703088,0.99983441
cd/490317,seed5,120,5,0.83291771,0.89027431,0.2757862,5,47-,47-,1,0,0.5,0.95095238,0.99966857,0.99740971,0.98567263,0.93812972,0.99968133
cd/490320,seed1,100,5,0.17741935,0.58870968,0.97717304,2,36*,36*,1,1,0.5,0.95247059,0.85247734,0.93584459,0.6115403,0.94841585,0.87570813
cd/490320,seed1,105,5,0.43171806,0.71585903,0.861032,2,36*,36*,1,1,0.5,0.95247059,0.98385637,0.98221582,0.75654238,0.9599007,0.98994166
cd/490320,seed1,110,5,0.45398773,0.72699387,0.84574525,2,36*,36*,1,1,0.5,0.95247059,0.98682612,0.98414195,0.77264764,0.95523798,0.98817923
cd/490320,seed1,115,5,0.29487179,0.6474359,0.93633719,2,36*,36*,1,1,0.5,0.95247059,0.94491558,0.96425874,0.66660992,0.95756992,0.94513382
cd/490320,seed1,120,5,0.68852459,0.8442623,0.62401457,2,36*,36*,1,1,0.5,0.95247059,0.9984822,0.99530238,0.9256416,0.94122849,0.99798078
cd/490320,seed2,100,5,0.17741935,0.58870968,0.97717304,2,36*,36*,1,1,0.5,0.95247059,0.85247734,0.93584459,0.6115403,0.94841585,0.81413803
cd/490320,seed2,105,5,0.63868613,0.81934307,0.68151207,2,36*,36*,1,1,0.5,0.95247059,0.99759376,0.99391041,0.89888834,0.9599007,0.99770041
cd/490320,seed2,110,5,0.81269841,0.90634921,0.4485397,2,36*,36*,1,1,0.5,0.95247059,0.99951907,0.99754236,0.97205091,0.95523798,0.99935498
cd/490320,seed2,115,5,0.90079365,0.95039683,0.28470887,2,36*,36*,1,1,0.5,0.95247059,0.9997873,0.99844901,0.98910266,0.95756992,0.99969825
cd/490320,seed2,120,5,0.95652174,0.97826087,0.15109697,2,36*,36*,1,1,0.5,0.95247059,0.99987306,0.99884104,0.99498652,0.94122849,0.99974246
cd/490320,seed3,100,5,0.17741935,0.58870968,0.97717304,2,36*,36*,1,1,0.5,0.95247059,0.85247734,0.93584459,0.6115403,0.94841585,0.87451268
cd/490320,seed3,105,5,0.26666667,0.63333333,0.94807824,2,36*,36*,1,1,0.5,0.95247059,0.9296248,0.95880568,0.65116093,0.9599007,0.95330308
cd/490320,seed3,110,5,0.65497076,0.82748538,0.66342496,2,36*,36*,1,1,0.5,0.95247059,0.99793001,0.99440529,0.90811526,0.95523798,0.99819822
cd/490320,seed3,115,5,0.61682243,0.80841121,0.70478327,2,36*,36*,1,1,0.5,0.95247059,0.99705512,0.99317694,0.88581385,0.95756992,0.99721978
cd/490320,seed3,120,5,0.88,0.94,0.32744492,2,36*,36*,1,1,0.5,0.95247059,0.99974213,0.99827094,0.9860476,0.94122849,0.99966606
cd/490320,seed4,100,5,0.17741935,0.58870968,0.97717304,2,36*,36*,1,1,0.5,0.95247059,0.85247734,0.93584459,0.6115403,0.94841585,0.86274542
cd/490320,seed4,105,5,0.45703125,0.72851562,0.84358657,2,36*,36*,1,1,0.5,0.95247059,0.98718767,0.98438871,0.77486026,0.9599007,0.99111697
cd/490320,seed4,110,5,0.46774194,0.73387097,0.83585503,2,36*,36*,1,1,0.5,0.95247059,0.98838385,0.98522745,0.78265922,0.95523798,0.98836527
cd/490320,seed4,115,5,0.65873016,0.82936508,0.65915515,2,36*,36*,1,1,0.5,0.95247059,0.99800071,0.99451373,0.91018016,0.95756992,0.99792533
cd/490320,seed4,120,5,0.6875,0.84375,0.62526241,2,36*,36*,1,1,0.5,0.95247059,0.99846775,0.99527724,0.92513714,0.94122849,0.99771524
cd/490320,seed5,100,5,0.17741935,0.58870968,0.97717304,2,36*,36*,1,1,0.5,0.95247059,0.85247734,0.93584459,0.6115403,0.94841585,0.90918034
cd/490320,seed5,105,5,0.52016129,0.76008065,0.79490614,2,36*,36*,1,1,0.5,0.95247059,0.99282022,0.98873292,0.82068467,0.9599007,0.99691324
cd/490320,seed5,110,5,0.5025641,0.75128205,0.80923979,2,36*,36*,1,1,0.5,0.95247059,0.99155971,0.987659,0.8080001,0.95523798,0.99471194
cd/490320,seed5,115,5,0.66455696,0.83227848,0.65246594,2,36*,36*,1,1,0.5,0.95247059,0.99810557,0.99467769,0.91333108,0.95756992,0.99876618
cd/490320,seed5,120,5,0.71276596,0.85638298,0.59363364,2,36*,36*,1,1,0.5,0.95247059,0.99878712,0.99585998,0.93699569,0.94122849,0.99886921
cd/490321,seed1,100,5,0.72786885,0.8557377,0.42207993,3,64-,64-,1,4,0.5,0.95388235,0.99889636,0.99636254,0.9740097,0.94846564,0.99919046
cd/490321,seed1,105,5,0.6787117,0.82403771,0.49750912,3,64-,64-,1,4,0.5,0.95388235,0.9982782,0.99487155,0.96184091,0.95290546,0.99899164
cd/490321,seed1,110,5,0.47258979,0.73030876,0.5752201,3,64-,64-,1,4,0.5,0.95388235,0.9889602,0.98590421,0.943666,0.95523842,0.99153953
cd/490321,seed1,115,5,0.37452779,0.6848354,0.59006878,3,64-,64-,1,4,0.5,0.95388235,0.97357542,0.97708451,0.9393688,0.9622306,0.98009874
cd/490321,seed1,120,5,0.1380384,0.56720291,0.64178199,3,64-,16+,0,4,0.5,0.95388235,0.81214773,0.92218931,0.92190284,0.95057173,0.7756853
cd/490321,seed2,100,5,0.72786885,0.8557377,0.42207993,3,64-,64-,1,4,0.5,0.95388235,0.99889636,0.99636254,0.9740097,0.94846564,0.9983508
cd/490321,seed2,105,5,0.75242291,0.86960352,0.39132571,3,64-,64-,1,4,0.5,0.95388235,0.9991163,0.99687047,0.9778042,0.95290546,0.99896433
cd/490321,seed2,110,5,0.68012109,0.8345106,0.4454457,3,64-,64-,1,4,0.5,0.95388235,0.99830001,0.9954215,0.97071162,0.95523842,0.99748233
cd/490321,seed2,115,5,0.56140351,0.77654663,0.5158807,3,64-,64-,1,4,0.5,0.95388235,0.99503232,0.99143039,0.95813288,0.9622306,0.99277373
cd/490321,seed2,120,5,0.71591909,0.85751979,0.37755971,3,64-,64-,1,4,0.5,0.95388235,0.99877032,0.99643217,0.97932198,0.95057173,0.99727823
cd/490321,seed3,100,5,0.72786885,0.8557377,0.42207993,3,64-,64-,1,4,0.5,0.95388235,0.99889636,0.99636254,0.9740097,0.94846564,0.99921129
cd/490321,seed3,105,5,0.70327994,0.83981693,0.46150861,3,64-,64-,1,4,0.5,0.95388235,0.99862133,0.99567732,0.96821251,0.95290546,0.99921814
cd/490321,seed3,110,5,0.67698804,0.82828994,0.47441527,3,64-,64-,1,4,0.5,0.95388235,0.99825115,0.99510235,0.96605615,0.95523842,0.99875983
cd/490321,seed3,115,5,0.68146371,0.83443311,0.44905923,3,64-,64-,1,4,0.5,0.95388235,0.99832053,0.99541766,0.97016658,0.9622306,0.99886285
cd/490321,seed3,120,5,0.513992,0.74985722,0.56183205,3,64-,64-,1,4,0.5,0.95388235,0.99238705,0.98857482,0.94729347,0.95057173,0.9915401
cd/490321,seed4,100,5,0.72786885,0.8557377,0.42207993,3,64-,64-,1,4,0.5,0.95388235,0.99889636,0.99636254,0.9740097,0.94846564,0.99896429
cd/490321,seed4,105,5,0.72667217,0.84805945,0.4572316,3,64-,64-,1,4,0.5,0.95388235,0.99888435,0.99604676,0.96889741,0.95290546,0.99917389
cd/490321,seed4,110,5,0.85541358,0.92199059,0.27888416,3,64-,64-,1,4,0.5,0.95388235,0.99965223,0.99822807,0.98758838,0.95523842,0.9996899
cd/490321,seed4,115,5,0.70890224,0.8525396,0.3968782,3,64-,64-,1,4,0.5,0.95388235,0.99868971,0.99623419,0.97716164,0.9622306,0.99884284
cd/490321,seed4,120,5,0.5754386,0.78546366,0.49315933,3,64-,64-,1,4,0.5,0.95388235,0.99562291,0.99221683,0.96267155,0.95057173,0.99371202
cd/490321,seed5,100,5,0.72786885,0.8557377,0.42207993,3,64-,64-,1,4,0.5,0.95388235,0.99889636,0.99636254,0.9740097,0.94846564,0.99931138
cd/490321,seed5,105,5,0.63523573,0.79818031,0.54778849,3,64-,64-,1,4,0.5,0.95388235,0.99744912,0.99321601,0.95086086,0.95290546,0.99871526
cd/490321,seed5,110,5,0.57494867,0.77823409,0.5395392,3,64-,64-,1,4,0.5,0.95388235,0.99560352,0.99158503,0.95284837,0.95523842,0.99720717
cd/490321,seed5,115,5,0.53341508,0.76456162,0.516292,3,64-,64-,1,4,0.5,0.95388235,0.99360765,0.99024801,0.95804604,0.9622306,0.99607614
cd/490321,seed5,120,5,0.39153439,0.69194591,0.5946892,3,64-,64-,1,4,0.5,0.95388235,0.97726306,0.97875479,0.93797024,0.95057173,0.97726003
cd/490322,seed1,100,5,0.29530201,0.62863535,0.51174963,5,55-,55-,1,1,0.5,0.95247059,0.94512265,0.95681828,0.96003323,0.94841585,0.95555522
cd/490322,seed1,105,5,0.18446059,0.56735606,0.55139774,5,55-,55+,0,1,0.5,0.95247059,0.86049339,0.92103917,0.95011077,0.9599007,0.90458084
cd/490322,seed1,110,5,0.09076517,0.52823219,0.52357599,5,55+,55+,1,1,0.5,0.95247059,0.72139907,0.88563308,0.95729004,0.95523798,0.72878318
cd/490322,seed1,115,5,0.13820731,0.56134201,0.47413478,5,55+,55+,1,1,0.5,0.95247059,0.80073744,0.91633632,0.96767829,0.95756992,0.79636892
cd/490322,seed1,120,5,0.24074988,0.61716823,0.43685245,5,55+,55+,1,1,0.5,0.95247059,0.91220422,0.95157609,0.97385118,0.94122849,0.87710214
cd/490322,seed2,100,5,0.29530201,0.62863535,0.51174963,5,55-,55-,1,1,0.5,0.95247059,0.94512265,0.95681828,0.96003323,0.94841585,0.93039483
cd/490322,seed2,105,5,0.11509972,0.54188034,0.52057963,5,55-,55+,0,1,0.5,0.95247059,0.76437989,0.89932966,0.95800162,0.9599007,0.75352182
cd/490322,seed2,110,5,0.20140769,0.5906876,0.48291089,5,55+,55+,1,1,0.5,0.95247059,0.87829577,0.93707687,0.9660319,0.95523798,0.82639737
cd/490322,seed2,115,5,0.59476117,0.79455573,0.33464498,5,55+,55+,1,1,0.5,0.95247059,0.99638976,0.99212005,0.98545556,0.95756992,0.9945643
cd/490322,seed2,120,5,0.77553034,0.88455846,0.24124712,5,55+,55+,1,1,0.5,0.95247059,0.99932153,0.99691442,0.9915303,0.94122849,0.9985736
cd/490322,seed3,100,5,0.29530201,0.62863535,0.51174963,5,55-,55-,1,1,0.5,0.95247059,0.94512265,0.95681828,0.96003323,0.94841585,0.95508835
cd/490322,seed3,105,5,0.20011056,0.57545605,0.54742536,5,55-,55-,1,1,0.5,0.95247059,0.87700545,0.92699122,0.95120178,0.9599007,0.9157817
cd/490322,seed3,110,5,0.03457307,0.50445259,0.50961278,5,55-,55-,1,1,0.5,0.95247059,0.60607804,0.85789292,0.96051054,0.95523798,0.60962017
cd/490322,seed3,115,5,0.02442748,0.5043257,0.48332106,5,55-,55+,0,1,0.5,0.95247059,0.58342965,0.85773087,0.965953,0.95756992,0.56856505
cd/490322,seed3,120,5,0.08246398,0.5360159,0.46392055,5,55+,55+,1,1,0.5,0.95247059,0.70568346,0.89363234,0.96949741,0.94122849,0.61213836
cd/490322,seed4,100,5,0.29530201,0.62863535,0.51174963,5,55-,55-,1,1,0.5,0.95247059,0.94512265,0.95681828,0.96003323,0.94841585,0.95044876
cd/490322,seed4,105,5,0.16177285,0.55457064,0.56090465,5,55-,55-,1,1,0.5,0.95247059,0.83330275,0.91073777,0.94740517,0.9599007,0.87217823
cd/490322,seed4,110,5,0.22762545,0.6006208,0.49402234,5,55-,55-,1,1,0.5,0.95247059,0.90196644,0.94293791,0.96383107,0.95523798,0.89748516
cd/490322,seed4,115,5,0.13965087,0.56009975,0.4876146,5,55-,55-,1,1,0.5,0.95247059,0.8028626,0.91533369,0.96511647,0.95756992,0.77959305
cd/490322,seed4,120,5,0.0244978,0.50808427,0.46132983,5,55-,55+,0,1,0.5,0.95247059,0.58358797,0.86246607,0.96994282,0.94122849,0.45128907
cd/490322,seed5,100,5,0.29530201,0.62863535,0.51174963,5,55-,55-,1,1,0.5,0.95247059,0.94512265,0.95681828,0.96003323,0.94841585,0.96830267
cd/490322,seed5,105,5,0.0825325,0.5161108,0.55778584,5,55-,55+,0,1,0.5,0.95247059,0.70581528,0.87213506,0.9483077,0.9599007,0.83696394
cd/490322,seed5,110,5,0.18191902,0.56960621,0.53257031,5,55+,55+,1,1,0.5,0.95247059,0.85764291,0.92273575,0.95508425,0.95523798,0.90046551
cd/490322,seed5,115,5,0.43930636,0.70993169,0.42753551,5,55+,55+,1,1,0.5,0.95247059,0.98493574,0.98109861,0.97520502,0.95756992,0.98969359
cd/490322,seed5,120,5,0.53100974,0.7590979,0.38054833,5,55+,55+,1,1,0.5,0.95247059,0.99350224,0.98861771,0.98105566,0.94122849,0.99371675
cd/490324,seed1,100,5,0.72389791,0.81902552,0.40379557,5,99-,99-,1,3,0.5,0.96752941,0.99942896,0.99618622,0.98658317,0.96709606,0.99969804
cd/490324,seed1,105,5,0.75043228,0.83170029,0.39368564,5,99-,99-,1,3,0.5,0.96752941,0.99956559,0.99672864,0.98747872,0.96473295,0.99973579
cd/490324,seed1,110,5,0.83233858,0.89039609,0.2762944,5,99-,99-,1,3,0.5,0.96752941,0.99981326,0.99839374,0.99440561,0.9740259,0.99991043
cd/490324,seed1,115,5,0.88337731,0.92295515,0.21579354,5,99-,99-,1,3,0.5,0.96752941,0.99988966,0.99891786,0.99631284,0.96705934,0.99991477
cd/490324,seed1,120,5,0.87807545,0.92454893,0.20302188,5,99-,99-,1,3,0.5,0.96752941,0.99988346,0.99893859,0.99662379,0.96473295,0.99989088
cd/490324,seed2,100,5,0.72389791,0.81902552,0.40379557,5,99-,99-,1,3,0.5,0.96752941,0.99942896,0.99618622,0.98658317,0.96709606,0.99921189
cd/490324,seed2,105,5,0.74446439,0.83123878,0.39845064,5,99-,99-,1,3,0.5,0.96752941,0.99953803,0.99671031,0.98706423,0.96473295,0.99926603
cd/490324,seed2,110,5,0.83106106,0.90397155,0.24130768,5,99-,99-,1,3,0.5,0.96752941,0.99981078,0.99863759,0.99560367,0.9740259,0.99976302
cd/490324,seed2,115,5,0.79511383,0.89450305,0.22714595,5,99-,99-,1,3,0.5,0.96752941,0.99972591,0.99847179,0.99601258,0.96705934,0.99944039
cd/490324,seed2,120,5,0.77599586,0.88722193,0.22503656,5,99-,99-,1,3,0.5,0.96752941,0.99966621,0.99833071,0.99607016,0.96473295,0.99917248
cd/490324,seed3,100,5,0.72389791,0.81902552,0.40379557,5,99-,99-,1,3,0.5,0.96752941,0.99942896,0.99618622,0.98658317,0.96709606,0.99963284
cd/490324,seed3,105,5,0.76586188,0.84166199,0.3653282,5,99-,99-,1,3,0.5,0.96752941,0.99962946,0.99710039,0.9896875,0.96473295,0.99972658
cd/490324,seed3,110,5,0.81439178,0.87549971,0.31896408,5,99-,99-,1,3,0.5,0.96752941,0.99977531,0.99807576,0.99249755,0.9740259,0.99986862
cd/490324,seed3,115,5,0.87478944,0.92026951,0.22158461,5,99-,99-,1,3,0.5,0.96752941,0.99987945,0.99888202,0.9961626,0.96705934,0.99988663
cd/490324,seed3,120,5,0.92750415,0.9524073,0.14259136,5,99-,99-,1,3,0.5,0.96752941,0.99992999,0.99924307,0.99777541,0.96473295,0.99992085
cd/490324,seed4,100,5,0.72389791,0.81902552,0.40379557,5,99-,99-,1,3,0.5,0.96752941,0.99942896,0.99618622,0.98658317,0.96709606,0.99952254
cd/490324,seed4,105,5,0.74183976,0.8231454,0.40847099,5,99-,99-,1,3,0.5,0.96752941,0.99952536,0.9963717,0.98614793,0.96473295,0.99954299
cd/490324,seed4,110,5,0.8518316,0.90049207,0.26442095,5,99-,99-,1,3,0.5,0.96752941,0.99984726,0.99857886,0.99484477,0.9740259,0.99988447
cd/490324,seed4,115,5,0.91705307,0.94641937,0.15783412,5,99-,99-,1,3,0.5,0.96752941,0.99992203,0.99918601,0.99752845,0.96705934,0.99990521
cd/490324,seed4,120,5,0.95059802,0.96983879,0.09891708,5,99-,99-,1,3,0.5,0.96752941,0.99994483,0.99938742,0.99835488,0.96473295,0.99991914
cd/490324,seed5,100,5,0.72389791,0.81902552,0.40379557,5,99-,99-,1,3,0.5,0.96752941,0.99942896,0.99618622,0.98658317,0.96709606,0.99966142
cd/490324,seed5,105,5,0.76605775,0.8385386,0.38317766,5,99-,99-,1,3,0.5,0.96752941,0.9996302,0.9969886,0.98834697,0.96473295,0.99974837
cd/490324,seed5,110,5,0.75807365,0.8470255,0.36230727,5,99-,99-,1,3,0.5,0.96752941,0.99959849,0.99728278,0.98989877,0.9740259,0.99978177
cd/490324,seed5,115,5,0.75613748,0.86252046,0.31070648,5,99-,99-,1,3,0.5,0.96752941,0.99959039,0.9977479,0.99291143,0.96705934,0.99963877
cd/490324,seed5,120,5,0.75802066,0.87058184,0.2794239,5,99-,99-,1,3,0.5,0.96752941,0.99959827,0.99795755,0.99428379,0.96473295,0.99957102
cd/490325,seed1,100,5,0.62404092,0.76982097,0.41159754,7,90-,90-,1,4,0.5,0.95388235,0.99717758,0.99078556,0.97536912,0.94846564,0.9978762
cd/490325,seed1,105,5,0.79299562,0.86866792,0.27770654,7,90-,90-,1,4,0.5,0.95388235,0.99938796,0.99683854,0.98766406,0.95290546,0.99965149
cd/490325,seed1,110,5,0.79977566,0.87773416,0.25879303,7,90-,90-,1,4,0.5,0.95388235,0.99942441,0.99713475,0.98881876,0.95523842,0.99959343
cd/490325,seed1,115,5,0.87825625,0.92450824,0.17863806,7,90-,90-,1,4,0.5,0.95388235,0.99971723,0.99827588,0.99263582,0.9622306,0.99981269
cd/490325,seed1,120,5,0.91527144,0.94723491,0.13519041,7,90-,90-,1,4,0.5,0.95388235,0.99979778,0.99865318,0.99413101,0.95057173,0.99979049
cd/490325,seed2,100,5,0.62404092,0.76982097,0.41159754,7,90-,90-,1,4,0.5,0.95388235,0.99717758,0.99078556,0.97536912,0.94846564,0.99567929
cd/490325,seed2,105,5,0.7977598,0.87429994,0.27300057,7,90-,90-,1,4,0.5,0.95388235,0.9994138,0.99702596,0.98796193,0.95290546,0.99932045
cd/490325,seed2,110,5,0.91838006,0.94890966,0.13658526,7,90-,90-,1,4,0.5,0.95388235,0.9998034,0.99867748,0.99408807,0.95523842,0.99972493
cd/490325,seed2,115,5,0.97592713,0.98178269,0.06095322,7,90-,90-,1,4,0.5,0.95388235,0.99988327,0.99907489,0.99602019,0.9622306,0.99984604
cd/490325,seed2,120,5,0.98964046,0.99268739,0.02801223,7,90-,90-,1,4,0.5,0.95388235,0.99989691,0.99917834,0.996651,0.95057173,0.99978613
cd/490325,seed3,100,5,0.62404092,0.76982097,0.41159754,7,90-,90-,1,4,0.5,0.95388235,0.99717758,0.99078556,0.97536912,0.94846564,0.99793078
cd/490325,seed3,105,5,0.73538276,0.84086799,0.30994992,7,90-,90-,1,4,0.5,0.95388235,0.99896892,0.99572628,0.98541813,0.95290546,0.99941987
cd/490325,seed3,110,5,0.75435638,0.8549747,0.28828182,7,90-,90-,1,4,0.5,0.95388235,0.99913163,0.99633232,0.98696787,0.95523842,0.99939577
cd/490325,seed3,115,5,0.74167122,0.8459858,0.29936812,7,90-,90-,1,4,0.5,0.95388235,0.99902597,0.99595689,0.98619641,0.9622306,0.99935017
cd/490325,seed3,120,5,0.74657909,0.85112206,0.28270214,7,90-,90-,1,4,0.5,0.95388235,0.99906829,0.99617586,0.98733989,0.95057173,0.99902047
cd/490325,seed4,100,5,0.62404092,0.76982097,0.41159754,7,90-,90-,1,4,0.5,0.95388235,0.99717758,0.99078556,0.97536912,0.94846564,0.99728385
cd/490325,seed4,105,5,0.71216999,0.83129427,0.31406864,7,90-,90-,1,4,0.5,0.95388235,0.99872789,0.99525916,0.98510365,0.95290546,0.99905469
cd/490325,seed4,110,5,0.73159934,0.84836746,0.28328866,7,90-,90-,1,4,0.5,0.95388235,0.998933,0.99605994,0.98730128,0.95523842,0.9990196
cd/490325,seed4,115,5,0.70971129,0.832021,0.30012525,7,90-,90-,1,4,0.5,0.95388235,0.99869927,0.99529634,0.98614211,0.9622306,0.99885151
cd/490325,seed4,120,5,0.70446563,0.8283994,0.29734988,7,90-,90-,1,4,0.5,0.95388235,0.99863604,0.99510816,0.98634013,0.95057173,0.99809814
cd/490325,seed5,100,5,0.62404092,0.76982097,0.41159754,7,90-,90-,1,4,0.5,0.95388235,0.99717758,0.99078556,0.97536912,0.94846564,0.99819308
cd/490325,seed5,105,5,0.79529994,0.87260359,0.27499396,7,90-,90-,1,4,0.5,0.95388235,0.9994006,0.9969707,0.98783663,0.95290546,0.99970985
cd/490325,seed5,110,5,0.84351367,0.90110529,0.22966922,7,90-,90-,1,4,0.5,0.95388235,0.99961266,0.99777684,0.99039109,0.95523842,0.99976975
cd/490325,seed5,115,5,0.92063492,0.94636015,0.14686693,7,90-,90-,1,4,0.5,0.95388235,0.99980737,0.99864032,0.99376171,0.9622306,0.99989258
cd/490325,seed5,120,5,0.94149222,0.96457327,0.09971111,7,90-,90-,1,4,0.5,0.95388235,0.99984053,0.99888454,0.99512496,0.95057173,0.99986037
cd/490327,seed1,100,5,0.28251121,0.56278027,0.5817632,8,95-,95-,1,1,0.5,0.95247059,0.93864276,0.91748365,0.9409763,0.94841585,0.95012115
cd/490327,seed1,105,5,0.25326087,0.54945652,0.58520588,8,95-,95-,1,1,0.5,0.95247059,0.92105371,0.9062877,0.93984676,0.9599007,0.94786225
cd/490327,seed1,110,5,0.37603306,0.6286157,0.50406131,8,95-,95-,1,1,0.5,0.95247059,0.97324972,0.95680978,0.96172516,0.95523798,0.97559455
cd/490327,seed1,115,5,0.42326981,0.68154463,0.40920278,8,95-,95-,1,1,0.5,0.95247059,0.98256507,0.97472158,0.97767232,0.95756992,0.98306998
cd/490327,seed1,120,5,0.2920354,0.62782694,0.39248365,8,95-,95-,1,1,0.5,0.95247059,0.94353181,0.95646719,0.97971223,0.94122849,0.92060805
cd/490327,seed2,100,5,0.28251121,0.56278027,0.5817632,8,95-,95-,1,1,0.5,0.95247059,0.93864276,0.91748365,0.9409763,0.94841585,0.9221352
cd/490327,seed2,105,5,0.20927724,0.53020496,0.57673481,8,95-,95-,1,1,0.5,0.95247059,0.88587607,0.88770871,0.94259043,0.9599007,0.88171617
cd/490327,seed2,110,5,0.20785936,0.54653568,0.50754197,8,95-,95-,1,1,0.5,0.95247059,0.88454137,0.90365775,0.96096788,0.95523798,0.83498337
cd/490327,seed2,115,5,0.30408163,0.58112245,0.48361157,8,95-,95-,1,1,0.5,0.95247059,0.94919152,0.93090638,0.96589701,0.95756992,0.92116753
cd/490327,seed2,120,5,0.48234107,0.68163471,0.42057593,8,95-,95-,1,1,0.5,0.95247059,0.98983833,0.97474481,0.9761715,0.94122849,0.97760834
cd/490327,seed3,100,5,0.28251121,0.56278027,0.5817632,8,95-,95-,1,1,0.5,0.95247059,0.93864276,0.91748365,0.9409763,0.94841585,0.94960022
cd/490327,seed3,105,5,0.25906183,0.55703625,0.56398502,8,95-,95-,1,1,0.5,0.95247059,0.92487394,0.91281441,0.94649917,0.9599007,0.94999255
cd/490327,seed3,110,5,0.30439224,0.58988764,0.52898839,8,95-,95-,1,1,0.5,0.95247059,0.94933011,0.93658116,0.95597541,0.95523798,0.95254212
cd/490327,seed3,115,5,0.415,0.6555,0.47232825,8,95-,95-,1,1,0.5,0.95247059,0.98120297,0.96705742,0.96800749,0.95756992,0.98151954
cd/490327,seed3,120,5,0.50148368,0.70178042,0.43399677,8,95-,95-,1,1,0.5,0.95247059,0.99147553,0.97944912,0.97427361,0.94122849,0.98813145
cd/490327,seed4,100,5,0.28251121,0.56278027,0.5817632,8,95-,95-,1,1,0.5,0.95247059,0.93864276,0.91748365,0.9409763,0.94841585,0.94442666
cd/490327,seed4,105,5,0.23473684,0.54263158,0.57368859,8,95-,95-,1,1,0.5,0.95247059,0.90763938,0.90003959,0.94354803,0.9599007,0.93155917
cd/490327,seed4,110,5,0.42280525,0.66347124,0.45965862,8,95-,95-,1,1,0.5,0.95247059,0.98249119,0.96961522,0.97022678,0.95523798,0.98230771
cd/490327,seed4,115,5,0.58956693,0.7613189,0.3678094,8,95-,95-,1,1,0.5,0.95247059,0.99621247,0.98887645,0.9823933,0.95756992,0.99601535
cd/490327,seed4,120,5,0.65332031,0.80126953,0.32157937,8,95-,95-,1,1,0.5,0.95247059,0.99789818,0.99265105,0.98651229,0.94122849,0.99684539
cd/490327,seed5,100,5,0.28251121,0.56278027,0.5817632,8,95-,95-,1,1,0.5,0.95247059,0.93864276,0.91748365,0.9409763,0.94841585,0.96436907
cd/490327,seed5,105,5,0.20304017,0.52171553,0.59280349,8,95-,95-,1,1,0.5,0.95247059,0.87990308,0.87853781,0.93728203,0.9599007,0.94138146
cd/490327,seed5,110,5,0.28059072,0.57120253,0.54194089,8,95-,95-,1,1,0.5,0.95247059,0.93761009,0.92391904,0.95267093,0.95523798,0.95836307
cd/490327,seed5,115,5,0.35589744,0.62923077,0.46942359,8,95-,95-,1,1,0.5,0.95247059,0.96794004,0.95707514,0.96853001,0.95756992,0.9775826
cd/490327,seed5,120,5,0.3671013,0.64944835,0.4225485,8,95-,95-,1,1,0.5,0.95247059,0.97100908,0.9649779,0.97590136,0.94122849,0.97103658
cd/490330,seed1,100,5,0.30769231,0.58974359,0.84812123,3,85-,85-,1,0,0.5,0.95095238,0.95423616,0.92996331,0.79655851,0.94318109,0.95638847
cd/490330,seed1,105,5,0.1981982,0.53153153,0.88529726,3,85-,85-,1,0,0.5,0.95095238,0.88084054,0.87367993,0.76472227,0.95703088,0.90958285
cd/490330,seed1,110,5,0.17699115,0.52212389,0.88704389,3,85-,85-,1,0,0.5,0.95095238,0.85809599,0.86158153,0.76314484,0.95938935,0.8789432
cd/490330,seed1,115,5,0.15873016,0.52380952,0.86537744,3,85-,85-,1,0,0.5,0.95095238,0.83570581,0.86381857,0.78219497,0.95703088,0.81991074
cd/490330,seed1,120,5,0.41269841,0.68253968,0.69099321,3,85-,85-,1,0,0.5,0.95095238,0.9825689,0.97406412,0.89583806,0.93812972,0.97095727
cd/490330,seed2,100,5,0.30769231,0.58974359,0.84812123,3,85-,85-,1,0,0.5,0.95095238,0.95423616,0.92996331,0.79655851,0.94318109,0.93203373
cd/490330,seed2,105,5,0.1986755,0.50993377,0.92345099,3,85-,90*,0,0,0.5,0.95095238,0.8813142,0.84447457,0.7286282,0.95703088,0.86338004
cd/490330,seed2,110,5,0.57142857,0.72413793,0.70873883,3,90*,90*,1,0,0.5,0.95095238,0.99607018,0.98356763,0.88724897,0.95938935,0.9950432
cd/490330,seed2,115,5,0.84848485,0.90572391,0.34178291,3,90*,90*,1,0,0.5,0.95095238,0.99971399,0.99782053,0.98017221,0.95703088,0.99953462
cd/490330,seed2,120,5,0.98613861,0.99207921,0.04611851,3,90*,90*,1,0,0.5,0.95095238,0.99992232,0.99917066,0.99541933,0.93812972,0.99980623
cd/490330,seed3,100,5,0.30769231,0.58974359,0.84812123,3,85-,85-,1,0,0.5,0.95095238,0.95423616,0.92996331,0.79655851,0.94318109,0.95818006
cd/490330,seed3,105,5,0.10619469,0.52212389,0.79780298,3,85-,85-,1,0,0.5,0.95095238,0.75566577,0.86158153,0.83436908,0.95703088,0.81283937
cd/490330,seed3,110,5,0.07058824,0.50588235,0.79504149,3,85-,85-,1,0,0.5,0.95095238,0.68822597,0.83841903,0.83627144,0.95938935,0.73187389
cd/490330,seed3,115,5,0.41975309,0.67901235,0.71431187,3,85-,85-,1,0,0.5,0.95095238,0.9836771,0.97304675,0.88442663,0.95703088,0.98315985
cd/490330,seed3,120,5,0.66666667,0.82905983,0.44720788,3,85-,85-,1,0,0.5,0.95095238,0.99840169,0.99487007,0.96683972,0.93812972,0.99751007
cd/490330,seed4,100,5,0.30769231,0.58974359,0.84812123,3,85-,85-,1,0,0.5,0.95095238,0.95423616,0.92996331,0.79655851,0.94318109,0.96200331
cd/490330,seed4,105,5,0.43478261,0.63478261,0.82636225,3,85-,85-,1,0,0.5,0.95095238,0.98581202,0.95651003,0.81364796,0.95703088,0.99120649
cd/490330,seed4,110,5,0.20895522,0.55223881,0.84737437,3,85-,85-,1,0,0.5,0.95095238,0.89112577,0.89714596,0.79716396,0.95938935,0.91932347
cd/490330,seed4,115,5,0.40816327,0.63265306,0.82195294,3,85-,85-,1,0,0.5,0.95095238,0.9818178,0.95550659,0.81697293,0.95703088,0.98296875
cd/490330,seed4,120,5,0.61538462,0.79487179,0.53223158,3,85-,85-,1,0,0.5,0.95095238,0.99740489,0.99249359,0.95011604,0.93812972,0.99631663
cd/490330,seed5,100,5,0.30769231,0.58974359,0.84812123,3,85-,85-,1,0,0.5,0.95095238,0.95423616,0.92996331,0.79655851,0.94318109,0.97321188
cd/490330,seed5,105,5,0.064,0.456,0.920738,3,85-,90*,0,0,0.5,0.95095238,0.67468288,0.74793143,0.7313063,0.95703088,0.82115842
cd/490330,seed5,110,5,0.23622047,0.55905512,0.85780573,3,90*,85-,0,0,0.5,0.95095238,0.91376659,0.90398256,0.7885859,0.95938935,0.95505076
cd/490330,seed5,115,5,0.02020202,0.47474747,0.8186521,3,85-,90*,0,0,0.5,0.95095238,0.57801693,0.78544161,0.81943176,0.95703088,0.66592512
cd/490330,seed5,120,5,0.11214953,0.53271028,0.76725308,3,90*,90*,1,0,0.5,0.95095238,0.76592802,0.87513033,0.85444605,0.93812972,0.75531754
cd/490331,seed1,100,5,0.27004219,0.52531646,0.64091168,8,63-,63-,1,0,0.5,0.95095238,0.93588643,0.8657926,0.91702681,0.94318109,0.93855318
cd/490331,seed1,105,5,0.19831224,0.48575949,0.64732158,8,63-,63-,1,0,0.5,0.95095238,0.88095386,0.80550253,0.9145514,0.95703088,0.9096729
cd/490331,seed1,110,5,0.28902316,0.51812689,0.63627629,8,63-,63-,1,0,0.5,0.95095238,0.94586424,0.85615367,0.91877611,0.95938935,0.95515511
cd/490331,seed1,115,5,0.33696729,0.54856293,0.59533778,8,63-,63-,1,0,0.5,0.95095238,0.96492887,0.89328287,0.93282092,0.95703088,0.96187181
cd/490331,seed1,120,5,0.16568627,0.47598039,0.61010045,8,63-,63-,1,0,0.5,0.95095238,0.84455242,0.78776042,0.92803707,0.93812972,0.75706624
cd/490331,seed2,100,5,0.27004219,0.52531646,0.64091168,8,63-,63-,1,0,0.5,0.95095238,0.93588643,0.8657926,0.91702681,0.94318109,0.90522537
cd/490331,seed2,105,5,0.2112069,0.48653017,0.66333259,8,63-,63-,1,0,0.5,0.95095238,0.89317758,0.80685179,0.90807352,0.95703088,0.87696856
cd/490331,seed2,110,5,0.1678608,0.42732856,0.69438108,8,63-,63-,1,0,0.5,0.95095238,0.84723702,0.68273384,0.89424423,0.95938935,0.80616279
cd/490331,seed2,115,5,0.12145749,0.38309717,0.67313782,8,63-,63-,1,0,0.5,0.95095238,0.78136076,0.56728393,0.90389153,0.95703088,0.66556823
cd/490331,seed2,120,5,0.25728643,0.46884422,0.65740941,8,63-,63-,1,0,0.5,0.95095238,0.92824446,0.77408482,0.91051988,0.93812972,0.8244956
cd/490331,seed3,100,5,0.27004219,0.52531646,0.64091168,8,63-,63-,1,0,0.5,0.95095238,0.93588643,0.8657926,0.91702681,0.94318109,0.94103228
cd/490331,seed3,105,5,0.26288118,0.52523659,0.61603945,8,63-,63-,1,0,0.5,0.95095238,0.93169466,0.86568859,0.92602529,0.95703088,0.95137316
cd/490331,seed3,110,5,0.27991886,0.52383367,0.62162807,8,63-,63-,1,0,0.5,0.95095238,0.94127549,0.8638504,0.92408507,0.95938935,0.95324836
cd/490331,seed3,115,5,0.27944112,0.49750499,0.63831157,8,63-,63-,1,0,0.5,0.95095238,0.94102488,0.82529591,0.91801221,0.95703088,0.93814656
cd/490331,seed3,120,5,0.22713864,0.48918387,0.6101098,8,63-,63-,1,0,0.5,0.95095238,0.90674341,0.81144323,0.92803394,0.93812972,0.85455795
cd/490331,seed4,100,5,0.27004219,0.52531646,0.64091168,8,63-,63-,1,0,0.5,0.95095238,0.93588643,0.8657926,0.91702681,0.94318109,0.94633541
cd/490331,seed4,105,5,0.24152542,0.50794492,0.63738598,8,63-,63-,1,0,0.5,0.95095238,0.91764413,0.84152535,0.91836042,0.95703088,0.94626403
cd/490331,seed4,110,5,0.40562249,0.58684739,0.58755304,8,63-,63-,1,0,0.5,0.95095238,0.98138322,0.92782007,0.93522316,0.95938935,0.98690598
cd/490331,seed4,115,5,0.54768928,0.68485742,0.47802072,8,63-,63-,1,0,0.5,0.95095238,0.9950843,0.97471216,0.96151977,0.95703088,0.99548509
cd/490331,seed4,120,5,0.56767283,0.73953262,0.38276669,8,63-,63-,1,0,0.5,0.95095238,0.99592846,0.98613494,0.97576441,0.93812972,0.99418746
cd/490331,seed5,100,5,0.27004219,0.52531646,0.64091168,8,63-,63-,1,0,0.5,0.95095238,0.93588643,0.8657926,0.91702681,0.94318109,0.96198317
cd/490331,seed5,105,5,0.20191286,0.48618491,0.64467287,8,63-,63-,1,0,0.5,0.95095238,0.88448397,0.80624821,0.91558231,0.95703088,0.94526886
cd/490331,seed5,110,5,0.1899384,0.48408624,0.63924743,8,63-,63-,1,0,0.5,0.95095238,0.87238208,0.80254852,0.91765877,0.95938935,0.93160665
cd/490331,seed5,115,5,0.25050302,0.51559356,0.63019016,8,63-,63-,1,0,0.5,0.95095238,0.92384583,0.85262253,0.92102182,0.95703088,0.9479518
cd/490331,seed5,120,5,0.32432432,0.55805806,0.59673943,8,63-,63-,1,0,0.5,0.95095238,0.96064328,0.90300852,0.93237971,0.93812972,0.95951024
cd/490333,seed1,100,5,0.6407767,0.78640777,0.59372855,3,55-,55-,1,3,0.5,0.96752941,0.99865556,0.99434255,0.95179576,0.96709606,0.99928041
cd/490333,seed1,105,5,0.4029484,0.68058968,0.68295823,3,55-,55-,1,3,0.5,0.96752941,0.98460528,0.97984124,0.91413486,0.96473295,0.99011276
cd/490333,seed1,110,5,0.26206897,0.62298851,0.6636363,3,55-,55-,1,3,0.5,0.96752941,0.93735784,0.96023069,0.92406878,0.9740259,0.96642939
cd/490333,seed1,115,5,0.09713024,0.54083885,0.68942125,3,55-,55-,1,3,0.5,0.96752941,0.73203359,0.89900499,0.91055734,0.96705934,0.75990537
cd/490333,seed1,120,5,0.01652893,0.49862259,0.70532595,3,55-,82+,0,3,0.5,0.96752941,0.54336456,0.84203158,0.90117572,0.96473295,0.52948186
cd/490333,seed2,100,5,0.6407767,0.78640777,0.59372855,3,55-,55-,1,3,0.5,0.96752941,0.99865556,0.99434255,0.95179576,0.96709606,0.99812318
cd/490333,seed2,105,5,0.45307443,0.70873786,0.6475734,3,55-,55-,1,3,0.5,0.96752941,0.99076118,0.98559491,0.93151235,0.96473295,0.98479312
cd/490333,seed2,110,5,0.02390438,0.48207171,0.79894375,3,55-,82+,0,3,0.5,0.96752941,0.56216233,0.81341903,0.82667973,0.9740259,0.47772396
cd/490333,seed2,115,5,0.56,0.76,0.600043,3,82+,82+,1,3,0.5,0.96752941,0.99691328,0.99221961,0.94975013,0.96705934,0.99350555
cd/490333,seed2,120,5,0.79674797,0.88617886,0.37644735,3,82+,82+,1,3,0.5,0.96752941,0.99973049,0.99830946,0.98887155,0.96473295,0.99933373
cd/490333,seed3,100,5,0.6407767,0.78640777,0.59372855,3,55-,55-,1,3,0.5,0.96752941,0.99865556,0.99434255,0.95179576,0.96709606,0.99912513
cd/490333,seed3,105,5,0.4963145,0.72481572,0.64958684,3,55-,55-,1,3,0.5,0.96752941,0.9940648,0.98812013,0.93061776,0.96473295,0.99544465
cd/490333,seed3,110,5,0.53904282,0.7581864,0.57199132,3,55-,55-,1,3,0.5,0.96752941,0.99617158,0.99204769,0.95824892,0.9740259,0.99766952
cd/490333,seed3,115,5,0.48018648,0.73892774,0.53476089,3,55-,55-,1,3,0.5,0.96752941,0.99299852,0.9899728,0.96742568,0.96705934,0.99303821
cd/490333,seed3,120,5,0.37583893,0.68232662,0.61306551,3,55-,55-,1,3,0.5,0.96752941,0.97974109,0.98025379,0.9452691,0.96473295,0.97535046
cd/490333,seed4,100,5,0.6407767,0.78640777,0.59372855,3,55-,55-,1,3,0.5,0.96752941,0.99865556,0.99434255,0.95179576,0.96709606,0.99886248
cd/490333,seed4,105,5,0.256,0.60533333,0.7386728,3,55-,55-,1,3,0.5,0.96752941,0.93358135,0.95118277,0.87862884,0.96473295,0.93165026
cd/490333,seed4,110,5,0.57217848,0.77427822,0.55498502,3,55-,55-,1,3,0.5,0.96752941,0.99727654,0.99345036,0.96271299,0.9740259,0.99785592
cd/490333,seed4,115,5,0.63697105,0.81291759,0.47712991,3,55-,55-,1,3,0.5,0.96752941,0.99860183,0.99589371,0.97790523,0.96705934,0.99823223
cd/490333,seed4,120,5,0.69404517,0.84394251,0.41781932,3,55-,55-,1,3,0.5,0.96752941,0.9992233,0.99717939,0.98523552,0.96473295,0.99882012
cd/490333,seed5,100,5,0.6407767,0.78640777,0.59372855,3,55-,55-,1,3,0.5,0.96752941,0.99865556,0.99434255,0.95179576,0.96709606,0.99919319
cd/490333,seed5,105,5,0.42673522,0.68123393,0.71559124,3,55-,55-,1,3,0.5,0.96752941,0.98791318,0.97999523,0.89466411,0.96473295,0.99134305
cd/490333,seed5,110,5,0.36164384,0.65479452,0.71983892,3,55-,82+,0,3,0.5,0.96752941,0.97662259,0.97262641,0.89186064,0.9740259,0.98642988
cd/490333,seed5,115,5,0.08429119,0.51724138,0.7762791,3,82+,82+,1,3,0.5,0.96752941,0.70528288,0.86984423,0.84802255,0.96705934,0.7116618
cd/490333,seed5,120,5,0.23045267,0.59670782,0.72640791,3,82+,82+,1,3,0.5,0.96752941,0.91526113,0.94608125,0.88739604,0.96473295,0.90374186
cd/490334,seed1,100,5,0.41038961,0.67272727,0.53295665,5,46+,46+,1,3,0.5,0.96752941,0.98572604,0.97786579,0.96781699,0.96709606,0.99206174
cd/490334,seed1,105,5,0.44034278,0.69940672,0.4757215,5,46+,46+,1,3,0.5,0.96752941,0.98947878,0.98389389,0.97811492,0.96473295,0.99328999
cd/490334,seed1,110,5,0.6140963,0.79483601,0.37362099,5,46+,46+,1,3,0.5,0.96752941,0.99823058,0.99489027,0.98908481,0.9740259,0.99912409
cd/490334,seed1,115,5,0.65085248,0.82060786,0.32038335,5,46+,46+,1,3,0.5,0.96752941,0.99878806,0.99625855,0.99242403,0.96705934,0.99903238
cd/490334,seed1,120,5,0.65288544,0.82428941,0.30392247,5,46+,46+,1,3,0.5,0.96752941,0.99881317,0.99642159,0.99323444,0.96473295,0.99885282
cd/490334,seed2,100,5,0.41038961,0.67272727,0.53295665,5,46+,46+,1,3,0.5,0.96752941,0.98572604,0.97786579,0.96781699,0.96709606,0.97953338
cd/490334,seed2,105,5,0.42457338,0.69556314,0.46552601,5,46+,46+,1,3,0.5,0.96752941,0.9876441,0.98313709,0.97957584,0.96473295,0.97962356
cd/490334,seed2,110,5,0.65343728,0.81289865,0.3609569,5,46+,46+,1,3,0.5,0.96752941,0.9988199,0.99589277,0.98999182,0.9740259,0.99848489
cd/490334,seed2,115,5,0.82781027,0.90773229,0.22021777,5,46+,46+,1,3,0.5,0.96752941,0.99980434,0.99869835,0.9961986,0.96705934,0.99960232
cd/490334,seed2,120,5,0.8771733,0.93494111,0.16857823,5,46+,46+,1,3,0.5,0.96752941,0.99988237,0.99906434,0.99733812,0.96473295,0.99971243
cd/490334,seed3,100,5,0.41038961,0.67272727,0.53295665,5,46+,46+,1,3,0.5,0.96752941,0.98572604,0.97786579,0.96781699,0.96709606,0.99036371
cd/490334,seed3,105,5,0.43483789,0.69739352,0.47395906,5,46+,46+,1,3,0.5,0.96752941,0.98887116,0.98350176,0.97837457,0.96473295,0.99137416
cd/490334,seed3,110,5,0.43381843,0.7033957,0.44695682,5,46+,46+,1,3,0.5,0.96752941,0.98875489,0.98464399,0.98199521,0.9740259,0.99303271
cd/490334,seed3,115,5,0.47759197,0.73244147,0.39588119,5,46+,46+,1,3,0.5,0.96752941,0.99281006,0.98915973,0.98728939,0.96705934,0.9928482
cd/490334,seed3,120,5,0.51814947,0.75088968,0.38992827,5,46+,46+,1,3,0.5,0.96752941,0.99525562,0.99131707,0.98779628,0.96473295,0.99432208
cd/490334,seed4,100,5,0.41038961,0.67272727,0.53295665,5,46+,46+,1,3,0.5,0.96752941,0.98572604,0.97786579,0.96781699,0.96709606,0.98750373
cd/490334,seed4,105,5,0.4738541,0.72111039,0.44419847,5,46+,46+,1,3,0.5,0.96752941,0.99252965,0.98758002,0.98232974,0.96473295,0.99252986
cd/490334,seed4,110,5,0.45046154,0.71938462,0.40454695,5,46+,46+,1,3,0.5,0.96752941,0.99051128,0.98732025,0.98651415,0.9740259,0.9923904
cd/490334,seed4,115,5,0.53440214,0.76352705,0.36294088,5,46+,46+,1,3,0.5,0.96752941,0.99598469,0.99254347,0.98985482,0.96705934,0.99485315
cd/490334,seed4,120,5,0.70297749,0.84894699,0.28010882,5,46+,46+,1,3,0.5,0.96752941,0.99929159,0.9973453,0.99425677,0.96473295,0.99892518
cd/490334,seed5,100,5,0.41038961,0.67272727,0.53295665,5,46+,46+,1,3,0.5,0.96752941,0.98572604,0.97786579,0.96781699,0.96709606,0.99110732
cd/490334,seed5,105,5,0.47511612,0.7146649,0.47058465,5,46+,46+,1,3,0.5,0.96752941,0.99262552,0.98658212,0.97886332,0.96473295,0.99476103
cd/490334,seed5,110,5,0.63869756,0.80338134,0.38182516,5,46+,46+,1,3,0.5,0.96752941,0.99862647,0.99539173,0.98845432,0.9740259,0.99924043
cd/490334,seed5,115,5,0.6789107,0.83533882,0.30373588,5,46+,46+,1,3,0.5,0.96752941,0.99909224,0.99686963,0.99324311,0.96705934,0.99919065
cd/490334,seed5,120,5,0.70717518,0.85003232,0.28418989,5,46+,46+,1,3,0.5,0.96752941,0.99932158,0.99737997,0.99409318,0.96473295,0.99927037
cd/490335,seed1,100,5,0.02309469,0.35796767,0.77999783,7,65+,65+,1,4,0.5,0.95388235,0.60410693,0.54864494,0.8509074,0.94846564,0.63700763
cd/490335,seed1,105,5,0.25611838,0.51622083,0.68767358,7,65+,65+,1,4,0.5,0.95388235,0.92648178,0.87186977,0.90266425,0.95290546,0.95108158
cd/490335,seed1,110,5,0.38482385,0.62710027,0.55812637,7,65+,65+,1,4,0.5,0.95388235,0.97587217,0.95788737,0.94825788,0.95523842,0.98106176
cd/490335,seed1,115,5,0.41817243,0.67681982,0.45033729,7,65+,65+,1,4,0.5,0.95388235,0.98205106,0.97504769,0.96997146,0.9622306,0.98665072
cd/490335,seed1,120,5,0.35774788,0.66218236,0.40142512,7,65+,65+,1,4,0.5,0.95388235,0.96936952,0.97086392,0.97662196,0.95057173,0.96389118
cd/490335,seed2,100,5,0.02309469,0.35796767,0.77999783,7,65+,65+,1,4,0.5,0.95388235,0.60410693,0.54864494,0.8509074,0.94846564,0.46256652
cd/490335,seed2,105,5,0.18351841,0.49736996,0.66010255,7,65+,65+,1,4,0.5,0.95388235,0.86716101,0.8471504,0.9146792,0.95290546,0.82916263
cd/490335,seed2,110,5,0.28769497,0.58983247,0.54489278,7,65+,65+,1,4,0.5,0.95388235,0.94374458,0.93812501,0.95156741,0.95523842,0.91145586
cd/490335,seed2,115,5,0.52779277,0.73988127,0.39040984,7,65+,65+,1,4,0.5,0.95388235,0.99327583,0.98728113,0.97790847,0.9622306,0.99014753
cd/490335,seed2,120,5,0.72736573,0.85063939,0.2700395,7,65+,65+,1,4,0.5,0.95388235,0.99889133,0.9961558,0.9881457,0.95057173,0.99755247
cd/490335,seed3,100,5,0.02309469,0.35796767,0.77999783,7,65+,65+,1,4,0.5,0.95388235,0.60410693,0.54864494,0.8509074,0.94846564,0.64301933
cd/490335,seed3,105,5,0.18583569,0.48895184,0.68209842,7,65+,65+,1,4,0.5,0.95388235,0.86956091,0.8349058,0.90520965,0.95290546,0.91211745
cd/490335,seed3,110,5,0.12672176,0.5107438,0.56340737,7,65+,65+,1,4,0.5,0.95388235,0.79600253,0.86506156,0.94687837,0.95523842,0.8281642
cd/490335,seed3,115,5,0.08390866,0.50716941,0.50942189,7,65+,65-,0,4,0.5,0.95388235,0.7258359,0.86045558,0.9594742,0.9622306,0.77199585
cd/490335,seed3,120,5,0.01740911,0.49411162,0.42956027,7,65-,65+,0,4,0.5,0.95388235,0.59172336,0.84250166,0.97299523,0.95057173,0.53611023
cd/490335,seed4,100,5,0.02309469,0.35796767,0.77999783,7,65+,65+,1,4,0.5,0.95388235,0.60410693,0.54864494,0.8509074,0.94846564,0.57830058
cd/490335,seed4,105,5,0.19101762,0.4940307,0.68338459,7,65+,65+,1,4,0.5,0.95388235,0.87479439,0.84238476,0.90462778,0.95290546,0.89237925
cd/490335,seed4,110,5,0.11057948,0.50451887,0.56109724,7,65+,65+,1,4,0.5,0.95388235,0.77122507,0.85695561,0.94748605,0.95523842,0.75947874
cd/490335,seed4,115,5,0.06973219,0.51692774,0.44703881,7,65+,65+,1,4,0.5,0.95388235,0.69954975,0.87272682,0.97047253,0.9622306,0.69318526
cd/490335,seed4,120,5,0.03433055,0.51250613,0.38614228,7,65+,65+,1,4,0.5,0.95388235,0.62817765,0.86728491,0.97838807,0.95057173,0.50735057
cd/490335,seed5,100,5,0.02309469,0.35796767,0.77999783,7,65+,65+,1,4,0.5,0.95388235,0.60410693,0.54864494,0.8509074,0.94846564,0.67355411
cd/490335,seed5,105,5,0.23055082,0.49801249,0.70207395,7,65+,65+,1,4,0.5,0.95388235,0.90906011,0.84805372,0.89580569,0.95290546,0.94742564
cd/490335,seed5,110,5,0.33351924,0.58951478,0.59363248,7,65+,65+,1,4,0.5,0.95388235,0.96213519,0.937924,0.93829273,0.95523842,0.97422204
cd/490335,seed5,115,5,0.42864894,0.6527401,0.53774295,7,65+,65+,1,4,0.5,0.95388235,0.98364984,0.96781191,0.9532709,0.9622306,0.98966889
cd/490335,seed5,120,5,0.52095491,0.72838196,0.41983749,7,65+,65+,1,4,0.5,0.95388235,0.99284915,0.98560979,0.97430652,0.95057173,0.99306698
cd/490337,seed1,100,5,0.60796646,0.73584906,0.55989959,5,79-,79-,1,0,0.5,0.95095238,0.99721653,0.98555916,0.94312401,0.94318109,0.99745821
cd/490337,seed1,105,5,0.54927302,0.72213247,0.54245272,5,79-,79-,1,0,0.5,0.95095238,0.99515713,0.98320049,0.94763335,0.95703088,0.99660162
cd/490337,seed1,110,5,0.63594937,0.78835443,0.42834241,5,79-,79-,1,0,0.5,0.95095238,0.99786317,0.99192953,0.96973871,0.95938935,0.99832675
cd/490337,seed1,115,5,0.72391413,0.84623065,0.33006839,5,79-,79-,1,0,0.5,0.95095238,0.99907,0.99576407,0.98128082,0.95703088,0.99903751
cd/490337,seed1,120,5,0.69053458,0.83619421,0.31832443,5,79-,79-,1,0,0.5,0.95095238,0.99872465,0.99526231,0.98233111,0.93812972,0.99793069
cd/490337,seed2,100,5,0.60796646,0.73584906,0.55989959,5,79-,79-,1,0,0.5,0.95095238,0.99721653,0.98555916,0.94312401,0.94318109,0.99594142
cd/490337,seed2,105,5,0.65178097,0.78947368,0.43850476,5,79-,79-,1,0,0.5,0.95095238,0.99816015,0.9920293,0.968209,0.95703088,0.99796715
cd/490337,seed2,110,5,0.75114972,0.86612161,0.28917414,5,79-,79-,1,0,0.5,0.95095238,0.99928129,0.99660745,0.98469431,0.95938935,0.9991145
cd/490337,seed2,115,5,0.75689223,0.87468672,0.25631753,5,79-,79-,1,0,0.5,0.95095238,0.99931931,0.99691693,0.98698627,0.95703088,0.99887891
cd/490337,seed2,120,5,0.70744943,0.85298471,0.2655592,5,79-,79-,1,0,0.5,0.95095238,0.99891323,0.99607158,0.98637821,0.93812972,0.9971892
cd/490337,seed3,100,5,0.60796646,0.73584906,0.55989959,5,79-,79-,1,0,0.5,0.95095238,0.99721653,0.98555916,0.94312401,0.94318109,0.99756692
cd/490337,seed3,105,5,0.57936092,0.74122577,0.50846458,5,79-,79-,1,0,0.5,0.95095238,0.99635356,0.98639195,0.95546441,0.95703088,0.99756143
cd/490337,seed3,110,5,0.62972292,0.7813602,0.44986022,5,79-,79-,1,0,0.5,0.95095238,0.99773366,0.99127737,0.96641121,0.95938935,0.99829982
cd/490337,seed3,115,5,0.70105158,0.83274912,0.34917442,5,79-,79-,1,0,0.5,0.95095238,0.99884542,0.99507677,0.97943988,0.95703088,0.99885273
cd/490337,seed3,120,5,0.77119059,0.87359138,0.28642623,5,79-,79-,1,0,0.5,0.95095238,0.99940547,0.99687898,0.98490034,0.93812972,0.99908629
cd/490337,seed4,100,5,0.60796646,0.73584906,0.55989959,5,79-,79-,1,0,0.5,0.95095238,0.99721653,0.98555916,0.94312401,0.94318109,0.99779763
cd/490337,seed4,105,5,0.53354134,0.71294852,0.54076783,5,79-,79-,1,0,0.5,0.95095238,0.99438342,0.98141357,0.94805049,0.95703088,0.99657631
cd/490337,seed4,110,5,0.64937656,0.79650873,0.4157558,5,79-,79-,1,0,0.5,0.95095238,0.99811785,0.992629,0.97153469,0.95938935,0.99872556
cd/490337,seed4,115,5,0.77248157,0.87420147,0.27961516,5,79-,79-,1,0,0.5,0.95095238,0.99941269,0.99690017,0.9853993,0.95703088,0.99947692
cd/490337,seed4,120,5,0.83227384,0.91198044,0.20571841,5,79-,79-,1,0,0.5,0.95095238,0.99966654,0.99796778,0.98986977,0.93812972,0.99953995
cd/490337,seed5,100,5,0.60796646,0.73584906,0.55989959,5,79-,79-,1,0,0.5,0.95095238,0.99721653,0.98555916,0.94312401,0.94318109,0.99846416
cd/490337,seed5,105,5,0.60389269,0.74539716,0.51704606,5,79-,79-,1,0,0.5,0.95095238,0.99710736,0.98700525,0.95359948,0.95703088,0.99878348
cd/490337,seed5,110,5,0.63958869,0.77686375,0.46671096,5,79-,79-,1,0,0.5,0.95095238,0.99793542,0.9908308,0.96356146,0.95938935,0.999024
cd/490337,seed5,115,5,0.681474,0.82433115,0.36114994,5,79-,79-,1,0,0.5,0.95095238,0.99861054,0.99459245,0.97819681,0.95703088,0.9991265
cd/490337,seed5,120,5,0.70789341,0.84514832,0.31208977,5,79-,79-,1,0,0.5,0.95095238,0.99891779,0.99571261,0.98286496,0.93812972,0.99894169
cd/490338,seed1,100,5,0.65753425,0.75570776,0.45159059,8,92-,92-,1,0,0.5,0.95095238,0.99825755,0.98840655,0.96612878,0.94318109,0.99841961
cd/490338,seed1,105,5,0.58688525,0.73497268,0.45640215,8,92-,92-,1,0,0.5,0.95095238,0.99660352,0.98541874,0.96533134,0.95703088,0.9976297
cd/490338,seed1,110,5,0.62487047,0.79015544,0.33515314,8,92-,92-,1,0,0.5,0.95095238,0.99762733,0.99208948,0.98080729,0.95938935,0.9981392
cd/490338,seed1,115,5,0.75149105,0.86630219,0.22877258,8,92-,92-,1,0,0.5,0.95095238,0.99928361,0.99661428,0.98864408,0.95703088,0.99926134
cd/490338,seed1,120,5,0.79330709,0.89222441,0.18586316,8,92-,92-,1,0,0.5,0.95095238,0.99951777,0.99746555,0.9908198,0.93812972,0.99922798
cd/490338,seed2,100,5,0.65753425,0.75570776,0.45159059,8,92-,92-,1,0,0.5,0.95095238,0.99825755,0.98840655,0.96612878,0.94318109,0.99747507
cd/490338,seed2,105,5,0.6169265,0.75445434,0.43020269,8,92-,92-,1,0,0.5,0.95095238,0.99744241,0.98824451,0.96946412,0.95703088,0.997161
cd/490338,seed2,110,5,0.63241525,0.79502119,0.32759735,8,92-,92-,1,0,0.5,0.95095238,0.9977906,0.99250605,0.98150678,0.95938935,0.99723481
cd/490338,seed2,115,5,0.62538383,0.80501535,0.27407533,8,92-,92-,1,0,0.5,0.95095238,0.99763881,0.99329461,0.98579313,0.95703088,0.99604587
cd/490338,seed2,120,5,0.64480323,0.81685166,0.25739939,8,92-,92-,1,0,0.5,0.95095238,0.99803471,0.99412253,0.9869165,0.93812972,0.99488107
cd/490338,seed3,100,5,0.65753425,0.75570776,0.45159059,8,92-,92-,1,0,0.5,0.95095238,0.99825755,0.98840655,0.96612878,0.94318109,0.99848726
cd/490338,seed3,105,5,0.63891892,0.76378378,0.4246991,8,92-,92-,1,0,0.5,0.95095238,0.9979223,0.98939891,0.97026957,0.95703088,0.9986224
cd/490338,seed3,110,5,0.69740933,0.82020725,0.32744314,8,92-,92-,1,0,0.5,0.95095238,0.99880495,0.99433818,0.98152079,0.95938935,0.99911189
cd/490338,seed3,115,5,0.71585244,0.83599202,0.28761454,8,92-,92-,1,0,0.5,0.95095238,0.99899628,0.99525161,0.98481158,0.95703088,0.99900463
cd/490338,seed3,120,5,0.66896552,0.81133005,0.29648952,8,92-,92-,1,0,0.5,0.95095238,0.99843606,0.99374977,0.98413225,0.93812972,0.99756432
cd/490338,seed4,100,5,0.65753425,0.75570776,0.45159059,8,92-,92-,1,0,0.5,0.95095238,0.99825755,0.98840655,0.96612878,0.94318109,0.99863082
cd/490338,seed4,105,5,0.54330709,0.72272216,0.4419478,8,92-,92-,1,0,0.5,0.95095238,0.99487706,0.98330927,0.96767396,0.95703088,0.99688193
cd/490338,seed4,110,5,0.61973279,0.78674203,0.33697865,8,92-,92-,1,0,0.5,0.95095238,0.99750932,0.99178361,0.98063444,0.95938935,0.99830641
cd/490338,seed4,115,5,0.8189911,0.89564787,0.20689179,8,92-,92-,1,0,0.5,0.95095238,0.99962185,0.99756069,0.98981068,0.95703088,0.99966533
cd/490338,seed4,120,5,0.86939571,0.92153996,0.16623392,8,92-,92-,1,0,0.5,0.95095238,0.99976536,0.99817382,0.99167214,0.93812972,0.9996779
cd/490338,seed5,100,5,0.65753425,0.75570776,0.45159059,8,92-,92-,1,0,0.5,0.95095238,0.99825755,0.98840655,0.96612878,0.94318109,0.99904544
cd/490338,seed5,105,5,0.61308204,0.75554324,0.42506719,8,92-,92-,1,0,0.5,0.95095238,0.99734782,0.98838541,0.97021635,0.95703088,0.99888615
cd/490338,seed5,110,5,0.69832985,0.81889353,0.33149559,8,92-,92-,1,0,0.5,0.95095238,0.99881531,0.9942547,0.98114907,0.95938935,0.99944465
cd/490338,seed5,115,5,0.75306122,0.85459184,0.27881207,8,92-,92-,1,0,0.5,0.95095238,0.99929418,0.99614142,0.98545705,0.95703088,0.99956067
cd/490338,seed5,120,5,0.79817444,0.88894523,0.20539376,8,92-,92-,1,0,0.5,0.95095238,0.99953948,0.99737095,0.98988606,0.93812972,0.99955513
cd/490339,seed1,100,5,0.37593985,0.61403509,0.64312992,5,45+,45+,1,4,0.5,0.95388235,0.97390256,0.95176273,0.92139102,0.94846564,0.97905271
cd/490339,seed1,105,5,0.52079335,0.69417786,0.57644534,5,45+,45+,1,4,0.5,0.95388235,0.99283875,0.97925408,0.94332254,0.95290546,0.99563369
cd/490339,seed1,110,5,0.75914424,0.84126984,0.3678985,5,45+,45+,1,4,0.5,0.95388235,0.99916846,0.99574485,0.98032602,0.95523842,0.9994068
cd/490339,seed1,115,5,0.9150037,0.94087214,0.17917136,5,45+,45+,1,4,0.5,0.95388235,0.99979729,0.99855675,0.99261529,0.9622306,0.99986692
cd/490339,seed1,120,5,0.95100402,0.96626506,0.11499757,5,45+,45+,1,4,0.5,0.95388235,0.9998537,0.99890487,0.99471909,0.95057173,0.99984973
cd/490339,seed2,100,5,0.37593985,0.61403509,0.64312992,5,45+,45+,1,4,0.5,0.95388235,0.97390256,0.95176273,0.92139102,0.94846564,0.95820007
cd/490339,seed2,105,5,0.53648367,0.70257123,0.56107405,5,45+,45+,1,4,0.5,0.95388235,0.99378183,0.98103091,0.94749211,0.95290546,0.99233197
cd/490339,seed2,110,5,0.74243663,0.84137367,0.36494258,5,45+,45+,1,4,0.5,0.95388235,0.99903269,0.99574964,0.98062356,0.95523842,0.99858832
cd/490339,seed2,115,5,0.88255733,0.92216817,0.22069225,5,45+,45+,1,4,0.5,0.95388235,0.99972803,0.99823148,0.99083005,0.9622306,0.99963314
cd/490339,seed2,120,5,0.95296274,0.96823458,0.10963009,5,45+,45+,1,4,0.5,0.95388235,0.99985627,0.99892807,0.9948653,0.95057173,0.99969919
cd/490339,seed3,100,5,0.37593985,0.61403509,0.64312992,5,45+,45+,1,4,0.5,0.95388235,0.97390256,0.95176273,0.92139102,0.94846564,0.97958121
cd/490339,seed3,105,5,0.48414239,0.67249191,0.59473262,5,45+,45+,1,4,0.5,0.95388235,0.99004639,0.97387566,0.93795696,0.95290546,0.99402766
cd/490339,seed3,110,5,0.67637326,0.79351423,0.43825748,5,45+,45+,1,4,0.5,0.95388235,0.9982414,0.99286512,0.97176729,0.95523842,0.99875273
cd/490339,seed3,115,5,0.76346285,0.83776414,0.37299952,5,45+,45+,1,4,0.5,0.95388235,0.99920035,0.99558009,0.979802,0.9622306,0.99946934
cd/490339,seed3,120,5,0.87976962,0.92080634,0.21899322,5,45+,45+,1,4,0.5,0.95388235,0.99972108,0.99820512,0.99091086,0.95057173,0.99971604
cd/490339,seed4,100,5,0.37593985,0.61403509,0.64312992,5,45+,45+,1,4,0.5,0.95388235,0.97390256,0.95176273,0.92139102,0.94846564,0.9733506
cd/490339,seed4,105,5,0.48473034,0.67511371,0.59309892,5,45+,45+,1,4,0.5,0.95388235,0.99009875,0.97459191,0.93845497,0.95290546,0.99221239
cd/490339,seed4,110,5,0.66666667,0.7877095,0.44633004,5,45+,45+,1,4,0.5,0.95388235,0.99808005,0.99240334,0.97057913,0.95523842,0.99820788
cd/490339,seed4,115,5,0.87556415,0.91618311,0.22900879,5,45+,45+,1,4,0.5,0.95388235,0.99971025,0.99811267,0.99042408,0.9622306,0.99975424
cd/490339,seed4,120,5,0.94159043,0.96199859,0.1224614,5,45+,45+,1,4,0.5,0.95388235,0.99984068,0.99885288,0.99450888,0.95057173,0.99979012
cd/490339,seed5,100,5,0.37593985,0.61403509,0.64312992,5,45+,45+,1,4,0.5,0.95388235,0.97390256,0.95176273,0.92139102,0.94846564,0.9821279
cd/490339,seed5,105,5,0.46902065,0.65356429,0.61976163,5,45+,45+,1,4,0.5,0.95388235,0.98860151,0.96809018,0.9298424,0.95290546,0.99399878
cd/490339,seed5,110,5,0.66058632,0.77198697,0.469785,5,45+,45+,1,4,0.5,0.95388235,0.99797153,0.99099831,0.96684551,0.95523842,0.9987389
cd/490339,seed5,115,5,0.72456254,0.82760855,0.38436267,5,45+,45+,1,4,0.5,0.95388235,0.99886284,0.99506608,0.97858505,0.9622306,0.99933483
cd/490339,seed5,120,5,0.76496534,0.86137366,0.32144687,5,45+,45+,1,4,0.5,0.95388235,0.99921115,0.99657822,0.9845235,0.95057173,0.9992791
cd/490340,seed1,100,5,0.60209424,0.78272251,0.467029,4,96-,96-,1,0,0.5,0.95095238,0.99705781,0.99140837,0.9635055,0.94318109,0.9973111
cd/490340,seed1,105,5,0.66007905,0.82411067,0.37275584,4,96-,96-,1,0,0.5,0.95095238,0.99829897,0.99457915,0.97692213,0.95703088,0.9988252
cd/490340,seed1,110,5,0.78757764,0.89006211,0.27317544,4,96-,96-,1,0,0.5,0.95095238,0.99949089,0.99740356,0.98585611,0.95938935,0.99960958
cd/490340,seed1,115,5,0.86434978,0.92993274,0.19632691,4,96-,96-,1,0,0.5,0.95095238,0.99975388,0.99833745,0.99033069,0.95703088,0.99975007
cd/490340,seed1,120,5,0.87165775,0.93315508,0.19171464,4,96-,96-,1,0,0.5,0.95095238,0.99977033,0.99839631,0.99054938,0.93812972,0.99963614
cd/490340,seed2,100,5,0.60209424,0.78272251,0.467029,4,96-,96-,1,0,0.5,0.95095238,0.99705781,0.99140837,0.9635055,0.94318109,0.99570691
cd/490340,seed2,105,5,0.67294751,0.82839838,0.37732871,4,96-,96-,1,0,0.5,0.95095238,0.99849386,0.9948321,0.97640015,0.95703088,0.99834056
cd/490340,seed2,110,5,0.76818182,0.87348485,0.32037666,4,96-,96-,1,0,0.5,0.95095238,0.99938829,0.99687526,0.98215184,0.95938935,0.99924804
cd/490340,seed2,115,5,0.88151659,0.92338073,0.24413303,4,96-,96-,1,0,0.5,0.95095238,0.9997908,0.99821104,0.98774718,0.95703088,0.99966111
cd/490340,seed2,120,5,0.87270156,0.92574257,0.22782893,4,96-,96-,1,0,0.5,0.95095238,0.99977259,0.99825767,0.98869701,0.93812972,0.99942405
cd/490340,seed3,100,5,0.60209424,0.78272251,0.467029,4,96-,96-,1,0,0.5,0.95095238,0.99705781,0.99140837,0.9635055,0.94318109,0.99742609
cd/490340,seed3,105,5,0.65244668,0.81869511,0.38637517,4,96-,96-,1,0,0.5,0.95095238,0.99817169,0.99424199,0.97533336,0.95703088,0.99879007
cd/490340,seed3,110,5,0.69377382,0.84053367,0.3536473,4,96-,96-,1,0,0.5,0.95095238,0.99876314,0.99548613,0.97898392,0.95938935,0.99908036
cd/490340,seed3,115,5,0.75561097,0.86970075,0.32239845,4,96-,96-,1,0,0.5,0.95095238,0.99931101,0.99674037,0.98197348,0.95703088,0.9993204
cd/490340,seed3,120,5,0.81933842,0.90394402,0.25527,4,96-,96-,1,0,0.5,0.95095238,0.9996231,0.99777673,0.98705348,0.93812972,0.99942445
cd/490340,seed4,100,5,0.60209424,0.78272251,0.467029,4,96-,96-,1,0,0.5,0.95095238,0.99705781,0.99140837,0.9635055,0.94318109,0.99767012
cd/490340,seed4,105,5,0.60053619,0.79021448,0.42825915,4,96-,96-,1,0,0.5,0.95095238,0.9970142,0.99209467,0.96975095,0.95703088,0.99819822
cd/490340,seed4,110,5,0.72019465,0.85705596,0.31677421,4,96-,96-,1,0,0.5,0.95095238,0.99903669,0.9962461,0.98246536,0.95938935,0.99935413
cd/490340,seed4,115,5,0.86666667,0.93050847,0.19746918,4,96-,96-,1,0,0.5,0.95095238,0.99975922,0.99834812,0.99027576,0.95703088,0.99978828
cd/490340,seed4,120,5,0.92927095,0.96354733,0.11972149,4,96-,96-,1,0,0.5,0.95095238,0.9998669,0.99885861,0.99339117,0.93812972,0.99981876
cd/490340,seed5,100,5,0.60209424,0.78272251,0.467029,4,96-,96-,1,0,0.5,0.95095238,0.99705781,0.99140837,0.9635055,0.94318109,0.99837518
cd/490340,seed5,105,5,0.62926136,0.8046875,0.4124939,4,96-,96-,1,0,0.5,0.95095238,0.99772376,0.9932701,0.97198298,0.95703088,0.99904633
cd/490340,seed5,110,5,0.75457875,0.87118437,0.31192137,4,96-,96-,1,0,0.5,0.95095238,0.99930424,0.99679393,0.98287915,0.95938935,0.9996764
cd/490340,seed5,115,5,0.89675174,0.94605568,0.16508577,4,96-,96-,1,0,0.5,0.95095238,0.99981891,0.99861184,0.99171949,0.95703088,0.99988947
cd/490340,seed5,120,5,0.87743414,0.93413517,0.1984203,4,96-,96-,1,0,0.5,0.95095238,0.99978256,0.9984138,0.99022978,0.93812972,0.99979219
cd/490341,seed1,100,5,0.27133479,0.55798687,0.54509523,9,62-,62-,1,2,0.5,0.95058824,0.94435081,0.91036892,0.94708477,0.93926157,0.94651434
cd/490341,seed1,105,5,0.22088573,0.51886277,0.58398418,9,62-,62-,1,2,0.5,0.95058824,0.9088558,0.86888071,0.93431053,0.95750543,0.93609406
cd/490341,seed1,110,5,0.1971831,0.51486698,0.53842249,9,62-,62-,1,2,0.5,0.95058824,0.88594152,0.86383133,0.94902657,0.95750543,0.90142781
cd/490341,seed1,115,5,0.02035623,0.44122137,0.49691307,9,62-,44-,0,2,0.5,0.95058824,0.54645241,0.7395484,0.95966815,0.95750543,0.54742897
cd/490341,seed1,120,5,0.08084891,0.469429,0.49364611,9,44-,44-,1,2,0.5,0.95058824,0.69506023,0.79437739,0.96040884,0.94116374,0.60270163
cd/490341,seed2,100,5,0.27133479,0.55798687,0.54509523,9,62-,62-,1,2,0.5,0.95058824,0.94435081,0.91036892,0.94708477,0.93926157,0.90682636
cd/490341,seed2,105,5,0.13496933,0.49581707,0.54292685,9,62-,44-,0,2,0.5,0.95058824,0.80127205,0.83747351,0.94772332,0.95750543,0.76196685
cd/490341,seed2,110,5,0.20550078,0.5194603,0.51119035,9,44-,44-,1,2,0.5,0.95058824,0.89450438,0.86962197,0.95627267,0.95750543,0.8461416
cd/490341,seed2,115,5,0.40081177,0.60324708,0.47010738,9,44-,44-,1,2,0.5,0.95058824,0.98516761,0.94333018,0.96537241,0.95750543,0.97538078
cd/490341,seed2,120,5,0.56782653,0.70953101,0.38336171,9,44-,44-,1,2,0.5,0.95058824,0.9974169,0.98151777,0.97896928,0.94116374,0.99363161
cd/490341,seed3,100,5,0.27133479,0.55798687,0.54509523,9,62-,62-,1,2,0.5,0.95058824,0.94435081,0.91036892,0.94708477,0.93926157,0.95075659
cd/490341,seed3,105,5,0.20140769,0.52355171,0.53518058,9,62-,62-,1,2,0.5,0.95058824,0.89036384,0.87460233,0.94994546,0.95750543,0.92838742
cd/490341,seed3,110,5,0.15835476,0.51156812,0.51731912,9,62-,62-,1,2,0.5,0.95058824,0.83763351,0.85954009,0.95473284,0.95750543,0.86797851
cd/490341,seed3,115,5,0.24962255,0.55108203,0.51429772,9,62-,62-,1,2,0.5,0.95058824,0.93102893,0.9040259,0.9554983,0.95750543,0.93935773
cd/490341,seed3,120,5,0.29275505,0.5653031,0.48950145,9,62-,62-,1,2,0.5,0.95058824,0.9550915,0.91667515,0.96132977,0.94116374,0.94159457
cd/490341,seed4,100,5,0.27133479,0.55798687,0.54509523,9,62-,62-,1,2,0.5,0.95058824,0.94435081,0.91036892,0.94708477,0.93926157,0.94348721
cd/490341,seed4,105,5,0.22978249,0.52370329,0.57117745,9,62-,62-,1,2,0.5,0.95058824,0.91633085,0.87478368,0.93880578,0.95750543,0.93829023
cd/490341,seed4,110,5,0.39349263,0.62989324,0.47354505,9,62-,62-,1,2,0.5,0.95058824,0.98399723,0.95701731,0.96468682,0.95750543,0.98612528
cd/490341,seed4,115,5,0.41949778,0.66125062,0.4184904,9,62-,62-,1,2,0.5,0.95058824,0.98778659,0.9690906,0.97424192,0.95750543,0.98810484
cd/490341,seed4,120,5,0.39119804,0.65281174,0.39998348,9,62-,62-,1,2,0.5,0.95058824,0.98361194,0.96620899,0.97684877,0.94116374,0.97569067
cd/490341,seed5,100,5,0.27133479,0.55798687,0.54509523,9,62-,62-,1,2,0.5,0.95058824,0.94435081,0.91036892,0.94708477,0.93926157,0.96568511
cd/490341,seed5,105,5,0.08310552,0.45325314,0.58658657,9,62-,62-,1,2,0.5,0.95058824,0.70007748,0.76403904,0.93336028,0.95750543,0.84132745
cd/490341,seed5,110,5,0.06377418,0.45007841,0.53862165,9,62-,44-,0,2,0.5,0.95058824,0.65564182,0.75773463,0.9489696,0.95750543,0.77625645
cd/490341,seed5,115,5,0.13258542,0.49107598,0.5060978,9,44-,44-,1,2,0.5,0.95058824,0.79724109,0.83030613,0.957514,0.95750543,0.86526822
cd/490341,seed5,120,5,0.2288008,0.53938786,0.4748957,9,44-,44-,1,2,0.5,0.95058824,0.91553421,0.89236553,0.96441389,0.94116374,0.92200729
cd/490342,seed1,100,5,0.03773585,0.28301887,0.80253628,7,55+,55+,1,0,0.5,0.95095238,0.61791276,0.29931991,0.83106721,0.94318109,0.62118534
cd/490342,seed1,105,5,0.01369011,0.2881145,0.77495601,7,55+,68+,0,0,0.5,0.95095238,0.56290606,0.31142943,0.84958254,0.95703088,0.63091109
cd/490342,seed1,110,5,0.03089721,0.33095663,0.7442614,7,68+,68+,1,0,0.5,0.95095238,0.60250906,0.42227897,0.86818987,0.95938935,0.64084885
cd/490342,seed1,115,5,0.14325375,0.40255414,0.70870069,7,68+,68+,1,0,0.5,0.95095238,0.81457909,0.61981939,0.88726808,0.95703088,0.79690686
cd/490342,seed1,120,5,0.15376286,0.41743368,0.68067711,7,68+,68+,1,0,0.5,0.95095238,0.82914409,0.65824834,0.90056118,0.93812972,0.73538594
cd/490342,seed2,100,5,0.03773585,0.28301887,0.80253628,7,55+,68-,0,0,0.5,0.95095238,0.61791276,0.29931991,0.83106721,0.94318109,0.50627396
cd/490342,seed2,105,5,0.04308548,0.29951355,0.78892487,7,68-,55+,0,0,0.5,0.95095238,0.62980117,0.33945461,0.84042251,0.95703088,0.58638001
cd/490342,seed2,110,5,0.2426526,0.4302939,0.72760758,7,55+,55+,1,0,0.5,0.95095238,0.91844731,0.68988654,0.87744449,0.95938935,0.89508172
cd/490342,seed2,115,5,0.11772758,0.46885695,0.61889002,7,55+,68+,0,0,0.5,0.95095238,0.77526595,0.77410976,0.92504141,0.95703088,0.65754612
cd/490342,seed2,120,5,0.12357287,0.50436535,0.5174748,7,68+,68+,1,0,0.5,0.95095238,0.78476407,0.83610313,0.95350439,0.93812972,0.56528176
cd/490342,seed3,100,5,0.03773585,0.28301887,0.80253628,7,55+,68-,0,0,0.5,0.95095238,0.61791276,0.29931991,0.83106721,0.94318109,0.63144067
cd/490342,seed3,105,5,0.00626959,0.27648903,0.79412904,7,68-,68-,1,0,0.5,0.95095238,0.54554489,0.28420431,0.83689615,0.95703088,0.62449326
cd/490342,seed3,110,5,0.00825959,0.27551622,0.77777636,7,68-,68-,1,0,0.5,0.95095238,0.5502134,0.28199218,0.84776865,0.95938935,0.59998636
cd/490342,seed3,115,5,0.01419989,0.30311305,0.7287532,7,68-,55+,0,0,0.5,0.95095238,0.5640936,0.34855535,0.8768262,0.95703088,0.54268922
cd/490342,seed3,120,5,0.03310198,0.34650294,0.68082078,7,55+,55+,1,0,0.5,0.95095238,0.60749904,0.46524663,0.90049673,0.93812972,0.47672891
cd/490342,seed4,100,5,0.03773585,0.28301887,0.80253628,7,55+,68-,0,0,0.5,0.95095238,0.61791276,0.29931991,0.83106721,0.94318109,0.65435972
cd/490342,seed4,105,5,0.03848621,0.30724824,0.79993566,7,68-,68-,1,0,0.5,0.95095238,0.61958919,0.3591482,0.8328878,0.95703088,0.71463448
cd/490342,seed4,110,5,0.05417867,0.32910663,0.73714306,7,68-,68+,0,0,0.5,0.95095238,0.65394509,0.41723046,0.87221606,0.95938935,0.72038523
cd/490342,seed4,115,5,0.14368117,0.42108023,0.67194768,7,68+,68+,1,0,0.5,0.95095238,0.81518973,0.6673792,0.90440806,0.95703088,0.81977964
cd/490342,seed4,120,5,0.269132,0.51309707,0.60532617,7,68+,55+,0,0,0.5,0.95095238,0.93536724,0.84907291,0.92961759,0.93812972,0.90670582
cd/490342,seed5,100,5,0.03773585,0.28301887,0.80253628,7,55+,55+,1,0,0.5,0.95095238,0.61791276,0.29931991,0.83106721,0.94318109,0.73093724
cd/490342,seed5,105,5,0.04507405,0.29813265,0.79566257,7,55+,55+,1,0,0.5,0.95095238,0.63418138,0.33599403,0.83584512,0.95703088,0.7928858
cd/490342,seed5,110,5,0.06848446,0.31515536,0.77907842,7,55+,68+,0,0,0.5,0.95095238,0.68393478,0.37978318,0.84692521,0.95938935,0.80921571
cd/490342,seed5,115,5,0.00756144,0.30308759,0.74962377,7,68+,68+,1,0,0.5,0.95095238,0.54857651,0.34849058,0.86508624,0.95703088,0.63839019
cd/490342,seed5,120,5,0.09119696,0.36542115,0.69834399,7,68+,68+,1,0,0.5,0.95095238,0.72849907,0.51817426,0.89235262,0.93812972,0.71624316
cd/490343,seed1,100,5,0.56774194,0.72903226,0.46608585,7,94-,94-,1,4,0.5,0.95388235,0.99530827,0.98570983,0.96746337,0.94846564,0.99641971
cd/490343,seed1,105,5,0.64885088,0.76696954,0.43644853,7,94-,94-,1,4,0.5,0.95388235,0.99774448,0.99049787,0.97202708,0.95290546,0.99866922
cd/490343,seed1,110,5,0.76151061,0.83031557,0.35537674,7,94-,94-,1,4,0.5,0.95388235,0.99918609,0.99520864,0.98155652,0.95523842,0.99941971
cd/490343,seed1,115,5,0.76735935,0.86416624,0.27083068,7,94-,94-,1,4,0.5,0.95388235,0.99922806,0.99668032,0.98809687,0.9622306,0.99947469
cd/490343,seed1,120,5,0.65344571,0.82250868,0.26241962,7,94-,94-,1,4,0.5,0.95388235,0.99783625,0.99478594,0.98860596,0.95057173,0.99761229
cd/490343,seed2,100,5,0.56774194,0.72903226,0.46608585,7,94-,94-,1,4,0.5,0.95388235,0.99530827,0.98570983,0.96746337,0.94846564,0.99272717
cd/490343,seed2,105,5,0.64702673,0.76432079,0.43097386,7,94-,94-,1,4,0.5,0.95388235,0.99770698,0.99022267,0.97279924,0.95290546,0.99724416
cd/490343,seed2,110,5,0.73998872,0.8285392,0.344954,7,94-,94-,1,4,0.5,0.95388235,0.99901102,0.99511556,0.98252291,0.95523842,0.99855585
cd/490343,seed2,115,5,0.76860935,0.86035776,0.28189952,7,94-,94-,1,4,0.5,0.95388235,0.99923675,0.99654031,0.98739253,0.9622306,0.99894189
cd/490343,seed2,120,5,0.84330484,0.90541311,0.20710247,7,94-,94-,1,4,0.5,0.95388235,0.99961192,0.99787845,0.99145703,0.95057173,0.99916621
cd/490343,seed3,100,5,0.56774194,0.72903226,0.46608585,7,94-,94-,1,4,0.5,0.95388235,0.99530827,0.98570983,0.96746337,0.94846564,0.9965116
cd/490343,seed3,105,5,0.68700684,0.7864282,0.41420387,7,94-,94-,1,4,0.5,0.95388235,0.99840267,0.99229748,0.97503774,0.95290546,0.99909047
cd/490343,seed3,110,5,0.76906891,0.8337717,0.34510065,7,94-,94-,1,4,0.5,0.95388235,0.99923992,0.9953847,0.98250966,0.95523842,0.99947301
cd/490343,seed3,115,5,0.7717336,0.8464667,0.32143615,7,94-,94-,1,4,0.5,0.95388235,0.99925804,0.99597791,0.98452436,0.9622306,0.99950861
cd/490343,seed3,120,5,0.76556962,0.86227848,0.27149242,7,94-,94-,1,4,0.5,0.95388235,0.99921545,0.99661164,0.98805587,0.95057173,0.99917895
cd/490343,seed4,100,5,0.56774194,0.72903226,0.46608585,7,94-,94-,1,4,0.5,0.95388235,0.99530827,0.98570983,0.96746337,0.94846564,0.99542301
cd/490343,seed4,105,5,0.57739689,0.72147831,0.47985089,7,94-,94-,1,4,0.5,0.95388235,0.99569955,0.98450428,0.96510635,0.95290546,0.99669626
cd/490343,seed4,110,5,0.79168779,0.84997466,0.32298764,7,94-,94-,1,4,0.5,0.95388235,0.99938067,0.99612799,0.98439957,0.95523842,0.99943916
cd/490343,seed4,115,5,0.8582716,0.90419753,0.22193214,7,94-,94-,1,4,0.5,0.95388235,0.99966112,0.99785025,0.99077063,0.9622306,0.99971137
cd/490343,seed4,120,5,0.81191988,0.901319,0.18703946,7,94-,94-,1,4,0.5,0.95388235,0.99948435,0.99778199,0.99230577,0.95057173,0.99929918
cd/490343,seed5,100,5,0.56774194,0.72903226,0.46608585,7,94-,94-,1,4,0.5,0.95388235,0.99530827,0.98570983,0.96746337,0.94846564,0.99695325
cd/490343,seed5,105,5,0.62186667,0.744,0.46891199,7,94-,94-,1,4,0.5,0.95388235,0.99712159,0.98783191,0.96699234,0.95290546,0.99854538
cd/490343,seed5,110,5,0.71573333,0.79413333,0.41556568,7,94-,94-,1,4,0.5,0.95388235,0.99876825,0.99291269,0.97486286,0.95523842,0.99924458
cd/490343,seed5,115,5,0.78955781,0.85402238,0.31137642,7,94-,94-,1,4,0.5,0.95388235,0.99936861,0.99629425,0.98530996,0.9622306,0.99963651
cd/490343,seed5,120,5,0.82285714,0.88571429,0.25233943,7,94-,94-,1,4,0.5,0.95388235,0.99953297,0.99737248,0.98918778,0.95057173,0.99957915
cd/490344,seed1,100,5,0.77641278,0.88697789,0.33189561,3,88-,88-,1,0,0.5,0.95095238,0.99943414,0.99731251,0.98111199,0.94318109,0.99949501
cd/490344,seed1,105,5,0.67063728,0.83323407,0.42800997,3,88-,88-,1,0,0.5,0.95095238,0.99846059,0.99510332,0.96978753,0.95703088,0.99893839
cd/490344,seed1,110,5,0.67914144,0.83929554,0.4046103,3,88-,88-,1,0,0.5,0.95095238,0.99857955,0.99542337,0.97303832,0.95938935,0.99889436
cd/490344,seed1,115,5,0.71553949,0.85751162,0.37581226,3,88-,88-,1,0,0.5,0.95095238,0.99899331,0.99626514,0.97657451,0.95703088,0.99895696
cd/490344,seed1,120,5,0.65032516,0.82491246,0.42534762,3,88-,88-,1,0,0.5,0.95095238,0.99813466,0.99462737,0.97017574,0.93812972,0.99695804
cd/490344,seed2,100,5,0.77641278,0.88697789,0.33189561,3,88-,88-,1,0,0.5,0.95095238,0.99943414,0.99731251,0.98111199,0.94318109,0.99919268
cd/490344,seed2,105,5,0.64342508,0.82140673,0.43084924,3,88-,88-,1,0,0.5,0.95095238,0.99800894,0.99441334,0.96936813,0.95703088,0.99779762
cd/490344,seed2,110,5,0.42194093,0.71066908,0.55149124,3,88-,88-,1,0,0.5,0.95095238,0.98400648,0.98094193,0.94534107,0.95938935,0.97948792
cd/490344,seed2,115,5,0.36875359,0.6840896,0.57158152,3,88-,88-,1,0,0.5,0.95095238,0.97380696,0.97449925,0.93990328,0.95703088,0.95537408
cd/490344,seed2,120,5,0.61970281,0.80957622,0.44656706,3,88-,88-,1,0,0.5,0.95095238,0.99750862,0.99362653,0.96694245,0.93812972,0.99349435
cd/490344,seed3,100,5,0.77641278,0.88697789,0.33189561,3,88-,88-,1,0,0.5,0.95095238,0.99943414,0.99731251,0.98111199,0.94318109,0.99951665
cd/490344,seed3,105,5,0.69924375,0.84874927,0.39540317,3,88-,88-,1,0,0.5,0.95095238,0.99882551,0.99588145,0.97422195,0.95703088,0.99922782
cd/490344,seed3,110,5,0.59408152,0.79564489,0.47436115,3,88-,88-,1,0,0.5,0.95095238,0.99682658,0.99255785,0.96219215,0.95938935,0.99760731
cd/490344,seed3,115,5,0.51863857,0.75796867,0.51723368,3,88-,88-,1,0,0.5,0.95095238,0.99353752,0.98869327,0.95355789,0.95703088,0.99341871
cd/490344,seed3,120,5,0.53499222,0.76464489,0.5211242,3,88-,88-,1,0,0.5,0.95095238,0.99445965,0.98949963,0.95268739,0.93812972,0.99123439
cd/490344,seed4,100,5,0.77641278,0.88697789,0.33189561,3,88-,88-,1,0,0.5,0.95095238,0.99943414,0.99731251,0.98111199,0.94318109,0.99956257
cd/490344,seed4,105,5,0.66818441,0.83266932,0.42421131,3,88-,88-,1,0,0.5,0.95095238,0.99842447,0.99507239,0.97033996,0.95703088,0.99905843
cd/490344,seed4,110,5,0.70368334,0.85156679,0.38558475,3,88-,88-,1,0,0.5,0.95095238,0.99887381,0.99600893,0.97542841,0.95938935,0.9992432
cd/490344,seed4,115,5,0.78707029,0.8932786,0.3120807,3,88-,88-,1,0,0.5,0.95095238,0.99948844,0.99749523,0.98286572,0.95703088,0.99954529
cd/490344,seed4,120,5,0.76397823,0.88124691,0.33898498,3,88-,88-,1,0,0.5,0.95095238,0.99936347,0.99713479,0.9804427,0.93812972,0.99911378
cd/490344,seed5,100,5,0.77641278,0.88697789,0.33189561,3,88-,88-,1,0,0.5,0.95095238,0.99943414,0.99731251,0.98111199,0.94318109,0.99969512
cd/490344,seed5,105,5,0.65301346,0.82562902,0.43015037,3,88-,88-,1,0,0.5,0.95095238,0.99818146,0.9946701,0.96947188,0.95703088,0.99924074
cd/490344,seed5,110,5,0.67193676,0.8351214,0.41608154,3,88-,88-,1,0,0.5,0.95095238,0.99847939,0.99520529,0.97148954,0.95938935,0.9992845
cd/490344,seed5,115,5,0.78298331,0.8912224,0.31616945,3,88-,88-,1,0,0.5,0.95095238,0.99946826,0.99743701,0.98251745,0.95703088,0.99967038
cd/490344,seed5,120,5,0.80236941,0.90091546,0.29711313,3,88-,88-,1,0,0.5,0.95095238,0.99955741,0.99770017,0.9840834,0.93812972,0.99957269
cd/490347,seed1,100,5,0.33760684,0.57478632,0.56250647,8,59-,59-,1,2,0.5,0.95058824,0.971526,0.92424817,0.94168436,0.93926157,0.97301911
cd/490347,seed1,105,5,0.51371308,0.67457806,0.50977504,8,59-,59-,1,2,0.5,0.95058824,0.99544006,0.97316301,0.95662109,0.95750543,0.99707021
cd/490347,seed1,110,5,0.63072228,0.74516785,0.43711741,8,59-,59-,1,2,0.5,0.95058824,0.99866707,0.98739872,0.97133038,0.95750543,0.99896293
cd/490347,seed1,115,5,0.5666004,0.71222664,0.45206541,8,59-,59-,1,2,0.5,0.95058824,0.9973834,0.98204404,0.96876517,0.95750543,0.99766664
cd/490347,seed1,120,5,0.30196078,0.56127451,0.54950014,8,59-,59-,1,2,0.5,0.95058824,0.9590739,0.91325428,0.94576487,0.94116374,0.94223898
cd/490347,seed2,100,5,0.33760684,0.57478632,0.56250647,8,59-,59-,1,2,0.5,0.95058824,0.971526,0.92424817,0.94168436,0.93926157,0.95200112
cd/490347,seed2,105,5,0.44046365,0.64014752,0.53082486,8,59-,59-,1,2,0.5,0.95058824,0.99018415,0.96139309,0.95115537,0.95750543,0.98840077
cd/490347,seed2,110,5,0.47535934,0.64835729,0.53532324,8,59-,59-,1,2,0.5,0.95058824,0.99318412,0.96458505,0.94990536,0.95750543,0.99008269
cd/490347,seed2,115,5,0.50406504,0.64176829,0.54677338,8,59-,59-,1,2,0.5,0.95058824,0.99495446,0.96204439,0.94658554,0.95750543,0.99174347
cd/490347,seed2,120,5,0.6046046,0.7022022,0.49260742,8,59-,59-,1,2,0.5,0.95058824,0.99824545,0.9800093,0.96064159,0.94116374,0.99570113
cd/490347,seed3,100,5,0.33760684,0.57478632,0.56250647,8,59-,59-,1,2,0.5,0.95058824,0.971526,0.92424817,0.94168436,0.93926157,0.97521417
cd/490347,seed3,105,5,0.51306165,0.6630094,0.52575573,8,59-,59-,1,2,0.5,0.95058824,0.99540879,0.9696605,0.95252851,0.95750543,0.99729516
cd/490347,seed3,110,5,0.5546476,0.71144025,0.46693276,8,59-,59-,1,2,0.5,0.95058824,0.99703316,0.98189205,0.96599414,0.95750543,0.9978502
cd/490347,seed3,115,5,0.64,0.7375,0.44702094,8,59-,59-,1,2,0.5,0.95058824,0.99879109,0.9863137,0.96965476,0.95750543,0.99902655
cd/490347,seed3,120,5,0.62610402,0.7296369,0.45650924,8,59-,59-,1,2,0.5,0.95058824,0.99860068,0.98510542,0.96796063,0.94116374,0.99827541
cd/490347,seed4,100,5,0.33760684,0.57478632,0.56250647,8,59-,59-,1,2,0.5,0.95058824,0.971526,0.92424817,0.94168436,0.93926157,0.97144682
cd/490347,seed4,105,5,0.48817204,0.65430108,0.52435499,8,59-,59-,1,2,0.5,0.95058824,0.99403993,0.96673575,0.95290143,0.95750543,0.99591878
cd/490347,seed4,110,5,0.65555556,0.75707071,0.42353385,8,59-,59-,1,2,0.5,0.95058824,0.9989737,0.98891701,0.97348328,0.95750543,0.99915795
cd/490347,seed4,115,5,0.76938175,0.84347399,0.30547012,8,59-,59-,1,2,0.5,0.95058824,0.99969054,0.99565473,0.9866242,0.95750543,0.99971936
cd/490347,seed4,120,5,0.61816406,0.76611328,0.36881767,8,59-,59-,1,2,0.5,0.95058824,0.99847874,0.9899482,0.98066793,0.94116374,0.99782897
cd/490347,seed5,100,5,0.33760684,0.57478632,0.56250647,8,59-,59-,1,2,0.5,0.95058824,0.971526,0.92424817,0.94168436,0.93926157,0.98286184
cd/490347,seed5,105,5,0.43657505,0.63160677,0.53489251,8,59-,59-,1,2,0.5,0.95058824,0.98977772,0.95778015,0.95002635,0.95750543,0.99578613
cd/490347,seed5,110,5,0.49738767,0.68599791,0.4759081,8,59-,59-,1,2,0.5,0.95058824,0.99458859,0.97623341,0.96420798,0.95750543,0.99727324
cd/490347,seed5,115,5,0.46044625,0.65973631,0.49089023,8,59-,59-,1,2,0.5,0.95058824,0.99203334,0.96859163,0.9610235,0.95750543,0.99542095
cd/490347,seed5,120,5,0.39282154,0.58175474,0.58818265,8,59-,59-,1,2,0.5,0.95058824,0.98388548,0.92940466,0.93277118,0.94116374,0.98568273
cd/490348,seed1,100,5,0.76379691,0.83222958,0.40631265,5,52-,52-,1,4,0.5,0.95388235,0.99920276,0.99530695,0.97602797,0.94846564,0.99942031
cd/490348,seed1,105,5,0.81940701,0.87385445,0.32691046,5,52-,52-,1,4,0.5,0.95388235,0.99951815,0.99701154,0.98407962,0.95290546,0.99972738
cd/490348,seed1,110,5,0.81531298,0.87377134,0.32571774,5,52-,52-,1,4,0.5,0.95388235,0.99949995,0.99700885,0.98417758,0.95523842,0.99964812
cd/490348,seed1,115,5,0.82887431,0.88995457,0.28475448,5,52-,52-,1,4,0.5,0.95388235,0.99955774,0.99749069,0.98720428,0.9622306,0.99970351
cd/490348,seed1,120,5,0.74987618,0.84744923,0.34496947,5,52-,52-,1,4,0.5,0.95388235,0.99909569,0.99602052,0.98252151,0.95057173,0.99902493
cd/490348,seed2,100,5,0.76379691,0.83222958,0.40631265,5,52-,52-,1,4,0.5,0.95388235,0.99920276,0.99530695,0.97602797,0.94846564,0.99881877
cd/490348,seed2,105,5,0.82422931,0.87236344,0.3274881,5,52-,52-,1,4,0.5,0.95388235,0.99953874,0.9969628,0.98403197,0.95290546,0.99946868
cd/490348,seed2,110,5,0.85267134,0.90070157,0.26509511,5,52-,52-,1,4,0.5,0.95388235,0.99964349,0.99776707,0.9884464,0.95523842,0.99949324
cd/490348,seed2,115,5,0.89856612,0.94158258,0.1670561,5,52-,52-,1,4,0.5,0.95388235,0.99976474,0.99856785,0.99306789,0.9622306,0.99968388
cd/490348,seed2,120,5,0.98438287,0.98992443,0.04124542,5,52-,52-,1,4,0.5,0.95388235,0.99989188,0.99915328,0.99641054,0.95057173,0.99977541
cd/490348,seed3,100,5,0.76379691,0.83222958,0.40631265,5,52-,52-,1,4,0.5,0.95388235,0.99920276,0.99530695,0.97602797,0.94846564,0.99943523
cd/490348,seed3,105,5,0.79688312,0.86493506,0.33867825,5,52-,52-,1,4,0.5,0.95388235,0.99940913,0.99670789,0.98308061,0.95290546,0.99967252
cd/490348,seed3,110,5,0.86286595,0.90344119,0.26390528,5,52-,52-,1,4,0.5,0.95388235,0.99967493,0.99783252,0.98851763,0.95523842,0.9997797
cd/490348,seed3,115,5,0.84453566,0.89225244,0.28631692,5,52-,52-,1,4,0.5,0.95388235,0.99961623,0.99755252,0.98710009,0.9622306,0.9997503
cd/490348,seed3,120,5,0.80662983,0.87343044,0.30620792,5,52-,52-,1,4,0.5,0.95388235,0.99945905,0.99699776,0.98569817,0.95057173,0.99943946
cd/490348,seed4,100,5,0.76379691,0.83222958,0.40631265,5,52-,52-,1,4,0.5,0.95388235,0.99920276,0.99530695,0.97602797,0.94846564,0.99925831
cd/490348,seed4,105,5,0.84643799,0.89023747,0.29650652,5,52-,52-,1,4,0.5,0.95388235,0.99962278,0.99749839,0.98639975,0.95290546,0.9997287
cd/490348,seed4,110,5,0.86636409,0.90620272,0.26550325,5,52-,52-,1,4,0.5,0.95388235,0.99968507,0.99789656,0.98842187,0.95523842,0.99971992
cd/490348,seed4,115,5,0.89340605,0.93653941,0.18131528,5,52-,52-,1,4,0.5,0.95388235,0.99975349,0.99848717,0.9925322,0.9622306,0.99979182
cd/490348,seed4,120,5,0.85630211,0.91760667,0.21205419,5,52-,52-,1,4,0.5,0.95388235,0.99965502,0.99814163,0.99123366,0.95057173,0.99953611
cd/490348,seed5,100,5,0.76379691,0.83222958,0.40631265,5,52-,52-,1,4,0.5,0.95388235,0.99920276,0.99530695,0.97602797,0.94846564,0.99950692
cd/490348,seed5,105,5,0.82453333,0.872,0.32901487,5,52-,52-,1,4,0.5,0.95388235,0.99954001,0.9969508,0.98390533,0.95290546,0.99977892
cd/490348,seed5,110,5,0.88431877,0.91465296,0.24097104,5,52-,52-,1,4,0.5,0.95388235,0.99973234,0.99808103,0.98980876,0.95523842,0.99984246
cd/490348,seed5,115,5,0.89149261,0.9225675,0.22621438,5,52-,52-,1,4,0.5,0.95388235,0.99974918,0.99823914,0.99056244,0.9622306,0.99985914
cd/490348,seed5,120,5,0.86943472,0.91695848,0.22939274,5,52-,52-,1,4,0.5,0.95388235,0.99969371,0.9981285,0.99040492,0.95057173,0.99972708
cd/490351,seed1,100,5,0.06514658,0.45276873,0.62181569,7,77-,77+,0,1,0.5,0.95247059,0.67130313,0.77846182,0.92652292,0.94841585,0.70885875
cd/490351,seed1,105,5,0.2212766,0.54723404,0.55831322,7,77+,77+,1,1,0.5,0.95247059,0.8966415,0.9042925,0.94815612,0.9599007,0.93070825
cd/490351,seed1,110,5,0.54980695,0.74517375,0.39820031,7,77+,77+,1,1,0.5,0.95247059,0.99453502,0.98685461,0.97903615,0.95523798,0.99519289
cd/490351,seed1,115,5,0.69896194,0.84083045,0.26569914,7,77+,77+,1,1,0.5,0.95247059,0.99862189,0.99513135,0.99023932,0.95756992,0.99873416
cd/490351,seed1,120,5,0.72656855,0.85592564,0.24485917,7,77+,77+,1,1,0.5,0.95247059,0.99893254,0.99584019,0.99135083,0.94122849,0.99859045
cd/490351,seed2,100,5,0.06514658,0.45276873,0.62181569,7,77-,77+,0,1,0.5,0.95247059,0.67130313,0.77846182,0.92652292,0.94841585,0.60218391
cd/490351,seed2,105,5,0.04154863,0.45797923,0.55415402,7,77+,77+,1,1,0.5,0.95247059,0.62139572,0.78772782,0.94934022,0.9599007,0.60381701
cd/490351,seed2,110,5,0.40324763,0.68064953,0.40740752,7,77+,77+,1,1,0.5,0.95247059,0.97908615,0.97448962,0.97790063,0.95523798,0.96983739
cd/490351,seed2,115,5,0.74054759,0.86179922,0.24194717,7,77+,77+,1,1,0.5,0.95247059,0.99906208,0.99608734,0.99149581,0.95756992,0.99862653
cd/490351,seed2,120,5,0.95322154,0.97352162,0.07491476,7,77+,77+,1,1,0.5,0.95247059,0.99986912,0.99878214,0.99678484,0.94122849,0.99973429
cd/490351,seed3,100,5,0.06514658,0.45276873,0.62181569,7,77-,77+,0,1,0.5,0.95247059,0.67130313,0.77846182,0.92652292,0.94841585,0.7065962
cd/490351,seed3,105,5,0.17138238,0.52627324,0.54612084,7,77+,77+,1,1,0.5,0.95247059,0.84530462,0.883539,0.9515551,0.9599007,0.89230276
cd/490351,seed3,110,5,0.2607987,0.58924205,0.48917036,7,77+,77+,1,1,0.5,0.95247059,0.9259843,0.93617846,0.96480849,0.95523798,0.93000209
cd/490351,seed3,115,5,0.43716679,0.69687738,0.40009058,7,77+,77+,1,1,0.5,0.95247059,0.98463881,0.9783899,0.97880778,0.95756992,0.98496425
cd/490351,seed3,120,5,0.56706827,0.7751004,0.31653952,7,77+,77+,1,1,0.5,0.95247059,0.99533885,0.99035676,0.98689934,0.94122849,0.9935846
cd/490351,seed4,100,5,0.06514658,0.45276873,0.62181569,7,77-,77+,0,1,0.5,0.95247059,0.67130313,0.77846182,0.92652292,0.94841585,0.68475904
cd/490351,seed4,105,5,0.09409752,0.47989735,0.58718817,7,77+,77+,1,1,0.5,0.95247059,0.72756088,0.82357873,0.93918722,0.9599007,0.78242862
cd/490351,seed4,110,5,0.31746032,0.62207105,0.47283612,7,77+,77+,1,1,0.5,0.95247059,0.95484663,0.95388754,0.96791527,0.95523798,0.95346015
cd/490351,seed4,115,5,0.60836013,0.79549839,0.30109322,7,77+,77+,1,1,0.5,0.95247059,0.99681573,0.99219684,0.9880186,0.95756992,0.99666244
cd/490351,seed4,120,5,0.79448457,0.8910046,0.20466989,7,77+,77+,1,1,0.5,0.95247059,0.99943072,0.99711523,0.99315195,0.94122849,0.99916872
cd/490351,seed5,100,5,0.06514658,0.45276873,0.62181569,7,77-,77+,0,1,0.5,0.95247059,0.67130313,0.77846182,0.92652292,0.94841585,0.77575807
cd/490351,seed5,105,5,0.14789338,0.50128977,0.58173728,7,77+,77+,1,1,0.5,0.95247059,0.81466926,0.85380744,0.94098473,0.9599007,0.90502825
cd/490351,seed5,110,5,0.49635036,0.7161395,0.4137342,7,77+,77+,1,1,0.5,0.95247059,0.99106407,0.98226704,0.97708575,0.95523798,0.99439343
cd/490351,seed5,115,5,0.69694713,0.82278481,0.32365693,7,77+,77+,1,1,0.5,0.95247059,0.99859597,0.99412469,0.98634947,0.95756992,0.99909163
cd/490351,seed5,120,5,0.80266075,0.89209165,0.21493804,7,77+,77+,1,1,0.5,0.95247059,0.99947223,0.99714779,0.99273069,0.94122849,0.99951674
cd/490352,seed1,100,5,0.74482759,0.80689655,0.46624811,5,57-,57-,1,0,0.5,0.95095238,0.99923698,0.99343355,0.96364276,0.94318109,0.99931613
cd/490352,seed1,105,5,0.81882353,0.86823529,0.34612096,5,57-,57-,1,0,0.5,0.95095238,0.99962125,0.99668658,0.97974557,0.95703088,0.99974409
cd/490352,seed1,110,5,0.82798834,0.88338192,0.31463927,5,57-,57-,1,0,0.5,0.95095238,0.99965273,0.99720233,0.9826486,0.95938935,0.99973515
cd/490352,seed1,115,5,0.93304536,0.95680346,0.14036579,5,57-,57-,1,0,0.5,0.95095238,0.99987158,0.99876914,0.99267662,0.95703088,0.9998708
cd/490352,seed1,120,5,0.93023256,0.96064401,0.12146166,5,57-,57-,1,0,0.5,0.95095238,0.99986811,0.99882092,0.99333371,0.93812972,0.99979268
cd/490352,seed2,100,5,0.74482759,0.80689655,0.46624811,5,57-,57-,1,0,0.5,0.95095238,0.99923698,0.99343355,0.96364276,0.94318109,0.99890682
cd/490352,seed2,105,5,0.81323877,0.87706856,0.32306598,5,57-,57-,1,0,0.5,0.95095238,0.99960069,0.99699787,0.98191421,0.95703088,0.99956827
cd/490352,seed2,110,5,0.89020772,0.92878338,0.2090186,5,57-,57-,1,0,0.5,0.95095238,0.99980733,0.99831594,0.98970269,0.95938935,0.99976701
cd/490352,seed2,115,5,0.96969697,0.97979798,0.07699854,5,57-,57-,1,0,0.5,0.95095238,0.99990924,0.99904843,0.99465733,0.95703088,0.9998547
cd/490352,seed2,120,5,0.97862233,0.98574822,0.05743585,5,57-,57-,1,0,0.5,0.95095238,0.99991659,0.99910975,0.99515351,0.93812972,0.99979172
cd/490352,seed3,100,5,0.74482759,0.80689655,0.46624811,5,57-,57-,1,0,0.5,0.95095238,0.99923698,0.99343355,0.96364276,0.94318109,0.99934543
cd/490352,seed3,105,5,0.84395604,0.88571429,0.31221177,5,57-,57-,1,0,0.5,0.95095238,0.99970146,0.99727429,0.98285466,0.95703088,0.99980758
cd/490352,seed3,110,5,0.89527721,0.92607803,0.22371697,5,57-,57-,1,0,0.5,0.95095238,0.99981636,0.9982642,0.98892484,0.95938935,0.99986717
cd/490352,seed3,115,5,0.88590604,0.92393736,0.22045411,5,57-,57-,1,0,0.5,0.95095238,0.99979932,0.99822214,0.98910238,0.95703088,0.99980552
cd/490352,seed3,120,5,0.93186813,0.95604396,0.14433466,5,57-,57-,1,0,0.5,0.95095238,0.99987014,0.99875863,0.9925307,0.93812972,0.99980466
cd/490352,seed4,100,5,0.74482759,0.80689655,0.46624811,5,57-,57-,1,0,0.5,0.95095238,0.99923698,0.99343355,0.96364276,0.94318109,0.9994076
cd/490352,seed4,105,5,0.74270557,0.83554377,0.3935544,5,57-,57-,1,0,0.5,0.95095238,0.9992215,0.99522782,0.97445345,0.95703088,0.99953957
cd/490352,seed4,110,5,0.85448916,0.89473684,0.29228901,5,57-,57-,1,0,0.5,0.95095238,0.99972979,0.99753573,0.98445742,0.95938935,0.99982214
cd/490352,seed4,115,5,0.96569921,0.97889182,0.0776555,5,57-,57-,1,0,0.5,0.95095238,0.99990573,0.99903873,0.99463982,0.95703088,0.99991822
cd/490352,seed4,120,5,0.99040307,0.99232246,0.03459393,5,57-,57-,1,0,0.5,0.95095238,0.9999254,0.99917292,0.99567511,0.93812972,0.99989925
cd/490352,seed5,100,5,0.74482759,0.80689655,0.46624811,5,57-,57-,1,0,0.5,0.95095238,0.99923698,0.99343355,0.96364276,0.94318109,0.99958709
cd/490352,seed5,105,5,0.77362637,0.84175824,0.39337976,5,57-,57-,1,0,0.5,0.95095238,0.99941902,0.99554737,0.97447521,0.95703088,0.99976153
cd/490352,seed5,110,5,0.91383812,0.93733681,0.19441935,5,57-,57-,1,0,0.5,0.95095238,0.99984596,0.9984696,0.99042174,0.95938935,0.9999299
cd/490352,seed5,115,5,0.93195876,0.95463918,0.14636669,5,57-,57-,1,0,0.5,0.95095238,0.99987025,0.99873896,0.99245488,0.95703088,0.99992119
cd/490352,seed5,120,5,0.96181047,0.97454031,0.09005494,5,57-,57-,1,0,0.5,0.95095238,0.9999022,0.99899075,0.99429838,0.93812972,0.99990759
cd/490353,seed1,100,5,0.55297158,0.75710594,0.435848,5,62-,62-,1,2,0.5,0.95058824,0.99698045,0.98892122,0.97153855,0.93926157,0.99726463
cd/490353,seed1,105,5,0.681074,0.82580223,0.35404098,5,62-,62-,1,2,0.5,0.95058824,0.99921552,0.99473513,0.98225586,0.95750543,0.99951346
cd/490353,seed1,110,5,0.84130019,0.91077119,0.22573525,5,62-,62-,1,2,0.5,0.95058824,0.99985496,0.99791079,0.99160811,0.95750543,0.9998919
cd/490353,seed1,115,5,0.91074681,0.94899818,0.14600519,5,62-,62-,1,2,0.5,0.95058824,0.99993023,0.99862254,0.99474473,0.95750543,0.999942
cd/490353,seed1,120,5,0.91724574,0.94946304,0.1482879,5,62-,62-,1,2,0.5,0.95058824,0.99993485,0.9986295,0.99467373,0.94116374,0.9999174
cd/490353,seed2,100,5,0.55297158,0.75710594,0.435848,5,62-,62-,1,2,0.5,0.95058824,0.99698045,0.98892122,0.97153855,0.93926157,0.99503746
cd/490353,seed2,105,5,0.75085324,0.86211604,0.30432565,5,62-,62-,1,2,0.5,0.95058824,0.99962384,0.99645192,0.98671317,0.95750543,0.99958191
cd/490353,seed2,110,5,0.9302682,0.95555556,0.14330279,5,62-,62-,1,2,0.5,0.95058824,0.9999432,0.99871756,0.99482756,0.95750543,0.99992442
cd/490353,seed2,115,5,0.9734767,0.9827957,0.06561047,5,62-,62-,1,2,0.5,0.95058824,0.99996398,0.9990471,0.99672571,0.95750543,0.99994624
cd/490353,seed2,120,5,0.98969072,0.99393572,0.02653672,5,62-,62-,1,2,0.5,0.95058824,0.99996964,0.99915611,0.9973991,0.94116374,0.99993103
cd/490353,seed3,100,5,0.55297158,0.75710594,0.435848,5,62-,62-,1,2,0.5,0.95058824,0.99698045,0.98892122,0.97153855,0.93926157,0.99749225
cd/490353,seed3,105,5,0.61214058,0.7942492,0.37202411,5,62-,62-,1,2,0.5,0.95058824,0.99837919,0.9925865,0.98030539,0.95750543,0.99906527
cd/490353,seed3,110,5,0.78417765,0.87647467,0.29042997,5,62-,62-,1,2,0.5,0.95058824,0.99973521,0.99696506,0.98774786,0.95750543,0.999817
cd/490353,seed3,115,5,0.85925926,0.91380471,0.23114668,5,62-,62-,1,2,0.5,0.95058824,0.99987997,0.9979787,0.99133776,0.95750543,0.99990757
cd/490353,seed3,120,5,0.9215557,0.9525379,0.14535388,5,62-,62-,1,2,0.5,0.95058824,0.99993774,0.99867468,0.99476481,0.94116374,0.99992771
cd/490353,seed4,100,5,0.55297158,0.75710594,0.435848,5,62-,62-,1,2,0.5,0.95058824,0.99698045,0.98892122,0.97153855,0.93926157,0.99710102
cd/490353,seed4,105,5,0.63606121,0.80439122,0.37084945,5,62-,62-,1,2,0.5,0.95058824,0.99873991,0.99335824,0.98043897,0.95750543,0.99916389
cd/490353,seed4,110,5,0.80272109,0.89239332,0.25214096,5,62-,62-,1,2,0.5,0.95058824,0.99978221,0.99744789,0.9902047,0.95750543,0.99982659
cd/490353,seed4,115,5,0.9110982,0.94886694,0.15065118,5,62-,62-,1,2,0.5,0.95058824,0.99993049,0.99862057,0.99459922,0.95750543,0.99993875
cd/490353,seed4,120,5,0.97863014,0.98575342,0.05605341,5,62-,62-,1,2,0.5,0.95058824,0.99996588,0.99907734,0.99690496,0.94116374,0.99995472
cd/490353,seed5,100,5,0.55297158,0.75710594,0.435848,5,62-,62-,1,2,0.5,0.95058824,0.99698045,0.98892122,0.97153855,0.93926157,0.99827815
cd/490353,seed5,105,5,0.66152768,0.81920112,0.3517383,5,62-,62-,1,2,0.5,0.95058824,0.99903624,0.99434401,0.9824915,0.95750543,0.99962252
cd/490353,seed5,110,5,0.81742473,0.89493914,0.26073514,5,62-,62-,1,2,0.5,0.95058824,0.99981347,0.99751766,0.9896996,0.95750543,0.99991215
cd/490353,seed5,115,5,0.90773994,0.94055728,0.17782695,5,62-,62-,1,2,0.5,0.95058824,0.99992798,0.9984898,0.99366426,0.95750543,0.99996233
cd/490353,seed5,120,5,0.95811209,0.97286136,0.09364668,5,62-,62-,1,2,0.5,0.95058824,0.99995765,0.99893807,0.99613794,0.94116374,0.99996651
cd/490354,seed1,100,5,0.18614719,0.47402597,0.61751116,10,72-,72-,1,4,0.5,0.95388235,0.86988069,0.81128056,0.93061043,0.94846564,0.88885705
cd/490354,seed1,105,5,0.17962185,0.49212185,0.56028385,10,72-,72-,1,4,0.5,0.95388235,0.86304129,0.83960667,0.94769844,0.95290546,0.90515591
cd/490354,seed1,110,5,0.36501517,0.59706775,0.48175236,10,72-,72-,1,4,0.5,0.95388235,0.97126529,0.94254137,0.96476808,0.95523842,0.97731691
cd/490354,seed1,115,5,0.3976378,0.6363189,0.43321277,10,72-,72-,1,4,0.5,0.95388235,0.97845989,0.96175387,0.97248599,0.9622306,0.98388629
cd/490354,seed1,120,5,0.22713864,0.55211406,0.45817284,10,72-,72-,1,4,0.5,0.95388235,0.90647183,0.9095578,0.96874792,0.95057173,0.88790421
cd/490354,seed2,100,5,0.18614719,0.47402597,0.61751116,10,72-,72-,1,4,0.5,0.95388235,0.86988069,0.81128056,0.93061043,0.94846564,0.79684724
cd/490354,seed2,105,5,0.15889831,0.48887712,0.5575859,10,72-,72-,1,4,0.5,0.95388235,0.83929913,0.83479367,0.94839714,0.95290546,0.79424198
cd/490354,seed2,110,5,0.081,0.4245,0.55168533,10,72-,72-,1,4,0.5,0.95388235,0.72056058,0.71490389,0.94989458,0.95523842,0.60081427
cd/490354,seed2,115,5,0.20706575,0.43424926,0.57569395,10,72-,72-,1,4,0.5,0.95388235,0.88987175,0.73602909,0.94353341,0.9622306,0.83571963
cd/490354,seed2,120,5,0.3369036,0.53602726,0.52515169,10,72-,72-,1,4,0.5,0.95388235,0.96323658,0.89408482,0.95613314,0.95057173,0.91514454
cd/490354,seed3,100,5,0.18614719,0.47402597,0.61751116,10,72-,72-,1,4,0.5,0.95388235,0.86988069,0.81128056,0.93061043,0.94846564,0.89140878
cd/490354,seed3,105,5,0.25681342,0.54245283,0.52451943,10,72-,72-,1,4,0.5,0.95388235,0.92690956,0.90052725,0.95627236,0.95290546,0.95257433
cd/490354,seed3,110,5,0.23594378,0.55070281,0.49166337,10,72-,72-,1,4,0.5,0.95388235,0.91301957,0.9082863,0.96295318,0.95523842,0.93012809
cd/490354,seed3,115,5,0.30157171,0.57612967,0.46996669,10,72-,72-,1,4,0.5,0.95388235,0.95005891,0.92888117,0.96681488,0.9622306,0.96246861
cd/490354,seed3,120,5,0.36708861,0.60029211,0.47341749,10,72-,72-,1,4,0.5,0.95388235,0.97178497,0.94441267,0.96622777,0.95057173,0.96762388
cd/490354,seed4,100,5,0.18614719,0.47402597,0.61751116,10,72-,72-,1,4,0.5,0.95388235,0.86988069,0.81128056,0.93061043,0.94846564,0.8620617
cd/490354,seed4,105,5,0.2033543,0.5057652,0.55949483,10,72-,72-,1,4,0.5,0.95388235,0.88653288,0.85861038,0.9479037,0.95290546,0.90291433
cd/490354,seed4,110,5,0.36794355,0.62147177,0.45216417,10,72-,72-,1,4,0.5,0.95388235,0.97199658,0.95534572,0.9696904,0.95523842,0.97190953
cd/490354,seed4,115,5,0.56402737,0.74242424,0.34981872,10,72-,72-,1,4,0.5,0.95388235,0.99514846,0.98762403,0.98207821,0.9622306,0.99556155
cd/490354,seed4,120,5,0.67120623,0.81079767,0.27111234,10,72-,72-,1,4,0.5,0.95388235,0.99815727,0.99408134,0.98807944,0.95057173,0.99741036
cd/490354,seed5,100,5,0.18614719,0.47402597,0.61751116,10,72-,72-,1,4,0.5,0.95388235,0.86988069,0.81128056,0.93061043,0.94846564,0.90387342
cd/490354,seed5,105,5,0.18756586,0.50316122,0.55136629,10,72-,72-,1,4,0.5,0.95388235,0.87132866,0.85513471,0.94997437,0.95290546,0.92355597
cd/490354,seed5,110,5,0.22008114,0.52281947,0.52475893,10,72-,72-,1,4,0.5,0.95388235,0.90090801,0.87968083,0.95621968,0.95523842,0.929361
cd/490354,seed5,115,5,0.36663337,0.61188811,0.46061197,10,72-,72-,1,4,0.5,0.95388235,0.97167166,0.95067853,0.96835729,0.9622306,0.98175302
cd/490354,seed5,120,5,0.35692921,0.60468594,0.44908708,10,72-,72-,1,4,0.5,0.95388235,0.96914851,0.94687047,0.97016234,0.95057173,0.96889327
cd/490356,seed1,100,5,0.63366337,0.7549505,0.48285271,6,79-,79-,1,2,0.5,0.95058824,0.9987077,0.98866047,0.96276429,0.93926157,0.99884851
cd/490356,seed1,105,5,0.69298246,0.80639098,0.40274393,6,79-,79-,1,2,0.5,0.95058824,0.99930798,0.99350071,0.97647695,0.95750543,0.99957186
cd/490356,seed1,110,5,0.78850856,0.87224939,0.28660225,6,79-,79-,1,2,0.5,0.95058824,0.99974702,0.99682226,0.98801863,0.95750543,0.99980943
cd/490356,seed1,115,5,0.89388697,0.93252595,0.17865755,6,79-,79-,1,2,0.5,0.95058824,0.99991666,0.99835166,0.99363328,0.95750543,0.99993048
cd/490356,seed1,120,5,0.94308943,0.96689895,0.09566509,6,79-,79-,1,2,0.5,0.95058824,0.99995038,0.99886674,0.99609177,0.94116374,0.99993742
cd/490356,seed2,100,5,0.63366337,0.7549505,0.48285271,6,79-,79-,1,2,0.5,0.95058824,0.9987077,0.98866047,0.96276429,0.93926157,0.99790826
cd/490356,seed2,105,5,0.76376989,0.85128519,0.33067385,6,79-,79-,1,2,0.5,0.95058824,0.9996717,0.99600844,0.98450913,0.95750543,0.99963606
cd/490356,seed2,110,5,0.85419198,0.91069259,0.22017544,6,79-,79-,1,2,0.5,0.95058824,0.99987338,0.997909,0.99187716,0.95750543,0.99982888
cd/490356,seed2,115,5,0.95318596,0.96944083,0.09703638,6,79-,79-,1,2,0.5,0.95058824,0.99995539,0.99889772,0.9960601,0.95750543,0.99993315
cd/490356,seed2,120,5,0.985,0.989375,0.04014508,6,79-,79-,1,2,0.5,0.95058824,0.9999681,0.99911307,0.9971819,0.94116374,0.99992746
cd/490356,seed3,100,5,0.63366337,0.7549505,0.48285271,6,79-,79-,1,2,0.5,0.95058824,0.9987077,0.98866047,0.96276429,0.93926157,0.99894447
cd/490356,seed3,105,5,0.66301703,0.78406326,0.43697299,6,79-,79-,1,2,0.5,0.95058824,0.99905124,0.9917219,0.97135414,0.95750543,0.99945862
cd/490356,seed3,110,5,0.82941176,0.89588235,0.2486831,6,79-,79-,1,2,0.5,0.95058824,0.9998356,0.99754302,0.99040094,0.95750543,0.99988742
cd/490356,seed3,115,5,0.87471526,0.92312073,0.19594437,6,79-,79-,1,2,0.5,0.95058824,0.99989801,0.99817378,0.99295328,0.95750543,0.99992171
cd/490356,seed3,120,5,0.90845886,0.9414832,0.16036881,6,79-,79-,1,2,0.5,0.95058824,0.99992853,0.99850496,0.9942818,0.94116374,0.9999168
cd/490356,seed4,100,5,0.63366337,0.7549505,0.48285271,6,79-,79-,1,2,0.5,0.95058824,0.9987077,0.98866047,0.96276429,0.93926157,0.99877952
cd/490356,seed4,105,5,0.70123457,0.81296296,0.38529576,6,79-,79-,1,2,0.5,0.95058824,0.99936559,0.99394788,0.97873266,0.95750543,0.99958467
cd/490356,seed4,110,5,0.84331797,0.90380184,0.23530864,6,79-,79-,1,2,0.5,0.95058824,0.99985801,0.99774603,0.99112397,0.95750543,0.99988788
cd/490356,seed4,115,5,0.9158361,0.95293466,0.12300571,6,79-,79-,1,2,0.5,0.95058824,0.99993387,0.9986804,0.99540955,0.95750543,0.99994179
cd/490356,seed4,120,5,0.95536663,0.97290117,0.08387149,6,79-,79-,1,2,0.5,0.95058824,0.9999564,0.99893853,0.99635393,0.94116374,0.99994186
cd/490356,seed5,100,5,0.63366337,0.7549505,0.48285271,6,79-,79-,1,2,0.5,0.95058824,0.9987077,0.98866047,0.96276429,0.93926157,0.9992756
cd/490356,seed5,105,5,0.68072289,0.79939759,0.40833076,6,79-,79-,1,2,0.5,0.95058824,0.99921261,0.99298878,0.9757065,0.95750543,0.99969283
cd/490356,seed5,110,5,0.78639618,0.86694511,0.30288262,6,79-,79-,1,2,0.5,0.95058824,0.99974133,0.99663349,0.98682451,0.95750543,0.9998774
cd/490356,seed5,115,5,0.85331781,0.91327125,0.20976739,6,79-,79-,1,2,0.5,0.95058824,0.99987221,0.99796692,0.99235804,0.95750543,0.99993241
cd/490356,seed5,120,5,0.91159587,0.95005741,0.13343049,6,79-,79-,1,2,0.5,0.95058824,0.99993085,0.99863835,0.99511927,0.94116374,0.99994481
cd/490357,seed1,100,5,0.58064516,0.73333333,0.52649662,5,89-,89-,1,1,0.5,0.95247059,0.99588747,0.98514529,0.95658537,0.94841585,0.99688542
cd/490357,seed1,105,5,0.67234949,0.77943527,0.47844053,5,89-,89-,1,1,0.5,0.95247059,0.99823728,0.99078074,0.9668804,0.9599007,0.99895906
cd/490357,seed1,110,5,0.73667874,0.83341956,0.38551605,5,89-,89-,1,1,0.5,0.95247059,0.99902789,0.99474057,0.98050744,0.95523798,0.99917673
cd/490357,seed1,115,5,0.75383853,0.8415057,0.3592568,5,89-,89-,1,1,0.5,0.95247059,0.99917065,0.99516548,0.98323886,0.95756992,0.99924656
cd/490357,seed1,120,5,0.68826706,0.81836033,0.37711154,5,89-,89-,1,1,0.5,0.95247059,0.99847858,0.99384781,0.98142606,0.94122849,0.99797586
cd/490357,seed2,100,5,0.58064516,0.73333333,0.52649662,5,89-,89-,1,1,0.5,0.95247059,0.99588747,0.98514529,0.95658537,0.94841585,0.9949998
cd/490357,seed2,105,5,0.61973333,0.76426667,0.47726228,5,89-,89-,1,1,0.5,0.95247059,0.99713324,0.98921089,0.96710061,0.9599007,0.99724986
cd/490357,seed2,110,5,0.631797,0.80010357,0.3825153,5,89-,89-,1,1,0.5,0.95247059,0.99743559,0.99256145,0.98084042,0.95523798,0.99643679
cd/490357,seed2,115,5,0.61796043,0.80010147,0.35778859,5,89-,89-,1,1,0.5,0.95247059,0.99708591,0.99256128,0.98337995,0.95756992,0.99563114
cd/490357,seed2,120,5,0.82130413,0.90642111,0.21497163,5,89-,89-,1,1,0.5,0.95247059,0.9995559,0.99754421,0.99272927,0.94122849,0.99907462
cd/490357,seed3,100,5,0.58064516,0.73333333,0.52649662,5,89-,89-,1,1,0.5,0.95247059,0.99588747,0.98514529,0.95658537,0.94841585,0.99685127
cd/490357,seed3,105,5,0.65464191,0.76657825,0.49623234,5,89-,89-,1,1,0.5,0.95247059,0.9979237,0.98946618,0.96337726,0.9599007,0.99875586
cd/490357,seed3,110,5,0.55676516,0.73976153,0.49138138,5,89-,89-,1,1,0.5,0.95247059,0.99487443,0.98609879,0.96436628,0.95523798,0.99544859
cd/490357,seed3,115,5,0.59868087,0.75951294,0.48280763,5,89-,89-,1,1,0.5,0.95247059,0.99651805,0.98866651,0.96605173,0.95756992,0.99670073
cd/490357,seed3,120,5,0.55352738,0.75234336,0.44901239,5,89-,89-,1,1,0.5,0.95247059,0.99471918,0.98779372,0.97197562,0.94122849,0.99271384
cd/490357,seed4,100,5,0.58064516,0.73333333,0.52649662,5,89-,89-,1,1,0.5,0.95247059,0.99588747,0.98514529,0.95658537,0.94841585,0.99651023
cd/490357,seed4,105,5,0.62506667,0.74933333,0.50249252,5,89-,89-,1,1,0.5,0.95247059,0.99727106,0.9874078,0.96206184,0.9599007,0.99817615
cd/490357,seed4,110,5,0.6622245,0.77549974,0.47905494,5,89-,89-,1,1,0.5,0.95247059,0.99806427,0.99039662,0.96676501,0.95523798,0.99813503
cd/490357,seed4,115,5,0.76793667,0.86244433,0.32555112,5,89-,89-,1,1,0.5,0.95247059,0.99927211,0.99611358,0.98619933,0.95756992,0.99926095
cd/490357,seed4,120,5,0.81253059,0.89720999,0.24554714,5,89-,89-,1,1,0.5,0.95247059,0.99951832,0.99729622,0.99131623,0.94122849,0.99929914
cd/490357,seed5,100,5,0.58064516,0.73333333,0.52649662,5,89-,89-,1,1,0.5,0.95247059,0.99588747,0.98514529,0.95658537,0.94841585,0.99780595
cd/490357,seed5,105,5,0.6376969,0.75991309,0.50174112,5,89-,89-,1,1,0.5,0.95247059,0.99757166,0.98871336,0.9622221,0.9599007,0.99898302
cd/490357,seed5,110,5,0.68922436,0.80010411,0.44179535,5,89-,89-,1,1,0.5,0.95247059,0.99849199,0.99256149,0.97310399,0.95523798,0.99909218
cd/490357,seed5,115,5,0.80511509,0.87723785,0.30891938,5,89-,89-,1,1,0.5,0.95247059,0.99948409,0.99666942,0.98746384,0.95756992,0.99967347
cd/490357,seed5,120,5,0.8084042,0.88994497,0.27141413,5,89-,89-,1,1,0.5,0.95247059,0.99949956,0.99708314,0.98991053,0.94122849,0.9995423
cd/490360,seed1,100,5,0.54901961,0.67058824,0.57923865,7,73-,73-,1,2,0.5,0.95058824,0.99685243,0.97200188,0.93601097,0.93926157,0.99714634
cd/490360,seed1,105,5,0.58219895,0.70052356,0.53997778,7,73-,73-,1,2,0.5,0.95058824,0.99777917,0.97964716,0.94858009,0.95750543,0.99859396
cd/490360,seed1,110,5,0.5134189,0.69894982,0.48967973,7,73-,73-,1,2,0.5,0.95058824,0.99542596,0.97930182,0.96129059,0.95750543,0.99635313
cd/490360,seed1,115,5,0.63312883,0.77423313,0.40384049,7,73-,73-,1,2,0.5,0.95058824,0.99870041,0.9907929,0.97632763,0.95750543,0.99885678
cd/490360,seed1,120,5,0.73670558,0.84176394,0.29931738,7,73-,73-,1,2,0.5,0.95058824,0.99956338,0.99557322,0.98709567,0.94116374,0.99942584
cd/490360,seed2,100,5,0.54901961,0.67058824,0.57923865,7,73-,73-,1,2,0.5,0.95058824,0.99685243,0.97200188,0.93601097,0.93926157,0.99482336
cd/490360,seed2,105,5,0.68249258,0.76854599,0.46373499,7,73-,73-,1,2,0.5,0.95058824,0.99922715,0.99020902,0.9666095,0.95750543,0.99912905
cd/490360,seed2,110,5,0.77943166,0.84573748,0.33474003,7,73-,73-,1,2,0.5,0.95058824,0.99972164,0.99576032,0.98413835,0.95750543,0.99961807
cd/490360,seed2,115,5,0.87828162,0.91408115,0.22026945,7,73-,73-,1,2,0.5,0.95058824,0.99990177,0.99798478,0.99187269,0.95750543,0.99985054
cd/490360,seed2,120,5,0.94533762,0.95498392,0.13360333,7,73-,73-,1,2,0.5,0.95058824,0.99995154,0.99870955,0.99511431,0.94116374,0.99988894
cd/490360,seed3,100,5,0.54901961,0.67058824,0.57923865,7,73-,73-,1,2,0.5,0.95058824,0.99685243,0.97200188,0.93601097,0.93926157,0.99738378
cd/490360,seed3,105,5,0.62726406,0.72545281,0.5081498,7,73-,73-,1,2,0.5,0.95058824,0.99861766,0.98442025,0.95701792,0.95750543,0.99920532
cd/490360,seed3,110,5,0.64317977,0.75429088,0.45145808,7,73-,73-,1,2,0.5,0.95058824,0.99883088,0.98857946,0.96887359,0.95750543,0.99916834
cd/490360,seed3,115,5,0.58505851,0.75517552,0.40503378,7,73-,73-,1,2,0.5,0.95058824,0.99784496,0.98868797,0.97616409,0.95750543,0.99824494
cd/490360,seed3,120,5,0.46280992,0.70064279,0.42573345,7,73-,73-,1,2,0.5,0.95058824,0.99222782,0.97967309,0.97314565,0.94116374,0.99011611
cd/490360,seed4,100,5,0.54901961,0.67058824,0.57923865,7,73-,73-,1,2,0.5,0.95058824,0.99685243,0.97200188,0.93601097,0.93926157,0.99697568
cd/490360,seed4,105,5,0.59832246,0.71481827,0.50808207,7,73-,73-,1,2,0.5,0.95058824,0.99812558,0.98253612,0.95703438,0.95750543,0.99874645
cd/490360,seed4,110,5,0.58689956,0.73624454,0.45755033,7,73-,73-,1,2,0.5,0.95058824,0.99788629,0.98612748,0.96776927,0.95750543,0.99824112
cd/490360,seed4,115,5,0.40953413,0.67063922,0.45607029,7,73-,73-,1,2,0.5,0.95058824,0.98645265,0.97201702,0.96804099,0.95750543,0.98677883
cd/490360,seed4,120,5,0.32509753,0.64889467,0.3984234,7,73-,73-,1,2,0.5,0.95058824,0.96764323,0.96478488,0.97705637,0.94116374,0.95176466
cd/490360,seed5,100,5,0.54901961,0.67058824,0.57923865,7,73-,73-,1,2,0.5,0.95058824,0.99685243,0.97200188,0.93601097,0.93926157,0.99820362
cd/490360,seed5,105,5,0.62862863,0.72772773,0.5001285,7,73-,73-,1,2,0.5,0.95058824,0.99863738,0.98479655,0.95892619,0.95750543,0.99946259
cd/490360,seed5,110,5,0.59268005,0.72845336,0.48282228,7,73-,73-,1,2,0.5,0.95058824,0.99801096,0.98491468,0.96277074,0.95750543,0.9990186
cd/490360,seed5,115,5,0.7523427,0.8313253,0.35873244,7,73-,73-,1,2,0.5,0.95058824,0.99962969,0.99504162,0.9817661,0.95750543,0.99980005
cd/490360,seed5,120,5,0.83457526,0.88971684,0.25549481,7,73-,73-,1,2,0.5,0.95058824,0.99984431,0.99737243,0.99001057,0.94116374,0.99987377
cd/490361,seed1,100,5,0.97931034,0.9862069,0.07495105,3,98-,98-,1,2,0.5,0.95058824,0.99996613,0.99908189,0.99654052,0.93926157,0.99997187
cd/490361,seed1,105,5,0.99084808,0.99511897,0.02975289,3,98-,98-,1,2,0.5,0.95058824,0.99997,0.99916693,0.99734932,0.95750543,0.99998254
cd/490361,seed1,110,5,0.9829912,0.98944282,0.05971287,3,98-,98-,1,2,0.5,0.95058824,0.99996742,0.99911373,0.99683751,0.95750543,0.9999764
cd/490361,seed1,115,5,0.99037917,0.99434069,0.03493878,3,98-,98-,1,2,0.5,0.95058824,0.99996986,0.99915983,0.99726705,0.95750543,0.99997534
cd/490361,seed1,120,5,0.99261783,0.99545713,0.02916687,3,98-,98-,1,2,0.5,0.95058824,0.99997056,0.99916999,0.99735846,0.94116374,0.99996324
cd/490361,seed2,100,5,0.97931034,0.9862069,0.07495105,3,98-,98-,1,2,0.5,0.95058824,0.99996613,0.99908189,0.99654052,0.93926157,0.99994885
cd/490361,seed2,105,5,0.98864316,0.99282726,0.04317613,3,98-,98-,1,2,0.5,0.95058824,0.9999693,0.99914584,0.99713111,0.95750543,0.99996748
cd/490361,seed2,110,5,0.9942492,0.99616613,0.02531841,3,98-,98-,1,2,0.5,0.95058824,0.99997106,0.99917639,0.99741771,0.95750543,0.99996198
cd/490361,seed2,115,5,0.99159664,0.9948287,0.03259023,3,98-,98-,1,2,0.5,0.95058824,0.99997024,0.99916429,0.99730462,0.95750543,0.99995575
cd/490361,seed2,120,5,0.995053,0.99717314,0.01911698,3,98-,98-,1,2,0.5,0.95058824,0.9999713,0.99918538,0.9975104,0.94116374,0.99993489
cd/490361,seed3,100,5,0.97931034,0.9862069,0.07495105,3,98-,98-,1,2,0.5,0.95058824,0.99996613,0.99908189,0.99654052,0.93926157,0.99997421
cd/490361,seed3,105,5,0.99252444,0.99539965,0.0294831,3,98-,98-,1,2,0.5,0.95058824,0.99997053,0.99916947,0.99735353,0.95750543,0.99998428
cd/490361,seed3,110,5,0.98693924,0.99204997,0.04690906,3,98-,98-,1,2,0.5,0.95058824,0.99996874,0.99913857,0.9970673,0.95750543,0.99997927
cd/490361,seed3,115,5,0.98568975,0.99084144,0.05313494,3,98-,98-,1,2,0.5,0.95058824,0.99996833,0.99912714,0.99695772,0.95750543,0.99997623
cd/490361,seed3,120,5,0.99061292,0.99447819,0.03421388,3,98-,98-,1,2,0.5,0.95058824,0.99996993,0.99916108,0.9972787,0.94116374,0.99996557
cd/490361,seed4,100,5,0.97931034,0.9862069,0.07495105,3,98-,98-,1,2,0.5,0.95058824,0.99996613,0.99908189,0.99654052,0.93926157,0.99997018
cd/490361,seed4,105,5,0.99126383,0.99534071,0.02859892,3,98-,98-,1,2,0.5,0.95058824,0.99997014,0.99916894,0.99736729,0.95750543,0.99998157
cd/490361,seed4,110,5,0.99499722,0.99666481,0.02244897,3,98-,98-,1,2,0.5,0.95058824,0.99997129,0.99918085,0.99746102,0.95750543,0.99997802
cd/490361,seed4,115,5,0.99632931,0.99790246,0.01475528,3,98-,98-,1,2,0.5,0.95058824,0.99997169,0.99919184,0.9975736,0.95750543,0.99997548
cd/490361,seed4,120,5,0.99532468,0.99688312,0.02117195,3,98-,98-,1,2,0.5,0.95058824,0.99997139,0.9991828,0.99748006,0.94116374,0.99996215
cd/490361,seed5,100,5,0.97931034,0.9862069,0.07495105,3,98-,98-,1,2,0.5,0.95058824,0.99996613,0.99908189,0.99654052,0.93926157,0.99998231
cd/490361,seed5,105,5,0.99117128,0.99411418,0.03656713,3,98-,98-,1,2,0.5,0.95058824,0.99997011,0.99915775,0.9972407,0.95750543,0.99998906
cd/490361,seed5,110,5,0.97589653,0.98589065,0.07522675,3,98-,98-,1,2,0.5,0.95058824,0.99996489,0.99907872,0.9965349,0.95750543,0.99998399
cd/490361,seed5,115,5,0.98781196,0.9930354,0.04136973,3,98-,98-,1,2,0.5,0.95058824,0.99996903,0.99914778,0.99716149,0.95750543,0.99998406
cd/490361,seed5,120,5,0.99458158,0.99638772,0.02405121,3,98-,98-,1,2,0.5,0.95058824,0.99997116,0.99917837,0.99743693,0.94116374,0.99997737
cd/490363,seed1,100,5,0.34468085,0.59361702,0.56753034,8,83-,83-,1,4,0.5,0.95388235,0.965652,0.94047326,0.9457773,0.94846564,0.9721805
cd/490363,seed1,105,5,0.42071882,0.62526427,0.55268982,8,83-,83-,1,4,0.5,0.95388235,0.98245323,0.95707387,0.9496426,0.95290546,0.98899745
cd/490363,seed1,110,5,0.54894046,0.69979818,0.48207452,8,83-,83-,1,4,0.5,0.95388235,0.99444178,0.98046103,0.96471046,0.95523842,0.99582339
cd/490363,seed1,115,5,0.58029557,0.73743842,0.4173741,8,83-,83-,1,4,0.5,0.95388235,0.99581056,0.98694291,0.97462879,0.9622306,0.99701429
cd/490363,seed1,120,5,0.49074976,0.68695229,0.4568148,8,83-,83-,1,4,0.5,0.95388235,0.99061935,0.97759475,0.96896338,0.95057173,0.98924561
cd/490363,seed2,100,5,0.34468085,0.59361702,0.56753034,8,83-,83-,1,4,0.5,0.95388235,0.965652,0.94047326,0.9457773,0.94846564,0.9448719
cd/490363,seed2,105,5,0.44842105,0.63947368,0.55154507,8,83-,83-,1,4,0.5,0.95388235,0.9862947,0.96299703,0.94992967,0.95290546,0.98277193
cd/490363,seed2,110,5,0.58333333,0.7186214,0.45403362,8,83-,83-,1,4,0.5,0.95388235,0.99592383,0.9840227,0.96940016,0.95523842,0.99382823
cd/490363,seed2,115,5,0.60502513,0.73919598,0.41894576,8,83-,83-,1,4,0.5,0.95388235,0.99664868,0.98718713,0.97442364,0.9622306,0.99517232
cd/490363,seed2,120,5,0.66865079,0.78720238,0.35465197,8,83-,83-,1,4,0.5,0.95388235,0.99811419,0.99236162,0.98162539,0.95057173,0.99578153
cd/490363,seed3,100,5,0.34468085,0.59361702,0.56753034,8,83-,83-,1,4,0.5,0.95388235,0.965652,0.94047326,0.9457773,0.94846564,0.97287758
cd/490363,seed3,105,5,0.41266599,0.6195097,0.56288132,8,83-,83-,1,4,0.5,0.95388235,0.98115018,0.95442581,0.94701733,0.95290546,0.98845339
cd/490363,seed3,110,5,0.46747967,0.67123984,0.48643835,8,83-,83-,1,4,0.5,0.95388235,0.9884431,0.9735267,0.96392092,0.95523842,0.99135775
cd/490363,seed3,115,5,0.51284585,0.70009881,0.45488419,8,83-,83-,1,4,0.5,0.95388235,0.99230819,0.98052361,0.96926722,0.9622306,0.99456585
cd/490363,seed3,120,5,0.47851562,0.68017578,0.4619483,8,83-,83-,1,4,0.5,0.95388235,0.98953125,0.9759211,0.96814127,0.95057173,0.98827132
cd/490363,seed4,100,5,0.34468085,0.59361702,0.56753034,8,83-,83-,1,4,0.5,0.95388235,0.965652,0.94047326,0.9457773,0.94846564,0.96467517
cd/490363,seed4,105,5,0.32594937,0.56487342,0.60327738,8,83-,83-,1,4,0.5,0.95388235,0.95955582,0.92035044,0.93529034,0.95290546,0.96676709
cd/490363,seed4,110,5,0.58579882,0.74013807,0.42195102,8,83-,83-,1,4,0.5,0.95388235,0.99601351,0.98731618,0.97402685,0.95523842,0.99620523
cd/490363,seed4,115,5,0.63013699,0.77641879,0.36390749,8,83-,83-,1,4,0.5,0.95388235,0.99732883,0.99141856,0.98072671,0.9622306,0.99759538
cd/490363,seed4,120,5,0.609375,0.77392578,0.34875989,8,83-,83-,1,4,0.5,0.95388235,0.99677778,0.99118461,0.98217593,0.95057173,0.99540639
cd/490363,seed5,100,5,0.34468085,0.59361702,0.56753034,8,83-,83-,1,4,0.5,0.95388235,0.965652,0.94047326,0.9457773,0.94846564,0.97624008
cd/490363,seed5,105,5,0.41483804,0.61912226,0.56570765,8,83-,83-,1,4,0.5,0.95388235,0.98151072,0.95424203,0.94626669,0.95290546,0.99010484
cd/490363,seed5,110,5,0.52240326,0.68279022,0.50736039,8,83-,83-,1,4,0.5,0.95388235,0.99294172,0.97658079,0.95989359,0.95523842,0.99545478
cd/490363,seed5,115,5,0.58572844,0.73488603,0.42427888,8,83-,83-,1,4,0.5,0.95388235,0.99601098,0.98658004,0.9737154,0.9622306,0.99758435
cd/490363,seed5,120,5,0.50345508,0.6964462,0.43847039,8,83-,83-,1,4,0.5,0.95388235,0.99163082,0.97974974,0.97173656,0.95057173,0.99185133
cd/490199,seed1,100,10,0.37460317,0.58095238,0.706994,5,57-,57-,1,4,0.5,0.92411765,0.93489538,0.88054209,0.83692863,0.91550698,0.93739647
cd/490199,seed1,105,10,0.38224229,0.59367946,0.69355542,5,57-,57-,1,4,0.5,0.92411765,0.93831317,0.89357669,0.84662268,0.92932656,0.95736536
cd/490199,seed1,110,10,0.20685197,0.54621849,0.63025495,5,57-,57-,1,4,0.5,0.92411765,0.80220555,0.83782699,0.88607722,0.93166315,0.82013964
cd/490199,seed1,115,10,0.25607587,0.58980439,0.56934491,5,57-,57-,1,4,0.5,0.92411765,0.85459762,0.88974653,0.91538726,0.91997388,0.813691
cd/490199,seed2,100,10,0.37460317,0.58095238,0.706994,5,57-,57-,1,4,0.5,0.92411765,0.93489538,0.88054209,0.83692863,0.91550698,0.88358104
cd/490199,seed2,105,10,0.27124464,0.53991416,0.70475062,5,57-,57+,0,4,0.5,0.92411765,0.8682358,0.82886957,0.83858054,0.92932656,0.82717396
cd/490199,seed2,110,10,0.20348304,0.54537122,0.6308021,5,57-,57+,0,4,0.5,0.92411765,0.7981458,0.83664553,0.88577767,0.93166315,0.69242985
cd/490199,seed2,115,10,0.32646834,0.64302059,0.49831967,5,57+,57+,1,4,0.5,0.92411765,0.90901425,0.93293709,0.94081288,0.91997388,0.79315711
cd/490199,seed3,100,10,0.37460317,0.58095238,0.706994,5,57-,57-,1,4,0.5,0.92411765,0.93489538,0.88054209,0.83692863,0.91550698,0.9580637
cd/490199,seed3,105,10,0.40299523,0.59972771,0.68289075,5,57-,57-,1,4,0.5,0.92411765,0.94676947,0.89932059,0.85397571,0.92932656,0.97577777
cd/490199,seed3,110,10,0.42765502,0.63649323,0.63280587,5,57-,57-,1,4,0.5,0.92411765,0.95539499,0.92863533,0.88467476,0.93166315,0.97498752
cd/490199,seed3,115,10,0.36910458,0.61449077,0.62540497,5,57-,57-,1,4,0.5,0.92411765,0.93232707,0.91219746,0.88870272,0.91997388,0.94151914
cd/490199,seed4,100,10,0.37460317,0.58095238,0.706994,5,57-,57-,1,4,0.5,0.92411765,0.93489538,0.88054209,0.83692863,0.91550698,0.93229328
cd/490199,seed4,105,10,0.38095238,0.59914712,0.67521868,5,57-,57-,1,4,0.5,0.92411765,0.93774806,0.89878139,0.85908283,0.92932656,0.95336419
cd/490199,seed4,110,10,0.4894027,0.68914579,0.55817854,5,57-,57-,1,4,0.5,0.92411765,0.97151992,0.9570861,0.91995649,0.93166315,0.97438591
cd/490199,seed4,115,10,0.3280236,0.62831858,0.54944826,5,57-,57+,0,4,0.5,0.92411765,0.90997907,0.92288903,0.92337076,0.91997388,0.87565088
cd/490199,seed5,100,10,0.37460317,0.58095238,0.706994,5,57-,57-,1,4,0.5,0.92411765,0.93489538,0.88054209,0.83692863,0.91550698,0.95254403
cd/490199,seed5,105,10,0.35676493,0.57671958,0.71092192,5,57-,57-,1,4,0.5,0.92411765,0.9262181,0.87591042,0.83400357,0.92932656,0.96104922
cd/490199,seed5,110,10,0.16149068,0.48654244,0.70075502,5,57-,57+,0,4,0.5,0.92411765,0.74235766,0.73720534,0.84148919,0.93166315,0.81096868
cd/490199,seed5,115,10,0.01883239,0.45511613,0.63557016,5,57-,57+,0,4,0.5,0.92411765,0.49576905,0.67038208,0.88313805,0.91997388,0.4789211
cd/490201,seed1,100,10,0.3830735,0.66146993,0.52916395,5,82-,82-,1,4,0.5,0.92411765,0.93867479,0.9438264,0.93079346,0.91550698,0.94116558
cd/490201,seed1,105,10,0.30101768,0.6293519,0.51437542,5,82-,82-,1,4,0.5,0.92411765,0.89185609,0.92363816,0.93577957,0.92932656,0.92255599
cd/490201,seed1,110,10,0.28658848,0.63284039,0.47102848,5,82-,82-,1,4,0.5,0.92411765,0.88091173,0.92611813,0.94852881,0.93166315,0.89469339
cd/490201,seed1,115,10,0.42593516,0.70872818,0.40412782,5,82-,82-,1,4,0.5,0.92411765,0.95483933,0.9646027,0.96360756,0.91997388,0.94266809
cd/490201,seed2,100,10,0.3830735,0.66146993,0.52916395,5,82-,82-,1,4,0.5,0.92411765,0.93867479,0.9438264,0.93079346,0.91550698,0.8902107
cd/490201,seed2,105,10,0.3223006,0.64514379,0.48490603,5,82-,82+,0,4,0.5,0.92411765,0.90638271,0.93428368,0.94473207,0.92932656,0.87698683
cd/490201,seed2,110,10,0.18714653,0.58868895,0.45569855,5,82-,82+,0,4,0.5,0.92411765,0.77758036,0.88862185,0.95243567,0.93166315,0.66463175
cd/490201,seed2,115,10,0.18809405,0.5897949,0.45204658,5,82+,82+,1,4,0.5,0.92411765,0.77881298,0.88973701,0.95332397,0.91997388,0.56564553
cd/490201,seed3,100,10,0.3830735,0.66146993,0.52916395,5,82-,82-,1,4,0.5,0.92411765,0.93867479,0.9438264,0.93079346,0.91550698,0.96064076
cd/490201,seed3,105,10,0.37910609,0.67151319,0.48395946,5,82-,82-,1,4,0.5,0.92411765,0.93693078,0.94903305,0.94499921,0.92932656,0.9709574
cd/490201,seed3,110,10,0.37657749,0.67693084,0.45434349,5,82-,82-,1,4,0.5,0.92411765,0.93579522,0.95164876,0.95276713,0.93166315,0.96318749
cd/490201,seed3,115,10,0.36598707,0.67081054,0.45720731,5,82-,82-,1,4,0.5,0.92411765,0.93082949,0.94868415,0.95206402,0.91997388,0.94016498
cd/490201,seed4,100,10,0.3830735,0.66146993,0.52916395,5,82-,82-,1,4,0.5,0.92411765,0.93867479,0.9438264,0.93079346,0.91550698,0.93634878
cd/490201,seed4,105,10,0.30671602,0.63088313,0.51757731,5,82-,82-,1,4,0.5,0.92411765,0.89592912,0.92473598,0.93472922,0.92932656,0.91969747
cd/490201,seed4,110,10,0.51667496,0.74216028,0.43441886,5,82-,82-,1,4,0.5,0.92411765,0.97668806,0.97459771,0.95739408,0.93166315,0.97919452
cd/490201,seed4,115,10,0.54107231,0.75110674,0.42516556,5,82-,82-,1,4,0.5,0.92411765,0.98052734,0.97676833,0.95939265,0.91997388,0.97377924
cd/490201,seed5,100,10,0.3830735,0.66146993,0.52916395,5,82-,82-,1,4,0.5,0.92411765,0.93867479,0.9438264,0.93079346,0.91550698,0.95544451
cd/490201,seed5,105,10,0.27937195,0.61884136,0.52145334,5,82-,82-,1,4,0.5,0.92411765,0.8750867,0.91569829,0.93343635,0.92932656,0.9309713
cd/490201,seed5,110,10,0.14233386,0.55416013,0.52187448,5,82-,82-,1,4,0.5,0.92411765,0.71379311,0.84856797,0.93329445,0.93166315,0.78697811
cd/490201,seed5,115,10,0.0917899,0.53799082,0.47782769,5,82-,82-,1,4,0.5,0.92411765,0.63016854,0.8260598,0.94670047,0.91997388,0.61893685
cd/490202,seed1,100,10,0.93678161,0.9683908,0.20239879,2,97-,97-,1,2,0.5,0.92294118,0.99915214,0.99698147,0.98957647,0.92007543,0.99938872
cd/490202,seed1,105,10,0.96977661,0.9848883,0.11303442,2,97-,97-,1,2,0.5,0.92294118,0.99934319,0.99743073,0.99390691,0.93168998,0.99958618
cd/490202,seed1,110,10,0.98636927,0.99318463,0.05884905,2,97-,97-,1,2,0.5,0.92294118,0.99942234,0.99763078,0.99560415,0.92467754,0.99948978
cd/490202,seed1,115,10,0.9988081,0.99940405,0.00724362,2,97-,97-,1,2,0.5,0.92294118,0.99947536,0.9977705,0.99678036,0.91532192,0.9993605
cd/490202,seed2,100,10,0.93678161,0.9683908,0.20239879,2,97-,97-,1,2,0.5,0.92294118,0.99915214,0.99698147,0.98957647,0.92007543,0.99881066
cd/490202,seed2,105,10,0.96831956,0.98415978,0.11739935,2,97-,97-,1,2,0.5,0.92294118,0.99933574,0.99741238,0.9937447,0.93168998,0.99918527
cd/490202,seed2,110,10,0.98880597,0.99440299,0.04992412,2,97-,97-,1,2,0.5,0.92294118,0.99943313,0.99765883,0.99583451,0.92467754,0.99902634
cd/490202,seed2,115,10,0.99638554,0.99819277,0.0190724,2,97-,97-,1,2,0.5,0.92294118,0.99946543,0.99774395,0.99654205,0.91532192,0.99873146
cd/490202,seed3,100,10,0.93678161,0.9683908,0.20239879,2,97-,97-,1,2,0.5,0.92294118,0.99915214,0.99698147,0.98957647,0.92007543,0.99958545
cd/490202,seed3,105,10,0.98266667,0.99133333,0.07181835,2,97-,97-,1,2,0.5,0.92294118,0.99940555,0.99758753,0.99524661,0.93168998,0.99974687
cd/490202,seed3,110,10,0.99395405,0.99697703,0.02965637,2,97-,97-,1,2,0.5,0.92294118,0.99945527,0.99771698,0.99631395,0.92467754,0.99967436
cd/490202,seed3,115,10,0.99644128,0.99822064,0.01881822,2,97-,97-,1,2,0.5,0.92294118,0.99946566,0.99774456,0.99654735,0.91532192,0.99955802
cd/490202,seed4,100,10,0.93678161,0.9683908,0.20239879,2,97-,97-,1,2,0.5,0.92294118,0.99915214,0.99698147,0.98957647,0.92007543,0.99944248
cd/490202,seed4,105,10,0.9876881,0.99384405,0.05406185,2,97-,97-,1,2,0.5,0.92294118,0.99942821,0.997646,0.99572924,0.93168998,0.99967296
cd/490202,seed4,110,10,0.99876543,0.99938272,0.00747162,2,97-,97-,1,2,0.5,0.92294118,0.99947519,0.99777003,0.99677592,0.92467754,0.99957857
cd/490202,seed4,115,10,0.99665179,0.99832589,0.01785248,2,97-,97-,1,2,0.5,0.92294118,0.99946653,0.99774688,0.99656741,0.91532192,0.99940659
cd/490202,seed5,100,10,0.93678161,0.9683908,0.20239879,2,97-,97-,1,2,0.5,0.92294118,0.99915214,0.99698147,0.98957647,0.92007543,0.99959168
cd/490202,seed5,105,10,0.98529412,0.99264706,0.06268265,2,97-,97-,1,2,0.5,0.92294118,0.99941751,0.99761831,0.99550135,0.93168998,0.99975586
cd/490202,seed5,110,10,0.99623116,0.99811558,0.01977324,2,97-,97-,1,2,0.5,0.92294118,0.99946479,0.99774225,0.99652739,0.92467754,0.99968504
cd/490202,seed5,115,10,0.99658314,0.99829157,0.01816841,2,97-,97-,1,2,0.5,0.92294118,0.99946625,0.99774613,0.99656086,0.91532192,0.99956515
cd/490203,seed1,100,10,0.3454039,0.66573816,0.63266333,3,38+,38+,1,1,0.5,0.92647059,0.91985885,0.94783321,0.88714022,0.93163344,0.93590551
cd/490203,seed1,105,10,0.23394185,0.61189993,0.65069563,3,38+,38+,1,1,0.5,0.92647059,0.83102885,0.914476,0.87556645,0.93176399,0.84828239
cd/490203,seed1,110,10,0.05052372,0.52310536,0.65233937,3,38+,38+,1,1,0.5,0.92647059,0.54942036,0.81684838,0.8744623,0.92708939,0.48845139
cd/490203,seed1,115,10,0.08112875,0.54027043,0.63207394,3,38+,38+,1,1,0.5,0.92647059,0.60612015,0.84079755,0.88750216,0.91539599,0.45359385
cd/490203,seed2,100,10,0.3454039,0.66573816,0.63266333,3,38+,38+,1,1,0.5,0.92647059,0.91985885,0.94783321,0.88714022,0.93163344,0.90529387
cd/490203,seed2,105,10,0.28850488,0.64237415,0.61249233,3,38+,38+,1,1,0.5,0.92647059,0.8816139,0.93521198,0.8989626,0.93176399,0.84907409
cd/490203,seed2,110,10,0.42866894,0.71194539,0.56864923,3,38+,40+,0,1,0.5,0.92647059,0.95578762,0.96626048,0.92092944,0.92708939,0.92477711
cd/490203,seed2,115,10,0.25621415,0.6277884,0.60514424,3,38+,40+,0,1,0.5,0.92647059,0.85349529,0.92594575,0.90298882,0.91539599,0.68340464
cd/490203,seed3,100,10,0.3454039,0.66573816,0.63266333,3,38+,38+,1,1,0.5,0.92647059,0.91985885,0.94783321,0.88714022,0.93163344,0.96342835
cd/490203,seed3,105,10,0.1839396,0.58819492,0.65098551,3,38+,38+,1,1,0.5,0.92647059,0.77078477,0.89436425,0.87537234,0.93176399,0.8718427
cd/490203,seed3,110,10,0.09381107,0.54397394,0.6559435,3,38+,38+,1,1,0.5,0.92647059,0.62889085,0.84561895,0.87201191,0.92708939,0.70783198
cd/490203,seed3,115,10,0.06189555,0.5306254,0.63367537,3,38+,38+,1,1,0.5,0.92647059,0.57072113,0.82766863,0.88651634,0.91539599,0.56276513
cd/490203,seed4,100,10,0.3454039,0.66573816,0.63266333,3,38+,38+,1,1,0.5,0.92647059,0.91985885,0.94783321,0.88714022,0.93163344,0.94194793
cd/490203,seed4,105,10,0.33816425,0.66597654,0.60794442,3,38+,40+,0,1,0.5,0.92647059,0.91570599,0.94794916,0.9014717,0.93176399,0.93386882
cd/490203,seed4,110,10,0.06143345,0.52901024,0.64779922,3,38+,40+,0,1,0.5,0.92647059,0.56986011,0.82538814,0.87749179,0.92708939,0.53623541
cd/490203,seed4,115,10,0.08805871,0.5436958,0.6320202,3,40+,40+,1,1,0.5,0.92647059,0.61862681,0.84526104,0.88753512,0.91539599,0.49347196
cd/490203,seed5,100,10,0.3454039,0.66573816,0.63266333,3,38+,38+,1,1,0.5,0.92647059,0.91985885,0.94783321,0.88714022,0.93163344,0.95550451
cd/490203,seed5,105,10,0.33402062,0.66323024,0.61445368,3,38+,38+,1,1,0.5,0.92647059,0.91324204,0.94659846,0.89786312,0.93176399,0.94761334
cd/490203,seed5,110,10,0.14529375,0.57169931,0.63261049,3,38+,38+,1,1,0.5,0.92647059,0.71481927,0.87800517,0.88717271,0.92708939,0.74764244
cd/490203,seed5,115,10,0.1829912,0.58944282,0.63721528,3,38+,38+,1,1,0.5,0.92647059,0.76950826,0.89551965,0.88431046,0.91539599,0.73145029
cd/490204,seed1,100,10,0.2300885,0.51106195,0.64411551,8,90-,90-,1,0,0.5,0.92261905,0.8304205,0.77662992,0.87664142,0.91914226,0.83418679
cd/490204,seed1,105,10,0.30888889,0.56277778,0.60326017,8,90-,90-,1,0,0.5,0.92261905,0.89672499,0.85210771,0.89730266,0.93324111,0.91662822
cd/490204,seed1,110,10,0.47325103,0.6712963,0.49127999,8,90-,90-,1,0,0.5,0.92261905,0.96630025,0.94327271,0.93899691,0.92614664,0.963814
cd/490204,seed1,115,10,0.57128614,0.73629113,0.40503015,8,90-,90-,1,0,0.5,0.92261905,0.98318508,0.96910825,0.95969154,0.91194637,0.97149661
cd/490204,seed2,100,10,0.2300885,0.51106195,0.64411551,8,90-,90-,1,0,0.5,0.92261905,0.8304205,0.77662992,0.87664142,0.91914226,0.76003366
cd/490204,seed2,105,10,0.35050392,0.61086226,0.52198363,8,90-,90-,1,0,0.5,0.92261905,0.92156648,0.9021069,0.92947287,0.93324111,0.9044456
cd/490204,seed2,110,10,0.46354167,0.68072917,0.45644462,8,90-,90-,1,0,0.5,0.92261905,0.96392501,0.94800579,0.94834097,0.92614664,0.939714
cd/490204,seed2,115,10,0.49389002,0.68279022,0.42749486,8,90-,90-,1,0,0.5,0.92261905,0.97085784,0.9489891,0.95506006,0.91194637,0.92301436
cd/490204,seed3,100,10,0.2300885,0.51106195,0.64411551,8,90-,90-,1,0,0.5,0.92261905,0.8304205,0.77662992,0.87664142,0.91914226,0.89618204
cd/490204,seed3,105,10,0.38646288,0.61626638,0.55261889,8,90-,90-,1,0,0.5,0.92261905,0.9384964,0.90667005,0.91861667,0.93324111,0.97127094
cd/490204,seed3,110,10,0.3447205,0.61645963,0.50686551,8,90-,90-,1,0,0.5,0.92261905,0.91847373,0.90682964,0.93432292,0.92614664,0.94560341
cd/490204,seed3,115,10,0.44633902,0.6775326,0.44259681,8,90-,90-,1,0,0.5,0.92261905,0.95931578,0.94644523,0.95166592,0.91194637,0.95807562
cd/490204,seed4,100,10,0.2300885,0.51106195,0.64411551,8,90-,90-,1,0,0.5,0.92261905,0.8304205,0.77662992,0.87664142,0.91914226,0.87138313
cd/490204,seed4,105,10,0.33695652,0.5875,0.57543445,8,90-,90-,1,0,0.5,0.92261905,0.91414718,0.8800268,0.90956383,0.93324111,0.94814829
cd/490204,seed4,110,10,0.4744898,0.68214286,0.47581379,8,90-,90-,1,0,0.5,0.92261905,0.96659222,0.94868216,0.94332618,0.92614664,0.97312172
cd/490204,seed4,115,10,0.5589391,0.74508841,0.38631846,8,90-,90-,1,0,0.5,0.92261905,0.98163529,0.97157937,0.96319688,0.91194637,0.97665173
cd/490204,seed5,100,10,0.2300885,0.51106195,0.64411551,8,90-,90-,1,0,0.5,0.92261905,0.8304205,0.77662992,0.87664142,0.91914226,0.88146439
cd/490204,seed5,105,10,0.2766191,0.55598244,0.57515028,8,90-,90-,1,0,0.5,0.92261905,0.87289568,0.84354706,0.90968197,0.93324111,0.92726947
cd/490204,seed5,110,10,0.38105263,0.62578947,0.50257532,8,90-,90-,1,0,0.5,0.92261905,0.93618711,0.91424835,0.93564174,0.92614664,0.95164508
cd/490204,seed5,115,10,0.41351075,0.64534289,0.48837325,8,90-,90-,1,0,0.5,0.92261905,0.94891241,0.92808377,0.93983349,0.91194637,0.93894839
cd/490205,seed1,100,10,0.03305785,0.47107438,0.62596091,5,72-,72+,0,3,0.5,0.94764706,0.51241207,0.70361502,0.91116543,0.94594812,0.59522105
cd/490205,seed1,105,10,0.03016393,0.49114754,0.55138151,5,72+,72+,1,3,0.5,0.94764706,0.50644329,0.74907924,0.94494278,0.95287755,0.62057739
cd/490205,seed1,110,10,0.21173624,0.5922565,0.49658927,5,72+,72+,1,3,0.5,0.94764706,0.82117307,0.90446646,0.96161578,0.95054707,0.85123074
cd/490205,seed1,115,10,0.13153639,0.56226415,0.45207992,5,72+,72+,1,3,0.5,0.94764706,0.70316501,0.87051328,0.97147973,0.94121591,0.64644134
cd/490205,seed2,100,10,0.03305785,0.47107438,0.62596091,5,72-,72+,0,3,0.5,0.94764706,0.51241207,0.70361502,0.91116543,0.94594812,0.37580244
cd/490205,seed2,105,10,0.17204301,0.56415771,0.53273409,5,72-,72+,0,3,0.5,0.94764706,0.7679411,0.87293027,0.95126846,0.95287755,0.69014466
cd/490205,seed2,110,10,0.10965251,0.54594595,0.48321006,5,72+,72+,1,3,0.5,0.94764706,0.66414134,0.84802991,0.96488301,0.95054707,0.49664713
cd/490205,seed2,115,10,0.24011103,0.61276891,0.45990055,5,72+,72+,1,3,0.5,0.94764706,0.85302124,0.92287151,0.96994532,0.94121591,0.65251731
cd/490205,seed3,100,10,0.03305785,0.47107438,0.62596091,5,72-,72-,1,3,0.5,0.94764706,0.51241207,0.70361502,0.91116543,0.94594812,0.6484892
cd/490205,seed3,105,10,0.101945,0.51978538,0.57614094,5,72-,72+,0,3,0.5,0.94764706,0.64980757,0.80543386,0.93534459,0.95287755,0.79031689
cd/490205,seed3,110,10,0.04436229,0.50831793,0.51155835,5,72-,72-,1,3,0.5,0.94764706,0.53567815,0.78409773,0.95761457,0.95054707,0.63491333
cd/490205,seed3,115,10,0.03491872,0.50872968,0.48495339,5,72+,72+,1,3,0.5,0.94764706,0.5162484,0.78489235,0.96447297,0.94121591,0.50296078
cd/490205,seed4,100,10,0.03305785,0.47107438,0.62596091,5,72-,72-,1,3,0.5,0.94764706,0.51241207,0.70361502,0.91116543,0.94594812,0.55172114
cd/490205,seed4,105,10,0.04705882,0.50311419,0.54123694,5,72-,72-,1,3,0.5,0.94764706,0.54120891,0.77387231,0.94847444,0.95287755,0.6123364
cd/490205,seed4,110,10,0.21584529,0.59575795,0.49127021,5,72-,72+,0,3,0.5,0.94764706,0.82609893,0.90786468,0.96294827,0.95054707,0.83217599
cd/490205,seed4,115,10,0.09643836,0.54410959,0.45818156,5,72-,72+,0,3,0.5,0.94764706,0.63939665,0.84530867,0.97028931,0.94121591,0.53199861
cd/490205,seed5,100,10,0.03305785,0.47107438,0.62596091,5,72-,72+,0,3,0.5,0.94764706,0.51241207,0.70361502,0.91116543,0.94594812,0.56183689
cd/490205,seed5,105,10,0.00692042,0.48235294,0.54654101,5,72+,72+,1,3,0.5,0.94764706,0.45858082,0.72974261,0.94665549,0.95287755,0.53945366
cd/490205,seed5,110,10,0.12357528,0.53929214,0.54235265,5,72+,72+,1,3,0.5,0.94764706,0.68927051,0.8379806,0.94809676,0.95054707,0.70277455
cd/490205,seed5,115,10,0.20169014,0.59323944,0.46923178,5,72+,72+,1,3,0.5,0.94764706,0.80867191,0.90543158,0.96800973,0.94121591,0.74282451
cd/490206,seed1,100,10,0.56750572,0.71167048,0.59134426,5,68-,68-,1,2,0.5,0.92294118,0.98540437,0.96392209,0.90001408,0.92007543,0.98839483
cd/490206,seed1,105,10,0.6782798,0.79096353,0.46077537,5,68-,68-,1,2,0.5,0.92294118,0.99375772,0.98307715,0.95203968,0.93168998,0.99575303
cd/490206,seed1,110,10,0.68477704,0.80522809,0.42639843,5,68-,68-,1,2,0.5,0.92294118,0.99406221,0.98525139,0.96070057,0.92467754,0.99433067
cd/490206,seed1,115,10,0.65939514,0.79871096,0.40555497,5,68-,68-,1,2,0.5,0.92294118,0.99278182,0.98429445,0.96519943,0.91532192,0.99041958
cd/490206,seed2,100,10,0.56750572,0.71167048,0.59134426,5,68-,68-,1,2,0.5,0.92294118,0.98540437,0.96392209,0.90001408,0.92007543,0.9776528
cd/490206,seed2,105,10,0.68991826,0.78964578,0.46682686,5,68-,68-,1,2,0.5,0.92294118,0.99429264,0.98286107,0.95033807,0.93168998,0.99249192
cd/490206,seed2,110,10,0.76146316,0.85368367,0.3363895,5,68-,68-,1,2,0.5,0.92294118,0.99671241,0.99077327,0.97683407,0.92467754,0.99402641
cd/490206,seed2,115,10,0.8066633,0.89197375,0.25024863,5,68-,68-,1,2,0.5,0.92294118,0.99768108,0.9936406,0.98612079,0.91532192,0.99423734
cd/490206,seed3,100,10,0.56750572,0.71167048,0.59134426,5,68-,68-,1,2,0.5,0.92294118,0.98540437,0.96392209,0.90001408,0.92007543,0.99210175
cd/490206,seed3,105,10,0.65799063,0.77719938,0.48639012,5,68-,68-,1,2,0.5,0.92294118,0.99270346,0.9806818,0.94443771,0.93168998,0.99660991
cd/490206,seed3,110,10,0.66838046,0.77583548,0.4743067,5,68-,68-,1,2,0.5,0.92294118,0.99326373,0.98042706,0.94815571,0.92467754,0.99561144
cd/490206,seed3,115,10,0.68582955,0.80131114,0.41529524,5,68-,68-,1,2,0.5,0.92294118,0.99411012,0.98468336,0.96316246,0.91532192,0.99471966
cd/490206,seed4,100,10,0.56750572,0.71167048,0.59134426,5,68-,68-,1,2,0.5,0.92294118,0.98540437,0.96392209,0.90001408,0.92007543,0.98940514
cd/490206,seed4,105,10,0.66739012,0.78296256,0.4767934,5,68-,68-,1,2,0.5,0.92294118,0.99321222,0.98172275,0.94741031,0.93168998,0.995774
cd/490206,seed4,110,10,0.7100353,0.82349975,0.3952252,5,68-,68-,1,2,0.5,0.92294118,0.99511193,0.98763841,0.96724094,0.92467754,0.99576953
cd/490206,seed4,115,10,0.75012321,0.86200099,0.30325685,5,68-,68-,1,2,0.5,0.92294118,0.99641174,0.99148902,0.98096612,0.91532192,0.9957495
cd/490206,seed5,100,10,0.56750572,0.71167048,0.59134426,5,68-,68-,1,2,0.5,0.92294118,0.98540437,0.96392209,0.90001408,0.92007543,0.99221954
cd/490206,seed5,105,10,0.62956901,0.75995636,0.50616216,5,68-,68-,1,2,0.5,0.92294118,0.99092342,0.97720824,0.93780844,0.93168998,0.99581159
cd/490206,seed5,110,10,0.68577384,0.79676915,0.44716681,5,68-,68-,1,2,0.5,0.92294118,0.9941076,0.98399769,0.95566612,0.92467754,0.99623664
cd/490206,seed5,115,10,0.69257951,0.80817769,0.4170251,5,68-,68-,1,2,0.5,0.92294118,0.99440841,0.98566539,0.96278889,0.91532192,0.99507074
cd/490207,seed1,100,10,0.51697128,0.65535248,0.64071404,5,80-,80-,1,0,0.5,0.92261905,0.97524727,0.93434187,0.87848956,0.91914226,0.97753546
cd/490207,seed1,105,10,0.41954397,0.60651466,0.67956857,5,80-,80-,1,0,0.5,0.92261905,0.95099684,0.89829253,0.85590882,0.93324111,0.96193213
cd/490207,seed1,110,10,0.3141994,0.5734139,0.66030078,5,80-,80-,1,0,0.5,0.92261905,0.9002452,0.86472582,0.86751395,0.92614664,0.88954273
cd/490207,seed1,115,10,0.22258953,0.54490358,0.6327161,5,80-,80-,1,0,0.5,0.92261905,0.82260624,0.82873042,0.88274126,0.91194637,0.71227167
cd/490207,seed2,100,10,0.51697128,0.65535248,0.64071404,5,80-,80-,1,0,0.5,0.92261905,0.97524727,0.93434187,0.87848956,0.91914226,0.96478269
cd/490207,seed2,105,10,0.43250883,0.61696113,0.66561594,5,80-,80+,0,0,0.5,0.92261905,0.95520623,0.90724264,0.86439406,0.93324111,0.94605543
cd/490207,seed2,110,10,0.26224066,0.56348548,0.61741455,5,80-,80+,0,0,0.5,0.92261905,0.86084204,0.85297663,0.89051659,0.92614664,0.7742719
cd/490207,seed2,115,10,0.06956522,0.50039526,0.57189956,5,80+,80+,1,0,0.5,0.92261905,0.60393351,0.75803845,0.91102352,0.91194637,0.33023828
cd/490207,seed3,100,10,0.51697128,0.65535248,0.64071404,5,80-,80-,1,0,0.5,0.92261905,0.97524727,0.93434187,0.87848956,0.91914226,0.98678378
cd/490207,seed3,105,10,0.49969155,0.66193708,0.61911528,5,80-,80-,1,0,0.5,0.92261905,0.97202747,0.93817861,0.88967524,0.93324111,0.98753432
cd/490207,seed3,110,10,0.42072795,0.60271437,0.66052422,5,80-,80-,1,0,0.5,0.92261905,0.95139632,0.89485098,0.86738403,0.92614664,0.96854191
cd/490207,seed3,115,10,0.38095238,0.59307359,0.64704825,5,80-,80-,1,0,0.5,0.92261905,0.93614357,0.88565626,0.87502863,0.91194637,0.9332251
cd/490207,seed4,100,10,0.51697128,0.65535248,0.64071404,5,80-,80-,1,0,0.5,0.92261905,0.97524727,0.93434187,0.87848956,0.91914226,0.98322165
cd/490207,seed4,105,10,0.41452145,0.61452145,0.65693084,5,80-,80-,1,0,0.5,0.92261905,0.94926736,0.90521791,0.86946037,0.93324111,0.97038609
cd/490207,seed4,110,10,0.43118724,0.6278795,0.61424392,5,80-,80-,1,0,0.5,0.92261905,0.95479343,0.91583521,0.89207007,0.92614664,0.9631564
cd/490207,seed4,115,10,0.31330713,0.59011791,0.60495977,5,80-,80+,0,0,0.5,0.92261905,0.89966129,0.88270018,0.89650793,0.91194637,0.8683368
cd/490207,seed5,100,10,0.51697128,0.65535248,0.64071404,5,80-,80-,1,0,0.5,0.92261905,0.97524727,0.93434187,0.87848956,0.91914226,0.98469078
cd/490207,seed5,105,10,0.34879164,0.54800784,0.73874208,5,80-,80-,1,0,0.5,0.92261905,0.92066218,0.83299093,0.81494669,0.93324111,0.95640572
cd/490207,seed5,110,10,0.30959752,0.54551084,0.69466907,5,80-,80-,1,0,0.5,0.92261905,0.897201,0.8295706,0.8462328,0.92614664,0.91999257
cd/490207,seed5,115,10,0.24358209,0.54268657,0.65638195,5,80-,80-,1,0,0.5,0.92261905,0.84378778,0.82563517,0.86977509,0.91194637,0.810781
cd/490208,seed1,100,10,0.45346062,0.69928401,0.49860494,5,94-,94-,1,3,0.5,0.94764706,0.97123194,0.96980997,0.9610989,0.94594812,0.98104641
cd/490208,seed1,105,10,0.54589082,0.75764847,0.41748178,5,94-,94-,1,3,0.5,0.94764706,0.98637511,0.98426209,0.9774018,0.95287755,0.99231279
cd/490208,seed1,110,10,0.58998349,0.78866263,0.35631481,5,94-,94-,1,3,0.5,0.94764706,0.99049174,0.98890218,0.98506864,0.95054707,0.99295412
cd/490208,seed1,115,10,0.60772896,0.79989412,0.33597377,5,94-,94-,1,3,0.5,0.94764706,0.99177646,0.99022452,0.98699918,0.94121591,0.99040657
cd/490208,seed2,100,10,0.45346062,0.69928401,0.49860494,5,94-,94-,1,3,0.5,0.94764706,0.97123194,0.96980997,0.9610989,0.94594812,0.95493904
cd/490208,seed2,105,10,0.53595575,0.75169023,0.42576372,5,94-,94-,1,3,0.5,0.94764706,0.98522805,0.9831731,0.97610403,0.95287755,0.97983291
cd/490208,seed2,110,10,0.6324567,0.80885183,0.34445811,5,94-,94-,1,3,0.5,0.94764706,0.99328436,0.99116628,0.98622585,0.95054707,0.98805018
cd/490208,seed2,115,10,0.76083086,0.87893175,0.23971319,5,94-,94-,1,3,0.5,0.94764706,0.99766188,0.99601121,0.99326794,0.94121591,0.99357362
cd/490208,seed3,100,10,0.45346062,0.69928401,0.49860494,5,94-,94-,1,3,0.5,0.94764706,0.97123194,0.96980997,0.9610989,0.94594812,0.98483434
cd/490208,seed3,105,10,0.53177843,0.74810496,0.43072728,5,94-,94-,1,3,0.5,0.94764706,0.98471781,0.98248247,0.9752917,0.95287755,0.99308933
cd/490208,seed3,110,10,0.4910249,0.73364215,0.42380365,5,94-,94-,1,3,0.5,0.94764706,0.97873758,0.97940278,0.97641759,0.95054707,0.98709082
cd/490208,seed3,115,10,0.53593315,0.76155989,0.3784907,5,94-,94-,1,3,0.5,0.94764706,0.98522533,0.98493896,0.98264169,0.94121591,0.98601521
cd/490208,seed4,100,10,0.45346062,0.69928401,0.49860494,5,94-,94-,1,3,0.5,0.94764706,0.97123194,0.96980997,0.9610989,0.94594812,0.97743787
cd/490208,seed4,105,10,0.46654159,0.71607255,0.45312976,5,94-,94-,1,3,0.5,0.94764706,0.97409968,0.9749431,0.97127826,0.95287755,0.98219631
cd/490208,seed4,110,10,0.66074403,0.82343143,0.32891048,5,94-,94-,1,3,0.5,0.94764706,0.99467518,0.99251048,0.98761018,0.95054707,0.99536585
cd/490208,seed4,115,10,0.76344648,0.87571802,0.2651138,5,94-,94-,1,3,0.5,0.94764706,0.9977117,0.99586278,0.99198812,0.94121591,0.9969149
cd/490208,seed5,100,10,0.45346062,0.69928401,0.49860494,5,94-,94-,1,3,0.5,0.94764706,0.97123194,0.96980997,0.9610989,0.94594812,0.97832442
cd/490208,seed5,105,10,0.46727829,0.71376147,0.46444166,5,94-,94-,1,3,0.5,0.94764706,0.97425264,0.9742905,0.96901796,0.95287755,0.98300373
cd/490208,seed5,110,10,0.4980057,0.73561254,0.42708998,5,94-,94-,1,3,0.5,0.94764706,0.97990404,0.97985166,0.97588956,0.95054707,0.98257327
cd/490208,seed5,115,10,0.57744199,0.77873718,0.38186453,5,94-,94-,1,3,0.5,0.94764706,0.98946576,0.98758733,0.98223996,0.94121591,0.98584622
cd/490211,seed1,100,10,0.67586207,0.79770115,0.44114698,5,79-,79-,1,3,0.5,0.94764706,0.99529685,0.9899792,0.97349792,0.94594812,0.99707195
cd/490211,seed1,105,10,0.64402943,0.79173741,0.42717939,5,79-,79-,1,3,0.5,0.94764706,0.99389237,0.98928084,0.97587504,0.95287755,0.99663771
cd/490211,seed1,110,10,0.75883257,0.85970302,0.32526854,5,79-,79-,1,3,0.5,0.94764706,0.99762309,0.99503702,0.98791405,0.95054707,0.99830518
cd/490211,seed1,115,10,0.86564204,0.92265741,0.20679952,5,79-,79-,1,3,0.5,0.94764706,0.99901422,0.99757477,0.99462878,0.94121591,0.99891132
cd/490211,seed2,100,10,0.67586207,0.79770115,0.44114698,5,79-,79-,1,3,0.5,0.94764706,0.99529685,0.9899792,0.97349792,0.94594812,0.9928785
cd/490211,seed2,105,10,0.70127002,0.82882385,0.36783497,5,79-,79-,1,3,0.5,0.94764706,0.99618314,0.99295444,0.98385276,0.95287755,0.99495163
cd/490211,seed2,110,10,0.68498728,0.83206107,0.33210074,5,79-,79-,1,3,0.5,0.94764706,0.99563655,0.99320831,0.9873378,0.95054707,0.99230897
cd/490211,seed2,115,10,0.78114144,0.88883375,0.22813676,5,79-,79-,1,3,0.5,0.94764706,0.99802201,0.996436,0.99378175,0.94121591,0.99458384
cd/490211,seed3,100,10,0.67586207,0.79770115,0.44114698,5,79-,79-,1,3,0.5,0.94764706,0.99529685,0.9899792,0.97349792,0.94594812,0.99766475
cd/490211,seed3,105,10,0.67729522,0.80868609,0.40836281,5,79-,79-,1,3,0.5,0.94764706,0.99535189,0.9911497,0.97875113,0.95287755,0.9979754
cd/490211,seed3,110,10,0.70005163,0.82860093,0.36515318,5,79-,79-,1,3,0.5,0.94764706,0.99614472,0.99293662,0.98414423,0.95054707,0.99777859
cd/490211,seed3,115,10,0.71133501,0.83476071,0.35138752,5,79-,79-,1,3,0.5,0.94764706,0.99648632,0.99341305,0.98556074,0.94121591,0.99680016
cd/490211,seed4,100,10,0.67586207,0.79770115,0.44114698,5,79-,79-,1,3,0.5,0.94764706,0.99529685,0.9899792,0.97349792,0.94594812,0.9965036
cd/490211,seed4,105,10,0.60778936,0.77290181,0.44790477,5,79-,79-,1,3,0.5,0.94764706,0.99178052,0.98674369,0.97226748,0.95287755,0.99455084
cd/490211,seed4,110,10,0.73220686,0.84024578,0.35781049,5,79-,79-,1,3,0.5,0.94764706,0.99704067,0.99381036,0.98491603,0.95054707,0.9974649
cd/490211,seed4,115,10,0.84992571,0.90391283,0.24922266,5,79-,79-,1,3,0.5,0.94764706,0.99887784,0.99699788,0.99281449,0.94121591,0.99851463
cd/490211,seed5,100,10,0.67586207,0.79770115,0.44114698,5,79-,79-,1,3,0.5,0.94764706,0.99529685,0.9899792,0.97349792,0.94594812,0.99664356
cd/490211,seed5,105,10,0.70163565,0.82177101,0.39224934,5,79-,79-,1,3,0.5,0.94764706,0.9961946,0.99236827,0.98094526,0.95287755,0.99763061
cd/490211,seed5,110,10,0.70376259,0.82935877,0.36755524,5,79-,79-,1,3,0.5,0.94764706,0.99626057,0.99299703,0.9838834,0.95054707,0.99690553
cd/490211,seed5,115,10,0.77396207,0.8728857,0.29504884,5,79-,79-,1,3,0.5,0.94764706,0.99790152,0.99572741,0.99016721,0.94121591,0.99729015
cd/490212,seed1,100,10,0.13417191,0.45073375,0.74750053,5,49-,49+,0,2,0.5,0.92294118,0.70196145,0.6746726,0.7775676,0.92007543,0.72658481
cd/490212,seed1,105,10,0.04709576,0.3992674,0.76297407,5,49-,49+,0,2,0.5,0.92294118,0.54546172,0.55608077,0.76093721,0.93168998,0.6003564
cd/490212,seed1,110,10,0.09711684,0.46788063,0.68540655,5,49+,49+,1,2,0.5,0.92294118,0.63869545,0.71040525,0.83584728,0.92467754,0.61417765
cd/490212,seed1,115,10,0.07202763,0.48001973,0.62325851,5,49+,49+,1,2,0.5,0.92294118,0.59276782,0.73424312,0.88122452,0.91532192,0.48466901
cd/490212,seed2,100,10,0.13417191,0.45073375,0.74750053,5,49-,49+,0,2,0.5,0.92294118,0.70196145,0.6746726,0.7775676,0.92007543,0.57717465
cd/490212,seed2,105,10,0.05023548,0.41182627,0.72508133,5,49+,49+,1,2,0.5,0.92294118,0.5514829,0.58620234,0.80016721,0.93168998,0.44173944
cd/490212,seed2,110,10,0.16485226,0.47019181,0.67715727,5,49+,49+,1,2,0.5,0.92294118,0.74917927,0.71504039,0.84258837,0.92467754,0.58436198
cd/490212,seed2,115,10,0.26392373,0.53336678,0.63989139,5,49+,49+,1,2,0.5,0.92294118,0.86546412,0.8232909,0.87026825,0.91532192,0.69166442
cd/490212,seed3,100,10,0.13417191,0.45073375,0.74750053,5,49-,49+,0,2,0.5,0.92294118,0.70196145,0.6746726,0.7775676,0.92007543,0.79671959
cd/490212,seed3,105,10,0.04660798,0.41895391,0.72270314,5,49-,49-,1,2,0.5,0.92294118,0.54452504,0.60302964,0.80246055,0.93168998,0.6881748
cd/490212,seed3,110,10,0.03905859,0.40711067,0.71470955,5,49+,49+,1,2,0.5,0.92294118,0.5299919,0.5749552,0.81002326,0.92467754,0.59602119
cd/490212,seed3,115,10,0.00098474,0.394387,0.68640707,5,49-,49+,0,2,0.5,0.92294118,0.45642915,0.5442505,0.8350141,0.91532192,0.43998287
cd/490212,seed4,100,10,0.13417191,0.45073375,0.74750053,5,49-,49-,1,2,0.5,0.92294118,0.70196145,0.6746726,0.7775676,0.92007543,0.7444956
cd/490212,seed4,105,10,0.01033592,0.39121447,0.75387972,5,49-,49-,1,2,0.5,0.92294118,0.47444419,0.53653245,0.77081323,0.93168998,0.5510526
cd/490212,seed4,110,10,0.03994009,0.43085372,0.6848297,5,49-,49+,0,2,0.5,0.92294118,0.53169196,0.63057074,0.83632611,0.92467754,0.52485897
cd/490212,seed4,115,10,0.08934708,0.4796269,0.62384196,5,49-,49+,0,2,0.5,0.92294118,0.62469831,0.73349161,0.88085413,0.91532192,0.5422341
cd/490212,seed5,100,10,0.13417191,0.45073375,0.74750053,5,49-,49+,0,2,0.5,0.92294118,0.70196145,0.6746726,0.7775676,0.92007543,0.79916142
cd/490212,seed5,105,10,0.01163406,0.37281861,0.76204188,5,49-,49+,0,2,0.5,0.92294118,0.4769514,0.49155057,0.76196282,0.93168998,0.6287611
cd/490212,seed5,110,10,0.15726849,0.48887739,0.69230629,5,49+,49+,1,2,0.5,0.92294118,0.73798316,0.75082573,0.83003244,0.92467754,0.79411345
cd/490212,seed5,115,10,0.27473091,0.58175295,0.60113677,5,49+,49+,1,2,0.5,0.92294118,0.87491401,0.88213011,0.89454851,0.91532192,0.87699328
cd/490213,seed1,100,10,0.02188184,0.33041575,0.8254847,7,34-,44-,0,3,0.5,0.94764706,0.48935695,0.32277499,0.72125312,0.94594812,0.57222257
cd/490213,seed1,105,10,0.02075369,0.34134353,0.80120534,7,44-,34-,0,3,0.5,0.94764706,0.48703056,0.35062175,0.75366959,0.95287755,0.60163683
cd/490213,seed1,110,10,0.02811036,0.36803748,0.75749852,7,44-,34-,0,3,0.5,0.94764706,0.50220653,0.42272533,0.80533489,0.95054707,0.54707964
cd/490213,seed1,115,10,0.08875441,0.42208775,0.66054842,7,34-,34-,1,3,0.5,0.94764706,0.62464933,0.57575939,0.889849,0.94121591,0.55997164
cd/490213,seed2,100,10,0.02188184,0.33041575,0.8254847,7,34-,34-,1,3,0.5,0.94764706,0.48935695,0.32277499,0.72125312,0.94594812,0.35387024
cd/490213,seed2,105,10,0.01121705,0.3707235,0.74862672,7,34-,34-,1,3,0.5,0.94764706,0.46739718,0.43022467,0.81475638,0.95287755,0.36320381
cd/490213,seed2,110,10,0.26035503,0.51048951,0.65347453,7,34-,34-,1,3,0.5,0.94764706,0.87275859,0.7882646,0.89454482,0.95054707,0.7795625
cd/490213,seed2,115,10,0.43766439,0.64229353,0.53231859,7,34-,34-,1,3,0.5,0.94764706,0.96735681,0.94369615,0.95140124,0.94121591,0.90916688
cd/490213,seed3,100,10,0.02188184,0.33041575,0.8254847,7,34-,44-,0,3,0.5,0.94764706,0.48935695,0.32277499,0.72125312,0.94594812,0.62661872
cd/490213,seed3,105,10,0.03237992,0.37398813,0.76112391,7,44-,34-,0,3,0.5,0.94764706,0.51101408,0.43938244,0.80138168,0.95287755,0.67646719
cd/490213,seed3,110,10,0.02168301,0.39494063,0.70647802,7,44-,34-,0,3,0.5,0.94764706,0.4889469,0.49887608,0.85472598,0.95054707,0.58934255
cd/490213,seed3,115,10,0.01612091,0.41057935,0.67355419,7,34-,34-,1,3,0.5,0.94764706,0.47748415,0.54339567,0.8807366,0.94121591,0.46322051
cd/490213,seed4,100,10,0.02188184,0.33041575,0.8254847,7,34-,44-,0,3,0.5,0.94764706,0.48935695,0.32277499,0.72125312,0.94594812,0.52821013
cd/490213,seed4,105,10,0.10440457,0.40511147,0.76207197,7,44-,44-,1,3,0.5,0.94764706,0.65441264,0.52787222,0.80033799,0.95287755,0.71968362
cd/490213,seed4,110,10,0.23119637,0.50630994,0.6846514,7,44-,44-,1,3,0.5,0.94764706,0.84355525,0.78019217,0.87245289,0.95054707,0.84956072
cd/490213,seed4,115,10,0.24447717,0.55621011,0.58730916,7,44-,44-,1,3,0.5,0.94764706,0.85748186,0.86252212,0.93052305,0.94121591,0.79933398
cd/490213,seed5,100,10,0.02188184,0.33041575,0.8254847,7,34-,34-,1,3,0.5,0.94764706,0.48935695,0.32277499,0.72125312,0.94594812,0.53841256
cd/490213,seed5,105,10,0.02638813,0.34909291,0.79710587,7,34-,34-,1,3,0.5,0.94764706,0.4986531,0.37101893,0.75888531,0.95287755,0.58006622
cd/490213,seed5,110,10,0.09499226,0.40836345,0.73968615,7,34-,34-,1,3,0.5,0.94764706,0.6366403,0.53711311,0.82389052,0.95054707,0.64986182
cd/490213,seed5,115,10,0.30209933,0.50947261,0.67255753,7,34-,34-,1,3,0.5,0.94764706,0.90636978,0.78632071,0.88145735,0.94121591,0.87115618
cd/490214,seed1,100,10,0.98329356,0.99045346,0.05395501,3,73-,73-,1,0,0.5,0.92261905,0.99914463,0.99734386,0.99293441,0.91914226,0.99931134
cd/490214,seed1,105,10,0.97524467,0.98618307,0.07277714,3,73-,73-,1,0,0.5,0.92261905,0.99909314,0.99723105,0.99223432,0.93324111,0.99939442
cd/490214,seed1,110,10,0.98515668,0.99120396,0.05084232,3,73-,73-,1,0,0.5,0.92261905,0.99915612,0.99736321,0.99304399,0.92614664,0.99920153
cd/490214,seed1,115,10,0.96752889,0.98348927,0.07877434,3,73-,73-,1,0,0.5,0.92261905,0.99904088,0.99715744,0.99199711,0.91194637,0.99851189
cd/490214,seed2,100,10,0.98329356,0.99045346,0.05395501,3,73-,73-,1,0,0.5,0.92261905,0.99914463,0.99734386,0.99293441,0.91914226,0.99890657
cd/490214,seed2,105,10,0.9832853,0.98962536,0.05884595,3,73-,73-,1,0,0.5,0.92261905,0.99914458,0.99732235,0.99275875,0.93324111,0.99909481
cd/490214,seed2,110,10,0.98918611,0.99317018,0.04141755,3,73-,73-,1,0,0.5,0.92261905,0.99918046,0.99741323,0.99336559,0.92614664,0.99877009
cd/490214,seed2,115,10,0.99507389,0.99671593,0.02215117,3,73-,73-,1,0,0.5,0.92261905,0.99921476,0.99750106,0.99397778,0.91194637,0.99807937
cd/490214,seed3,100,10,0.98329356,0.99045346,0.05395501,3,73-,73-,1,0,0.5,0.92261905,0.99914463,0.99734386,0.99293441,0.91914226,0.99959853
cd/490214,seed3,105,10,0.97318882,0.98516828,0.076859,3,73-,73-,1,0,0.5,0.92261905,0.9990795,0.99720355,0.99207364,0.93324111,0.99964148
cd/490214,seed3,110,10,0.98037016,0.98766125,0.06812117,3,73-,73-,1,0,0.5,0.92261905,0.99912627,0.99727063,0.99241365,0.92614664,0.99951744
cd/490214,seed3,115,10,0.97024144,0.98315553,0.08614618,3,73-,73-,1,0,0.5,0.92261905,0.99905959,0.99714819,0.99169566,0.91194637,0.9991497
cd/490214,seed4,100,10,0.98329356,0.99045346,0.05395501,3,73-,73-,1,0,0.5,0.92261905,0.99914463,0.99734386,0.99293441,0.91914226,0.99948854
cd/490214,seed4,105,10,0.98792409,0.9919494,0.04771332,3,73-,73-,1,0,0.5,0.92261905,0.99917291,0.99738229,0.99315244,0.93324111,0.99959114
cd/490214,seed4,110,10,0.99178982,0.99452655,0.03436814,3,73-,73-,1,0,0.5,0.92261905,0.99919581,0.99744719,0.99359645,0.92614664,0.9994358
cd/490214,seed4,115,10,0.98892989,0.99367422,0.03813094,3,73-,73-,1,0,0.5,0.92261905,0.99917893,0.9974259,0.99347423,0.91194637,0.99905874
cd/490214,seed5,100,10,0.98329356,0.99045346,0.05395501,3,73-,73-,1,0,0.5,0.92261905,0.99914463,0.99734386,0.99293441,0.91914226,0.99953399
cd/490214,seed5,105,10,0.97558206,0.98523566,0.07866102,3,73-,73-,1,0,0.5,0.92261905,0.99909536,0.99720538,0.99200165,0.93324111,0.99959126
cd/490214,seed5,110,10,0.98016997,0.98753541,0.06870005,3,73-,73-,1,0,0.5,0.92261905,0.999125,0.99726728,0.99239158,0.92614664,0.99943903
cd/490214,seed5,115,10,0.99199146,0.99466097,0.03364524,3,73-,73-,1,0,0.5,0.92261905,0.99919699,0.99745053,0.99361966,0.91194637,0.99916187
cd/490215,seed1,100,10,0.84563758,0.89261745,0.29083379,5,61-,61-,1,1,0.5,0.92647059,0.99806155,0.99414131,0.98465399,0.93163344,0.9986709
cd/490215,seed1,105,10,0.73149649,0.81631551,0.42163675,5,61-,61-,1,1,0.5,0.92647059,0.99539529,0.98766083,0.96636647,0.93176399,0.99646274
cd/490215,seed1,110,10,0.72755259,0.81221139,0.42496411,5,61-,61-,1,1,0.5,0.92647059,0.99525578,0.98715845,0.96569584,0.92708939,0.99497022
cd/490215,seed1,115,10,0.7307883,0.83539911,0.36718456,5,61-,61-,1,1,0.5,0.92647059,0.99537054,0.98975318,0.97569516,0.91539599,0.99283792
cd/490215,seed2,100,10,0.84563758,0.89261745,0.29083379,5,61-,61-,1,1,0.5,0.92647059,0.99806155,0.99414131,0.98465399,0.93163344,0.99797114
cd/490215,seed2,105,10,0.66917698,0.79343733,0.44106079,5,61-,61-,1,1,0.5,0.92647059,0.99262471,0.98459085,0.96226543,0.93176399,0.99121807
cd/490215,seed2,110,10,0.50513791,0.68739859,0.54212611,5,61-,61-,1,1,0.5,0.92647059,0.97478942,0.95742728,0.93200808,0.92708939,0.95736499
cd/490215,seed2,115,10,0.52739375,0.69892473,0.51784514,5,61-,61-,1,1,0.5,0.92647059,0.97863027,0.96182094,0.94087133,0.91539599,0.9481313
cd/490215,seed3,100,10,0.84563758,0.89261745,0.29083379,5,61-,61-,1,1,0.5,0.92647059,0.99806155,0.99414131,0.98465399,0.93163344,0.99926286
cd/490215,seed3,105,10,0.74505612,0.82255478,0.42019461,5,61-,61-,1,1,0.5,0.92647059,0.99584451,0.98838761,0.96665318,0.93176399,0.99823484
cd/490215,seed3,110,10,0.66323907,0.77275064,0.46988421,5,61-,61-,1,1,0.5,0.92647059,0.99228672,0.98117473,0.95528391,0.92708939,0.99537089
cd/490215,seed3,115,10,0.58954845,0.72704211,0.53116723,5,61-,61-,1,1,0.5,0.92647059,0.98657032,0.97078521,0.93615148,0.91539599,0.98798091
cd/490215,seed4,100,10,0.84563758,0.89261745,0.29083379,5,61-,61-,1,1,0.5,0.92647059,0.99806155,0.99414131,0.98465399,0.93163344,0.99880377
cd/490215,seed4,105,10,0.74423592,0.83485255,0.38349854,5,61-,61-,1,1,0.5,0.92647059,0.99581862,0.98969845,0.97320218,0.93176399,0.99711882
cd/490215,seed4,110,10,0.75833761,0.83786557,0.38703561,5,61-,61-,1,1,0.5,0.92647059,0.99624215,0.98999661,0.97262973,0.92708939,0.99644312
cd/490215,seed4,115,10,0.8442011,0.88551518,0.30276857,5,61-,61-,1,1,0.5,0.92647059,0.9980403,0.99371954,0.98350603,0.91539599,0.99735034
cd/490215,seed5,100,10,0.84563758,0.89261745,0.29083379,5,61-,61-,1,1,0.5,0.92647059,0.99806155,0.99414131,0.98465399,0.93163344,0.99909586
cd/490215,seed5,105,10,0.74276352,0.81977062,0.41704241,5,61-,61-,1,1,0.5,0.92647059,0.99577174,0.98806868,0.96727169,0.93176399,0.99779609
cd/490215,seed5,110,10,0.74015748,0.82152231,0.40335475,5,61-,61-,1,1,0.5,0.92647059,0.99568749,0.98827033,0.96983112,0.92708939,0.99689716
cd/490215,seed5,115,10,0.78101072,0.85706993,0.33412768,5,61-,61-,1,1,0.5,0.92647059,0.99683533,0.991706,0.9800723,0.91539599,0.99670847
cd/490217,seed1,100,10,0.7804878,0.88913525,0.32694752,3,74-,74-,1,2,0.5,0.92294118,0.99716149,0.99346247,0.97809354,0.92007543,0.99786847
cd/490217,seed1,105,10,0.62818336,0.81211092,0.45726362,3,74-,74-,1,2,0.5,0.92294118,0.99082639,0.98619967,0.95300162,0.93168998,0.99367218
cd/490217,seed1,110,10,0.58770446,0.79244219,0.47844566,3,74-,74-,1,2,0.5,0.92294118,0.98749134,0.98331644,0.94690944,0.92467754,0.98775461
cd/490217,seed1,115,10,0.60206859,0.79967338,0.46900833,3,74-,74-,1,2,0.5,0.92294118,0.98879337,0.98443952,0.94971075,0.91532192,0.98492778
cd/490217,seed2,100,10,0.7804878,0.88913525,0.32694752,3,74-,74-,1,2,0.5,0.92294118,0.99716149,0.99346247,0.97809354,0.92007543,0.99585873
cd/490217,seed2,105,10,0.69127124,0.83948448,0.4405028,3,74-,74-,1,2,0.5,0.92294118,0.99435179,0.98941103,0.95734516,0.93168998,0.99257216
cd/490217,seed2,110,10,0.57822725,0.78584176,0.49943257,3,74-,74-,1,2,0.5,0.92294118,0.98655161,0.98222198,0.94014377,0.92467754,0.97462469
cd/490217,seed2,115,10,0.45525526,0.72612613,0.54943234,3,74-,74-,1,2,0.5,0.92294118,0.96587746,0.96853553,0.9206521,0.91532192,0.91204213
cd/490217,seed3,100,10,0.7804878,0.88913525,0.32694752,3,74-,74-,1,2,0.5,0.92294118,0.99716149,0.99346247,0.97809354,0.92007543,0.99855375
cd/490217,seed3,105,10,0.72118115,0.85576377,0.40779371,3,74-,74-,1,2,0.5,0.92294118,0.99551432,0.99095768,0.96474108,0.93168998,0.99795256
cd/490217,seed3,110,10,0.64689104,0.81973759,0.45759073,3,74-,74-,1,2,0.5,0.92294118,0.99205376,0.98718032,0.95291279,0.92467754,0.99479238
cd/490217,seed3,115,10,0.6430579,0.81899944,0.45147204,3,74-,74-,1,2,0.5,0.92294118,0.99181631,0.9870885,0.95454807,0.91532192,0.99258081
cd/490217,seed4,100,10,0.7804878,0.88913525,0.32694752,3,74-,74-,1,2,0.5,0.92294118,0.99716149,0.99346247,0.97809354,0.92007543,0.99805566
cd/490217,seed4,105,10,0.68441926,0.83796034,0.43360313,3,74-,74-,1,2,0.5,0.92294118,0.99404583,0.98925347,0.95901947,0.93168998,0.99631033
cd/490217,seed4,110,10,0.60622611,0.80010923,0.47989872,3,74-,74-,1,2,0.5,0.92294118,0.98914457,0.98450478,0.94646525,0.92467754,0.99034509
cd/490217,seed4,115,10,0.6340179,0.81569247,0.44753089,3,74-,74-,1,2,0.5,0.92294118,0.9912281,0.98666908,0.95557259,0.91532192,0.98930745
cd/490217,seed5,100,10,0.7804878,0.88913525,0.32694752,3,74-,74-,1,2,0.5,0.92294118,0.99716149,0.99346247,0.97809354,0.92007543,0.99857546
cd/490217,seed5,105,10,0.64486517,0.81640849,0.47446835,3,74-,74-,1,2,0.5,0.92294118,0.99192913,0.98676102,0.94810756,0.93168998,0.99629229
cd/490217,seed5,110,10,0.59180236,0.79225154,0.49386825,3,74-,74-,1,2,0.5,0.92294118,0.98787731,0.98328577,0.94201246,0.92467754,0.99205134
cd/490217,seed5,115,10,0.58640984,0.79026217,0.49193178,3,74-,74-,1,2,0.5,0.92294118,0.98736689,0.98296248,0.94264985,0.91532192,0.98854855
cd/490219,seed1,100,10,0.1897019,0.48509485,0.78806606,5,94-,94-,1,3,0.5,0.94764706,0.79289469,0.73587077,0.77011797,0.94594812,0.84715379
cd/490219,seed1,105,10,0.13904407,0.52327747,0.62604591,5,94-,94-,1,3,0.5,0.94764706,0.71593313,0.81160473,0.91111792,0.95287755,0.80443891
cd/490219,seed1,110,10,0.1370826,0.53368483,0.58927276,5,94-,94-,1,3,0.5,0.94764706,0.7126294,0.8291013,0.92964164,0.95054707,0.7524889
cd/490219,seed1,115,10,0.22788931,0.60607705,0.46504367,5,94-,94-,1,3,0.5,0.94764706,0.83991945,0.91725558,0.96889295,0.94121591,0.80527467
cd/490219,seed2,100,10,0.1897019,0.48509485,0.78806606,5,94-,94+,0,3,0.5,0.94764706,0.79289469,0.73587077,0.77011797,0.94594812,0.69412062
cd/490219,seed2,105,10,0.14372881,0.52271186,0.63744918,5,94-,94+,0,3,0.5,0.94764706,0.72373023,0.81061554,0.90453384,0.95287755,0.6366745
cd/490219,seed2,110,10,0.14745884,0.5619184,0.49348396,5,94+,94+,1,3,0.5,0.94764706,0.72984284,0.87006775,0.96239919,0.95054707,0.57611082
cd/490219,seed2,115,10,0.35208471,0.66909332,0.43757396,5,94+,94+,1,3,0.5,0.94764706,0.93599389,0.95791071,0.97412686,0.94121591,0.82900606
cd/490219,seed3,100,10,0.1897019,0.48509485,0.78806606,5,94-,94-,1,3,0.5,0.94764706,0.79289469,0.73587077,0.77011797,0.94594812,0.87427117
cd/490219,seed3,105,10,0.19886004,0.54654845,0.64878351,5,94-,94-,1,3,0.5,0.94764706,0.80503197,0.84891414,0.89756066,0.95287755,0.89545912
cd/490219,seed3,110,10,0.23783784,0.59039039,0.55258774,5,94-,94-,1,3,0.5,0.94764706,0.85065346,0.90260992,0.94450799,0.95054707,0.89954636
cd/490219,seed3,115,10,0.28309456,0.63438395,0.45138638,5,94-,94-,1,3,0.5,0.94764706,0.8921839,0.93870214,0.97161207,0.94121591,0.89225882
cd/490219,seed4,100,10,0.1897019,0.48509485,0.78806606,5,94-,94-,1,3,0.5,0.94764706,0.79289469,0.73587077,0.77011797,0.94594812,0.82266165
cd/490219,seed4,105,10,0.12815773,0.51694393,0.63065165,5,94-,94-,1,3,0.5,0.94764706,0.69731206,0.80030053,0.90850945,0.95287755,0.75843063
cd/490219,seed4,110,10,0.32898469,0.643789,0.50668032,5,94-,94-,1,3,0.5,0.94764706,0.92357787,0.94459634,0.95896041,0.95054707,0.92820774
cd/490219,seed4,115,10,0.40147136,0.69206516,0.43482148,5,94-,94-,1,3,0.5,0.94764706,0.95648773,0.96730163,0.97460144,0.94121591,0.93772876
cd/490219,seed5,100,10,0.1897019,0.48509485,0.78806606,5,94-,94-,1,3,0.5,0.94764706,0.79289469,0.73587077,0.77011797,0.94594812,0.82856322
cd/490219,seed5,105,10,0.12491867,0.49772284,0.68401495,5,94-,94-,1,3,0.5,0.94764706,0.69164013,0.76292166,0.87294096,0.95287755,0.76090566
cd/490219,seed5,110,10,0.11225106,0.51840676,0.60307049,5,94-,94-,1,3,0.5,0.94764706,0.66890811,0.80295586,0.92315135,0.95054707,0.68235661
cd/490219,seed5,115,10,0.03242617,0.49739433,0.53505858,5,94-,94-,1,3,0.5,0.94764706,0.51110946,0.76224273,0.95051924,0.94121591,0.40780315
cd/490221,seed1,100,10,0.85327314,0.90970655,0.24427767,5,79-,79-,1,1,0.5,0.92647059,0.99817068,0.99504426,0.98842643,0.93163344,0.9987484
cd/490221,seed1,105,10,0.81041313,0.86644029,0.33951447,5,79-,79-,1,1,0.5,0.92647059,0.99746771,0.99243155,0.97941573,0.93176399,0.99809725
cd/490221,seed1,110,10,0.80426667,0.86986667,0.31819092,5,79-,79-,1,1,0.5,0.92647059,0.99734688,0.99268083,0.98189688,0.92708939,0.99724527
cd/490221,seed1,115,10,0.81624154,0.88235294,0.28586077,5,79-,79-,1,1,0.5,0.92647059,0.99757722,0.99352218,0.98510877,0.91539599,0.9963339
cd/490221,seed2,100,10,0.85327314,0.90970655,0.24427767,5,79-,79-,1,1,0.5,0.92647059,0.99817068,0.99504426,0.98842643,0.93163344,0.99808936
cd/490221,seed2,105,10,0.73422119,0.82165605,0.40469865,5,79-,79-,1,1,0.5,0.92647059,0.99548928,0.98828559,0.96958866,0.93176399,0.99472059
cd/490221,seed2,110,10,0.56014363,0.72471574,0.50585094,5,79-,79-,1,1,0.5,0.92647059,0.98326193,0.97012842,0.94483914,0.92708939,0.97193693
cd/490221,seed2,115,10,0.48629738,0.67580175,0.5392293,5,79-,79-,1,1,0.5,0.92647059,0.97101898,0.95252146,0.93312695,0.91539599,0.92969581
cd/490221,seed3,100,10,0.85327314,0.90970655,0.24427767,5,79-,79-,1,1,0.5,0.92647059,0.99817068,0.99504426,0.98842643,0.93163344,0.99930586
cd/490221,seed3,105,10,0.81081081,0.87424159,0.31621799,5,79-,79-,1,1,0.5,0.92647059,0.99747534,0.9929873,0.98211104,0.93176399,0.99894773
cd/490221,seed3,110,10,0.61066236,0.76090468,0.45886482,5,79-,79-,1,1,0.5,0.92647059,0.98853931,0.97889462,0.95808763,0.92708939,0.99301208
cd/490221,seed3,115,10,0.65028751,0.7877679,0.42048009,5,79-,79-,1,1,0.5,0.92647059,0.99149528,0.98372049,0.96659661,0.91539599,0.99251738
cd/490221,seed4,100,10,0.85327314,0.90970655,0.24427767,5,79-,79-,1,1,0.5,0.92647059,0.99817068,0.99504426,0.98842643,0.93163344,0.99887352
cd/490221,seed4,105,10,0.78615995,0.8559274,0.34894353,5,79-,79-,1,1,0.5,0.92647059,0.99695647,0.99161294,0.97821514,0.93176399,0.99792754
cd/490221,seed4,110,10,0.79200432,0.86061588,0.32667257,5,79-,79-,1,1,0.5,0.92647059,0.99708837,0.99198834,0.98094724,0.92708939,0.99726949
cd/490221,seed4,115,10,0.82173692,0.89029964,0.26574247,5,79-,79-,1,1,0.5,0.92647059,0.99767614,0.99400686,0.98681691,0.91539599,0.996839
cd/490221,seed5,100,10,0.85327314,0.90970655,0.24427767,5,79-,79-,1,1,0.5,0.92647059,0.99817068,0.99504426,0.98842643,0.93163344,0.9991486
cd/490221,seed5,105,10,0.84113229,0.89139226,0.2794858,5,79-,79-,1,1,0.5,0.92647059,0.99799413,0.99407061,0.9856724,0.93176399,0.99898337
cd/490221,seed5,110,10,0.7689787,0.8514473,0.34863252,5,79-,79-,1,1,0.5,0.92647059,0.99653321,0.99123795,0.97825581,0.92708939,0.99752585
cd/490221,seed5,115,10,0.72564508,0.83043707,0.36530131,5,79-,79-,1,1,0.5,0.92647059,0.9951868,0.98924556,0.97596796,0.91539599,0.99491794
cd/490225,seed1,100,10,0.67120181,0.79591837,0.44232365,5,91-,91-,1,3,0.5,0.94764706,0.99511334,0.98977529,0.97328756,0.94594812,0.99695441
cd/490225,seed1,105,10,0.70411985,0.82343499,0.37756168,5,91-,91-,1,3,0.5,0.94764706,0.99627154,0.99251078,0.98275073,0.95287755,0.99797622
cd/490225,seed1,110,10,0.78487481,0.86612161,0.31271833,5,91-,91-,1,3,0.5,0.94764706,0.99808191,0.99538603,0.98890587,0.95054707,0.99864022
cd/490225,seed1,115,10,0.87307118,0.92135391,0.20688928,5,91-,91-,1,3,0.5,0.94764706,0.99907279,0.9975385,0.99462547,0.94121591,0.99897765
cd/490225,seed2,100,10,0.67120181,0.79591837,0.44232365,5,91-,91-,1,3,0.5,0.94764706,0.99511334,0.98977529,0.97328756,0.94594812,0.99259388
cd/490225,seed2,105,10,0.69512863,0.8226601,0.38033678,5,91-,91-,1,3,0.5,0.94764706,0.99598549,0.99244475,0.98242299,0.95287755,0.9946835
cd/490225,seed2,110,10,0.76728925,0.87582029,0.26882698,5,91-,91-,1,3,0.5,0.94764706,0.99778297,0.99586759,0.99178182,0.95054707,0.99615497
cd/490225,seed2,115,10,0.87050714,0.93303791,0.16468675,5,91-,91-,1,3,0.5,0.94764706,0.99905298,0.99784518,0.99597825,0.94121591,0.99745204
cd/490225,seed3,100,10,0.67120181,0.79591837,0.44232365,5,91-,91-,1,3,0.5,0.94764706,0.99511334,0.98977529,0.97328756,0.94594812,0.99757095
cd/490225,seed3,105,10,0.69676049,0.80669145,0.41892542,5,91-,91-,1,3,0.5,0.94764706,0.99603899,0.99094773,0.97718065,0.95287755,0.99828263
cd/490225,seed3,110,10,0.70179028,0.82608696,0.36142298,5,91-,91-,1,3,0.5,0.94764706,0.99619943,0.99273248,0.98454105,0.95054707,0.997811
cd/490225,seed3,115,10,0.78781827,0.87119321,0.30268659,5,91-,91-,1,3,0.5,0.94764706,0.99812786,0.99564443,0.98964042,0.94121591,0.99832339
cd/490225,seed4,100,10,0.67120181,0.79591837,0.44232365,5,91-,91-,1,3,0.5,0.94764706,0.99511334,0.98977529,0.97328756,0.94594812,0.99636334
cd/490225,seed4,105,10,0.71163038,0.81943707,0.39509883,5,91-,91-,1,3,0.5,0.94764706,0.99649485,0.99216382,0.98057411,0.95287755,0.99773162
cd/490225,seed4,110,10,0.78647148,0.8748107,0.29570224,5,91-,91-,1,3,0.5,0.94764706,0.99810697,0.99581989,0.9901232,0.95054707,0.99839758
cd/490225,seed4,115,10,0.89361702,0.93171697,0.19080297,5,91-,91-,1,3,0.5,0.94764706,0.99921729,0.99781252,0.9951876,0.94121591,0.99897363
cd/490225,seed5,100,10,0.67120181,0.79591837,0.44232365,5,91-,91-,1,3,0.5,0.94764706,0.99511334,0.98977529,0.97328756,0.94594812,0.99650889
cd/490225,seed5,105,10,0.60755337,0.76902025,0.45418134,5,91-,91-,1,3,0.5,0.94764706,0.99176463,0.98615144,0.97107506,0.95287755,0.99475814
cd/490225,seed5,110,10,0.72689295,0.83916449,0.3475318,5,91-,91-,1,3,0.5,0.94764706,0.99690841,0.99373397,0.98593464,0.95054707,0.99745472
cd/490225,seed5,115,10,0.82181818,0.89714286,0.24989905,5,91-,91-,1,3,0.5,0.94764706,0.99858527,0.99675746,0.99278111,0.94121591,0.99819162
cd/490227,seed1,100,10,0.04376368,0.3654267,0.77015094,5,43-,43+,0,3,0.5,0.94764706,0.53444912,0.41547002,0.79127716,0.94594812,0.61686807
cd/490227,seed1,105,10,0.00526593,0.3206951,0.78266712,5,35+,43-,0,3,0.5,0.94764706,0.45519253,0.29901149,0.77664917,0.95287755,0.56981598
cd/490227,seed1,110,10,0.06259465,0.38414942,0.74490773,5,43+,43-,0,3,0.5,0.94764706,0.57283557,0.46812391,0.81859963,0.95054707,0.61797886
cd/490227,seed1,115,10,0.01101652,0.40410616,0.68623989,5,43-,43-,1,3,0.5,0.94764706,0.46698521,0.52501135,0.87122773,0.94121591,0.39713088
cd/490227,seed2,100,10,0.04376368,0.3654267,0.77015094,5,43-,35+,0,3,0.5,0.94764706,0.53444912,0.41547002,0.79127716,0.94594812,0.39730207
cd/490227,seed2,105,10,0.01807549,0.34502924,0.76023688,5,35+,43+,0,3,0.5,0.94764706,0.4815102,0.36026021,0.80235447,0.95287755,0.37674412
cd/490227,seed2,110,10,0.04220278,0.38960371,0.73407747,5,35+,43+,0,3,0.5,0.94764706,0.53124245,0.48365165,0.82943766,0.95054707,0.35784111
cd/490227,seed2,115,10,0.17880462,0.46057258,0.69033371,5,43+,43+,1,3,0.5,0.94764706,0.77773687,0.67802144,0.868024,0.94121591,0.52767792
cd/490227,seed3,100,10,0.04376368,0.3654267,0.77015094,5,43-,35+,0,3,0.5,0.94764706,0.53444912,0.41547002,0.79127716,0.94594812,0.66887228
cd/490227,seed3,105,10,0.01450026,0.33713102,0.77694311,5,43-,43-,1,3,0.5,0.94764706,0.47414812,0.33975343,0.78342805,0.95287755,0.64247744
cd/490227,seed3,110,10,0.04054739,0.35732387,0.75848795,5,35+,43-,0,3,0.5,0.94764706,0.52783885,0.39319745,0.80426195,0.95054707,0.6273908
cd/490227,seed3,115,10,0.02852776,0.35506877,0.71748549,5,43-,43-,1,3,0.5,0.94764706,0.50306772,0.38707276,0.84503482,0.94121591,0.48942869
cd/490227,seed4,100,10,0.04376368,0.3654267,0.77015094,5,43-,43-,1,3,0.5,0.94764706,0.53444912,0.41547002,0.79127716,0.94594812,0.57402965
cd/490227,seed4,105,10,0.00837258,0.35112507,0.73905186,5,43-,43-,1,3,0.5,0.94764706,0.46155792,0.3764483,0.8245249,0.95287755,0.5323176
cd/490227,seed4,110,10,0.07392405,0.39240506,0.72635263,5,43-,43+,0,3,0.5,0.94764706,0.59554411,0.49164096,0.83684931,0.95054707,0.59844253
cd/490227,seed4,115,10,0.14504193,0.45041934,0.67817971,5,43-,43+,0,3,0.5,0.94764706,0.72589184,0.65221609,0.87734183,0.94121591,0.63178163
cd/490227,seed5,100,10,0.04376368,0.3654267,0.77015094,5,43-,43+,0,3,0.5,0.94764706,0.53444912,0.41547002,0.79127716,0.94594812,0.58402154
cd/490227,seed5,105,10,0.01170836,0.33368813,0.7666469,5,35+,43+,0,3,0.5,0.94764706,0.46840671,0.33099376,0.79524377,0.95287755,0.54951215
cd/490227,seed5,110,10,0.14366925,0.42739018,0.73072952,5,43+,43+,1,3,0.5,0.94764706,0.72363193,0.59047187,0.83268222,0.95054707,0.73706162
cd/490227,seed5,115,10,0.2848329,0.53419023,0.66506208,5,43+,43+,1,3,0.5,0.94764706,0.8935562,0.82991719,0.8867578,0.94121591,0.85383033
cd/490228,seed1,100,10,0.18262806,0.56792873,0.54614614,5,56+,56+,1,1,0.5,0.92647059,0.76901817,0.87397182,0.93042659,0.93163344,0.80199829
cd/490228,seed1,105,10,0.20145495,0.59037493,0.48004185,5,56+,56+,1,1,0.5,0.92647059,0.79346254,0.89637536,0.95254182,0.93176399,0.81233669
cd/490228,seed1,110,10,0.42503945,0.70647028,0.41162391,5,56+,56+,1,1,0.5,0.92647059,0.95460668,0.96445785,0.96830905,0.92708939,0.94805267
cd/490228,seed1,115,10,0.52824427,0.76284987,0.35059459,5,56+,56+,1,1,0.5,0.92647059,0.97876509,0.97928676,0.97799798,0.91539599,0.96564846
cd/490228,seed2,100,10,0.18262806,0.56792873,0.54614614,5,56+,56+,1,1,0.5,0.92647059,0.76901817,0.87397182,0.93042659,0.93163344,0.72614593
cd/490228,seed2,105,10,0.09845449,0.5409273,0.48285271,5,56+,56+,1,1,0.5,0.92647059,0.63709262,0.84166151,0.95175522,0.93176399,0.55728907
cd/490228,seed2,110,10,0.45563824,0.72180882,0.40407339,5,56+,56+,1,1,0.5,0.92647059,0.96368698,0.9692876,0.9697017,0.92708939,0.93828678
cd/490228,seed2,115,10,0.74722955,0.87124011,0.25325799,5,56+,56+,1,1,0.5,0.92647059,0.99591233,0.99277844,0.98777814,0.91539599,0.99041204
cd/490228,seed3,100,10,0.18262806,0.56792873,0.54614614,5,56+,56+,1,1,0.5,0.92647059,0.76901817,0.87397182,0.93042659,0.93163344,0.87962666
cd/490228,seed3,105,10,0.19068493,0.58575342,0.48086929,5,56+,56+,1,1,0.5,0.92647059,0.77972,0.89207111,0.95231154,0.93176399,0.87766367
cd/490228,seed3,110,10,0.22281167,0.60530504,0.45725491,5,56+,56+,1,1,0.5,0.92647059,0.81881045,0.90925813,0.95848291,0.92708939,0.87001895
cd/490228,seed3,115,10,0.34179182,0.66649404,0.42573051,5,56+,56+,1,1,0.5,0.92647059,0.91781074,0.94820004,0.96553956,0.91539599,0.92109913
cd/490228,seed4,100,10,0.18262806,0.56792873,0.54614614,5,56+,56+,1,1,0.5,0.92647059,0.76901817,0.87397182,0.93042659,0.93163344,0.8182126
cd/490228,seed4,105,10,0.06415307,0.52279122,0.49026774,5,56+,56+,1,1,0.5,0.92647059,0.57492131,0.81638511,0.94962039,0.93176399,0.61988826
cd/490228,seed4,110,10,0.21936865,0.60406635,0.45442862,5,56+,56+,1,1,0.5,0.92647059,0.81489411,0.90824665,0.95916823,0.92708939,0.80049445
cd/490228,seed4,115,10,0.37275986,0.68253968,0.41425464,5,56+,56+,1,1,0.5,0.92647059,0.93391416,0.9554337,0.96780944,0.91539599,0.90174114
cd/490228,seed5,100,10,0.18262806,0.56792873,0.54614614,5,56+,56+,1,1,0.5,0.92647059,0.76901817,0.87397182,0.93042659,0.93163344,0.85625487
cd/490228,seed5,105,10,0.21706326,0.59953569,0.47429175,5,56+,56+,1,1,0.5,0.92647059,0.81223542,0.90446024,0.95411313,0.93176399,0.87803164
cd/490228,seed5,110,10,0.43126685,0.70781671,0.42324482,5,56+,56+,1,1,0.5,0.92647059,0.95661486,0.96490957,0.96604396,0.92708939,0.96574058
cd/490228,seed5,115,10,0.55034265,0.77016342,0.3665017,5,56+,56+,1,1,0.5,0.92647059,0.98199026,0.98069831,0.97579442,0.91539599,0.98008052
cd/490229,seed1,100,10,0.4368932,0.60436893,0.5832241,8,87-,87-,1,3,0.5,0.94764706,0.96715522,0.91576362,0.93232408,0.94594812,0.97825298
cd/490229,seed1,105,10,0.36924804,0.55948373,0.59013262,8,87-,87-,1,3,0.5,0.94764706,0.94397394,0.86689345,0.92925243,0.95287755,0.96656748
cd/490229,seed1,110,10,0.37431991,0.57943417,0.54184538,8,87-,87-,1,3,0.5,0.94764706,0.94614703,0.89104896,0.9482688,0.95054707,0.95776919
cd/490229,seed1,115,10,0.38129496,0.63874615,0.44572037,8,87-,16+,0,3,0.5,0.94764706,0.94900597,0.94150552,0.97267116,0.94121591,0.93813973
cd/490229,seed2,100,10,0.4368932,0.60436893,0.5832241,8,87-,87-,1,3,0.5,0.94764706,0.96715522,0.91576362,0.93232408,0.94594812,0.94849983
cd/490229,seed2,105,10,0.39495798,0.59363745,0.57154008,8,87-,87-,1,3,0.5,0.94764706,0.95419476,0.90581988,0.93723885,0.95287755,0.93637466
cd/490229,seed2,110,10,0.26762402,0.56853786,0.50832279,8,87-,87-,1,3,0.5,0.94764706,0.87927313,0.87837373,0.95851188,0.95054707,0.78996108
cd/490229,seed2,115,10,0.26709677,0.56322581,0.47964684,8,87-,87-,1,3,0.5,0.94764706,0.87881045,0.87174562,0.96570695,0.94121591,0.7023903
cd/490229,seed3,100,10,0.4368932,0.60436893,0.5832241,8,87-,87-,1,3,0.5,0.94764706,0.96715522,0.91576362,0.93232408,0.94594812,0.98258927
cd/490229,seed3,105,10,0.40131579,0.59046053,0.56814643,8,87-,87-,1,3,0.5,0.94764706,0.95643426,0.90268028,0.93860275,0.95287755,0.97942051
cd/490229,seed3,110,10,0.40411701,0.60942579,0.50048952,8,87-,87-,1,3,0.5,0.94764706,0.95738747,0.92011095,0.9606096,0.95054707,0.97342027
cd/490229,seed3,115,10,0.3371488,0.58116545,0.50863659,8,87-,16+,0,3,0.5,0.94764706,0.92819997,0.89295275,0.95842566,0.94121591,0.92903057
cd/490229,seed4,100,10,0.4368932,0.60436893,0.5832241,8,87-,87-,1,3,0.5,0.94764706,0.96715522,0.91576362,0.93232408,0.94594812,0.97412663
cd/490229,seed4,105,10,0.401649,0.58598351,0.57092355,8,87-,87-,1,3,0.5,0.94764706,0.95654871,0.89809744,0.93748871,0.95287755,0.96954896
cd/490229,seed4,110,10,0.51772288,0.66756176,0.48956149,8,87-,87-,1,3,0.5,0.94764706,0.98287032,0.95720017,0.96336681,0.95054707,0.98460491
cd/490229,seed4,115,10,0.45259939,0.65698267,0.45480152,8,87-,16+,0,3,0.5,0.94764706,0.97103267,0.95197047,0.97095458,0.94121591,0.95871294
cd/490229,seed5,100,10,0.4368932,0.60436893,0.5832241,8,87-,87-,1,3,0.5,0.94764706,0.96715522,0.91576362,0.93232408,0.94594812,0.97513998
cd/490229,seed5,105,10,0.33294931,0.53513825,0.61110822,8,87-,87-,1,3,0.5,0.94764706,0.92585557,0.83143927,0.9191217,0.95287755,0.94881567
cd/490229,seed5,110,10,0.37636761,0.58588621,0.5426026,8,87-,87-,1,3,0.5,0.94764706,0.94700167,0.89799575,0.94801179,0.95054707,0.95265675
cd/490229,seed5,115,10,0.48020833,0.6515625,0.46599457,8,87-,87-,1,3,0.5,0.94764706,0.97679824,0.94906112,0.96869451,0.94121591,0.96832064
cd/490231,seed1,100,10,0.59210526,0.70833333,0.49003865,8,66-,66-,1,3,0.5,0.94764706,0.99065525,0.97269197,0.96325039,0.94594812,0.9940655
cd/490231,seed1,105,10,0.59725159,0.74154334,0.43244851,8,66-,66-,1,3,0.5,0.94764706,0.99104036,0.98114569,0.97500376,0.95287755,0.99501107
cd/490231,seed1,110,10,0.61213992,0.77726337,0.35134757,8,66-,66-,1,3,0.5,0.94764706,0.99206812,0.9873794,0.98556466,0.95054707,0.99415274
cd/490231,seed1,115,10,0.591,0.7835,0.30239642,8,66-,66-,1,3,0.5,0.94764706,0.99057043,0.98823644,0.98966093,0.94121591,0.98896224
cd/490231,seed2,100,10,0.59210526,0.70833333,0.49003865,8,66-,66-,1,3,0.5,0.94764706,0.99065525,0.97269197,0.96325039,0.94594812,0.98562839
cd/490231,seed2,105,10,0.65306122,0.77282492,0.38886005,8,66-,66-,1,3,0.5,0.94764706,0.99432859,0.9867322,0.98137767,0.95287755,0.99242483
cd/490231,seed2,110,10,0.52747253,0.74230769,0.35750227,8,66-,66-,1,3,0.5,0.94764706,0.98417371,0.98130641,0.9849476,0.95054707,0.9714115
cd/490231,seed2,115,10,0.25028703,0.61595867,0.36857758,8,66-,66-,1,3,0.5,0.94764706,0.86324178,0.92542367,0.98377112,0.94121591,0.67179591
cd/490231,seed3,100,10,0.59210526,0.70833333,0.49003865,8,66-,66-,1,3,0.5,0.94764706,0.99065525,0.97269197,0.96325039,0.94594812,0.99526409
cd/490231,seed3,105,10,0.65368421,0.76578947,0.41899566,8,66-,66-,1,3,0.5,0.94764706,0.99435751,0.98563865,0.97716983,0.95287755,0.99752827
cd/490231,seed3,110,10,0.73868313,0.84002058,0.30434648,8,66-,66-,1,3,0.5,0.94764706,0.99719426,0.99379452,0.98952229,0.95054707,0.99839755
cd/490231,seed3,115,10,0.75675676,0.85935936,0.25961244,8,66-,66-,1,3,0.5,0.94764706,0.99758212,0.99501761,0.99228436,0.94121591,0.99781988
cd/490231,seed4,100,10,0.59210526,0.70833333,0.49003865,8,66-,66-,1,3,0.5,0.94764706,0.99065525,0.97269197,0.96325039,0.94594812,0.99291775
cd/490231,seed4,105,10,0.66701903,0.77219873,0.40006004,8,66-,66-,1,3,0.5,0.94764706,0.99494257,0.9866383,0.97991092,0.95287755,0.99669344
cd/490231,seed4,110,10,0.723,0.8355,0.29880276,8,66-,66-,1,3,0.5,0.94764706,0.99680779,0.99346805,0.9899117,0.95054707,0.99725985
cd/490231,seed4,115,10,0.78072763,0.87561455,0.2294192,8,66-,66-,1,3,0.5,0.94764706,0.99801526,0.99585791,0.9937268,0.94121591,0.99733388
cd/490231,seed5,100,10,0.59210526,0.70833333,0.49003865,8,66-,66-,1,3,0.5,0.94764706,0.99065525,0.97269197,0.96325039,0.94594812,0.99320026
cd/490231,seed5,105,10,0.60215054,0.73709677,0.45313435,8,66-,66-,1,3,0.5,0.94764706,0.99139234,0.98018344,0.97127737,0.95287755,0.99451402
cd/490231,seed5,110,10,0.68307692,0.81282051,0.32909408,8,66-,66-,1,3,0.5,0.94764706,0.99556752,0.99155424,0.98759466,0.95054707,0.9963151
cd/490231,seed5,115,10,0.67353244,0.81719876,0.30024995,8,66-,66-,1,3,0.5,0.94764706,0.99520599,0.99196266,0.98981144,0.94121591,0.99367849
cd/490232,seed1,100,10,0.98976109,0.99317406,0.04148424,3,88-,88-,1,1,0.5,0.92647059,0.99935121,0.99781553,0.99664179,0.93163344,0.99957258
cd/490232,seed1,105,10,0.99458623,0.99690642,0.02066648,3,88-,88-,1,1,0.5,0.92647059,0.99937457,0.9978942,0.99704368,0.93176399,0.99955342
cd/490232,seed1,110,10,0.99791522,0.99861015,0.01046365,3,88-,88-,1,1,0.5,0.92647059,0.99939019,0.99792916,0.99722276,0.92708939,0.99939954
cd/490232,seed1,115,10,0.99811912,0.99874608,0.0095578,3,88-,88-,1,1,0.5,0.92647059,0.99939114,0.99793193,0.99723813,0.91539599,0.99912268
cd/490232,seed2,100,10,0.98976109,0.99317406,0.04148424,3,88-,88-,1,1,0.5,0.92647059,0.99935121,0.99781553,0.99664179,0.93163344,0.99934723
cd/490232,seed2,105,10,0.99503194,0.99716111,0.01918739,3,88-,88-,1,1,0.5,0.92647059,0.99937668,0.99789946,0.99707034,0.93176399,0.99932037
cd/490232,seed2,110,10,0.99813317,0.99875544,0.00949492,3,88-,88-,1,1,0.5,0.92647059,0.9993912,0.99793212,0.99723919,0.92708939,0.99908462
cd/490232,seed2,115,10,0.99829836,0.99886557,0.00875049,3,88-,88-,1,1,0.5,0.92647059,0.99939197,0.99793435,0.99725175,0.91539599,0.99866234
cd/490232,seed3,100,10,0.98976109,0.99317406,0.04148424,3,88-,88-,1,1,0.5,0.92647059,0.99935121,0.99781553,0.99664179,0.93163344,0.99976304
cd/490232,seed3,105,10,0.9882904,0.99375488,0.03666308,3,88-,88-,1,1,0.5,0.92647059,0.99934392,0.99782796,0.99673946,0.93176399,0.99973983
cd/490232,seed3,110,10,0.99799062,0.99866042,0.01013014,3,88-,88-,1,1,0.5,0.92647059,0.99939054,0.99793018,0.99722843,0.92708939,0.99966728
cd/490232,seed3,115,10,0.99527984,0.99730276,0.01835581,3,88-,88-,1,1,0.5,0.92647059,0.99937786,0.99790238,0.99708522,0.91539599,0.99950252
cd/490232,seed4,100,10,0.98976109,0.99317406,0.04148424,3,88-,88-,1,1,0.5,0.92647059,0.99935121,0.99781553,0.99664179,0.93163344,0.99961534
cd/490232,seed4,105,10,0.99757478,0.99838319,0.01194957,3,88-,88-,1,1,0.5,0.92647059,0.99938861,0.99792454,0.99719737,0.93176399,0.99960744
cd/490232,seed4,110,10,0.99417476,0.9961165,0.0256006,3,88-,88-,1,1,0.5,0.92647059,0.99937261,0.99787779,0.99695299,0.92708939,0.99944345
cd/490232,seed4,115,10,0.99821109,0.99880739,0.00914491,3,88-,88-,1,1,0.5,0.92647059,0.99939156,0.99793317,0.99724511,0.91539599,0.99921099
cd/490232,seed5,100,10,0.98976109,0.99317406,0.04148424,3,88-,88-,1,1,0.5,0.92647059,0.99935121,0.99781553,0.99664179,0.93163344,0.99970932
cd/490232,seed5,105,10,0.99465241,0.99694423,0.02044813,3,88-,88-,1,1,0.5,0.92647059,0.99937488,0.99789498,0.99704763,0.93176399,0.99969645
cd/490232,seed5,110,10,0.99544567,0.99739753,0.01779574,3,88-,88-,1,1,0.5,0.92647059,0.99937864,0.99790434,0.9970952,0.92708939,0.9995836
cd/490232,seed5,115,10,0.99465241,0.99643494,0.02377959,3,88-,88-,1,1,0.5,0.92647059,0.99937488,0.99788442,0.99698678,0.91539599,0.99938676
cd/490233,seed1,100,10,0.71794872,0.8041958,0.44162869,5,92-,92-,1,2,0.5,0.92294118,0.99540115,0.98510373,0.95706581,0.92007543,0.99648916
cd/490233,seed1,105,10,0.7654321,0.8436214,0.38697511,5,92-,92-,1,2,0.5,0.92294118,0.9968116,0.98982726,0.96878786,0.93168998,0.99788088
cd/490233,seed1,110,10,0.77783641,0.86385224,0.33690179,5,92-,92-,1,2,0.5,0.92294118,0.99710278,0.99164069,0.97676375,0.92467754,0.99729947
cd/490233,seed1,115,10,0.886421,0.93538617,0.18154679,5,92-,92-,1,2,0.5,0.92294118,0.99874825,0.99583421,0.99080185,0.91532192,0.99842972
cd/490233,seed2,100,10,0.71794872,0.8041958,0.44162869,5,92-,92-,1,2,0.5,0.92294118,0.99540115,0.98510373,0.95706581,0.92007543,0.9931878
cd/490233,seed2,105,10,0.73221515,0.83689994,0.38012013,5,92-,92-,1,2,0.5,0.92294118,0.99588017,0.98914248,0.97001921,0.93168998,0.99463603
cd/490233,seed2,110,10,0.76890534,0.87414067,0.28368388,5,92-,92-,1,2,0.5,0.92294118,0.99689595,0.992436,0.98305797,0.92467754,0.9943698
cd/490233,seed2,115,10,0.70944922,0.8494189,0.29435714,5,92-,92-,1,2,0.5,0.92294118,0.99508981,0.99038345,0.98194695,0.91532192,0.98754045
cd/490233,seed3,100,10,0.71794872,0.8041958,0.44162869,5,92-,92-,1,2,0.5,0.92294118,0.99540115,0.98510373,0.95706581,0.92007543,0.99761683
cd/490233,seed3,105,10,0.77437969,0.85920369,0.34580163,5,92-,92-,1,2,0.5,0.92294118,0.99702441,0.99125466,0.97550832,0.93168998,0.99866138
cd/490233,seed3,110,10,0.75469673,0.85936661,0.32527782,5,92-,92-,1,2,0.5,0.92294118,0.99653617,0.99126849,0.97830919,0.92467754,0.99779541
cd/490233,seed3,115,10,0.79046169,0.87924911,0.29145653,5,92-,92-,1,2,0.5,0.92294118,0.99737192,0.99280252,0.98225578,0.91532192,0.99770717
cd/490233,seed4,100,10,0.71794872,0.8041958,0.44162869,5,92-,92-,1,2,0.5,0.92294118,0.99540115,0.98510373,0.95706581,0.92007543,0.99679709
cd/490233,seed4,105,10,0.7091222,0.81870338,0.41487044,5,92-,92-,1,2,0.5,0.92294118,0.99507742,0.98705149,0.96325364,0.93168998,0.99697006
cd/490233,seed4,110,10,0.81141046,0.88800845,0.28506531,5,92-,92-,1,2,0.5,0.92294118,0.99776459,0.9933904,0.98291805,0.92467754,0.99811576
cd/490233,seed4,115,10,0.84205282,0.9023418,0.25686724,5,92-,92-,1,2,0.5,0.92294118,0.99823596,0.9942512,0.98556128,0.91532192,0.99795849
cd/490233,seed5,100,10,0.71794872,0.8041958,0.44162869,5,92-,92-,1,2,0.5,0.92294118,0.99540115,0.98510373,0.95706581,0.92007543,0.99765256
cd/490233,seed5,105,10,0.72896111,0.82240279,0.41866253,5,92-,92-,1,2,0.5,0.92294118,0.99577548,0.98750654,0.96243193,0.93168998,0.99810476
cd/490233,seed5,110,10,0.8,0.8739726,0.3238599,5,92-,92-,1,2,0.5,0.92294118,0.99755858,0.99242363,0.97849069,0.92467754,0.99848774
cd/490233,seed5,115,10,0.77284874,0.87172635,0.29825159,5,92-,92-,1,2,0.5,0.92294118,0.99698903,0.99225639,0.98152401,0.91532192,0.99740065
cd/490234,seed1,100,10,0.57634409,0.72903226,0.53900818,5,83-,83-,1,1,0.5,0.92647059,0.98517302,0.97133595,0.93321165,0.93163344,0.98901817
cd/490234,seed1,105,10,0.48891293,0.70795024,0.50951888,5,83-,83-,1,1,0.5,0.92647059,0.97157342,0.96495406,0.94365313,0.93176399,0.97656519
cd/490234,seed1,110,10,0.65597517,0.81169167,0.36636895,5,83-,83-,1,1,0.5,0.92647059,0.9918523,0.98709341,0.97581367,0.92708939,0.99119384
cd/490234,seed1,115,10,0.7943972,0.88394197,0.27079778,5,83-,83-,1,1,0.5,0.92647059,0.99714072,0.99362211,0.9864068,0.91539599,0.99564848
cd/490234,seed2,100,10,0.57634409,0.72903226,0.53900818,5,83-,83-,1,1,0.5,0.92647059,0.98517302,0.97133595,0.93321165,0.93163344,0.98332117
cd/490234,seed2,105,10,0.49972663,0.72772007,0.45163325,5,83-,83-,1,1,0.5,0.92647059,0.9737583,0.97097397,0.9598354,0.93176399,0.96743256
cd/490234,seed2,110,10,0.51578384,0.7517389,0.38291262,5,83-,83-,1,1,0.5,0.92647059,0.97670403,0.97694696,0.97329587,0.92708939,0.9606599
cd/490234,seed2,115,10,0.71086181,0.85415604,0.26760868,5,83-,83-,1,1,0.5,0.92647059,0.99461729,0.99146662,0.98666696,0.91539599,0.98727165
cd/490234,seed3,100,10,0.57634409,0.72903226,0.53900818,5,83-,83-,1,1,0.5,0.92647059,0.98517302,0.97133595,0.93321165,0.93163344,0.99388295
cd/490234,seed3,105,10,0.55667908,0.74667376,0.46908025,5,83-,83-,1,1,0.5,0.92647059,0.98282283,0.97579646,0.95549437,0.93176399,0.9922612
cd/490234,seed3,110,10,0.54763144,0.74700677,0.46370446,5,83-,83-,1,1,0.5,0.92647059,0.98162204,0.97587379,0.95687757,0.92708939,0.98856992
cd/490234,seed3,115,10,0.56965303,0.75970999,0.4430672,5,83-,83-,1,1,0.5,0.92647059,0.98441125,0.97865018,0.96181539,0.91539599,0.98597008
cd/490234,seed4,100,10,0.57634409,0.72903226,0.53900818,5,83-,83-,1,1,0.5,0.92647059,0.98517302,0.97133595,0.93321165,0.93163344,0.9901064
cd/490234,seed4,105,10,0.4863124,0.70155663,0.52219303,5,83-,83-,1,1,0.5,0.92647059,0.97102219,0.96276137,0.93936803,0.93176399,0.97843296
cd/490234,seed4,110,10,0.68109222,0.81968058,0.37574999,5,83-,83-,1,1,0.5,0.92647059,0.99325921,0.98805822,0.97441583,0.92708939,0.99348286
cd/490234,seed4,115,10,0.81916538,0.88974755,0.2787445,5,83-,83-,1,1,0.5,0.92647059,0.99763036,0.99397438,0.98573656,0.91539599,0.99677452
cd/490234,seed5,100,10,0.57634409,0.72903226,0.53900818,5,83-,83-,1,1,0.5,0.92647059,0.98517302,0.97133595,0.93321165,0.93163344,0.99250626
cd/490234,seed5,105,10,0.55718157,0.74092141,0.49040413,5,83-,83-,1,1,0.5,0.92647059,0.98288721,0.97442191,0.9495803,0.93176399,0.9905601
cd/490234,seed5,110,10,0.61825948,0.78857448,0.4083773,5,83-,83-,1,1,0.5,0.92647059,0.98917561,0.98384721,0.9689153,0.92708939,0.99193429
cd/490234,seed5,115,10,0.67040245,0.82577687,0.33611714,5,83-,83-,1,1,0.5,0.92647059,0.99269261,0.98874621,0.97983224,0.91539599,0.99216859
cd/490235,seed1,100,10,0.65342163,0.73951435,0.49235222,7,90-,90-,1,1,0.5,0.92647059,0.99169389,0.97407428,0.94900433,0.93163344,0.99398626
cd/490235,seed1,105,10,0.68766684,0.76721837,0.46171596,7,90-,90-,1,1,0.5,0.92647059,0.99358579,0.98014161,0.95737874,0.93176399,0.99501128
cd/490235,seed1,110,10,0.72755259,0.80913289,0.38419399,7,90-,90-,1,1,0.5,0.92647059,0.99525578,0.98676842,0.97309055,0.92708939,0.99497022
cd/490235,seed1,115,10,0.76109726,0.83640898,0.33514785,7,90-,90-,1,1,0.5,0.92647059,0.9963199,0.98985355,0.97994956,0.91539599,0.99435058
cd/490235,seed2,100,10,0.65342163,0.73951435,0.49235222,7,90-,90-,1,1,0.5,0.92647059,0.99169389,0.97407428,0.94900433,0.93163344,0.99084267
cd/490235,seed2,105,10,0.68902109,0.77717685,0.43851054,7,90-,90-,1,1,0.5,0.92647059,0.99365108,0.98196317,0.9628301,0.93176399,0.99247946
cd/490235,seed2,110,10,0.62718139,0.74828133,0.42612229,7,90-,90-,1,1,0.5,0.92647059,0.98987837,0.97616755,0.9654594,0.92708939,0.98325799
cd/490235,seed2,115,10,0.60072501,0.73174521,0.42292473,7,90-,90-,1,1,0.5,0.92647059,0.98765092,0.97207049,0.96610839,0.91539599,0.97021379
cd/490235,seed3,100,10,0.65342163,0.73951435,0.49235222,7,90-,90-,1,1,0.5,0.92647059,0.99169389,0.97407428,0.94900433,0.93163344,0.99665769
cd/490235,seed3,105,10,0.71866595,0.79343733,0.41545757,7,90-,90-,1,1,0.5,0.92647059,0.99492582,0.98459085,0.96757845,0.93176399,0.99782782
cd/490235,seed3,110,10,0.69913749,0.80010147,0.38729633,7,90-,90-,1,1,0.5,0.92647059,0.99411836,0.98555549,0.97258706,0.92708939,0.99650721
cd/490235,seed3,115,10,0.72478459,0.81855043,0.3630267,7,90-,90-,1,1,0.5,0.92647059,0.99515536,0.98792619,0.97629348,0.91539599,0.99582534
cd/490235,seed4,100,10,0.65342163,0.73951435,0.49235222,7,90-,90-,1,1,0.5,0.92647059,0.99169389,0.97407428,0.94900433,0.93163344,0.99458488
cd/490235,seed4,105,10,0.66231648,0.76291463,0.45796467,7,90-,90-,1,1,0.5,0.92647059,0.99223285,0.97929969,0.95830908,0.93176399,0.99452091
cd/490235,seed4,110,10,0.78195489,0.85162907,0.32038053,7,90-,90-,1,1,0.5,0.92647059,0.9968579,0.99125349,0.98165627,0.92708939,0.99704519
cd/490235,seed4,115,10,0.813576,0.88489916,0.2475363,7,90-,90-,1,1,0.5,0.92647059,0.99752774,0.99368157,0.98819522,0.91539599,0.99662981
cd/490235,seed5,100,10,0.65342163,0.73951435,0.49235222,7,90-,90-,1,1,0.5,0.92647059,0.99169389,0.97407428,0.94900433,0.93163344,0.99590291
cd/490235,seed5,105,10,0.68213708,0.77441986,0.44192569,7,90-,90-,1,1,0.5,0.92647059,0.99331219,0.98147596,0.96207206,0.93176399,0.99645161
cd/490235,seed5,110,10,0.74544508,0.8209266,0.36669847,7,90-,90-,1,1,0.5,0.92647059,0.99585673,0.98820214,0.97576586,0.92708939,0.99702338
cd/490235,seed5,115,10,0.77422628,0.84576357,0.31599153,7,90-,90-,1,1,0.5,0.92647059,0.99666836,0.99073822,0.98213546,0.91539599,0.99652839
cd/490236,seed1,100,10,0.46153846,0.66025641,0.51755368,8,97-,97-,1,0,0.5,0.92261905,0.96341528,0.9372197,0.93092734,0.91914226,0.96630774
cd/490236,seed1,105,10,0.47351351,0.68918919,0.45630495,8,97-,97-,1,0,0.5,0.92261905,0.96636232,0.951931,0.94837556,0.93324111,0.97430558
cd/490236,seed1,110,10,0.48370137,0.69873817,0.43738346,8,97-,97-,1,0,0.5,0.92261905,0.96868797,0.95602309,0.95286426,0.92614664,0.9664573
cd/490236,seed1,115,10,0.57673019,0.7447342,0.39905081,8,97-,97-,1,0,0.5,0.92261905,0.98382689,0.97148369,0.96084511,0.91194637,0.9726087
cd/490236,seed2,100,10,0.46153846,0.66025641,0.51755368,8,97-,97-,1,0,0.5,0.92261905,0.96341528,0.9372197,0.93092734,0.91914226,0.94752333
cd/490236,seed2,105,10,0.45424107,0.68024554,0.46301033,8,97-,97-,1,0,0.5,0.92261905,0.96149919,0.94777248,0.94668994,0.93324111,0.95381353
cd/490236,seed2,110,10,0.50593312,0.70280475,0.44061645,8,97-,97-,1,0,0.5,0.92261905,0.9732349,0.957663,0.95212449,0.92614664,0.95543766
cd/490236,seed2,115,10,0.60290828,0.72427293,0.43863441,8,97-,97-,1,0,0.5,0.92261905,0.98659153,0.96539398,0.95257931,0.91194637,0.96456228
cd/490236,seed3,100,10,0.46153846,0.66025641,0.51755368,8,97-,97-,1,0,0.5,0.92261905,0.96341528,0.9372197,0.93092734,0.91914226,0.98008417
cd/490236,seed3,105,10,0.46995708,0.68508584,0.46290702,8,97-,97-,1,0,0.5,0.92261905,0.96551185,0.9500636,0.9467163,0.93324111,0.98445905
cd/490236,seed3,110,10,0.44444444,0.67746914,0.44928182,8,97-,97-,1,0,0.5,0.92261905,0.95877492,0.94641381,0.95008696,0.92614664,0.97354491
cd/490236,seed3,115,10,0.53434343,0.71767677,0.41820353,8,97-,97-,1,0,0.5,0.92261905,0.97811917,0.96317597,0.95703414,0.91194637,0.97792304
cd/490236,seed4,100,10,0.46153846,0.66025641,0.51755368,8,97-,97-,1,0,0.5,0.92261905,0.96341528,0.9372197,0.93092734,0.91914226,0.97476249
cd/490236,seed4,105,10,0.45882353,0.68074866,0.46375496,8,97-,97-,1,0,0.5,0.92261905,0.96271337,0.94801518,0.94649957,0.93324111,0.97859773
cd/490236,seed4,110,10,0.58494405,0.76144456,0.36583839,8,97-,97-,1,0,0.5,0.92261905,0.98474988,0.97567332,0.96669715,0.92614664,0.98810724
cd/490236,seed4,115,10,0.65243297,0.79294935,0.33867114,8,97-,97-,1,0,0.5,0.92261905,0.99060677,0.98200059,0.97084743,0.91194637,0.98830382
cd/490236,seed5,100,10,0.46153846,0.66025641,0.51755368,8,97-,97-,1,0,0.5,0.92261905,0.96341528,0.9372197,0.93092734,0.91914226,0.97695496
cd/490236,seed5,105,10,0.39101862,0.64457831,0.48906082,8,97-,97-,1,0,0.5,0.92261905,0.94038016,0.92758376,0.93963658,0.93324111,0.96788606
cd/490236,seed5,110,10,0.47689076,0.69590336,0.43238234,8,97-,97-,1,0,0.5,0.92261905,0.96715117,0.95484425,0.95398723,0.92614664,0.97588179
cd/490236,seed5,115,10,0.53720693,0.72528033,0.40731391,8,97-,97-,1,0,0.5,0.92261905,0.9785602,0.96572118,0.95924241,0.91194637,0.97499357
cd/490237,seed1,100,10,0.94303797,0.97151899,0.18671606,2,96-,96-,1,0,0.5,0.92261905,0.99885423,0.99680604,0.9862661,0.91914226,0.99906808
cd/490237,seed1,105,10,0.96086957,0.98043478,0.13899236,2,96-,96-,1,0,0.5,0.92261905,0.99899336,0.99707162,0.9891791,0.93324111,0.99932533
cd/490237,seed1,110,10,0.98876404,0.99438202,0.05008072,2,96-,96-,1,0,0.5,0.92261905,0.99917794,0.99744359,0.99307054,0.92614664,0.99922288
cd/490237,seed1,115,10,0.99882214,0.99941107,0.00716837,2,96-,96-,1,0,0.5,0.92261905,0.99923585,0.99756582,0.99441476,0.91194637,0.99882357
cd/490237,seed2,100,10,0.94303797,0.97151899,0.18671606,2,96-,96-,1,0,0.5,0.92261905,0.99885423,0.99680604,0.9862661,0.91914226,0.99852054
cd/490237,seed2,105,10,0.97560976,0.98780488,0.09501725,2,96-,96-,1,0,0.5,0.92261905,0.99909554,0.99727445,0.99131795,0.93324111,0.99904107
cd/490237,seed2,110,10,0.98320413,0.99160207,0.06997469,2,96-,96-,1,0,0.5,0.92261905,0.99914407,0.99737341,0.99234276,0.92614664,0.99871357
cd/490237,seed2,115,10,0.99612403,0.99806202,0.02025683,2,96-,96-,1,0,0.5,0.92261905,0.99922073,0.99753362,0.99403485,0.91194637,0.99809445
cd/490237,seed3,100,10,0.94303797,0.97151899,0.18671606,2,96-,96-,1,0,0.5,0.92261905,0.99885423,0.99680604,0.9862661,0.91914226,0.99945666
cd/490237,seed3,105,10,0.9717362,0.9858681,0.10708239,2,96-,96-,1,0,0.5,0.92261905,0.99906974,0.99722254,0.99077677,0.93324111,0.99963754
cd/490237,seed3,110,10,0.99144254,0.99572127,0.03982729,2,96-,96-,1,0,0.5,0.92261905,0.99919378,0.99747673,0.99341838,0.92614664,0.99955598
cd/490237,seed3,115,10,0.99881376,0.99940688,0.00721332,2,96-,96-,1,0,0.5,0.92261905,0.9992358,0.99756572,0.99441349,0.91194637,0.999314
cd/490237,seed4,100,10,0.94303797,0.97151899,0.18671606,2,96-,96-,1,0,0.5,0.92261905,0.99885423,0.99680604,0.9862661,0.91914226,0.99930782
cd/490237,seed4,105,10,0.95851216,0.97925608,0.14559731,2,96-,96-,1,0,0.5,0.92261905,0.99897598,0.99703781,0.98881568,0.93324111,0.99948997
cd/490237,seed4,110,10,0.98911729,0.99455865,0.0487577,2,96-,96-,1,0,0.5,0.92261905,0.99918005,0.99744799,0.99311643,0.92614664,0.99942436
cd/490237,seed4,115,10,0.99662921,0.99831461,0.01795648,2,96-,96-,1,0,0.5,0.92261905,0.99922358,0.99753968,0.99410343,0.91194637,0.99911165
cd/490237,seed5,100,10,0.94303797,0.97151899,0.18671606,2,96-,96-,1,0,0.5,0.92261905,0.99885423,0.99680604,0.9862661,0.91914226,0.99936934
cd/490237,seed5,105,10,0.96483826,0.98241913,0.1276334,2,96-,96-,1,0,0.5,0.92261905,0.99902196,0.99712766,0.98977699,0.93324111,0.99955688
cd/490237,seed5,110,10,0.99120603,0.99560302,0.04075472,2,96-,96-,1,0,0.5,0.92261905,0.99919239,0.99747382,0.99338765,0.92614664,0.99948369
cd/490237,seed5,115,10,0.99657925,0.99828962,0.01818631,2,96-,96-,1,0,0.5,0.92261905,0.9992233,0.99753908,0.99409662,0.91194637,0.99919028
cd/490239,seed1,100,10,0.85889571,0.92638037,0.25852569,3,27-,27-,1,1,0.5,0.92647059,0.9982471,0.99579152,0.9873813,0.93163344,0.99880256
cd/490239,seed1,105,10,0.89055472,0.94002999,0.2318331,3,27-,27-,1,1,0.5,0.92647059,0.99862159,0.99631889,0.98926898,0.93176399,0.99898707
cd/490239,seed1,110,10,0.96763203,0.97955707,0.103442,3,27-,27-,1,1,0.5,0.92647059,0.99923242,0.99750284,0.99509424,0.92708939,0.99923788
cd/490239,seed1,115,10,0.96682464,0.98104265,0.09522327,3,27-,27-,1,1,0.5,0.92647059,0.9992277,0.99753902,0.99533462,0.91539599,0.99887767
cd/490239,seed2,100,10,0.85889571,0.92638037,0.25852569,3,27-,27-,1,1,0.5,0.92647059,0.9982471,0.99579152,0.9873813,0.93163344,0.99817199
cd/490239,seed2,105,10,0.93553223,0.96101949,0.17279456,3,27-,27-,1,1,0.5,0.92647059,0.99902044,0.99700422,0.9925084,0.93176399,0.99891441
cd/490239,seed2,110,10,0.9580574,0.97792494,0.10302522,3,27-,27-,1,1,0.5,0.92647059,0.9991745,0.99746248,0.99510673,0.92708939,0.99874523
cd/490239,seed2,115,10,0.96986301,0.98356164,0.08305024,3,27-,27-,1,1,0.5,0.92647059,0.99924532,0.99759917,0.99566927,0.91539599,0.99832704
cd/490239,seed3,100,10,0.85889571,0.92638037,0.25852569,3,27-,27-,1,1,0.5,0.92647059,0.9982471,0.99579152,0.9873813,0.93163344,0.99933592
cd/490239,seed3,105,10,0.89451477,0.94374121,0.21640347,3,27-,27-,1,1,0.5,0.92647059,0.99866243,0.99645053,0.99022979,0.93176399,0.99945553
cd/490239,seed3,110,10,0.97986577,0.98657718,0.0732737,3,27-,27-,1,1,0.5,0.92647059,0.99930055,0.99766925,0.99592064,0.92708939,0.99961623
cd/490239,seed3,115,10,0.96886675,0.98256538,0.08823712,3,27-,27-,1,1,0.5,0.92647059,0.99923959,0.99757556,0.9955297,0.91539599,0.99938752
cd/490239,seed4,100,10,0.85889571,0.92638037,0.25852569,3,27-,27-,1,1,0.5,0.92647059,0.9982471,0.99579152,0.9873813,0.93163344,0.99892228
cd/490239,seed4,105,10,0.93314367,0.96301565,0.16051581,3,27-,27-,1,1,0.5,0.92647059,0.99900251,0.99706236,0.99304884,0.93176399,0.99934803
cd/490239,seed4,110,10,0.95970696,0.97557998,0.1188643,3,27-,27-,1,1,0.5,0.92647059,0.99918478,0.99740336,0.99460944,0.92708939,0.99926995
cd/490239,seed4,115,10,0.99212598,0.99550056,0.02852104,3,27-,27-,1,1,0.5,0.92647059,0.99936277,0.9978649,0.99689801,0.91539599,0.99917228
cd/490239,seed5,100,10,0.85889571,0.92638037,0.25852569,3,27-,27-,1,1,0.5,0.92647059,0.9982471,0.99579152,0.9873813,0.93163344,0.99918546
cd/490239,seed5,105,10,0.86956522,0.93043478,0.25370456,3,27-,27-,1,1,0.5,0.92647059,0.99838347,0.99595558,0.98774498,0.93176399,0.99918722
cd/490239,seed5,110,10,0.92748735,0.95952782,0.1730848,3,27-,27-,1,1,0.5,0.92647059,0.99895872,0.99696002,0.99249513,0.92708939,0.99928897
cd/490239,seed5,115,10,0.97520661,0.98347107,0.08707424,3,27-,27-,1,1,0.5,0.92647059,0.99927535,0.99759703,0.99556137,0.91539599,0.99928532
cd/490240,seed1,100,10,0.72483221,0.83892617,0.35828593,5,85-,85-,1,1,0.5,0.92647059,0.99515711,0.99009951,0.97695815,0.93163344,0.9965648
cd/490240,seed1,105,10,0.84781406,0.91256226,0.22507932,5,85-,85-,1,1,0.5,0.92647059,0.9980933,0.99518102,0.98970053,0.93176399,0.99858215
cd/490240,seed1,110,10,0.90101659,0.941145,0.16997333,5,85-,85-,1,1,0.5,0.92647059,0.99872686,0.99635894,0.99263615,0.92708939,0.99871262
cd/490240,seed1,115,10,0.95549872,0.9713555,0.0982444,5,85-,85-,1,1,0.5,0.92647059,0.9991583,0.99729335,0.99524765,0.91539599,0.99877306
cd/490240,seed2,100,10,0.72483221,0.83892617,0.35828593,5,85-,85-,1,1,0.5,0.92647059,0.99515711,0.99009951,0.97695815,0.93163344,0.994762
cd/490240,seed2,105,10,0.8398459,0.90203632,0.26005505,5,85-,85-,1,1,0.5,0.92647059,0.99797445,0.99465751,0.98726373,0.93176399,0.99769587
cd/490240,seed2,110,10,0.96743193,0.9818473,0.06445905,5,85-,85-,1,1,0.5,0.92647059,0.99923125,0.99755839,0.9961348,0.92708939,0.99883445
cd/490240,seed2,115,10,0.98687664,0.99160105,0.0355339,5,85-,85-,1,1,0.5,0.92647059,0.99933684,0.99778151,0.99676192,0.91539599,0.99853659
cd/490240,seed3,100,10,0.72483221,0.83892617,0.35828593,5,85-,85-,1,1,0.5,0.92647059,0.99515711,0.99009951,0.97695815,0.93163344,0.99809299
cd/490240,seed3,105,10,0.81383855,0.88907194,0.28272014,5,85-,85-,1,1,0.5,0.92647059,0.99753266,0.9939344,0.98538912,0.93176399,0.99897251
cd/490240,seed3,110,10,0.88877062,0.93507185,0.18419553,5,85-,85-,1,1,0.5,0.92647059,0.9986028,0.99613541,0.99196934,0.92708939,0.99921376
cd/490240,seed3,115,10,0.95332984,0.97273204,0.09208569,5,85-,85-,1,1,0.5,0.92647059,0.99914432,0.9973297,0.99542326,0.91539599,0.99930783
cd/490240,seed4,100,10,0.72483221,0.83892617,0.35828593,5,85-,85-,1,1,0.5,0.92647059,0.99515711,0.99009951,0.97695815,0.93163344,0.99690754
cd/490240,seed4,105,10,0.7654456,0.86768726,0.30637086,5,85-,85-,1,1,0.5,0.92647059,0.99643915,0.99252323,0.98314324,0.93176399,0.99756108
cd/490240,seed4,110,10,0.9010989,0.94557823,0.15259142,5,85-,85-,1,1,0.5,0.92647059,0.99872766,0.99651394,0.99337688,0.92708939,0.99884207
cd/490240,seed4,115,10,0.97863885,0.98708395,0.04995289,5,85-,85-,1,1,0.5,0.92647059,0.999294,0.99768083,0.99646312,0.91539599,0.99907957
cd/490240,seed5,100,10,0.72483221,0.83892617,0.35828593,5,85-,85-,1,1,0.5,0.92647059,0.99515711,0.99009951,0.97695815,0.93163344,0.99766157
cd/490240,seed5,105,10,0.76854434,0.86726157,0.3098999,5,85-,85-,1,1,0.5,0.92647059,0.99652178,0.99249206,0.98278023,0.93176399,0.99820044
cd/490240,seed5,110,10,0.85945073,0.91707054,0.22432437,5,85-,85-,1,1,0.5,0.92647059,0.99825447,0.99538932,0.98974769,0.92708939,0.99878538
cd/490240,seed5,115,10,0.92469721,0.95155345,0.15547007,5,85-,85-,1,1,0.5,0.92647059,0.99893642,0.99671249,0.99325953,0.91539599,0.99893642
cd/490241,seed1,100,10,0.69728601,0.7954071,0.44457261,5,98-,98-,1,0,0.5,0.92261905,0.99320219,0.98242,0.95120425,0.91914226,0.99411328
cd/490241,seed1,105,10,0.68713605,0.80412917,0.4268463,5,98-,98-,1,0,0.5,0.92261905,0.99268554,0.98383235,0.95520061,0.93324111,0.99473816
cd/490241,seed1,110,10,0.74680307,0.84859335,0.34814944,5,98-,98-,1,0,0.5,0.92261905,0.99524711,0.98946762,0.96945979,0.92614664,0.99522452
cd/490241,seed1,115,10,0.8185907,0.89705147,0.24978124,5,98-,98-,1,0,0.5,0.92261905,0.99717385,0.99341262,0.98120407,0.91194637,0.99545272
cd/490241,seed2,100,10,0.69728601,0.7954071,0.44457261,5,98-,98-,1,0,0.5,0.92261905,0.99320219,0.98242,0.95120425,0.91914226,0.99068178
cd/490241,seed2,105,10,0.74714519,0.83904296,0.38310131,5,98-,98-,1,0,0.5,0.92261905,0.99525885,0.98844982,0.96376927,0.93324111,0.99467798
cd/490241,seed2,110,10,0.74113287,0.86236104,0.29085765,5,98-,98-,1,0,0.5,0.92261905,0.99504812,0.99078055,0.97696459,0.92614664,0.99210892
cd/490241,seed2,115,10,0.70797359,0.85170137,0.27614172,5,98-,98-,1,0,0.5,0.92261905,0.99370706,0.98977931,0.97858122,0.91194637,0.98360166
cd/490241,seed3,100,10,0.69728601,0.7954071,0.44457261,5,98-,98-,1,0,0.5,0.92261905,0.99320219,0.98242,0.95120425,0.91914226,0.99656077
cd/490241,seed3,105,10,0.73506081,0.83183501,0.39137591,5,98-,98-,1,0,0.5,0.92261905,0.99482584,0.98761783,0.96227945,0.93324111,0.9978547
cd/490241,seed3,110,10,0.76534296,0.86797318,0.30134531,5,98-,98-,1,0,0.5,0.92261905,0.9958438,0.991268,0.97574035,0.92614664,0.99757334
cd/490241,seed3,115,10,0.79501247,0.8882793,0.25795309,5,98-,98-,1,0,0.5,0.92261905,0.99664732,0.99282759,0.98042658,0.91194637,0.99683129
cd/490241,seed4,100,10,0.69728601,0.7954071,0.44457261,5,98-,98-,1,0,0.5,0.92261905,0.99320219,0.98242,0.95120425,0.91914226,0.99562211
cd/490241,seed4,105,10,0.68002109,0.79546653,0.44750918,5,98-,98-,1,0,0.5,0.92261905,0.99230032,0.98243002,0.95051034,0.93324111,0.99587329
cd/490241,seed4,110,10,0.80100756,0.88513854,0.27834179,5,98-,98-,1,0,0.5,0.92261905,0.99678981,0.99260582,0.97834678,0.92614664,0.99763537
cd/490241,seed4,115,10,0.88670917,0.93624326,0.17561335,5,98-,98-,1,0,0.5,0.92261905,0.99827554,0.9954982,0.98700621,0.91194637,0.99797185
cd/490241,seed5,100,10,0.69728601,0.7954071,0.44457261,5,98-,98-,1,0,0.5,0.92261905,0.99320219,0.98242,0.95120425,0.91914226,0.99600985
cd/490241,seed5,105,10,0.6972771,0.81313401,0.4170193,5,98-,98-,1,0,0.5,0.92261905,0.99320175,0.98517334,0.95727972,0.93324111,0.99669511
cd/490241,seed5,110,10,0.73996873,0.85200625,0.3312504,5,98-,98-,1,0,0.5,0.92261905,0.99500626,0.98980939,0.97189097,0.92614664,0.99659416
cd/490241,seed5,115,10,0.74553799,0.85721571,0.31823864,5,98-,98-,1,0,0.5,0.92261905,0.99520341,0.99031001,0.97363381,0.91194637,0.99467525
cd/490243,seed1,100,10,0.61431871,0.75057737,0.52104908,5,72-,72-,1,2,0.5,0.92294118,0.98979725,0.97506986,0.93233712,0.92007543,0.99199141
cd/490243,seed1,105,10,0.63234471,0.75825406,0.49624665,5,72-,72-,1,2,0.5,0.92294118,0.99111472,0.9768339,0.9412205,0.93168998,0.99387814
cd/490243,seed1,110,10,0.6175697,0.76223041,0.47010886,5,72-,72-,1,2,0.5,0.92294118,0.99004838,0.97769912,0.94939143,0.92467754,0.99033228
cd/490243,seed1,115,10,0.51225613,0.71985993,0.48301868,5,72-,72-,1,2,0.5,0.92294118,0.9777842,0.96661028,0.94549962,0.91532192,0.96956021
cd/490243,seed2,100,10,0.61431871,0.75057737,0.52104908,5,72-,72-,1,2,0.5,0.92294118,0.98979725,0.97506986,0.93233712,0.92007543,0.98452635
cd/490243,seed2,105,10,0.69880885,0.79466818,0.45425029,5,72-,72-,1,2,0.5,0.92294118,0.99467033,0.98367039,0.95381237,0.93168998,0.99300386
cd/490243,seed2,110,10,0.7027027,0.82460011,0.38137821,5,72-,72-,1,2,0.5,0.92294118,0.99482782,0.98776931,0.96979681,0.92467754,0.99047487
cd/490243,seed2,115,10,0.80395216,0.88767551,0.26737792,5,72-,72-,1,2,0.5,0.92294118,0.997632,0.99336895,0.98462677,0.91532192,0.99411171
cd/490243,seed3,100,10,0.61431871,0.75057737,0.52104908,5,72-,72-,1,2,0.5,0.92294118,0.98979725,0.97506986,0.93233712,0.92007543,0.99455584
cd/490243,seed3,105,10,0.6688926,0.78297162,0.46415123,5,72-,72-,1,2,0.5,0.92294118,0.99329021,0.98172434,0.95109737,0.93168998,0.99689222
cd/490243,seed3,110,10,0.68601583,0.80158311,0.42861526,5,72-,72-,1,2,0.5,0.92294118,0.99411856,0.98472349,0.96019048,0.92467754,0.99618679
cd/490243,seed3,115,10,0.6492039,0.80380072,0.38590796,5,72-,72-,1,2,0.5,0.92294118,0.99219371,0.98504684,0.96898272,0.91532192,0.99293432
cd/490243,seed4,100,10,0.61431871,0.75057737,0.52104908,5,72-,72-,1,2,0.5,0.92294118,0.98979725,0.97506986,0.93233712,0.92007543,0.99269093
cd/490243,seed4,105,10,0.65181058,0.76601671,0.49081843,5,72-,72-,1,2,0.5,0.92294118,0.99234852,0.97849359,0.94301332,0.93168998,0.99521564
cd/490243,seed4,110,10,0.71912454,0.82073997,0.39367263,5,72-,72-,1,2,0.5,0.92294118,0.99544264,0.98730399,0.96753761,0.92467754,0.99606511
cd/490243,seed4,115,10,0.68038133,0.82639237,0.34316718,5,72-,72-,1,2,0.5,0.92294118,0.99385787,0.9879796,0.97588668,0.91532192,0.99259692
cd/490243,seed5,100,10,0.61431871,0.75057737,0.52104908,5,72-,72-,1,2,0.5,0.92294118,0.98979725,0.97506986,0.93233712,0.92007543,0.99463723
cd/490243,seed5,105,10,0.66370206,0.77987771,0.47006608,5,72-,72-,1,2,0.5,0.92294118,0.99301694,0.9811726,0.94940387,0.93168998,0.99680939
cd/490243,seed5,110,10,0.70733012,0.80310326,0.43448533,5,72-,72-,1,2,0.5,0.92294118,0.99500897,0.98494587,0.95880895,0.92467754,0.99683096
cd/490243,seed5,115,10,0.654904,0.78930981,0.43006938,5,72-,72-,1,2,0.5,0.92294118,0.99252828,0.98280555,0.95985245,0.91532192,0.99334804
cd/490245,seed1,100,10,0.59493671,0.68565401,0.5381639,8,93-,93-,1,2,0.5,0.92294118,0.98816457,0.95393282,0.92549709,0.92007543,0.99066048
cd/490245,seed1,105,10,0.57382199,0.6895288,0.51237155,8,93-,93-,1,2,0.5,0.92294118,0.98609141,0.95557229,0.93557842,0.93168998,0.99025769
cd/490245,seed1,110,10,0.61241099,0.72990844,0.45206676,8,93-,93-,1,2,0.5,0.92294118,0.98964698,0.96964517,0.95439153,0.92467754,0.98992898
cd/490245,seed1,115,10,0.70977295,0.78627838,0.39212209,8,93-,93-,1,2,0.5,0.92294118,0.99510204,0.9822965,0.96783129,0.91532192,0.99357746
cd/490245,seed2,100,10,0.59493671,0.68565401,0.5381639,8,93-,93-,1,2,0.5,0.92294118,0.98816457,0.95393282,0.92549709,0.92007543,0.98197736
cd/490245,seed2,105,10,0.63836478,0.73113208,0.45990865,8,93-,93-,1,2,0.5,0.92294118,0.99151599,0.96999598,0.95227882,0.93168998,0.98870169
cd/490245,seed2,110,10,0.57696335,0.71989529,0.44444863,8,93-,93-,1,2,0.5,0.92294118,0.98642113,0.96662146,0.95635846,0.92467754,0.97437338
cd/490245,seed2,115,10,0.4623431,0.66893305,0.44608131,8,93-,93-,1,2,0.5,0.92294118,0.96764091,0.94617589,0.95594385,0.91532192,0.91648663
cd/490245,seed3,100,10,0.59493671,0.68565401,0.5381639,8,93-,93-,1,2,0.5,0.92294118,0.98816457,0.95393282,0.92549709,0.92007543,0.99364836
cd/490245,seed3,105,10,0.65770424,0.7409514,0.4523254,8,93-,93-,1,2,0.5,0.92294118,0.99268738,0.97267221,0.95432329,0.93168998,0.99660216
cd/490245,seed3,110,10,0.69736842,0.77378543,0.40665115,8,93-,93-,1,2,0.5,0.92294118,0.99461087,0.98003798,0.96497572,0.92467754,0.99651675
cd/490245,seed3,115,10,0.71161417,0.79675197,0.37383667,8,93-,93-,1,2,0.5,0.92294118,0.99517105,0.98399504,0.97110645,0.91532192,0.9956998
cd/490245,seed4,100,10,0.59493671,0.68565401,0.5381639,8,93-,93-,1,2,0.5,0.92294118,0.98816457,0.95393282,0.92549709,0.92007543,0.99147526
cd/490245,seed4,105,10,0.58480749,0.68938606,0.51661355,8,93-,93-,1,2,0.5,0.92294118,0.98721118,0.95551289,0.93401239,0.93168998,0.99184948
cd/490245,seed4,110,10,0.67935872,0.77304609,0.40889141,8,93-,93-,1,2,0.5,0.92294118,0.99380934,0.9798958,0.96451421,0.92467754,0.99459896
cd/490245,seed4,115,10,0.76551724,0.83793103,0.31436555,8,93-,93-,1,2,0.5,0.92294118,0.9968137,0.98925042,0.9796683,0.91532192,0.99624024
cd/490245,seed5,100,10,0.59493671,0.68565401,0.5381639,8,93-,93-,1,2,0.5,0.92294118,0.98816457,0.95393282,0.92549709,0.92007543,0.99374323
cd/490245,seed5,105,10,0.61530287,0.70828905,0.49463983,8,93-,93-,1,2,0.5,0.92294118,0.98987393,0.96275237,0.94175664,0.93168998,0.99530751
cd/490245,seed5,110,10,0.65384615,0.752079,0.43366646,8,93-,93-,1,2,0.5,0.92294118,0.99246728,0.97542492,0.95900439,0.92467754,0.99514658
cd/490245,seed5,115,10,0.64717742,0.75957661,0.42064368,8,93-,93-,1,2,0.5,0.92294118,0.99207122,0.97712525,0.96199565,0.91532192,0.99292681
cd/490246,seed1,100,10,0.60455487,0.71014493,0.61621495,5,52-,52-,1,4,0.5,0.92411765,0.98784197,0.96509438,0.89353267,0.91550698,0.98902353
cd/490246,seed1,105,10,0.62283009,0.73698054,0.54884053,5,52-,52-,1,4,0.5,0.92411765,0.98938976,0.97325197,0.92360339,0.92932656,0.99323502
cd/490246,seed1,110,10,0.72717896,0.81227437,0.42743944,5,52-,52-,1,4,0.5,0.92411765,0.99513941,0.98744064,0.95891001,0.93166315,0.996235
cd/490246,seed1,115,10,0.80435859,0.88211986,0.27790867,5,52-,52-,1,4,0.5,0.92411765,0.99727731,0.99381465,0.98129557,0.91997388,0.99683773
cd/490246,seed2,100,10,0.60455487,0.71014493,0.61621495,5,52-,52-,1,4,0.5,0.92411765,0.98784197,0.96509438,0.89353267,0.91550698,0.9785735
cd/490246,seed2,105,10,0.57006875,0.69751454,0.60707099,5,52-,52-,1,4,0.5,0.92411765,0.98428993,0.96046888,0.89815421,0.92932656,0.98011941
cd/490246,seed2,110,10,0.50081125,0.6776636,0.56696307,5,52-,52-,1,4,0.5,0.92411765,0.97380495,0.95199261,0.91638134,0.93166315,0.95819477
cd/490246,seed2,115,10,0.61980503,0.74653669,0.47384695,5,52-,52-,1,4,0.5,0.92411765,0.98914773,0.97568315,0.94777822,0.91997388,0.97425507
cd/490246,seed3,100,10,0.60455487,0.71014493,0.61621495,5,52-,52-,1,4,0.5,0.92411765,0.98784197,0.96509438,0.89353267,0.91550698,0.99277848
cd/490246,seed3,105,10,0.63555322,0.74200315,0.54451873,5,52-,52-,1,4,0.5,0.92411765,0.99035057,0.97455787,0.92523914,0.92932656,0.99597415
cd/490246,seed3,110,10,0.51402346,0.70525242,0.53536566,5,52-,52-,1,4,0.5,0.92411765,0.9762287,0.96336802,0.92859762,0.93166315,0.9870946
cd/490246,seed3,115,10,0.56271864,0.74612694,0.46564007,5,52-,52-,1,4,0.5,0.92411765,0.98340994,0.97558347,0.94993548,0.91997388,0.98647868
cd/490246,seed4,100,10,0.60455487,0.71014493,0.61621495,5,52-,52-,1,4,0.5,0.92411765,0.98784197,0.96509438,0.89353267,0.91550698,0.98807524
cd/490246,seed4,105,10,0.60246121,0.71749599,0.58071069,5,52-,52-,1,4,0.5,0.92411765,0.98765099,0.96754163,0.91049456,0.92932656,0.99139197
cd/490246,seed4,110,10,0.67244014,0.78196638,0.46830725,5,52-,52-,1,4,0.5,0.92411765,0.99267542,0.98295178,0.94924381,0.93166315,0.99373939
cd/490246,seed4,115,10,0.75331045,0.84894556,0.34253843,5,52-,52-,1,4,0.5,0.92411765,0.99600484,0.9913362,0.97366023,0.91997388,0.99488813
cd/490246,seed5,100,10,0.60455487,0.71014493,0.61621495,5,52-,52-,1,4,0.5,0.92411765,0.98784197,0.96509438,0.89353267,0.91550698,0.99178882
cd/490246,seed5,105,10,0.61719167,0.72984517,0.56378683,5,52-,52-,1,4,0.5,0.92411765,0.98893425,0.97128407,0.91769046,0.92932656,0.99471851
cd/490246,seed5,110,10,0.71465832,0.80594679,0.43059723,5,52-,52-,1,4,0.5,0.92411765,0.99466097,0.98661178,0.95823064,0.93166315,0.99690098
cd/490246,seed5,115,10,0.76395289,0.84331797,0.36329741,5,52-,52-,1,4,0.5,0.92411765,0.99631164,0.99082735,0.97061715,0.91997388,0.99676665
cd/490248,seed1,100,10,0.115,0.5575,0.99043904,2,54-,54-,1,3,0.5,0.94764706,0.67391329,0.86425877,0.45314976,0.94594812,0.74643441
cd/490248,seed1,105,10,0.27358491,0.63679245,0.94531352,2,54-,54-,1,3,0.5,0.94764706,0.88439871,0.94026515,0.53084523,0.95287755,0.92783539
cd/490248,seed1,110,10,0.39470199,0.69735099,0.88450496,2,54-,54-,1,3,0.5,0.94764706,0.95410233,0.96915718,0.63257603,0.95054707,0.96422598
cd/490248,seed1,115,10,0.59264305,0.79632153,0.72922432,2,54-,54-,1,3,0.5,0.94764706,0.99069625,0.98982176,0.83412478,0.94121591,0.98911313
cd/490248,seed2,100,10,0.115,0.5575,0.99043904,2,54-,54-,1,3,0.5,0.94764706,0.67391329,0.86425877,0.45314976,0.94594812,0.54653746
cd/490248,seed2,105,10,0.30936228,0.65468114,0.92981778,2,54-,54-,1,3,0.5,0.94764706,0.91133427,0.95075488,0.55737145,0.95287755,0.87696118
cd/490248,seed2,110,10,0.57739938,0.78869969,0.74396089,2,54-,54-,1,3,0.5,0.94764706,0.9894621,0.98890682,0.81956814,0.95054707,0.98108405
cd/490248,seed2,115,10,0.78318584,0.89159292,0.49509245,2,54-,54-,1,3,0.5,0.94764706,0.99805504,0.99654612,0.96199533,0.94121591,0.99467633
cd/490248,seed3,100,10,0.115,0.5575,0.99043904,2,54-,54-,1,3,0.5,0.94764706,0.67391329,0.86425877,0.45314976,0.94594812,0.78692662
cd/490248,seed3,105,10,0.19972826,0.59986413,0.97103002,2,54-,54-,1,3,0.5,0.94764706,0.80615418,0.91171112,0.48650909,0.95287755,0.89614557
cd/490248,seed3,110,10,0.39772727,0.69886364,0.88267555,2,54-,54-,1,3,0.5,0.94764706,0.95518339,0.96966916,0.63550612,0.95054707,0.97198343
cd/490248,seed3,115,10,0.44474035,0.72237017,0.85220115,2,54-,54-,1,3,0.5,0.94764706,0.96915141,0.97664055,0.68271326,0.94121591,0.97020741
cd/490248,seed4,100,10,0.115,0.5575,0.99043904,2,54-,54-,1,3,0.5,0.94764706,0.67391329,0.86425877,0.45314976,0.94594812,0.71130299
cd/490248,seed4,105,10,0.27114094,0.63557047,0.94629871,2,54-,54-,1,3,0.5,0.94764706,0.88232049,0.93947686,0.52915122,0.95287755,0.9133497
cd/490248,seed4,110,10,0.16441718,0.58220859,0.98041098,2,54-,54-,1,3,0.5,0.94764706,0.7565367,0.89408564,0.47035203,0.95054707,0.76233151
cd/490248,seed4,115,10,0.31341463,0.65670732,0.92793478,2,54-,54-,1,3,0.5,0.94764706,0.91399982,0.95182655,0.56057571,0.94121591,0.87718877
cd/490248,seed5,100,10,0.115,0.5575,0.99043904,2,54-,54-,1,3,0.5,0.94764706,0.67391329,0.86425877,0.45314976,0.94594812,0.71964751
cd/490248,seed5,105,10,0.25358166,0.62679083,0.95310435,2,54-,54-,1,3,0.5,0.94764706,0.86642024,0.93352102,0.51743284,0.95287755,0.90443424
cd/490248,seed5,110,10,0.42600277,0.71300138,0.86481254,2,54-,54-,1,3,0.5,0.94764706,0.96417705,0.97407227,0.66356365,0.95054707,0.96839322
cd/490248,seed5,115,10,0.55310881,0.7765544,0.76640934,2,54-,54-,1,3,0.5,0.94764706,0.98715293,0.98727815,0.79551065,0.94121591,0.98266267
cd/490249,seed1,100,10,0.59325843,0.70786517,0.52883975,7,96-,96-,1,4,0.5,0.92411765,0.98677579,0.96429993,0.93090651,0.91550698,0.98802397
cd/490249,seed1,105,10,0.64438356,0.75890411,0.44790124,7,96-,96-,1,4,0.5,0.92411765,0.99096624,0.97851165,0.95431315,0.92932656,0.99427644
cd/490249,seed1,110,10,0.72242551,0.8170413,0.34932849,7,96-,96-,1,4,0.5,0.92411765,0.99496301,0.98803142,0.97270022,0.93166315,0.99609325
cd/490249,seed1,115,10,0.83877449,0.89352084,0.22432523,7,96-,96-,1,4,0.5,0.92411765,0.99789806,0.994492,0.98594192,0.91997388,0.99758081
cd/490249,seed2,100,10,0.59325843,0.70786517,0.52883975,7,96-,96-,1,4,0.5,0.92411765,0.98677579,0.96429993,0.93090651,0.91550698,0.9766448
cd/490249,seed2,105,10,0.65214964,0.77666108,0.4078939,7,96-,96-,1,4,0.5,0.92411765,0.99147545,0.98201778,0.96288527,0.92932656,0.98942403
cd/490249,seed2,110,10,0.60609546,0.75848189,0.40406594,7,96-,96-,1,4,0.5,0.92411765,0.98798063,0.97842062,0.96361931,0.93166315,0.98117805
cd/490249,seed2,115,10,0.50150693,0.70825799,0.42215526,7,96-,96-,1,4,0.5,0.92411765,0.97393837,0.96443805,0.96002326,0.91997388,0.93762391
cd/490249,seed3,100,10,0.59325843,0.70786517,0.52883975,7,96-,96-,1,4,0.5,0.92411765,0.98677579,0.96429993,0.93090651,0.91550698,0.99211814
cd/490249,seed3,105,10,0.64588931,0.7603439,0.44772266,7,96-,96-,1,4,0.5,0.92411765,0.99106727,0.97881927,0.95435531,0.92932656,0.996285
cd/490249,seed3,110,10,0.66701959,0.77766014,0.40417202,7,96-,96-,1,4,0.5,0.92411765,0.99237232,0.98219742,0.96359916,0.93166315,0.99605437
cd/490249,seed3,115,10,0.59867415,0.74298827,0.41663824,7,96-,96-,1,4,0.5,0.92411765,0.98729798,0.97480662,0.96115469,0.91997388,0.98975322
cd/490249,seed4,100,10,0.59325843,0.70786517,0.52883975,7,96-,96-,1,4,0.5,0.92411765,0.98677579,0.96429993,0.93090651,0.91550698,0.98699046
cd/490249,seed4,105,10,0.57355284,0.71853425,0.48129286,7,96-,96-,1,4,0.5,0.92411765,0.98469085,0.96787363,0.94574526,0.92932656,0.98923676
cd/490249,seed4,110,10,0.67292645,0.78195097,0.39615267,7,96-,96-,1,4,0.5,0.92411765,0.99270202,0.98294913,0.9650927,0.93166315,0.99376296
cd/490249,seed4,115,10,0.73731793,0.84028127,0.29950988,7,96-,96-,1,4,0.5,0.92411765,0.99549538,0.99054058,0.97902219,0.91997388,0.9942125
cd/490249,seed5,100,10,0.59325843,0.70786517,0.52883975,7,96-,96-,1,4,0.5,0.92411765,0.98677579,0.96429993,0.93090651,0.91550698,0.9910388
cd/490249,seed5,105,10,0.56126482,0.70299266,0.51722399,7,96-,96-,1,4,0.5,0.92411765,0.98323023,0.96254318,0.9348459,0.92932656,0.99185171
cd/490249,seed5,110,10,0.67314965,0.78390059,0.39736465,7,96-,96-,1,4,0.5,0.92411765,0.9927142,0.9832803,0.96487083,0.93166315,0.9957204
cd/490249,seed5,115,10,0.73178295,0.84186047,0.30196914,7,96-,96-,1,4,0.5,0.92411765,0.99530439,0.9906908,0.97874681,0.91997388,0.99584767
cd/490254,seed1,100,10,0.13333333,0.54666667,0.75010647,3,90*,90*,1,2,0.5,0.92294118,0.70060108,0.84145314,0.77482569,0.92007543,0.72524982
cd/490254,seed1,105,10,0.21596244,0.58685446,0.74124503,3,90*,90*,1,2,0.5,0.92294118,0.81608273,0.88722747,0.78405184,0.93168998,0.85297362
cd/490254,seed1,110,10,0.42276423,0.69105691,0.67225518,3,90*,90*,1,2,0.5,0.92294118,0.95653964,0.95620343,0.84648655,0.92467754,0.95566086
cd/490254,seed1,115,10,0.46511628,0.72093023,0.61178985,3,90*,90*,1,2,0.5,0.92294118,0.96830662,0.96694699,0.88830496,0.91532192,0.95622406
cd/490254,seed2,100,10,0.13333333,0.54666667,0.75010647,3,90*,90*,1,2,0.5,0.92294118,0.70060108,0.84145314,0.77482569,0.92007543,0.57553632
cd/490254,seed2,105,10,0.1952862,0.57575758,0.7486482,3,90*,90*,1,2,0.5,0.92294118,0.79082672,0.87588564,0.776363,0.93168998,0.7163647
cd/490254,seed2,110,10,0.65846154,0.82153846,0.47465512,3,90*,90*,1,2,0.5,0.92294118,0.99272983,0.98740166,0.94805187,0.92467754,0.98648384
cd/490254,seed2,115,10,0.82700422,0.907173,0.31494623,3,90*,90*,1,2,0.5,0.92294118,0.99801836,0.99451545,0.97959812,0.91532192,0.99509866
cd/490254,seed3,100,10,0.13333333,0.54666667,0.75010647,3,90*,90*,1,2,0.5,0.92294118,0.70060108,0.84145314,0.77482569,0.92007543,0.79563072
cd/490254,seed3,105,10,0.15686275,0.55294118,0.77022496,3,90*,90*,1,2,0.5,0.92294118,0.73737515,0.84948153,0.75285663,0.93168998,0.84208051
cd/490254,seed3,110,10,0.42780749,0.70053476,0.63763555,3,90*,90*,1,2,0.5,0.92294118,0.95813454,0.95993079,0.87180309,0.92467754,0.97067186
cd/490254,seed3,115,10,0.89108911,0.94059406,0.22946751,3,90*,90*,1,2,0.5,0.92294118,0.99879264,0.99604057,0.98774218,0.91532192,0.99897376
cd/490254,seed4,100,10,0.13333333,0.54666667,0.75010647,3,90*,90*,1,2,0.5,0.92294118,0.70060108,0.84145314,0.77482569,0.92007543,0.74321716
cd/490254,seed4,105,10,0.2248996,0.58232932,0.77538487,3,90*,90*,1,2,0.5,0.92294118,0.82624395,0.88271586,0.74699567,0.93168998,0.87233121
cd/490254,seed4,110,10,0.05780347,0.51445087,0.73028145,3,90*,90*,1,2,0.5,0.92294118,0.5659312,0.79470436,0.79508321,0.92467754,0.56031723
cd/490254,seed4,115,10,0.65671642,0.82089552,0.47460461,3,90*,90/,0,2,0.5,0.92294118,0.99263164,0.98732307,0.94806694,0.91532192,0.99106742
cd/490254,seed5,100,10,0.13333333,0.54666667,0.75010647,3,90*,90*,1,2,0.5,0.92294118,0.70060108,0.84145314,0.77482569,0.92007543,0.79808232
cd/490254,seed5,105,10,0.09195402,0.50191571,0.84251159,3,90*,90*,1,2,0.5,0.92294118,0.62941929,0.77394708,0.66286062,0.93168998,0.76306837
cd/490254,seed5,110,10,0.4966443,0.70469799,0.71551045,3,90*,90*,1,2,0.5,0.92294118,0.97500068,0.96147024,0.80927563,0.92467754,0.98313284
cd/490254,seed5,115,10,0.63736264,0.8021978,0.53382116,3,90*,90*,1,2,0.5,0.92294118,0.99145046,0.9848138,0.92729063,0.91532192,0.99235337
cd/490256,seed1,100,10,0.64182195,0.75569358,0.53281525,5,79-,79-,1,2,0.5,0.92294118,0.99173826,0.9762595,0.92770035,0.92007543,0.99356319
cd/490256,seed1,105,10,0.64403183,0.75172414,0.54316912,5,79-,79-,1,2,0.5,0.92294118,0.9918773,0.97534146,0.92337955,0.93168998,0.99442161
cd/490256,seed1,110,10,0.69821883,0.7913486,0.48007142,5,79-,79-,1,2,0.5,0.92294118,0.99464606,0.98313979,0.94641222,0.92467754,0.99490583
cd/490256,seed1,115,10,0.71876556,0.81383773,0.43766046,5,79-,79-,1,2,0.5,0.92294118,0.99543001,0.98642799,0.95804267,0.91532192,0.99402068
cd/490256,seed2,100,10,0.64182195,0.75569358,0.53281525,5,79-,79-,1,2,0.5,0.92294118,0.99173826,0.9762595,0.92770035,0.92007543,0.98754483
cd/490256,seed2,105,10,0.60615883,0.73311723,0.56138814,5,79-,79-,1,2,0.5,0.92294118,0.98913898,0.97055676,0.91519824,0.93168998,0.98542906
cd/490256,seed2,110,10,0.53087071,0.72242744,0.50696728,5,79-,79-,1,2,0.5,0.92294118,0.98070894,0.96741251,0.93752341,0.92467754,0.96336252
cd/490256,seed2,115,10,0.53196931,0.72071611,0.4914816,5,79-,79-,1,2,0.5,0.92294118,0.98086923,0.96687989,0.94279708,0.91532192,0.95038842
cd/490256,seed3,100,10,0.64182195,0.75569358,0.53281525,5,79-,79-,1,2,0.5,0.92294118,0.99173826,0.9762595,0.92770035,0.92007543,0.99562654
cd/490256,seed3,105,10,0.60305746,0.73431734,0.5621928,5,79-,79-,1,2,0.5,0.92294118,0.98887791,0.97089083,0.91481921,0.93168998,0.99474843
cd/490256,seed3,110,10,0.61887571,0.74935534,0.53576251,5,79-,79-,1,2,0.5,0.92294118,0.99014753,0.97477722,0.92649383,0.92467754,0.99349236
cd/490256,seed3,115,10,0.59749373,0.75438596,0.50186436,5,79-,79-,1,2,0.5,0.92294118,0.98839393,0.97596082,0.93930951,0.91532192,0.98935184
cd/490256,seed4,100,10,0.64182195,0.75569358,0.53281525,5,79-,79-,1,2,0.5,0.92294118,0.99173826,0.9762595,0.92770035,0.92007543,0.99412623
cd/490256,seed4,105,10,0.58997361,0.71398417,0.59688726,5,79-,79-,1,2,0.5,0.92294118,0.98770654,0.964702,0.89695199,0.93168998,0.99217694
cd/490256,seed4,110,10,0.7445181,0.82355941,0.42031268,5,79-,79-,1,2,0.5,0.92294118,0.99625316,0.98764554,0.96206888,0.92467754,0.9967863
cd/490256,seed4,115,10,0.77585354,0.85947551,0.34506949,5,79-,79-,1,2,0.5,0.92294118,0.99705808,0.99127771,0.97561405,0.91532192,0.99653765
cd/490256,seed5,100,10,0.64182195,0.75569358,0.53281525,5,79-,79-,1,2,0.5,0.92294118,0.99173826,0.9762595,0.92770035,0.92007543,0.99569199
cd/490256,seed5,105,10,0.64460119,0.74389582,0.55868682,5,79-,79-,1,2,0.5,0.92294118,0.99191275,0.97342848,0.91645949,0.93168998,0.99628448
cd/490256,seed5,110,10,0.71509531,0.79701185,0.46775613,5,79-,79-,1,2,0.5,0.92294118,0.99529888,0.98403508,0.95007175,0.92467754,0.9970213
cd/490256,seed5,115,10,0.75012827,0.82247306,0.42060194,5,79-,79-,1,2,0.5,0.92294118,0.99641188,0.98751503,0.96200489,0.91532192,0.99688403
cd/490258,seed1,100,10,0.61607143,0.70758929,0.51726268,8,84-,84-,1,0,0.5,0.92261905,0.98779998,0.95951762,0.93102191,0.91914226,0.98921098
cd/490258,seed1,105,10,0.72620321,0.8026738,0.38656101,8,84-,84-,1,0,0.5,0.92261905,0.99448367,0.98360469,0.96315337,0.93324111,0.99607245
cd/490258,seed1,110,10,0.70358974,0.80358974,0.36919732,8,84-,84-,1,0,0.5,0.92261905,0.99350464,0.98374833,0.96614595,0.92614664,0.99340278
cd/490258,seed1,115,10,0.72403561,0.83432245,0.30387101,8,84-,84-,1,0,0.5,0.92261905,0.99439657,0.98791143,0.97543617,0.91194637,0.9907841
cd/490258,seed2,100,10,0.61607143,0.70758929,0.51726268,8,84-,84-,1,0,0.5,0.92261905,0.98779998,0.95951762,0.93102191,0.91914226,0.98297076
cd/490258,seed2,105,10,0.75757576,0.8241342,0.3528461,8,84-,84-,1,0,0.5,0.92261905,0.99560348,0.98666353,0.96874869,0.93324111,0.99507752
cd/490258,seed2,110,10,0.78772112,0.8673257,0.26936184,8,84-,84-,1,0,0.5,0.92261905,0.99646549,0.99121309,0.97928818,0.92614664,0.99442829
cd/490258,seed2,115,10,0.76262626,0.86818182,0.2365317,8,84-,84-,1,0,0.5,0.92261905,0.99576127,0.99128562,0.98240074,0.91194637,0.98906786
cd/490258,seed3,100,10,0.61607143,0.70758929,0.51726268,8,84-,84-,1,0,0.5,0.92261905,0.98779998,0.95951762,0.93102191,0.91914226,0.99368372
cd/490258,seed3,105,10,0.74381055,0.81324004,0.36910256,8,84-,84-,1,0,0.5,0.92261905,0.9951431,0.98518846,0.96616162,0.93324111,0.99799104
cd/490258,seed3,110,10,0.78556911,0.85010163,0.30395319,8,84-,84-,1,0,0.5,0.92261905,0.99640998,0.98962004,0.97542621,0.92614664,0.99791505
cd/490258,seed3,115,10,0.74180735,0.82571996,0.32601241,8,84-,84-,1,0,0.5,0.92261905,0.99507222,0.9868658,0.97260563,0.91194637,0.99527959
cd/490258,seed4,100,10,0.61607143,0.70758929,0.51726268,8,84-,84-,1,0,0.5,0.92261905,0.98779998,0.95951762,0.93102191,0.91914226,0.99196617
cd/490258,seed4,105,10,0.70530878,0.79469122,0.38997983,8,84-,84-,1,0,0.5,0.92261905,0.99358477,0.98229884,0.96253487,0.93324111,0.99658554
cd/490258,seed4,110,10,0.75454545,0.83787879,0.31123947,8,84-,84-,1,0,0.5,0.92261905,0.99550601,0.98831928,0.97452735,0.92614664,0.9966497
cd/490258,seed4,115,10,0.80693069,0.86881188,0.26368938,8,84-,84-,1,0,0.5,0.92261905,0.99692467,0.99133862,0.97986207,0.91194637,0.99631072
cd/490258,seed5,100,10,0.61607143,0.70758929,0.51726268,8,84-,84-,1,0,0.5,0.92261905,0.98779998,0.95951762,0.93102191,0.91914226,0.99267532
cd/490258,seed5,105,10,0.72410033,0.79225736,0.40401673,8,84-,84-,1,0,0.5,0.92261905,0.99439919,0.98188074,0.95988932,0.93324111,0.99729721
cd/490258,seed5,110,10,0.71030928,0.80051546,0.38290302,8,84-,84-,1,0,0.5,0.92261905,0.99381233,0.98326126,0.96380426,0.92614664,0.9957467
cd/490258,seed5,115,10,0.72727273,0.84191919,0.28316431,8,84-,84-,1,0,0.5,0.92261905,0.99452616,0.98876617,0.97782408,0.91194637,0.99389599
cd/490259,seed1,100,10,0.9380531,0.95870206,0.18266034,3,74-,74-,1,4,0.5,0.92411765,0.99900426,0.99716541,0.98875051,0.91550698,0.99917869
cd/490259,seed1,105,10,0.88280702,0.9354386,0.24597869,3,74-,74-,1,4,0.5,0.92411765,0.99849079,0.99640628,0.9842198,0.92932656,0.99910539
cd/490259,seed1,110,10,0.90412698,0.95047619,0.19015156,3,74-,74-,1,4,0.5,0.92411765,0.99871452,0.99691725,0.98829003,0.93166315,0.99905109
cd/490259,seed1,115,10,0.92270821,0.96045536,0.15820537,3,74-,74-,1,4,0.5,0.92411765,0.99888232,0.99721567,0.99013261,0.91997388,0.99874199
cd/490259,seed2,100,10,0.9380531,0.95870206,0.18266034,3,74-,74-,1,4,0.5,0.92411765,0.99900426,0.99716541,0.98875051,0.91550698,0.99838093
cd/490259,seed2,105,10,0.92117889,0.95339273,0.19771512,3,74-,74-,1,4,0.5,0.92411765,0.99886938,0.99700762,0.98780622,0.92932656,0.99869233
cd/490259,seed2,110,10,0.94876913,0.97338656,0.118199,3,74-,74-,1,4,0.5,0.92411765,0.99908145,0.99755992,0.99204002,0.93166315,0.99867915
cd/490259,seed2,115,10,0.97380192,0.98466454,0.08059218,3,74-,74-,1,4,0.5,0.92411765,0.99923926,0.9978253,0.99349767,0.91997388,0.99833496
cd/490259,seed3,100,10,0.9380531,0.95870206,0.18266034,3,74-,74-,1,4,0.5,0.92411765,0.99900426,0.99716541,0.98875051,0.91550698,0.99946154
cd/490259,seed3,105,10,0.89849378,0.94237066,0.22943636,3,74-,74-,1,4,0.5,0.92411765,0.99865885,0.99665155,0.98555293,0.92932656,0.99948102
cd/490259,seed3,110,10,0.90103218,0.94778385,0.20252058,3,74-,74-,1,4,0.5,0.92411765,0.99868423,0.99683141,0.98748862,0.93166315,0.99936266
cd/490259,seed3,115,10,0.86735312,0.92852816,0.26114397,3,74-,74-,1,4,0.5,0.92411765,0.99830467,0.99614397,0.98289171,0.91997388,0.99872994
cd/490259,seed4,100,10,0.9380531,0.95870206,0.18266034,3,74-,74-,1,4,0.5,0.92411765,0.99900426,0.99716541,0.98875051,0.91550698,0.99910694
cd/490259,seed4,105,10,0.91706001,0.95279838,0.19693746,3,74-,74-,1,4,0.5,0.92411765,0.99883377,0.99698942,0.98785686,0.92932656,0.99925526
cd/490259,seed4,110,10,0.91505565,0.95664909,0.16912782,3,74-,74-,1,4,0.5,0.92411765,0.99881604,0.9971054,0.98953741,0.93166315,0.99905248
cd/490259,seed4,115,10,0.90421456,0.94964423,0.19632897,3,74-,74-,1,4,0.5,0.92411765,0.99871537,0.99689097,0.98789634,0.91997388,0.9984201
cd/490259,seed5,100,10,0.9380531,0.95870206,0.18266034,3,74-,74-,1,4,0.5,0.92411765,0.99900426,0.99716541,0.98875051,0.91550698,0.99938718
cd/490259,seed5,105,10,0.90169492,0.94169492,0.23534894,3,74-,74-,1,4,0.5,0.92411765,0.99869077,0.99662839,0.98508969,0.92932656,0.99942392
cd/490259,seed5,110,10,0.87835309,0.93512165,0.24087558,3,74-,74-,1,4,0.5,0.92411765,0.99843934,0.99639465,0.98464348,0.93166315,0.99913433
cd/490259,seed5,115,10,0.9365738,0.96443391,0.15672155,3,74-,74-,1,4,0.5,0.92411765,0.99899311,0.99732645,0.99021084,0.91997388,0.99915745
cd/490260,seed1,100,10,0.49842271,0.73501577,0.60843397,3,67-,67-,1,4,0.5,0.92411765,0.9733418,0.97272357,0.89747679,0.91550698,0.97522047
cd/490260,seed1,105,10,0.43850267,0.70359053,0.64425795,3,67-,67-,1,4,0.5,0.92411765,0.95875221,0.96276313,0.87819233,0.92932656,0.97209391
cd/490260,seed1,110,10,0.64709898,0.81706485,0.47572493,3,67-,67-,1,4,0.5,0.92411765,0.99114763,0.98803427,0.94727237,0.93166315,0.99298903
cd/490260,seed1,115,10,0.49240924,0.74257426,0.54924974,3,67-,7+,0,4,0.5,0.92411765,0.97214024,0.97470237,0.92344682,0.91997388,0.96506344
cd/490260,seed2,100,10,0.49842271,0.73501577,0.60843397,3,67-,67-,1,4,0.5,0.92411765,0.9733418,0.97272357,0.89747679,0.91550698,0.95226365
cd/490260,seed2,105,10,0.38927203,0.67969349,0.66122566,3,67-,67-,1,4,0.5,0.92411765,0.94130954,0.95293306,0.86801263,0.92932656,0.9232173
cd/490260,seed2,110,10,0.40808081,0.6983165,0.60163557,3,67-,67-,1,4,0.5,0.92411765,0.94866838,0.96077929,0.90081636,0.93166315,0.91745851
cd/490260,seed2,115,10,0.58536585,0.79037574,0.48755208,3,67-,67-,1,4,0.5,0.92411765,0.98597666,0.98433544,0.9439788,0.91997388,0.96658136
cd/490260,seed3,100,10,0.49842271,0.73501577,0.60843397,3,67-,67-,1,4,0.5,0.92411765,0.9733418,0.97272357,0.89747679,0.91550698,0.98361911
cd/490260,seed3,105,10,0.49509434,0.73132075,0.61982389,3,67-,67-,1,4,0.5,0.92411765,0.97268312,0.97170223,0.89165835,0.92932656,0.98804714
cd/490260,seed3,110,10,0.3035343,0.64102564,0.66825094,3,67-,67-,1,4,0.5,0.92411765,0.89367191,0.93164853,0.8635909,0.93166315,0.93669171
cd/490260,seed3,115,10,0.34849455,0.66944266,0.61717751,3,67-,7+,0,4,0.5,0.92411765,0.92184365,0.94799843,0.89303557,0.91997388,0.93200742
cd/490260,seed4,100,10,0.49842271,0.73501577,0.60843397,3,67-,67-,1,4,0.5,0.92411765,0.9733418,0.97272357,0.89747679,0.91550698,0.97311211
cd/490260,seed4,105,10,0.47103085,0.72009029,0.62805306,3,67-,67-,1,4,0.5,0.92411765,0.96742814,0.96836506,0.88727583,0.92932656,0.97635453
cd/490260,seed4,110,10,0.60122699,0.78732106,0.54397314,3,67-,67-,1,4,0.5,0.92411765,0.98753702,0.98384609,0.92544334,0.93166315,0.98913633
cd/490260,seed4,115,10,0.67076923,0.82892308,0.4582085,3,67-,67-,1,4,0.5,0.92411765,0.99258329,0.98938708,0.95181587,0.91997388,0.99030944
cd/490260,seed5,100,10,0.49842271,0.73501577,0.60843397,3,67-,67-,1,4,0.5,0.92411765,0.9733418,0.97272357,0.89747679,0.91550698,0.98139775
cd/490260,seed5,105,10,0.37674761,0.67623252,0.65166152,3,67-,67-,1,4,0.5,0.92411765,0.93587221,0.95131889,0.87383639,0.92932656,0.96648535
cd/490260,seed5,110,10,0.52030282,0.74397798,0.60620457,3,67-,67-,1,4,0.5,0.92411765,0.97730256,0.97505415,0.89858277,0.93166315,0.98602897
cd/490260,seed5,115,10,0.50779788,0.74173425,0.59334324,3,67-,67-,1,4,0.5,0.92411765,0.97511517,0.97448956,0.90475846,0.91997388,0.97661075
cd/490261,seed1,100,10,0.71827957,0.80645161,0.42563414,5,60-,60-,1,1,0.5,0.92647059,0.99491097,0.9864192,0.96555925,0.93163344,0.99638347
cd/490261,seed1,105,10,0.72255273,0.81070849,0.44029289,5,60-,60-,1,1,0.5,0.92647059,0.99507286,0.98696948,0.96243632,0.93176399,0.9962055
cd/490261,seed1,110,10,0.78283086,0.86203373,0.33915791,5,60-,60-,1,1,0.5,0.92647059,0.99687869,0.99209855,0.97945984,0.92708939,0.99674015
cd/490261,seed1,115,10,0.82058971,0.88105947,0.30362515,5,60-,60-,1,1,0.5,0.92647059,0.99765582,0.99343968,0.98342047,0.91539599,0.99645692
cd/490261,seed2,100,10,0.71827957,0.80645161,0.42563414,5,60-,60-,1,1,0.5,0.92647059,0.99491097,0.9864192,0.96555925,0.93163344,0.99448604
cd/490261,seed2,105,10,0.72017592,0.79879054,0.4696978,5,60-,60-,1,1,0.5,0.92647059,0.99498346,0.98537055,0.95533279,0.93176399,0.99410654
cd/490261,seed2,110,10,0.63123994,0.78099839,0.44762616,5,60-,60-,1,1,0.5,0.92647059,0.99018292,0.98261776,0.96077357,0.92708939,0.98377626
cd/490261,seed2,115,10,0.59905907,0.78149503,0.39735686,5,60-,60-,1,1,0.5,0.92647059,0.98749547,0.9827011,0.97089055,0.91539599,0.96983217
cd/490261,seed3,100,10,0.71827957,0.80645161,0.42563414,5,60-,60-,1,1,0.5,0.92647059,0.99491097,0.9864192,0.96555925,0.93163344,0.99799216
cd/490261,seed3,105,10,0.76311606,0.82829889,0.41692512,5,60-,60-,1,1,0.5,0.92647059,0.99637575,0.98901923,0.96729448,0.93176399,0.99846857
cd/490261,seed3,110,10,0.75165732,0.82967874,0.396202,5,60-,60-,1,1,0.5,0.92647059,0.99604713,0.98916583,0.97109036,0.92708939,0.99768793
cd/490261,seed3,115,10,0.71692461,0.81028457,0.41577484,5,60-,60-,1,1,0.5,0.92647059,0.99485854,0.98691568,0.96751726,0.91539599,0.99555986
cd/490261,seed4,100,10,0.71827957,0.80645161,0.42563414,5,60-,60-,1,1,0.5,0.92647059,0.99491097,0.9864192,0.96555925,0.93163344,0.99674425
cd/490261,seed4,105,10,0.70826667,0.78773333,0.48937756,5,60-,60-,1,1,0.5,0.92647059,0.99451061,0.98371504,0.94988133,0.93176399,0.9961786
cd/490261,seed4,110,10,0.75961046,0.84725782,0.3634434,5,60-,60-,1,1,0.5,0.92647059,0.99627821,0.99087227,0.97623417,0.92708939,0.99647849
cd/490261,seed4,115,10,0.72987654,0.84790123,0.33309948,5,60-,60-,1,1,0.5,0.92647059,0.99533849,0.9909294,0.98019527,0.91539599,0.99350391
cd/490261,seed5,100,10,0.71827957,0.80645161,0.42563414,5,60-,60-,1,1,0.5,0.92647059,0.99491097,0.9864192,0.96555925,0.93163344,0.99753799
cd/490261,seed5,105,10,0.74798495,0.82482536,0.4238316,5,60-,60-,1,1,0.5,0.92647059,0.99593565,0.98864147,0.96592553,0.93176399,0.99788471
cd/490261,seed5,110,10,0.79875841,0.8561821,0.36522651,5,60-,60-,1,1,0.5,0.92647059,0.99723372,0.99163378,0.97597873,0.92708939,0.99804221
cd/490261,seed5,115,10,0.84666327,0.89709628,0.27505317,5,60-,60-,1,1,0.5,0.92647059,0.99807658,0.99439268,0.98605185,0.91539599,0.99803502
cd/490262,seed1,100,10,0.45783133,0.70281124,0.67957429,3,32*,32*,1,1,0.5,0.92647059,0.96426602,0.9632018,0.85491985,0.93163344,0.97253099
cd/490262,seed1,105,10,0.51411879,0.74099318,0.60906548,3,32*,32*,1,1,0.5,0.92647059,0.97641423,0.97443952,0.90085841,0.93176399,0.98070427
cd/490262,seed1,110,10,0.45621622,0.72324324,0.57526699,3,32*,32*,1,1,0.5,0.92647059,0.96384045,0.96970533,0.91791846,0.92708939,0.95890029
cd/490262,seed1,115,10,0.39517345,0.69230769,0.60368942,3,32*,32*,1,1,0.5,0.92647059,0.94368599,0.95935475,0.90376878,0.91539599,0.90786491
cd/490262,seed2,100,10,0.45783133,0.70281124,0.67957429,3,32*,5*,0,1,0.5,0.92647059,0.96426602,0.9632018,0.85491985,0.93163344,0.95863869
cd/490262,seed2,105,10,0.38163816,0.67956796,0.64504546,3,32*,5*,0,1,0.5,0.92647059,0.93796044,0.95417088,0.87929847,0.93176399,0.92136565
cd/490262,seed2,110,10,0.01850139,0.49676226,0.72134738,3,5*,5*,1,1,0.5,0.92647059,0.48871426,0.77481856,0.82011748,0.92708939,0.32692076
cd/490262,seed2,115,10,0.35772358,0.67479675,0.60872064,3,5*,5*,1,1,0.5,0.92647059,0.92649823,0.95207187,0.90104742,0.91539599,0.82766093
cd/490262,seed3,100,10,0.45783133,0.70281124,0.67957429,3,32*,32*,1,1,0.5,0.92647059,0.96426602,0.9632018,0.85491985,0.93163344,0.9845855
cd/490262,seed3,105,10,0.52292683,0.75219512,0.56962719,3,32*,32*,1,1,0.5,0.92647059,0.97790831,0.97704793,0.92049093,0.93176399,0.98992772
cd/490262,seed3,110,10,0.30992196,0.64548495,0.65914122,3,32*,5*,0,1,0.5,0.92647059,0.89758238,0.93704355,0.86980378,0.92708939,0.93004423
cd/490262,seed3,115,10,0.0244898,0.5047619,0.69197226,3,32*,5*,0,1,0.5,0.92647059,0.50009546,0.78826516,0.84521721,0.91539599,0.48943023
cd/490262,seed4,100,10,0.45783133,0.70281124,0.67957429,3,32*,32*,1,1,0.5,0.92647059,0.96426602,0.9632018,0.85491985,0.93163344,0.97521205
cd/490262,seed4,105,10,0.46800382,0.71155683,0.66034247,3,32*,32*,1,1,0.5,0.92647059,0.96683751,0.96613551,0.86896594,0.93176399,0.97516986
cd/490262,seed4,110,10,0.34335597,0.66246363,0.6470803,3,32*,32*,1,1,0.5,0.92647059,0.91870342,0.94621556,0.87796569,0.92708939,0.91420878
cd/490262,seed4,115,10,0.26666667,0.63100775,0.62204063,3,32*,32*,1,1,0.5,0.92647059,0.86315643,0.92809048,0.89350971,0.91539599,0.7991411
cd/490262,seed5,100,10,0.45783133,0.70281124,0.67957429,3,32*,32*,1,1,0.5,0.92647059,0.96426602,0.9632018,0.85491985,0.93163344,0.98115604
cd/490262,seed5,105,10,0.42084562,0.68731563,0.68468767,3,32*,32*,1,1,0.5,0.92647059,0.9532047,0.95739397,0.85098076,0.93176399,0.97286154
cd/490262,seed5,110,10,0.36384705,0.66859791,0.66255503,3,32*,32*,1,1,0.5,0.92647059,0.9296066,0.94920824,0.86741076,0.92708939,0.94309641
cd/490262,seed5,115,10,0.21052632,0.6,0.6569093,3,32*,5*,0,1,0.5,0.92647059,0.80453735,0.90485461,0.87134839,0.91539599,0.77187185
cd/490263,seed1,100,10,0.34615385,0.53632479,0.70749542,8,32-,32-,1,4,0.5,0.92411765,0.92056313,0.8235966,0.83655755,0.91550698,0.92303023
cd/490263,seed1,105,10,0.49154334,0.60200846,0.66975477,8,32-,32-,1,4,0.5,0.92411765,0.97196294,0.90141412,0.86262833,0.92932656,0.98137716
cd/490263,seed1,110,10,0.54695562,0.63209494,0.63485215,8,32-,32-,1,4,0.5,0.92411765,0.98135617,0.9255945,0.8835389,0.93166315,0.98480781
cd/490263,seed1,115,10,0.55079681,0.65687251,0.59012193,8,32-,32-,1,4,0.5,0.92411765,0.98187853,0.94127948,0.90625167,0.91997388,0.977563
cd/490263,seed2,100,10,0.34615385,0.53632479,0.70749542,8,32-,32-,1,4,0.5,0.92411765,0.92056313,0.8235966,0.83655755,0.91550698,0.85872644
cd/490263,seed2,105,10,0.55708245,0.66331924,0.59471972,8,32-,32-,1,4,0.5,0.92411765,0.98270249,0.94482131,0.90411394,0.92932656,0.97804536
cd/490263,seed2,110,10,0.65977249,0.74405377,0.47221054,8,32-,32-,1,4,0.5,0.92411765,0.99194756,0.97507301,0.94821526,0.93166315,0.98753956
cd/490263,seed2,115,10,0.66666667,0.76082578,0.42084808,8,32-,32-,1,4,0.5,0.92411765,0.99235216,0.97892126,0.96029416,0.91997388,0.98199915
cd/490263,seed3,100,10,0.34615385,0.53632479,0.70749542,8,32-,32-,1,4,0.5,0.92411765,0.92056313,0.8235966,0.83655755,0.91550698,0.94817798
cd/490263,seed3,105,10,0.48553719,0.61105372,0.6513309,8,32-,32-,1,4,0.5,0.92411765,0.97070266,0.90933938,0.87403372,0.92932656,0.9871334
cd/490263,seed3,110,10,0.60762101,0.68640577,0.57240816,8,32-,32-,1,4,0.5,0.92411765,0.9881164,0.95591963,0.91409302,0.93166315,0.99374196
cd/490263,seed3,115,10,0.6033966,0.68681319,0.56991772,8,32-,32-,1,4,0.5,0.92411765,0.98773667,0.95609497,0.9151466,0.91997388,0.99012035
cd/490263,seed4,100,10,0.34615385,0.53632479,0.70749542,8,32-,32-,1,4,0.5,0.92411765,0.92056313,0.8235966,0.83655755,0.91550698,0.91685983
cd/490263,seed4,105,10,0.44538706,0.57635207,0.69180703,8,32-,32-,1,4,0.5,0.92411765,0.96075597,0.87550109,0.8478486,0.92932656,0.97126587
cd/490263,seed4,110,10,0.646,0.7155,0.53417364,8,32-,32-,1,4,0.5,0.92411765,0.99107466,0.96689404,0.92902462,0.93166315,0.99231556
cd/490263,seed4,115,10,0.72468043,0.7920354,0.41194915,8,32-,32-,1,4,0.5,0.92411765,0.99504747,0.98459516,0.96209212,0.91997388,0.99361641
cd/490263,seed5,100,10,0.34615385,0.53632479,0.70749542,8,32-,32-,1,4,0.5,0.92411765,0.92056313,0.8235966,0.83655755,0.91550698,0.94143668
cd/490263,seed5,105,10,0.48611111,0.60416667,0.6631924,8,32-,32-,1,4,0.5,0.92411765,0.97082542,0.90335938,0.86678715,0.92932656,0.9854459
cd/490263,seed5,110,10,0.63465553,0.70093946,0.55907354,8,32-,32-,1,4,0.5,0.92411765,0.9902857,0.96177828,0.91959872,0.93166315,0.99422931
cd/490263,seed5,115,10,0.71616162,0.76919192,0.46144836,8,32-,32-,1,4,0.5,0.92411765,0.9947208,0.98061719,0.95100449,0.91997388,0.99531179
cd/490264,seed1,100,10,0.57831325,0.73493976,0.68960055,3,34-,34-,1,3,0.5,0.94764706,0.98954045,0.97969948,0.86860268,0.94594812,0.99333498
cd/490264,seed1,105,10,0.64638783,0.78707224,0.59548133,3,34-,34-,1,3,0.5,0.94764706,0.99400939,0.98870116,0.92678637,0.95287755,0.996704
cd/490264,seed1,110,10,0.82051282,0.88034188,0.40886485,3,34-,34-,1,3,0.5,0.94764706,0.99856997,0.99607465,0.97867893,0.95054707,0.99899418
cd/490264,seed1,115,10,0.75728155,0.84466019,0.48999757,3,34-,34-,1,3,0.5,0.94764706,0.99759254,0.99411274,0.96326042,0.94121591,0.99727845
cd/490264,seed2,100,10,0.57831325,0.73493976,0.68960055,3,34-,34-,1,3,0.5,0.94764706,0.98954045,0.97969948,0.86860268,0.94594812,0.98387613
cd/490264,seed2,105,10,0.6367713,0.76681614,0.64005284,3,34-,34-,1,3,0.5,0.94764706,0.99351777,0.9858036,0.90297056,0.95287755,0.99131376
cd/490264,seed2,110,10,0.6504065,0.80487805,0.54015135,3,34-,34-,1,3,0.5,0.94764706,0.99420369,0.99076014,0.94883942,0.95054707,0.98971837
cd/490264,seed2,115,10,0.61818182,0.78181818,0.5891873,3,34-,34-,1,3,0.5,0.94764706,0.99245102,0.98801115,0.92968022,0.94121591,0.97880533
cd/490264,seed3,100,10,0.57831325,0.73493976,0.68960055,3,34-,34-,1,3,0.5,0.94764706,0.98954045,0.97969948,0.86860268,0.94594812,0.99468032
cd/490264,seed3,105,10,0.64638783,0.78707224,0.59548133,3,34-,34-,1,3,0.5,0.94764706,0.99400939,0.98870116,0.92678637,0.95287755,0.9973711
cd/490264,seed3,110,10,0.85232068,0.907173,0.33845427,3,34-,34-,1,3,0.5,0.94764706,0.99889978,0.99710723,0.98677763,0.95054707,0.9993874
cd/490264,seed3,115,10,0.90502793,0.94413408,0.22716301,3,34-,34-,1,3,0.5,0.94764706,0.99928759,0.99810105,0.99382315,0.94121591,0.99937811
cd/490264,seed4,100,10,0.57831325,0.73493976,0.68960055,3,34-,34-,1,3,0.5,0.94764706,0.98954045,0.97969948,0.86860268,0.94594812,0.99204707
cd/490264,seed4,105,10,0.46090535,0.65432099,0.80272335,3,34-,34-,1,3,0.5,0.94764706,0.97289985,0.95056204,0.75171909,0.95287755,0.98134196
cd/490264,seed4,110,10,0.73366834,0.82914573,0.52291443,3,34-,34-,1,3,0.5,0.94764706,0.99707605,0.9929801,0.95431625,0.95054707,0.99749601
cd/490264,seed4,115,10,0.84210526,0.89473684,0.3727053,3,34-,34-,1,3,0.5,0.94764706,0.99880312,0.99666747,0.9833099,0.94121591,0.99841307
cd/490264,seed5,100,10,0.57831325,0.73493976,0.68960055,3,34-,34-,1,3,0.5,0.94764706,0.98954045,0.97969948,0.86860268,0.94594812,0.99236405
cd/490264,seed5,105,10,0.68592058,0.81949458,0.52393268,3,34-,34-,1,3,0.5,0.94764706,0.99566989,0.99216893,0.95400884,0.95287755,0.99729416
cd/490264,seed5,110,10,0.70921986,0.81560284,0.54943814,3,34-,34-,1,3,0.5,0.94764706,0.99642467,0.9918161,0.94563654,0.95054707,0.99704491
cd/490264,seed5,115,10,0.63917526,0.77319588,0.62699524,3,34-,34-,1,3,0.5,0.94764706,0.9936443,0.98678753,0.91058582,0.94121591,0.99156113
cd/490266,seed1,100,10,0.44295302,0.67337808,0.56881307,5,92-,92-,1,0,0.5,0.92261905,0.95834433,0.94435091,0.91228064,0.91914226,0.96144837
cd/490266,seed1,105,10,0.56996002,0.72587093,0.50935533,5,92-,92-,1,0,0.5,0.92261905,0.98302499,0.96591162,0.93354605,0.93324111,0.98739251
cd/490266,seed1,110,10,0.71946458,0.81372002,0.38881444,5,92-,92-,1,0,0.5,0.92261905,0.99420837,0.98525671,0.96274681,0.92614664,0.99414085
cd/490266,seed1,115,10,0.70677507,0.81138211,0.39843571,5,92-,92-,1,0,0.5,0.92261905,0.99365235,0.98492133,0.96096197,0.91194637,0.98952008
cd/490266,seed2,100,10,0.44295302,0.67337808,0.56881307,5,92-,92-,1,0,0.5,0.92261905,0.95834433,0.94435091,0.91228064,0.91914226,0.9401226
cd/490266,seed2,105,10,0.62435678,0.76672384,0.45720167,5,92-,92-,1,0,0.5,0.92261905,0.98850479,0.97686756,0.94815309,0.93324111,0.98670701
cd/490266,seed2,110,10,0.62088219,0.75656058,0.46863784,5,92-,92-,1,0,0.5,0.92261905,0.98821426,0.97451509,0.94523531,0.92614664,0.98073013
cd/490266,seed2,115,10,0.64648772,0.79668761,0.3929561,5,92-,92-,1,0,0.5,0.92261905,0.99019604,0.9826347,0.96198832,0.91194637,0.97420991
cd/490266,seed3,100,10,0.44295302,0.67337808,0.56881307,5,92-,92-,1,0,0.5,0.92261905,0.95834433,0.94435091,0.91228064,0.91914226,0.97716479
cd/490266,seed3,105,10,0.55252918,0.73096165,0.49402922,5,92-,92-,1,0,0.5,0.92261905,0.98077629,0.96751132,0.93819565,0.93324111,0.99158757
cd/490266,seed3,110,10,0.62988752,0.76754151,0.45801943,5,92-,92-,1,0,0.5,0.92261905,0.98895272,0.97704734,0.94794943,0.92614664,0.99330794
cd/490266,seed3,115,10,0.63349385,0.76672017,0.44849833,5,92-,92-,1,0,0.5,0.92261905,0.98923545,0.97686675,0.95027451,0.91194637,0.98940327
cd/490266,seed4,100,10,0.44295302,0.67337808,0.56881307,5,92-,92-,1,0,0.5,0.92261905,0.95834433,0.94435091,0.91228064,0.91914226,0.97108605
cd/490266,seed4,105,10,0.56638177,0.73105413,0.49605612,5,92-,92-,1,0,0.5,0.92261905,0.98258551,0.9675397,0.93759864,0.93324111,0.99035396
cd/490266,seed4,110,10,0.64690588,0.77015081,0.43765688,5,92-,92-,1,0,0.5,0.92261905,0.99022551,0.97761195,0.95280212,0.92614664,0.99250388
cd/490266,seed4,115,10,0.67782851,0.79705733,0.40787464,5,92-,92-,1,0,0.5,0.92261905,0.9921776,0.98269621,0.9591314,0.91194637,0.99031759
cd/490266,seed5,100,10,0.44295302,0.67337808,0.56881307,5,92-,92-,1,0,0.5,0.92261905,0.95834433,0.94435091,0.91228064,0.91914226,0.97358925
cd/490266,seed5,105,10,0.55292076,0.72469636,0.50279261,5,92-,92-,1,0,0.5,0.92261905,0.98082988,0.96553187,0.93557555,0.93324111,0.99027621
cd/490266,seed5,110,10,0.67622725,0.79591837,0.42208001,5,92-,92-,1,0,0.5,0.92261905,0.99208675,0.98250603,0.9562208,0.92614664,0.99451089
cd/490266,seed5,115,10,0.73104201,0.82214948,0.37749096,5,92-,92-,1,0,0.5,0.92261905,0.99467329,0.98640604,0.96474701,0.91194637,0.99406558
cd/490267,seed1,100,10,0.59857482,0.7672209,0.44232,5,75-,75-,1,1,0.5,0.92647059,0.98744992,0.9801421,0.96198359,0.93163344,0.99076614
cd/490267,seed1,105,10,0.59760956,0.77347752,0.42858741,5,75-,75-,1,1,0.5,0.92647059,0.98735864,0.98130649,0.9649509,0.93176399,0.98991047
cd/490267,seed1,110,10,0.73640601,0.85189021,0.32219813,5,75-,75-,1,1,0.5,0.92647059,0.99556326,0.99127575,0.98145415,0.92708939,0.99530748
cd/490267,seed1,115,10,0.85260546,0.92158809,0.19317708,5,75-,75-,1,1,0.5,0.92647059,0.99816139,0.99558905,0.99151774,0.91539599,0.99724458
cd/490267,seed2,100,10,0.59857482,0.7672209,0.44232,5,75-,75-,1,1,0.5,0.92647059,0.98744992,0.9801421,0.96198359,0.93163344,0.98596305
cd/490267,seed2,105,10,0.60141381,0.77922784,0.40924144,5,75-,75-,1,1,0.5,0.92647059,0.98771463,0.98231743,0.96875504,0.93176399,0.98511508
cd/490267,seed2,110,10,0.69492412,0.84196756,0.30137035,5,75-,75-,1,1,0.5,0.92647059,0.99392805,0.99038883,0.98364477,0.92708939,0.99011319
cd/490267,seed2,115,10,0.8015992,0.89905047,0.21445331,5,75-,75-,1,1,0.5,0.92647059,0.99729267,0.99449897,0.990345,0.91539599,0.9937315
cd/490267,seed3,100,10,0.59857482,0.7672209,0.44232,5,75-,75-,1,1,0.5,0.92647059,0.98744992,0.9801421,0.96198359,0.93163344,0.99486062
cd/490267,seed3,105,10,0.62382271,0.78836565,0.40830769,5,75-,75-,1,1,0.5,0.92647059,0.98961927,0.98381449,0.96892818,0.93176399,0.99542557
cd/490267,seed3,110,10,0.65406824,0.8152231,0.34982821,5,75-,75-,1,1,0.5,0.92647059,0.99173429,0.98752904,0.97809904,0.92708939,0.9950258
cd/490267,seed3,115,10,0.71524548,0.8501292,0.2972345,5,75-,75-,1,1,0.5,0.92647059,0.99479282,0.99112449,0.98404847,0.91539599,0.995501
cd/490267,seed4,100,10,0.59857482,0.7672209,0.44232,5,75-,75-,1,1,0.5,0.92647059,0.98744992,0.9801421,0.96198359,0.93163344,0.99168261
cd/490267,seed4,105,10,0.58148779,0.76831346,0.42770412,5,75-,75-,1,1,0.5,0.92647059,0.9857336,0.98035043,0.96513393,0.93176399,0.98969293
cd/490267,seed4,110,10,0.71018277,0.84438642,0.31232937,5,75-,75-,1,1,0.5,0.92647059,0.99458957,0.99061294,0.98252587,0.92708939,0.99481069
cd/490267,seed4,115,10,0.82826199,0.90716864,0.21912776,5,75-,75-,1,1,0.5,0.92647059,0.99778837,0.99491948,0.99006656,0.91539599,0.9969969
cd/490267,seed5,100,10,0.59857482,0.7672209,0.44232,5,75-,75-,1,1,0.5,0.92647059,0.98744992,0.9801421,0.96198359,0.93163344,0.99370257
cd/490267,seed5,105,10,0.58366197,0.76225352,0.44282422,5,75-,75-,1,1,0.5,0.92647059,0.98596422,0.9791673,0.96187016,0.93176399,0.99232387
cd/490267,seed5,110,10,0.685077,0.82899628,0.3397315,5,75-,75-,1,1,0.5,0.92647059,0.99345906,0.98909356,0.97938884,0.92708939,0.99521948
cd/490267,seed5,115,10,0.73700463,0.86103963,0.28432983,5,75-,75-,1,1,0.5,0.92647059,0.99558332,0.99202144,0.98524609,0.91539599,0.99535095
cd/490268,seed1,100,10,0.54295533,0.72508591,0.6952912,3,11+,11+,1,2,0.5,0.92294118,0.982402,0.96822353,0.82746657,0.92007543,0.98591132
cd/490268,seed1,105,10,0.50939144,0.73253193,0.63792392,3,11+,11+,1,2,0.5,0.92294118,0.97729718,0.97039248,0.87160776,0.93168998,0.9837927
cd/490268,seed1,110,10,0.56496445,0.76599871,0.5818275,3,11+,11+,1,2,0.5,0.92294118,0.98511861,0.97848988,0.905083,0.92467754,0.98534677
cd/490268,seed1,115,10,0.74725275,0.86581839,0.40279666,3,11+,11+,1,2,0.5,0.92294118,0.99633138,0.99179883,0.96575627,0.91532192,0.99523361
cd/490268,seed2,100,10,0.54295533,0.72508591,0.6952912,3,11+,11+,1,2,0.5,0.92294118,0.982402,0.96822353,0.82746657,0.92007543,0.97293344
cd/490268,seed2,105,10,0.21953328,0.58167675,0.76893658,3,11+,11+,1,2,0.5,0.92294118,0.82019685,0.88205248,0.75430574,0.93168998,0.75408335
cd/490268,seed2,110,10,0.05947324,0.52081563,0.69951478,3,11+,11+,1,2,0.5,0.92294118,0.56910485,0.8046891,0.82378367,0.92467754,0.37696002
cd/490268,seed2,115,10,0.30202855,0.64838467,0.61510566,3,11+,11+,1,2,0.5,0.92294118,0.89627584,0.93495572,0.88629667,0.91532192,0.75265136
cd/490268,seed3,100,10,0.54295533,0.72508591,0.6952912,3,11+,11+,1,2,0.5,0.92294118,0.982402,0.96822353,0.82746657,0.92007543,0.99040382
cd/490268,seed3,105,10,0.45973417,0.70602033,0.66994908,3,11+,11+,1,2,0.5,0.92294118,0.96700229,0.96194721,0.84829288,0.93168998,0.9836522
cd/490268,seed3,110,10,0.36350677,0.6678546,0.66560644,3,11+,11+,1,2,0.5,0.92294118,0.9329299,0.94563537,0.85164697,0.92467754,0.95188941
cd/490268,seed3,115,10,0.46662428,0.71392244,0.64820079,3,11+,11+,1,2,0.5,0.92294118,0.96866305,0.9646814,0.86447928,0.91532192,0.97024429
cd/490268,seed4,100,10,0.54295533,0.72508591,0.6952912,3,11+,11+,1,2,0.5,0.92294118,0.982402,0.96822353,0.82746657,0.92007543,0.98713502
cd/490268,seed4,105,10,0.39933166,0.66917293,0.72170174,3,11+,11+,1,2,0.5,0.92294118,0.94833927,0.94629543,0.80342027,0.93168998,0.96502184
cd/490268,seed4,110,10,0.59475655,0.78277154,0.55446665,3,11+,11+,1,2,0.5,0.92294118,0.98814824,0.98168915,0.91839579,0.92467754,0.98942692
cd/490268,seed4,115,10,0.70232851,0.83134047,0.49674524,3,11+,11+,1,2,0.5,0.92294118,0.99481289,0.98854179,0.9410532,0.91532192,0.9937818
cd/490268,seed5,100,10,0.54295533,0.72508591,0.6952912,3,11+,11+,1,2,0.5,0.92294118,0.982402,0.96822353,0.82746657,0.92007543,0.99054669
cd/490268,seed5,105,10,0.47619048,0.70927318,0.68048028,3,11+,11+,1,2,0.5,0.92294118,0.97083531,0.96309652,0.83990037,0.93168998,0.9858529
cd/490268,seed5,110,10,0.52332657,0.74036511,0.62675571,3,11+,11+,1,2,0.5,0.92294118,0.97957208,0.97251914,0.87898943,0.92467754,0.98633112
cd/490268,seed5,115,10,0.65895954,0.82273603,0.46870237,3,11+,11+,1,2,0.5,0.92294118,0.99275761,0.98754675,0.94979918,0.91532192,0.99355906
cd/490270,seed1,100,10,0.45033113,0.72516556,0.84831653,2,88-,88-,1,2,0.5,0.92294118,0.96459813,0.96824753,0.65495868,0.92007543,0.97088836
cd/490270,seed1,105,10,0.46852123,0.73426061,0.83528426,2,88-,88-,1,2,0.5,0.92294118,0.96910589,0.97087512,0.67257267,0.93168998,0.97766332
cd/490270,seed1,110,10,0.58707124,0.79353562,0.73466995,2,88-,88-,1,2,0.5,0.92294118,0.98743062,0.98349124,0.7907185,0.92467754,0.98769317
cd/490270,seed1,115,10,0.66998755,0.83499377,0.64615264,2,88-,88-,1,2,0.5,0.92294118,0.99334649,0.98894012,0.8659261,0.91532192,0.99119124
cd/490270,seed2,100,10,0.45033113,0.72516556,0.84831653,2,88-,88-,1,2,0.5,0.92294118,0.96459813,0.96824753,0.65495868,0.92007543,0.94484614
cd/490270,seed2,105,10,0.37164179,0.6858209,0.89793876,2,88-,88-,1,2,0.5,0.92294118,0.9367658,0.95400461,0.58427497,0.93168998,0.91194259
cd/490270,seed2,110,10,0.56705539,0.7835277,0.75367352,2,88-,88-,1,2,0.5,0.92294118,0.98535413,0.98182181,0.77103379,0.92467754,0.9723176
cd/490270,seed2,115,10,0.72546012,0.86273006,0.57704413,2,88-,88-,1,2,0.5,0.92294118,0.99565989,0.99154907,0.90754294,0.91532192,0.98902218
cd/490270,seed3,100,10,0.45033113,0.72516556,0.84831653,2,88-,88-,1,2,0.5,0.92294118,0.96459813,0.96824753,0.65495868,0.92007543,0.98007446
cd/490270,seed3,105,10,0.43361582,0.71680791,0.85976388,2,88-,88-,1,2,0.5,0.92294118,0.95990205,0.96563184,0.63912576,0.93168998,0.97992885
cd/490270,seed3,110,10,0.55088195,0.77544098,0.7684052,2,88-,88-,1,2,0.5,0.92294118,0.98343237,0.98035277,0.75490174,0.92467754,0.98884011
cd/490270,seed3,115,10,0.59259259,0.7962963,0.72927394,2,88-,88-,1,2,0.5,0.92294118,0.98795038,0.9839246,0.79607567,0.91532192,0.98893068
cd/490270,seed4,100,10,0.45033113,0.72516556,0.84831653,2,88-,88-,1,2,0.5,0.92294118,0.96459813,0.96824753,0.65495868,0.92007543,0.97338169
cd/490270,seed4,105,10,0.39936609,0.69968304,0.881678,2,88-,88-,1,2,0.5,0.92294118,0.94835233,0.95960866,0.60798225,0.93168998,0.96503114
cd/490270,seed4,110,10,0.67529107,0.83764554,0.63991254,2,88-,88-,1,2,0.5,0.92294118,0.9936125,0.98922064,0.87025378,0.92467754,0.99442128
cd/490270,seed4,115,10,0.83793517,0.91896759,0.40580656,2,88-,88-,1,2,0.5,0.92294118,0.99817891,0.99511093,0.96514821,0.91532192,0.99789026
cd/490270,seed5,100,10,0.45033113,0.72516556,0.84831653,2,88-,88-,1,2,0.5,0.92294118,0.96459813,0.96824753,0.65495868,0.92007543,0.98036808
cd/490270,seed5,105,10,0.47562777,0.73781388,0.83002736,2,88-,88-,1,2,0.5,0.92294118,0.97071167,0.97184333,0.67954572,0.93168998,0.98578997
cd/490270,seed5,110,10,0.47090663,0.73545332,0.83353017,2,88-,88-,1,2,0.5,0.92294118,0.96965418,0.97120366,0.67490807,0.92467754,0.97935536
cd/490270,seed5,115,10,0.56129808,0.78064904,0.75898061,2,88-,88-,1,2,0.5,0.92294118,0.98469661,0.98131166,0.76530953,0.91532192,0.98603576
cd/490271,seed1,100,10,0.63576159,0.76600442,0.47571178,5,95-,95-,1,2,0.5,0.92294118,0.99134473,0.97849106,0.94773576,0.92007543,0.99324553
cd/490271,seed1,105,10,0.57158177,0.74262735,0.48758375,5,95-,95-,1,2,0.5,0.92294118,0.98585146,0.9731052,0.94405711,0.93168998,0.99008323
cd/490271,seed1,110,10,0.64066563,0.78471139,0.42772691,5,95-,95-,1,2,0.5,0.92294118,0.99166457,0.9820276,0.96039565,0.92467754,0.99195037
cd/490271,seed1,115,10,0.73256397,0.84044155,0.34486953,5,95-,95-,1,2,0.5,0.92294118,0.99589124,0.9895088,0.97564284,0.91532192,0.99464235
cd/490271,seed2,100,10,0.63576159,0.76600442,0.47571178,5,95-,95-,1,2,0.5,0.92294118,0.99134473,0.97849106,0.94773576,0.92007543,0.98693406
cd/490271,seed2,105,10,0.51503554,0.71787862,0.49585605,5,95-,95-,1,2,0.5,0.92294118,0.97824696,0.9659782,0.94135126,0.93168998,0.97025609
cd/490271,seed2,110,10,0.38767507,0.67507003,0.47618635,5,95-,95-,1,2,0.5,0.92294118,0.94373366,0.94915644,0.9475932,0.92467754,0.89317548
cd/490271,seed2,115,10,0.49485652,0.73578776,0.41567919,5,95-,95-,1,2,0.5,0.92294118,0.974661,0.97129514,0.96307985,0.91532192,0.934361
cd/490271,seed3,100,10,0.63576159,0.76600442,0.47571178,5,95-,95-,1,2,0.5,0.92294118,0.99134473,0.97849106,0.94773576,0.92007543,0.99541023
cd/490271,seed3,105,10,0.57730871,0.73825858,0.47820403,5,95-,95-,1,2,0.5,0.92294118,0.98645691,0.97196228,0.94698297,0.93168998,0.9935547
cd/490271,seed3,110,10,0.4821521,0.70822556,0.48891582,5,95-,95-,1,2,0.5,0.92294118,0.97211442,0.96273006,0.94362946,0.92467754,0.98081533
cd/490271,seed3,115,10,0.52191436,0.73400504,0.46170813,5,95-,95-,1,2,0.5,0.92294118,0.97935209,0.97080425,0.95178106,0.91532192,0.98067656
cd/490271,seed4,100,10,0.63576159,0.76600442,0.47571178,5,95-,95-,1,2,0.5,0.92294118,0.99134473,0.97849106,0.94773576,0.92007543,0.99383618
cd/490271,seed4,105,10,0.57127488,0.73641743,0.48553965,5,95-,95-,1,2,0.5,0.92294118,0.98581828,0.9714666,0.94470741,0.93168998,0.99092585
cd/490271,seed4,110,10,0.63958869,0.78920308,0.4188844,5,95-,95-,1,2,0.5,0.92294118,0.99159535,0.98278787,0.96238331,0.92467754,0.99259034
cd/490271,seed4,115,10,0.72274764,0.84270781,0.33621111,5,95-,95-,1,2,0.5,0.92294118,0.99556817,0.98973676,0.97685851,0.91532192,0.99471413
cd/490271,seed5,100,10,0.63576159,0.76600442,0.47571178,5,95-,95-,1,2,0.5,0.92294118,0.99134473,0.97849106,0.94773576,0.92007543,0.99547891
cd/490271,seed5,105,10,0.59989288,0.75040171,0.48257141,5,95-,95-,1,2,0.5,0.92294118,0.98860513,0.975028,0.94563905,0.93168998,0.994695
cd/490271,seed5,110,10,0.65537321,0.79671784,0.41139504,5,95-,95-,1,2,0.5,0.92294118,0.99255517,0.98398977,0.96399152,0.92467754,0.99520524
cd/490271,seed5,115,10,0.76606684,0.8714653,0.28249431,5,95-,95-,1,2,0.5,0.92294118,0.99682719,0.99223672,0.98317755,0.91532192,0.99725609
cd/490274,seed1,100,10,0.81818182,0.86898396,0.38123979,4,55-,55-,1,4,0.5,0.92411765,0.99754603,0.99293105,0.96771449,0.91550698,0.99790945
cd/490274,seed1,105,10,0.85621762,0.90220207,0.30423671,4,55-,55-,1,4,0.5,0.92411765,0.99815652,0.99495783,0.97848976,0.92932656,0.99889929
cd/490274,seed1,110,10,0.92298289,0.950489,0.17747358,4,55-,55-,1,4,0.5,0.92411765,0.99888463,0.99691765,0.9890588,0.93166315,0.99918083
cd/490274,seed1,115,10,0.91476591,0.95138055,0.16351428,4,55-,55-,1,4,0.5,0.92411765,0.99881346,0.99694556,0.98984762,0.91997388,0.99866166
cd/490274,seed2,100,10,0.81818182,0.86898396,0.38123979,4,55-,55-,1,4,0.5,0.92411765,0.99754603,0.99293105,0.96771449,0.91550698,0.99588396
cd/490274,seed2,105,10,0.86814621,0.91449086,0.2666458,4,55-,55-,1,4,0.5,0.92411765,0.99831476,0.99555098,0.98238322,0.92932656,0.99802321
cd/490274,seed2,110,10,0.96902655,0.97861357,0.08929584,4,55-,55-,1,4,0.5,0.92411765,0.99921141,0.99768671,0.99318587,0.93166315,0.99887209
cd/490274,seed2,115,10,0.98457223,0.99088359,0.04263532,4,55-,55-,1,4,0.5,0.92411765,0.99929853,0.99795911,0.99469983,0.91997388,0.99846899
cd/490274,seed3,100,10,0.81818182,0.86898396,0.38123979,4,55-,55-,1,4,0.5,0.92411765,0.99754603,0.99293105,0.96771449,0.91550698,0.99862882
cd/490274,seed3,105,10,0.86821705,0.91795866,0.2537741,4,55-,55-,1,4,0.5,0.92411765,0.99831566,0.99570543,0.9835503,0.92932656,0.99934278
cd/490274,seed3,110,10,0.91165173,0.94430218,0.19166,4,55-,55-,1,4,0.5,0.92411765,0.99878531,0.99671686,0.98819508,0.93166315,0.99941332
cd/490274,seed3,115,10,0.92088197,0.9539559,0.15627869,4,55-,55-,1,4,0.5,0.92411765,0.99886685,0.99702476,0.99023407,0.91997388,0.99916329
cd/490274,seed4,100,10,0.81818182,0.86898396,0.38123979,4,55-,55-,1,4,0.5,0.92411765,0.99754603,0.99293105,0.96771449,0.91550698,0.99772708
cd/490274,seed4,105,10,0.84953395,0.90346205,0.29544505,4,55-,55-,1,4,0.5,0.92411765,0.99806147,0.9950221,0.97946971,0.92932656,0.99873916
cd/490274,seed4,110,10,0.93020305,0.95621827,0.15702559,4,55-,55-,1,4,0.5,0.92411765,0.99894364,0.99709265,0.99019486,0.93166315,0.99915804
cd/490274,seed4,115,10,0.96759259,0.98206019,0.07234243,4,55-,55-,1,4,0.5,0.92411765,0.99920285,0.9977667,0.99378012,0.91997388,0.999036
cd/490274,seed5,100,10,0.81818182,0.86898396,0.38123979,4,55-,55-,1,4,0.5,0.92411765,0.99754603,0.99293105,0.96771449,0.91550698,0.99843965
cd/490274,seed5,105,10,0.84848485,0.9057971,0.28771047,4,55-,55-,1,4,0.5,0.92411765,0.99804611,0.99513907,0.9802956,0.92932656,0.99912761
cd/490274,seed5,110,10,0.9161529,0.94389642,0.19405145,4,55-,55-,1,4,0.5,0.92411765,0.99882578,0.99670325,0.98804299,0.93166315,0.99935534
cd/490274,seed5,115,10,0.96800948,0.97808057,0.09175686,4,55-,55-,1,4,0.5,0.92411765,0.99920534,0.99767409,0.99309505,0.91997388,0.99934064
cd/490275,seed1,100,10,0.79032258,0.89516129,0.48414891,2,59-,59-,1,4,0.5,0.92411765,0.99697442,0.99458319,0.94494584,0.91550698,0.99740302
cd/490275,seed1,105,10,0.91139241,0.9556962,0.26168834,2,59-,59-,1,4,0.5,0.92411765,0.99878294,0.99707713,0.98284204,0.92932656,0.99928415
cd/490275,seed1,110,10,0.92016807,0.96008403,0.24190677,2,59-,59-,1,4,0.5,0.92411765,0.99886074,0.9972051,0.98455878,0.93166315,0.99916265
cd/490275,seed1,115,10,0.97787611,0.98893805,0.08775373,2,59-,59-,1,4,0.5,0.92411765,0.99926225,0.99791816,0.99324218,0.91997388,0.99918176
cd/490275,seed2,100,10,0.79032258,0.89516129,0.48414891,2,59-,59-,1,4,0.5,0.92411765,0.99697442,0.99458319,0.94494584,0.91550698,0.99488937
cd/490275,seed2,105,10,0.86637931,0.93318966,0.35390613,2,59-,59-,1,4,0.5,0.92411765,0.99829221,0.99632293,0.97203392,0.92932656,0.99799582
cd/490275,seed2,110,10,0.88484848,0.94242424,0.31774545,2,59-,59-,1,4,0.5,0.92411765,0.99851379,0.99665338,0.97689428,0.93166315,0.99782659
cd/490275,seed2,115,10,0.86315789,0.93157895,0.36000351,2,59-,59-,1,4,0.5,0.92411765,0.99825031,0.99626205,0.97112182,0.91997388,0.99606031
cd/490275,seed3,100,10,0.79032258,0.89516129,0.48414891,2,59-,59-,1,4,0.5,0.92411765,0.99697442,0.99458319,0.94494584,0.91550698,0.99829636
cd/490275,seed3,105,10,0.92946058,0.96473029,0.22016676,2,59-,59-,1,4,0.5,0.92411765,0.99893772,0.99733453,0.98625078,0.92932656,0.9995924
cd/490275,seed3,110,10,0.93624161,0.96812081,0.20373011,2,59-,59-,1,4,0.5,0.92411765,0.99899059,0.99742518,0.98740741,0.93166315,0.99951572
cd/490275,seed3,115,10,0.96636086,0.98318043,0.12319006,2,59-,59-,1,4,0.5,0.92411765,0.99919542,0.9977921,0.99182364,0.91997388,0.99941314
cd/490275,seed4,100,10,0.79032258,0.89516129,0.48414891,2,59-,59-,1,4,0.5,0.92411765,0.99697442,0.99458319,0.94494584,0.91550698,0.99717659
cd/490275,seed4,105,10,0.88655462,0.94327731,0.31429544,2,59-,59-,1,4,0.5,0.92411765,0.99853275,0.99668237,0.97731241,0.92932656,0.99905525
cd/490275,seed4,110,10,0.94508671,0.97254335,0.18147213,2,59-,59-,1,4,0.5,0.92411765,0.99905563,0.99753883,0.98882188,0.93166315,0.9992503
cd/490275,seed4,115,10,0.98143236,0.99071618,0.07600703,2,59-,59-,1,4,0.5,0.92411765,0.99928175,0.99795562,0.99365619,0.91997388,0.99913461
cd/490275,seed5,100,10,0.79032258,0.89516129,0.48414891,2,59-,59-,1,4,0.5,0.92411765,0.99697442,0.99458319,0.94494584,0.91550698,0.99806141
cd/490275,seed5,105,10,0.84120172,0.92060086,0.40005848,2,59-,59-,1,4,0.5,0.92411765,0.99793609,0.9958195,0.9643728,0.92932656,0.99907663
cd/490275,seed5,110,10,0.85067873,0.92533937,0.38308031,2,59-,59-,1,4,0.5,0.92411765,0.99807809,0.99601658,0.96740151,0.93166315,0.99892585
cd/490275,seed5,115,10,0.92718447,0.96359223,0.22557225,2,59-,59-,1,4,0.5,0.92411765,0.99891936,0.99730339,0.98584798,0.91997388,0.99909345
cd/490276,seed1,100,10,0.64362851,0.79265659,0.42853249,5,83-,83-,1,3,0.5,0.94764706,0.99387225,0.98939153,0.97565416,0.94594812,0.99615623
cd/490276,seed1,105,10,0.72375979,0.83916449,0.36150891,5,83-,83-,1,3,0.5,0.94764706,0.99682768,0.99373397,0.98453202,0.95287755,0.99828585
cd/490276,seed1,110,10,0.79401496,0.8882793,0.25848894,5,83-,83-,1,3,0.5,0.94764706,0.99822103,0.99641345,0.99234351,0.95054707,0.9987414
cd/490276,seed1,115,10,0.85205344,0.9238001,0.17981433,5,83-,83-,1,3,0.5,0.94764706,0.99889735,0.99760612,0.99553756,0.94121591,0.99877867
cd/490276,seed2,100,10,0.64362851,0.79265659,0.42853249,5,83-,83-,1,3,0.5,0.94764706,0.99387225,0.98939153,0.97565416,0.94594812,0.9906636
cd/490276,seed2,105,10,0.67514573,0.81981982,0.37015428,5,83-,83-,1,3,0.5,0.94764706,0.9952691,0.99219772,0.98359644,0.95287755,0.99370912
cd/490276,seed2,110,10,0.63585003,0.81407293,0.3228787,5,83-,83-,1,3,0.5,0.94764706,0.99346862,0.99167313,0.98810944,0.95054707,0.98838484
cd/490276,seed2,115,10,0.6394352,0.81744831,0.31158455,5,83-,83-,1,3,0.5,0.94764706,0.99365784,0.99198534,0.98899141,0.94121591,0.98223518
cd/490276,seed3,100,10,0.64362851,0.79265659,0.42853249,5,83-,83-,1,3,0.5,0.94764706,0.99387225,0.98939153,0.97565416,0.94594812,0.99693385
cd/490276,seed3,105,10,0.72943611,0.84790481,0.33331943,5,83-,83-,1,3,0.5,0.94764706,0.99697243,0.99432558,0.9872322,0.95287755,0.99869731
cd/490276,seed3,110,10,0.71220492,0.85032647,0.29508319,5,83-,83-,1,3,0.5,0.94764706,0.99651137,0.99447944,0.9901649,0.95054707,0.99799546
cd/490276,seed3,115,10,0.73751854,0.86554622,0.26490533,5,83-,83-,1,3,0.5,0.94764706,0.99716724,0.99535577,0.99199955,0.94121591,0.99743502
cd/490276,seed4,100,10,0.64362851,0.79265659,0.42853249,5,83-,83-,1,3,0.5,0.94764706,0.99387225,0.98939153,0.97565416,0.94594812,0.99541096
cd/490276,seed4,105,10,0.69538142,0.82874935,0.36371718,5,83-,83-,1,3,0.5,0.94764706,0.99599383,0.99294849,0.98429816,0.95287755,0.99739777
cd/490276,seed4,110,10,0.83158421,0.90704648,0.22884645,5,83-,83-,1,3,0.5,0.94764706,0.99869468,0.99710306,0.9937514,0.95054707,0.99890594
cd/490276,seed4,115,10,0.88094072,0.93630573,0.1667971,5,83-,83-,1,3,0.5,0.94764706,0.99913105,0.99792392,0.99591948,0.94121591,0.99885742
cd/490276,seed5,100,10,0.64362851,0.79265659,0.42853249,5,83-,83-,1,3,0.5,0.94764706,0.99387225,0.98939153,0.97565416,0.94594812,0.99559446
cd/490276,seed5,105,10,0.70244919,0.82803544,0.37409207,5,83-,83-,1,3,0.5,0.94764706,0.99621997,0.9928912,0.98315207,0.95287755,0.99764684
cd/490276,seed5,110,10,0.7211094,0.85002568,0.31198172,5,83-,83-,1,3,0.5,0.94764706,0.99675775,0.99446056,0.98896152,0.95054707,0.99732726
cd/490276,seed5,115,10,0.7997993,0.89764175,0.21931431,5,83-,83-,1,3,0.5,0.94764706,0.99830382,0.99677581,0.99414698,0.94121591,0.99782164
cd/490279,seed1,100,10,0.59142212,0.72460497,0.54965107,5,50-,50-,1,1,0.5,0.92647059,0.98675777,0.9700968,0.92902005,0.93163344,0.99023612
cd/490279,seed1,105,10,0.52874798,0.68726491,0.57636168,5,50-,50-,1,1,0.5,0.92647059,0.97884455,0.95737359,0.91741043,0.93176399,0.98276849
cd/490279,seed1,110,10,0.60627895,0.74987133,0.47275741,5,50-,50-,1,1,0.5,0.92647059,0.9881555,0.97652911,0.95452397,0.92708939,0.98702869
cd/490279,seed1,115,10,0.69087242,0.81543116,0.38422366,5,50-,50-,1,1,0.5,0.92647059,0.99373927,0.98755425,0.97308578,0.91539599,0.99021736
cd/490279,seed2,100,10,0.59142212,0.72460497,0.54965107,5,50-,50-,1,1,0.5,0.92647059,0.98675777,0.9700968,0.92902005,0.93163344,0.98516146
cd/490279,seed2,105,10,0.55919956,0.71206226,0.53843675,5,50-,50-,1,1,0.5,0.92647059,0.98314338,0.96629798,0.93343008,0.93176399,0.97936371
cd/490279,seed2,110,10,0.5163297,0.7190254,0.48839924,5,50-,50-,1,1,0.5,0.92647059,0.97679828,0.96846104,0.95016663,0.92708939,0.9608221
cd/490279,seed2,115,10,0.5778003,0.76989356,0.41173988,5,50-,50-,1,1,0.5,0.92647059,0.98533389,0.98064795,0.96828719,0.91539599,0.96452725
cd/490279,seed3,100,10,0.59142212,0.72460497,0.54965107,5,50-,50-,1,1,0.5,0.92647059,0.98675777,0.9700968,0.92902005,0.93163344,0.99456433
cd/490279,seed3,105,10,0.56127321,0.71140584,0.53495242,5,50-,50-,1,1,0.5,0.92647059,0.9834027,0.96608683,0.93474765,0.93176399,0.99253422
cd/490279,seed3,110,10,0.48788035,0.68231047,0.54817283,5,50-,50-,1,1,0.5,0.92647059,0.97135577,0.95533749,0.92961645,0.92708939,0.98182383
cd/490279,seed3,115,10,0.57577293,0.74049671,0.48415347,5,50-,50-,1,1,0.5,0.92647059,0.98510945,0.97431747,0.95138704,0.91539599,0.98662161
cd/490279,seed4,100,10,0.59142212,0.72460497,0.54965107,5,50-,50-,1,1,0.5,0.92647059,0.98675777,0.9700968,0.92902005,0.93163344,0.99120473
cd/490279,seed4,105,10,0.5056,0.6832,0.56592071,5,50-,50-,1,1,0.5,0.92647059,0.97487562,0.95570976,0.92214123,0.93176399,0.98141665
cd/490279,seed4,110,10,0.48963075,0.7066262,0.50261315,5,50-,50-,1,1,0.5,0.92647059,0.97172377,0.96451044,0.9458665,0.92708939,0.97120888
cd/490279,seed4,115,10,0.68796805,0.79331003,0.41984454,5,50-,50-,1,1,0.5,0.92647059,0.99360037,0.98457182,0.96672242,0.91539599,0.9909857
cd/490279,seed5,100,10,0.59142212,0.72460497,0.54965107,5,50-,50-,1,1,0.5,0.92647059,0.98675777,0.9700968,0.92902005,0.93163344,0.99333997
cd/490279,seed5,105,10,0.56769984,0.70636215,0.5402314,5,50-,50-,1,1,0.5,0.92647059,0.9841817,0.96442133,0.93274184,0.93176399,0.99130425
cd/490279,seed5,110,10,0.59923872,0.73355084,0.50020494,5,50-,50-,1,1,0.5,0.92647059,0.98751233,0.97254921,0.9466189,0.92708939,0.99064266
cd/490279,seed5,115,10,0.65284423,0.76501861,0.46508751,5,50-,50-,1,1,0.5,0.92647059,0.99165765,0.97971556,0.95652568,0.91539599,0.99101728
cd/490280,seed1,100,10,0.57023061,0.74842767,0.48739121,5,45-,45-,1,4,0.5,0.92411765,0.98430878,0.97613804,0.94402487,0.91550698,0.98569979
cd/490280,seed1,105,10,0.56651017,0.7381325,0.51976184,5,45-,45-,1,4,0.5,0.92411765,0.98386977,0.97355713,0.93400346,0.92932656,0.98953971
cd/490280,seed1,110,10,0.64503245,0.79930105,0.41050191,5,45-,45-,1,4,0.5,0.92411765,0.99100992,0.98568313,0.96237703,0.93166315,0.99287585
cd/490280,seed1,115,10,0.72241465,0.85056903,0.31341939,5,45-,45-,1,4,0.5,0.92411765,0.9949626,0.99147772,0.97741741,0.91997388,0.99402251
cd/490280,seed2,100,10,0.57023061,0.74842767,0.48739121,5,45-,45-,1,4,0.5,0.92411765,0.98430878,0.97613804,0.94402487,0.91550698,0.97217444
cd/490280,seed2,105,10,0.60508563,0.77581733,0.44142551,5,45-,45-,1,4,0.5,0.92411765,0.98788992,0.98186468,0.95581857,0.92932656,0.98480119
cd/490280,seed2,110,10,0.63233044,0.80010199,0.37639511,5,45-,45-,1,4,0.5,0.92411765,0.99011567,0.98579833,0.96852451,0.93166315,0.98460933
cd/490280,seed2,115,10,0.70353762,0.84354758,0.30493845,5,45-,45-,1,4,0.5,0.92411765,0.9941969,0.99084868,0.9784096,0.91997388,0.98643941
cd/490280,seed3,100,10,0.57023061,0.74842767,0.48739121,5,45-,45-,1,4,0.5,0.92411765,0.98430878,0.97613804,0.94402487,0.91550698,0.99058093
cd/490280,seed3,105,10,0.62815884,0.77720474,0.4635897,5,45-,45-,1,4,0.5,0.92411765,0.98980318,0.98211576,0.95046112,0.92932656,0.995736
cd/490280,seed3,110,10,0.55750879,0.74786539,0.47814594,5,45-,45-,1,4,0.5,0.92411765,0.98275702,0.97600365,0.94661341,0.93166315,0.99077441
cd/490280,seed3,115,10,0.54210264,0.75286497,0.43608022,5,45-,45-,1,4,0.5,0.92411765,0.98067505,0.97717311,0.95702543,0.91997388,0.98415571
cd/490280,seed4,100,10,0.57023061,0.74842767,0.48739121,5,45-,45-,1,4,0.5,0.92411765,0.98430878,0.97613804,0.94402487,0.91550698,0.98446885
cd/490280,seed4,105,10,0.50747808,0.71531717,0.52225855,5,45-,45-,1,4,0.5,0.92411765,0.97505662,0.9668341,0.9331648,0.92932656,0.98210382
cd/490280,seed4,110,10,0.64360902,0.80150376,0.39977169,5,45-,45-,1,4,0.5,0.92411765,0.99091384,0.98599776,0.96442615,0.93166315,0.99217195
cd/490280,seed4,115,10,0.7610094,0.86244433,0.31894066,5,45-,45-,1,4,0.5,0.92411765,0.99622922,0.99244551,0.97674767,0.91997388,0.99518481
cd/490280,seed5,100,10,0.57023061,0.74842767,0.48739121,5,45-,45-,1,4,0.5,0.92411765,0.98430878,0.97613804,0.94402487,0.91550698,0.98929336
cd/490280,seed5,105,10,0.55018201,0.73478939,0.51418391,5,45-,45-,1,4,0.5,0.92411765,0.9817959,0.97266204,0.9358419,0.92932656,0.99112206
cd/490280,seed5,110,10,0.6779661,0.8171546,0.38286534,5,45-,45-,1,4,0.5,0.92411765,0.99297211,0.98804512,0.96743821,0.93166315,0.99587764
cd/490280,seed5,115,10,0.7768262,0.86700252,0.32257436,5,45-,45-,1,4,0.5,0.92411765,0.99665155,0.99278731,0.97629636,0.91997388,0.99707482
cd/490281,seed1,100,10,0.55764075,0.73726542,0.47436459,5,27-,27-,1,3,0.5,0.94764706,0.98761873,0.9802208,0.96689418,0.94594812,0.99206958
cd/490281,seed1,105,10,0.61954262,0.77823978,0.41906329,5,27-,27-,1,3,0.5,0.94764706,0.9925347,0.98751754,0.97715941,0.95287755,0.99586593
cd/490281,seed1,110,10,0.75937287,0.86912065,0.28079001,5,27-,27-,1,3,0.5,0.94764706,0.99763364,0.99554062,0.99108068,0.95054707,0.99831291
cd/490281,seed1,115,10,0.85775554,0.922802,0.19315572,5,27-,27-,1,3,0.5,0.94764706,0.99894799,0.99757876,0.99510919,0.94121591,0.99883619
cd/490281,seed2,100,10,0.55764075,0.73726542,0.47436459,5,27-,27-,1,3,0.5,0.94764706,0.98761873,0.9802208,0.96689418,0.94594812,0.98084954
cd/490281,seed2,105,10,0.60224719,0.77677903,0.41068938,5,27-,27-,1,3,0.5,0.94764706,0.99139914,0.98731032,0.97841455,0.95287755,0.98839738
cd/490281,seed2,110,10,0.66987952,0.82971888,0.31305835,5,27-,27-,1,3,0.5,0.94764706,0.99505998,0.99302556,0.98888009,0.95054707,0.99126816
cd/490281,seed2,115,10,0.68887408,0.84277149,0.28230096,5,27-,27-,1,3,0.5,0.94764706,0.99577372,0.9939852,0.99098801,0.94121591,0.98824189
cd/490281,seed3,100,10,0.55764075,0.73726542,0.47436459,5,27-,27-,1,3,0.5,0.94764706,0.98761873,0.9802208,0.96689418,0.94594812,0.99366871
cd/490281,seed3,105,10,0.64811133,0.7972167,0.39810845,5,27-,27-,1,3,0.5,0.94764706,0.9940935,0.9899242,0.98017441,0.95287755,0.9974091
cd/490281,seed3,110,10,0.75807609,0.86216798,0.30392776,5,27-,27-,1,3,0.5,0.94764706,0.99760824,0.99517406,0.98955221,0.95054707,0.99863997
cd/490281,seed3,115,10,0.81998631,0.90417522,0.22314088,5,27-,27-,1,3,0.5,0.94764706,0.99856375,0.99700683,0.99399126,0.94121591,0.99872277
cd/490281,seed4,100,10,0.55764075,0.73726542,0.47436459,5,27-,27-,1,3,0.5,0.94764706,0.98761873,0.9802208,0.96689418,0.94594812,0.99053948
cd/490281,seed4,105,10,0.61644782,0.77194195,0.43665636,5,27-,27-,1,3,0.5,0.94764706,0.99234305,0.9865996,0.97428602,0.95287755,0.99493423
cd/490281,seed4,110,10,0.70620314,0.83367416,0.34505452,5,27-,27-,1,3,0.5,0.94764706,0.99633486,0.9933314,0.98616981,0.95054707,0.99684221
cd/490281,seed4,115,10,0.85168095,0.9222149,0.18868052,5,27-,27-,1,3,0.5,0.94764706,0.99889396,0.99756251,0.99525725,0.94121591,0.99853652
cd/490281,seed5,100,10,0.55764075,0.73726542,0.47436459,5,27-,27-,1,3,0.5,0.94764706,0.98761873,0.9802208,0.96689418,0.94594812,0.99091601
cd/490281,seed5,105,10,0.64118896,0.79617834,0.39712229,5,27-,27-,1,3,0.5,0.94764706,0.9937484,0.98980528,0.98030626,0.95287755,0.99605257
cd/490281,seed5,110,10,0.60502143,0.79179424,0.37103194,5,27-,27-,1,3,0.5,0.94764706,0.99159219,0.98928772,0.98349841,0.95054707,0.9928867
cd/490281,seed5,115,10,0.70141643,0.84815864,0.28065339,5,27-,27-,1,3,0.5,0.94764706,0.99618774,0.99434191,0.99108901,0.94121591,0.99500171
cd/490282,seed1,100,10,0.47682119,0.69536424,0.54270154,5,78-,78-,1,3,0.5,0.94764706,0.97615618,0.96847202,0.94797812,0.94594812,0.98439603
cd/490282,seed1,105,10,0.35231506,0.65300692,0.51326001,5,78-,78-,1,3,0.5,0.94764706,0.93610769,0.94985234,0.95713523,0.95287755,0.96160922
cd/490282,seed1,110,10,0.25609124,0.61638154,0.48099932,5,78-,78-,1,3,0.5,0.94764706,0.86879922,0.92575612,0.96539643,0.95054707,0.89283166
cd/490282,seed1,115,10,0.2566416,0.62506266,0.43508982,5,78-,78-,1,3,0.5,0.94764706,0.86931611,0.93228625,0.97455555,0.94121591,0.84065914
cd/490282,seed2,100,10,0.47682119,0.69536424,0.54270154,5,78-,78-,1,3,0.5,0.94764706,0.97615618,0.96847202,0.94797812,0.94594812,0.96272725
cd/490282,seed2,105,10,0.32411924,0.63902439,0.51454941,5,78-,78+,0,3,0.5,0.94764706,0.92069499,0.94168019,0.95676858,0.95287755,0.88982571
cd/490282,seed2,110,10,0.16553878,0.57522124,0.47063103,5,78-,78+,0,3,0.5,0.94764706,0.75823763,0.88629173,0.96770927,0.95054707,0.61300817
cd/490282,seed2,115,10,0.19341772,0.59291139,0.44563936,5,78+,78+,1,3,0.5,0.94764706,0.79788541,0.90511045,0.97268602,0.94121591,0.55838388
cd/490282,seed3,100,10,0.47682119,0.69536424,0.54270154,5,78-,78-,1,3,0.5,0.94764706,0.97615618,0.96847202,0.94797812,0.94594812,0.98752304
cd/490282,seed3,105,10,0.39238498,0.67318879,0.50128428,5,78-,78-,1,3,0.5,0.94764706,0.95325762,0.95975573,0.96040149,0.95287755,0.97783914
cd/490282,seed3,110,10,0.26378156,0.62184441,0.47307772,5,78-,78-,1,3,0.5,0.94764706,0.87586611,0.92992998,0.96717734,0.95054707,0.91773413
cd/490282,seed3,115,10,0.25421133,0.6202144,0.45692798,5,78-,78-,1,3,0.5,0.94764706,0.86702055,0.92870783,0.97053775,0.94121591,0.86638514
cd/490282,seed4,100,10,0.47682119,0.69536424,0.54270154,5,78-,78-,1,3,0.5,0.94764706,0.97615618,0.96847202,0.94797812,0.94594812,0.98141313
cd/490282,seed4,105,10,0.3902439,0.67514271,0.48531823,5,78-,78-,1,3,0.5,0.94764706,0.95246392,0.96060843,0.96438658,0.95287755,0.96656365
cd/490282,seed4,110,10,0.46437724,0.72424398,0.41134729,5,78-,78-,1,3,0.5,0.94764706,0.97364518,0.97712359,0.97831843,0.95054707,0.97602147
cd/490282,seed4,115,10,0.38230808,0.68886629,0.40271172,5,78-,78+,0,3,0.5,0.94764706,0.94940909,0.96612677,0.97954742,0.94121591,0.92754918
cd/490282,seed5,100,10,0.47682119,0.69536424,0.54270154,5,78-,78-,1,3,0.5,0.94764706,0.97615618,0.96847202,0.94797812,0.94594812,0.98214633
cd/490282,seed5,105,10,0.30356164,0.62739726,0.52408646,5,78-,78+,0,3,0.5,0.94764706,0.90738896,0.93394933,0.95396224,0.95287755,0.93528462
cd/490282,seed5,110,10,0.24671916,0.60419948,0.51505405,5,78-,78+,0,3,0.5,0.94764706,0.85972818,0.91561429,0.95662427,0.95054707,0.87030286
cd/490282,seed5,115,10,0.00934094,0.49870265,0.47348156,5,78+,78+,1,3,0.5,0.94764706,0.46354471,0.76493868,0.96708873,0.94121591,0.36156024
cd/490283,seed1,100,10,0.8,0.85882353,0.3685692,5,91-,91-,1,1,0.5,0.92647059,0.99725964,0.99184684,0.97549266,0.93163344,0.99809696
cd/490283,seed1,105,10,0.86428166,0.89892107,0.28842921,5,91-,91-,1,1,0.5,0.92647059,0.99831732,0.99449199,0.98487557,0.93176399,0.99875444
cd/490283,seed1,110,10,0.91912159,0.94322442,0.18120254,5,91-,91-,1,1,0.5,0.92647059,0.99889041,0.99643248,0.99211447,0.92708939,0.99888356
cd/490283,seed1,115,10,0.94677003,0.96795866,0.10805235,5,91-,91-,1,1,0.5,0.92647059,0.9991006,0.99720154,0.99495405,0.91539599,0.99868584
cd/490283,seed2,100,10,0.8,0.85882353,0.3685692,5,91-,91-,1,1,0.5,0.92647059,0.99725964,0.99184684,0.97549266,0.93163344,0.99709591
cd/490283,seed2,105,10,0.91405805,0.93739328,0.19519023,5,91-,91-,1,1,0.5,0.92647059,0.99884691,0.99622242,0.99141311,0.93176399,0.99871457
cd/490283,seed2,110,10,0.96853333,0.97866667,0.08073606,5,91-,91-,1,1,0.5,0.92647059,0.99923766,0.9974809,0.99573013,0.92708939,0.99884451
cd/490283,seed2,115,10,0.99004715,0.99371399,0.02789238,5,91-,91-,1,1,0.5,0.92647059,0.99935262,0.99782709,0.99690993,0.91539599,0.99857263
cd/490283,seed3,100,10,0.8,0.85882353,0.3685692,5,91-,91-,1,1,0.5,0.92647059,0.99725964,0.99184684,0.97549266,0.93163344,0.99894427
cd/490283,seed3,105,10,0.8654383,0.90284757,0.27817331,5,91-,91-,1,1,0.5,0.92647059,0.99833203,0.99469979,0.9857858,0.93176399,0.99931548
cd/490283,seed3,110,10,0.88086253,0.92560647,0.21571177,5,91-,91-,1,1,0.5,0.92647059,0.99851633,0.99575946,0.99027081,0.92708939,0.99916326
cd/490283,seed3,115,10,0.87937337,0.93002611,0.19419644,5,91-,91-,1,1,0.5,0.92647059,0.99849947,0.99593933,0.99146492,0.91539599,0.99876119
cd/490283,seed4,100,10,0.8,0.85882353,0.3685692,5,91-,91-,1,1,0.5,0.92647059,0.99725964,0.99184684,0.97549266,0.93163344,0.9982871
cd/490283,seed4,105,10,0.88888889,0.91824986,0.24466704,5,91-,91-,1,1,0.5,0.92647059,0.99860405,0.99544231,0.98839904,0.93176399,0.99907633
cd/490283,seed4,110,10,0.89953149,0.94169703,0.16834956,5,91-,91-,1,1,0.5,0.92647059,0.99871242,0.99637861,0.99270869,0.92708939,0.9988277
cd/490283,seed4,115,10,0.85430134,0.92143212,0.19872077,5,91-,91-,1,1,0.5,0.92647059,0.9981849,0.9955823,0.99122652,0.91539599,0.9975525
cd/490283,seed5,100,10,0.8,0.85882353,0.3685692,5,91-,91-,1,1,0.5,0.92647059,0.99725964,0.99184684,0.97549266,0.93163344,0.99870519
cd/490283,seed5,105,10,0.87634105,0.90626765,0.2725632,5,91-,91-,1,1,0.5,0.92647059,0.99846452,0.99487443,0.98626064,0.93176399,0.99922944
cd/490283,seed5,110,10,0.90354223,0.92915531,0.2180224,5,91-,91-,1,1,0.5,0.92647059,0.99875104,0.9959045,0.99013311,0.92708939,0.99914149
cd/490283,seed5,115,10,0.95332984,0.96853697,0.11133113,5,91-,91-,1,1,0.5,0.92647059,0.99914432,0.99721739,0.99485193,0.91539599,0.99915101
cd/490287,seed1,100,10,0.45052632,0.63789474,0.67600421,5,97-,97-,1,1,0.5,0.92647059,0.96230203,0.93248738,0.85761852,0.93163344,0.97095111
cd/490287,seed1,105,10,0.5383395,0.69434162,0.60838382,5,97-,97-,1,1,0.5,0.92647059,0.98030316,0.96012862,0.90123172,0.93176399,0.98400248
cd/490287,seed1,110,10,0.60112647,0.74295955,0.52273775,5,97-,97-,1,1,0.5,0.92647059,0.98768809,0.97491742,0.93917719,0.92708939,0.9864986
cd/490287,seed1,115,10,0.55483225,0.72558838,0.50638394,5,97-,97-,1,1,0.5,0.92647059,0.98258415,0.97037645,0.94466827,0.91539599,0.971958
cd/490287,seed2,100,10,0.45052632,0.63789474,0.67600421,5,97-,97-,1,1,0.5,0.92647059,0.96230203,0.93248738,0.85761852,0.93163344,0.95629569
cd/490287,seed2,105,10,0.62519936,0.74694312,0.53968072,5,97-,97-,1,1,0.5,0.92647059,0.98972626,0.97585903,0.93295373,0.93176399,0.98762701
cd/490287,seed2,110,10,0.71690215,0.80743066,0.42750283,5,97-,97-,1,1,0.5,0.92647059,0.99485767,0.98654776,0.96517551,0.92708939,0.99167191
cd/490287,seed2,115,10,0.67552376,0.81706694,0.36452669,5,97-,97-,1,1,0.5,0.92647059,0.99296973,0.98775069,0.9760793,0.91539599,0.98325428
cd/490287,seed3,100,10,0.45052632,0.63789474,0.67600421,5,97-,97-,1,1,0.5,0.92647059,0.96230203,0.93248738,0.85761852,0.93163344,0.9836873
cd/490287,seed3,105,10,0.58034321,0.72438898,0.56613469,5,97-,97-,1,1,0.5,0.92647059,0.98561069,0.97003503,0.92204682,0.93176399,0.99356893
cd/490287,seed3,110,10,0.59928168,0.73422268,0.53492547,5,97-,97-,1,1,0.5,0.92647059,0.98751635,0.97272529,0.93475775,0.92708939,0.99236164
cd/490287,seed3,115,10,0.5758638,0.74061092,0.49737383,5,97-,97-,1,1,0.5,0.92647059,0.98511959,0.97434559,0.94749081,0.91539599,0.98663105
cd/490287,seed4,100,10,0.45052632,0.63789474,0.67600421,5,97-,97-,1,1,0.5,0.92647059,0.96230203,0.93248738,0.85761852,0.93163344,0.9737822
cd/490287,seed4,105,10,0.523126,0.68421053,0.62138579,5,97-,97-,1,1,0.5,0.92647059,0.977941,0.95612908,0.89389181,0.93176399,0.98377427
cd/490287,seed4,110,10,0.62041227,0.76370035,0.48660657,5,97-,97-,1,1,0.5,0.92647059,0.98934948,0.97945596,0.95068542,0.92708939,0.98953038
cd/490287,seed4,115,10,0.61606703,0.78708724,0.4011937,5,97-,97-,1,1,0.5,0.92647059,0.98899566,0.9836128,0.97021707,0.91539599,0.98422552
cd/490287,seed5,100,10,0.45052632,0.63789474,0.67600421,5,97-,97-,1,1,0.5,0.92647059,0.96230203,0.93248738,0.85761852,0.93163344,0.98006206
cd/490287,seed5,105,10,0.5285638,0.68713294,0.6210441,5,97-,97-,1,1,0.5,0.92647059,0.97881553,0.95732052,0.89409071,0.93176399,0.98820108
cd/490287,seed5,110,10,0.55237103,0.71860344,0.54445948,5,97-,97-,1,1,0.5,0.92647059,0.982261,0.96833388,0.93109423,0.92708939,0.98651999
cd/490287,seed5,115,10,0.52620865,0.70687023,0.54895643,5,97-,97-,1,1,0.5,0.92647059,0.97844101,0.96459261,0.92930088,0.91539599,0.97600945
cd/490288,seed1,100,10,0.675,0.75625,0.49652061,6,24*,24*,1,0,0.5,0.92261905,0.99201642,0.97443964,0.93746107,0.91914226,0.99304663
cd/490288,seed1,105,10,0.82080925,0.87138728,0.31702336,6,24*,24*,1,0,0.5,0.92261905,0.99721893,0.99155194,0.97379112,0.93324111,0.99806804
cd/490288,seed1,110,10,0.93452381,0.95386905,0.1373276,6,24*,24*,1,0,0.5,0.92261905,0.99878117,0.99620743,0.98926884,0.92614664,0.99883192
cd/490288,seed1,115,10,0.93886463,0.9628821,0.11109157,6,24*,24*,1,0,0.5,0.92261905,0.99881898,0.9965259,0.99058965,0.91194637,0.99815455
cd/490288,seed2,100,10,0.675,0.75625,0.49652061,6,24*,24*,1,0,0.5,0.92261905,0.99201642,0.97443964,0.93746107,0.91914226,0.98900023
cd/490288,seed2,105,10,0.84422111,0.90326633,0.24080975,6,24*,24*,1,0,0.5,0.92261905,0.99765307,0.99379817,0.98202277,0.93324111,0.99742833
cd/490288,seed2,110,10,0.9608209,0.97294776,0.0903074,6,24*,24*,1,0,0.5,0.92261905,0.99899301,0.99685016,0.99152056,0.92614664,0.99847808
cd/490288,seed2,115,10,0.97444634,0.98040886,0.07045834,6,24*,24*,1,0,0.5,0.92261905,0.99908787,0.99707088,0.99232415,0.91194637,0.99775779
cd/490288,seed3,100,10,0.675,0.75625,0.49652061,6,24*,24*,1,0,0.5,0.92261905,0.99201642,0.97443964,0.93746107,0.91914226,0.99593578
cd/490288,seed3,105,10,0.825,0.87361111,0.31193271,6,24*,24*,1,0,0.5,0.92261905,0.99730214,0.99173195,0.97444019,0.93324111,0.99890807
cd/490288,seed3,110,10,0.9382716,0.95524691,0.13499614,6,24*,24*,1,0,0.5,0.92261905,0.99881388,0.99625794,0.98939329,0.92614664,0.99933783
cd/490288,seed3,115,10,0.93357934,0.95387454,0.14007232,6,24*,24*,1,0,0.5,0.92261905,0.99877278,0.99620764,0.98912049,0.91194637,0.99888005
cd/490288,seed4,100,10,0.675,0.75625,0.49652061,6,24*,24*,1,0,0.5,0.92261905,0.99201642,0.97443964,0.93746107,0.91914226,0.99482743
cd/490288,seed4,105,10,0.83188406,0.87971014,0.29646204,6,24*,24*,1,0,0.5,0.92261905,0.99743347,0.99220635,0.97631808,0.93324111,0.99867924
cd/490288,seed4,110,10,0.89230769,0.92153846,0.21222681,6,24*,24*,1,0,0.5,0.92261905,0.99834419,0.99480654,0.98440446,0.92614664,0.99880855
cd/490288,seed4,115,10,0.94117647,0.96008403,0.12001981,6,24*,24*,1,0,0.5,0.92261905,0.99883864,0.99643,0.99015931,0.91194637,0.99865259
cd/490288,seed5,100,10,0.675,0.75625,0.49652061,6,24*,24*,1,0,0.5,0.92261905,0.99201642,0.97443964,0.93746107,0.91914226,0.99528522
cd/490288,seed5,105,10,0.86595174,0.90482574,0.24858638,6,24*,24*,1,0,0.5,0.92261905,0.99799528,0.99389133,0.98131518,0.93324111,0.99906829
cd/490288,seed5,110,10,0.90751445,0.93208092,0.19364504,6,24*,24*,1,0,0.5,0.92261905,0.99851719,0.9953123,0.9857833,0.92614664,0.99903158
cd/490288,seed5,115,10,0.91776316,0.93914474,0.17766004,6,24*,24*,1,0,0.5,0.92261905,0.99862349,0.99562343,0.9868728,0.91194637,0.99853622
cd/490290,seed1,100,10,0.17811705,0.51653944,0.67088246,5,40-,40-,1,1,0.5,0.92647059,0.7628695,0.80697617,0.86141687,0.93163344,0.79629449
cd/490290,seed1,105,10,0.08393443,0.48327869,0.66258829,5,40-,40-,1,1,0.5,0.92647059,0.61120141,0.75081082,0.86738726,0.93176399,0.63168568
cd/490290,seed1,110,10,0.21206581,0.57343083,0.56644746,5,40-,40-,1,1,0.5,0.92647059,0.80637155,0.87981983,0.92190862,0.92708939,0.77318844
cd/490290,seed1,115,10,0.41074426,0.6922216,0.4553076,5,40-,40-,1,1,0.5,0.92647059,0.94965703,0.95932168,0.95895626,0.91539599,0.91762482
cd/490290,seed2,100,10,0.17811705,0.51653944,0.67088246,5,40-,40+,0,1,0.5,0.92647059,0.7628695,0.80697617,0.86141687,0.93163344,0.7190226
cd/490290,seed2,105,10,0.10274455,0.51724138,0.59109594,5,40-,40-,1,1,0.5,0.92647059,0.64460012,0.80805061,0.9102892,0.93176399,0.56561037
cd/490290,seed2,110,10,0.06326034,0.51824818,0.50521572,5,40+,40-,0,1,0.5,0.92647059,0.57326162,0.80958371,0.94504213,0.92708939,0.40865205
cd/490290,seed2,115,10,0.03204661,0.51056082,0.46801378,5,40-,40+,0,1,0.5,0.92647059,0.51445585,0.7976394,0.9557721,0.91539599,0.26963056
cd/490290,seed3,100,10,0.17811705,0.51653944,0.67088246,5,40-,40-,1,1,0.5,0.92647059,0.7628695,0.80697617,0.86141687,0.93163344,0.87581282
cd/490290,seed3,105,10,0.17358009,0.52265475,0.67024584,5,40-,40-,1,1,0.5,0.92647059,0.75657263,0.81618358,0.861883,0.93176399,0.86244409
cd/490290,seed3,110,10,0.24813559,0.58779661,0.57666229,5,40-,40-,1,1,0.5,0.92647059,0.84564672,0.8939931,0.91727043,0.92708939,0.89096388
cd/490290,seed3,115,10,0.27767355,0.61851157,0.50945659,5,40-,40-,1,1,0.5,0.92647059,0.87274468,0.91943263,0.94367347,0.91539599,0.87569294
cd/490290,seed4,100,10,0.17811705,0.51653944,0.67088246,5,40-,40-,1,1,0.5,0.92647059,0.7628695,0.80697617,0.86141687,0.93163344,0.81286689
cd/490290,seed4,105,10,0.1514154,0.52205398,0.63920572,5,40-,40-,1,1,0.5,0.92647059,0.72421209,0.81529433,0.88305382,0.93176399,0.7643205
cd/490290,seed4,110,10,0.27924066,0.61420698,0.53459861,5,40-,40-,1,1,0.5,0.92647059,0.87406215,0.91623619,0.93488008,0.92708939,0.86541938
cd/490290,seed4,115,10,0.51988473,0.74755043,0.4134555,5,40-,40-,1,1,0.5,0.92647059,0.97740305,0.97599952,0.967962,0.91539599,0.96693804
cd/490290,seed5,100,10,0.17811705,0.51653944,0.67088246,5,40-,40-,1,1,0.5,0.92647059,0.7628695,0.80697617,0.86141687,0.93163344,0.85182527
cd/490290,seed5,105,10,0.08985705,0.4894486,0.65753419,5,40-,40-,1,1,0.5,0.92647059,0.6218475,0.76200442,0.87091751,0.93176399,0.72547978
cd/490290,seed5,110,10,0.03613707,0.49034268,0.56308008,5,40-,40-,1,1,0.5,0.92647059,0.52222062,0.76359748,0.92338473,0.92708939,0.55629945
cd/490290,seed5,115,10,0.01484866,0.4882924,0.53022791,5,40-,40-,1,1,0.5,0.92647059,0.48177709,0.75993341,0.93649547,0.91539599,0.42003977
cd/490292,seed1,100,10,0.05232558,0.39825581,0.64510559,10,16+,44+,0,3,0.5,0.94764706,0.55198092,0.50833601,0.8998715,0.94594812,0.63385705
cd/490292,seed1,105,10,0.09189189,0.43175676,0.57979957,10,44+,44+,1,3,0.5,0.94764706,0.63070065,0.60246844,0.93380042,0.95287755,0.73397179
cd/490292,seed1,110,10,0.12215569,0.49041916,0.4902364,10,44+,44+,1,3,0.5,0.94764706,0.68675565,0.74751322,0.96320204,0.95054707,0.72819658
cd/490292,seed1,115,10,0.19425287,0.5591954,0.41076047,10,44+,16+,0,3,0.5,0.94764706,0.79899466,0.86651322,0.97840418,0.94121591,0.75670061
cd/490292,seed2,100,10,0.05232558,0.39825581,0.64510559,10,16+,16+,1,3,0.5,0.94764706,0.55198092,0.50833601,0.8998715,0.94594812,0.41479072
cd/490292,seed2,105,10,0.05932203,0.38064972,0.59526951,10,44+,16+,0,3,0.5,0.94764706,0.56621389,0.45819119,0.92688552,0.95287755,0.46157322
cd/490292,seed2,110,10,0.09774436,0.37907268,0.58165307,10,16+,16*,0,3,0.5,0.94764706,0.64187811,0.45372566,0.93300512,0.95054707,0.47146104
cd/490292,seed2,115,10,0.13377926,0.43199554,0.52832169,10,16+,44+,0,3,0.5,0.94764706,0.70701406,0.60312106,0.95266113,0.94121591,0.43276871
cd/490292,seed3,100,10,0.05232558,0.39825581,0.64510559,10,16+,44+,0,3,0.5,0.94764706,0.55198092,0.50833601,0.8998715,0.94594812,0.6847338
cd/490292,seed3,105,10,0.11413748,0.45201038,0.56201085,10,44+,44+,1,3,0.5,0.94764706,0.67234704,0.65632425,0.94099856,0.95287755,0.80691898
cd/490292,seed3,110,10,0.12915129,0.46555966,0.51573565,10,44+,44+,1,3,0.5,0.94764706,0.69904001,0.69032124,0.95642863,0.95054707,0.78100994
cd/490292,seed3,115,10,0.13253012,0.48493976,0.4913598,10,44+,16+,0,3,0.5,0.94764706,0.70487398,0.73552653,0.9629262,0.94121591,0.69818369
cd/490292,seed4,100,10,0.05232558,0.39825581,0.64510559,10,16+,44+,0,3,0.5,0.94764706,0.55198092,0.50833601,0.8998715,0.94594812,0.59166076
cd/490292,seed4,105,10,0.07427056,0.43037135,0.56739378,10,44+,44+,1,3,0.5,0.94764706,0.59623276,0.5986748,0.93890147,0.95287755,0.66544211
cd/490292,seed4,110,10,0.3765586,0.58416459,0.498106,10,44+,44+,1,3,0.5,0.94764706,0.94708072,0.89618148,0.96122746,0.95054707,0.95084886
cd/490292,seed4,115,10,0.3938706,0.63734393,0.41571397,10,44+,44+,1,3,0.5,0.94764706,0.95380091,0.94061775,0.97766976,0.94121591,0.93386159
cd/490292,seed5,100,10,0.05232558,0.39825581,0.64510559,10,16+,44+,0,3,0.5,0.94764706,0.55198092,0.50833601,0.8998715,0.94594812,0.60152617
cd/490292,seed5,105,10,0.10714286,0.4292328,0.59207901,10,44+,44+,1,3,0.5,0.94764706,0.65950567,0.59554824,0.92836404,0.95287755,0.73244844
cd/490292,seed5,110,10,0.11749681,0.48339719,0.50272015,10,44+,44+,1,3,0.5,0.94764706,0.67842533,0.73208703,0.96002283,0.95054707,0.69190859
cd/490292,seed5,115,10,0.12345679,0.51049383,0.44705442,10,44+,44+,1,3,0.5,0.94764706,0.68906103,0.78827283,0.97242531,0.94121591,0.59821261
cd/490296,seed1,100,10,0.36073059,0.61415525,0.53993004,8,99-,99-,1,4,0.5,0.92411765,0.92823477,0.91192208,0.92694062,0.91550698,0.9307337
cd/490296,seed1,105,10,0.42380423,0.64571746,0.50885776,8,99-,99-,1,4,0.5,0.92411765,0.95414171,0.93464319,0.93755273,0.92932656,0.96880762
cd/490296,seed1,110,10,0.57290589,0.73578077,0.40929189,8,99-,99-,1,4,0.5,0.92411765,0.98461718,0.9729305,0.96261366,0.93166315,0.98755848
cd/490296,seed1,115,10,0.6191446,0.76731161,0.36672336,8,99-,99-,1,4,0.5,0.92411765,0.98909417,0.98024807,0.97008318,0.91997388,0.98671543
cd/490296,seed2,100,10,0.36073059,0.61415525,0.53993004,8,99-,99-,1,4,0.5,0.92411765,0.92823477,0.91192208,0.92694062,0.91550698,0.87197305
cd/490296,seed2,105,10,0.49223947,0.69124169,0.46185822,8,99-,99-,1,4,0.5,0.92411765,0.97210556,0.95795839,0.95090092,0.92932656,0.96410162
cd/490296,seed2,110,10,0.60638298,0.74414894,0.40717605,8,99-,99-,1,4,0.5,0.92411765,0.98800634,0.97509667,0.963024,0.93166315,0.98121945
cd/490296,seed2,115,10,0.59672467,0.7272262,0.41663831,8,99-,99-,1,4,0.5,0.92411765,0.9871124,0.97052708,0.96115468,0.91997388,0.96932948
cd/490296,seed3,100,10,0.36073059,0.61415525,0.53993004,8,99-,99-,1,4,0.5,0.92411765,0.92823477,0.91192208,0.92694062,0.91550698,0.95349137
cd/490296,seed3,105,10,0.44782609,0.66902174,0.47924411,8,99-,99-,1,4,0.5,0.92411765,0.96144322,0.94778568,0.94631195,0.92932656,0.98280599
cd/490296,seed3,110,10,0.54771784,0.73184647,0.4145851,8,99-,99-,1,4,0.5,0.92411765,0.98146099,0.97184978,0.96156786,0.93166315,0.9900491
cd/490296,seed3,115,10,0.56956957,0.73523524,0.41248916,8,99-,99-,1,4,0.5,0.92411765,0.98423165,0.97278309,0.96198528,0.91997388,0.98717363
cd/490296,seed4,100,10,0.36073059,0.61415525,0.53993004,8,99-,99-,1,4,0.5,0.92411765,0.92823477,0.91192208,0.92694062,0.91550698,0.92513077
cd/490296,seed4,105,10,0.40777778,0.63722222,0.50807396,8,99-,99-,1,4,0.5,0.92411765,0.94855705,0.92912812,0.93780087,0.92932656,0.96183741
cd/490296,seed4,110,10,0.60742972,0.75753012,0.39810865,8,99-,99-,1,4,0.5,0.92411765,0.98809946,0.97821403,0.96473396,0.93166315,0.9896444
cd/490296,seed4,115,10,0.69329389,0.81607495,0.31856606,8,99-,99-,1,4,0.5,0.92411765,0.99373404,0.98791392,0.97679372,0.91997388,0.99185894
cd/490296,seed5,100,10,0.36073059,0.61415525,0.53993004,8,99-,99-,1,4,0.5,0.92411765,0.92823477,0.91192208,0.92694062,0.91550698,0.94740293
cd/490296,seed5,105,10,0.36022099,0.6160221,0.51928983,8,99-,99-,1,4,0.5,0.92411765,0.9279785,0.91344442,0.93416091,0.92932656,0.96204646
cd/490296,seed5,110,10,0.50863931,0.70140389,0.44440438,8,99-,99-,1,4,0.5,0.92411765,0.97526859,0.9619526,0.95513203,0.93166315,0.98471787
cd/490296,seed5,115,10,0.6008273,0.75956567,0.38223573,8,99-,99-,1,4,0.5,0.92411765,0.98749989,0.97865354,0.96754549,0.91997388,0.98854569
cd/490297,seed1,100,10,0.02754821,0.50413223,0.70510051,3,30+,30+,1,4,0.5,0.92411765,0.51218883,0.7705619,0.83832379,0.91550698,0.49941538
cd/490297,seed1,105,10,0.16698534,0.57680051,0.67421451,3,22+,30+,0,4,0.5,0.92411765,0.75019842,0.87600041,0.85974012,0.92932656,0.8071388
cd/490297,seed1,110,10,0.06856479,0.5293434,0.67299852,3,30+,22+,0,4,0.5,0.92411765,0.5885314,0.81297653,0.86053262,0.93166315,0.60778679
cd/490297,seed1,115,10,0.15577627,0.56717198,0.7003398,3,30+,22+,0,4,0.5,0.92411765,0.73403473,0.86489563,0.84178901,0.91997388,0.66627306
cd/490297,seed2,100,10,0.02754821,0.50413223,0.70510051,3,30+,22+,0,4,0.5,0.92411765,0.51218883,0.7705619,0.83832379,0.91550698,0.33585178
cd/490297,seed2,105,10,0.37508948,0.68217609,0.61181517,3,22+,22+,1,4,0.5,0.92411765,0.93511811,0.95405945,0.89577904,0.92932656,0.91499405
cd/490297,seed2,110,10,0.46120996,0.72669039,0.56621795,3,22+,22+,1,4,0.5,0.92411765,0.96501333,0.97036985,0.91669014,0.93166315,0.94390388
cd/490297,seed2,115,10,0.32279758,0.66106254,0.58727239,3,22+,30+,0,4,0.5,0.92411765,0.90670005,0.94360497,0.90755502,0.91997388,0.78841754
cd/490297,seed3,100,10,0.02754821,0.50413223,0.70510051,3,30+,22+,0,4,0.5,0.92411765,0.51218883,0.7705619,0.83832379,0.91550698,0.60351659
cd/490297,seed3,105,10,0.09878127,0.54201411,0.68705579,3,22+,22+,1,4,0.5,0.92411765,0.64236236,0.83189609,0.85113942,0.92932656,0.78946401
cd/490297,seed3,110,10,0.11495601,0.55190616,0.67350345,3,22+,30+,0,4,0.5,0.92411765,0.66985684,0.84558029,0.86020399,0.93166315,0.77251392
cd/490297,seed3,115,10,0.0591133,0.52599891,0.66332226,3,22+,22+,1,4,0.5,0.92411765,0.57117919,0.80771716,0.8667059,0.91997388,0.58890463
cd/490297,seed4,100,10,0.02754821,0.50413223,0.70510051,3,30+,30+,1,4,0.5,0.92411765,0.51218883,0.7705619,0.83832379,0.91550698,0.47847306
cd/490297,seed4,105,10,0.25209003,0.6192926,0.6578883,3,22+,30+,0,4,0.5,0.92411765,0.85082489,0.91605405,0.87007026,0.92932656,0.88204188
cd/490297,seed4,110,10,0.16871705,0.57937903,0.66229994,3,30+,30+,1,4,0.5,0.92411765,0.75263629,0.87883818,0.86734443,0.93166315,0.75691572
cd/490297,seed4,115,10,0.24825363,0.61848469,0.65140883,3,30+,30+,1,4,0.5,0.92411765,0.84711771,0.91541612,0.87398723,0.91997388,0.79072518
cd/490297,seed5,100,10,0.02754821,0.50413223,0.70510051,3,30+,22+,0,4,0.5,0.92411765,0.51218883,0.7705619,0.83832379,0.91550698,0.57217015
cd/490297,seed5,105,10,0.27120908,0.62725451,0.6631846,3,22+,22+,1,4,0.5,0.92411765,0.86820514,0.92211058,0.86679203,0.92932656,0.92676308
cd/490297,seed5,110,10,0.15905045,0.57388724,0.66836001,3,22+,30+,0,4,0.5,0.92411765,0.73882441,0.87272577,0.86352128,0.93166315,0.80803181
cd/490297,seed5,115,10,0.11104816,0.54787535,0.6875884,3,22+,30+,0,4,0.5,0.92411765,0.66331117,0.84011746,0.85077346,0.91997388,0.65369954
cd/490303,seed1,100,10,0.07582938,0.29620853,0.81304828,8,68+,68+,1,3,0.5,0.94764706,0.59932604,0.24387995,0.7381802,0.94594812,0.67871861
cd/490303,seed1,105,10,0.17189315,0.37688734,0.76414182,8,68+,68+,1,3,0.5,0.94764706,0.76772062,0.4475501,0.79804506,0.95287755,0.84455546
cd/490303,seed1,110,10,0.16666667,0.4280303,0.6766681,8,68+,16+,0,3,0.5,0.94764706,0.75993992,0.59223763,0.87846028,0.95054707,0.79616954
cd/490303,seed1,115,10,0.17311609,0.48523422,0.59728077,8,68+,16+,0,3,0.5,0.94764706,0.76951561,0.73617987,0.92593907,0.94121591,0.72224705
cd/490303,seed2,100,10,0.07582938,0.29620853,0.81304828,8,68+,68+,1,3,0.5,0.94764706,0.59932604,0.24387995,0.7381802,0.94594812,0.46378708
cd/490303,seed2,105,10,0.15731707,0.36768293,0.7590807,8,68+,68+,1,3,0.5,0.94764706,0.74558202,0.42173801,0.80361702,0.95287755,0.66285858
cd/490303,seed2,110,10,0.07808564,0.3872796,0.69139846,8,68+,68+,1,3,0.5,0.94764706,0.60378925,0.47702957,0.86717975,0.95054707,0.4302577
cd/490303,seed2,115,10,0.09382716,0.47469136,0.5496222,8,68+,68+,1,3,0.5,0.94764706,0.63441299,0.71215225,0.94557118,0.94121591,0.35229209
cd/490303,seed3,100,10,0.07582938,0.29620853,0.81304828,8,68+,68+,1,3,0.5,0.94764706,0.59932604,0.24387995,0.7381802,0.94594812,0.72605581
cd/490303,seed3,105,10,0.15730337,0.36235955,0.76421516,8,68+,68+,1,3,0.5,0.94764706,0.74556057,0.40699325,0.79796346,0.95287755,0.85763096
cd/490303,seed3,110,10,0.03093923,0.32541436,0.71721951,8,68+,68+,1,3,0.5,0.94764706,0.50804261,0.31042373,0.84527509,0.95054707,0.60817641
cd/490303,seed3,115,10,0.12839248,0.4065762,0.65819742,8,68+,16+,0,3,0.5,0.94764706,0.69772083,0.53203718,0.89142964,0.94121591,0.69074737
cd/490303,seed4,100,10,0.07582938,0.29620853,0.81304828,8,68+,68+,1,3,0.5,0.94764706,0.59932604,0.24387995,0.7381802,0.94594812,0.63874582
cd/490303,seed4,105,10,0.10440835,0.32772622,0.77483612,8,68+,68+,1,3,0.5,0.94764706,0.65441969,0.31610085,0.78588554,0.95287755,0.71969008
cd/490303,seed4,110,10,0.21574973,0.43851133,0.68847577,8,68+,68+,1,3,0.5,0.94764706,0.8259856,0.620781,0.86948628,0.95054707,0.83206291
cd/490303,seed4,115,10,0.29333333,0.50820513,0.60423777,8,68+,68+,1,3,0.5,0.94764706,0.90004703,0.78387967,0.92257778,0.94121591,0.85765821
cd/490303,seed5,100,10,0.07582938,0.29620853,0.81304828,8,68+,68+,1,3,0.5,0.94764706,0.59932604,0.24387995,0.7381802,0.94594812,0.64815016
cd/490303,seed5,105,10,0.1108545,0.34006928,0.77323944,8,68+,68+,1,3,0.5,0.94764706,0.6663505,0.34731716,0.78773427,0.95287755,0.73856438
cd/490303,seed5,110,10,0.13681869,0.39655172,0.71500664,8,68+,68+,1,3,0.5,0.94764706,0.71218314,0.50347367,0.8472623,0.95054707,0.7256621
cd/490303,seed5,115,10,0.16207627,0.43802966,0.66218462,8,68+,68+,1,3,0.5,0.94764706,0.75296058,0.61948578,0.88873708,0.94121591,0.67374021
cd/490304,seed1,100,10,0.78899083,0.87155963,0.42519365,3,76-,76-,1,0,0.5,0.92261905,0.99649785,0.99156603,0.95555689,0.91914226,0.99703769
cd/490304,seed1,105,10,0.80668258,0.88066826,0.40490658,3,76-,76-,1,0,0.5,0.92261905,0.99691913,0.99227838,0.95971571,0.93324111,0.99785196
cd/490304,seed1,110,10,0.8009828,0.88206388,0.39690171,3,76-,76-,1,0,0.5,0.92261905,0.99678924,0.99238212,0.96125194,0.92614664,0.9968176
cd/490304,seed1,115,10,0.84039088,0.90228013,0.34976971,3,76-,76-,1,0,0.5,0.92261905,0.99758698,0.99373852,0.96921626,0.91194637,0.99613767
cd/490304,seed2,100,10,0.78899083,0.87155963,0.42519365,3,76-,76-,1,0,0.5,0.92261905,0.99649785,0.99156603,0.95555689,0.91914226,0.99530283
cd/490304,seed2,105,10,0.77623762,0.86138614,0.45044636,3,76-,76-,1,0,0.5,0.92261905,0.99615901,0.99069317,0.94980695,0.93324111,0.99571933
cd/490304,seed2,110,10,0.85358255,0.90654206,0.34080537,3,76-,76-,1,0,0.5,0.92261905,0.99780711,0.99399227,0.97054041,0.92614664,0.9965973
cd/490304,seed2,115,10,0.79338843,0.88429752,0.38083571,3,76-,76-,1,0,0.5,0.92261905,0.99660764,0.99254528,0.96416721,0.91194637,0.99130611
cd/490304,seed3,100,10,0.78899083,0.87155963,0.42519365,3,76-,76-,1,0,0.5,0.92261905,0.99649785,0.99156603,0.95555689,0.91914226,0.99827143
cd/490304,seed3,105,10,0.91081594,0.943074,0.23427257,3,76-,76-,1,0,0.5,0.92261905,0.9985523,0.99578751,0.98259718,0.93324111,0.99942702
cd/490304,seed3,110,10,0.88888889,0.92743764,0.28251248,3,76-,76-,1,0,0.5,0.92261905,0.9983026,0.99509588,0.97789544,0.92614664,0.99904031
cd/490304,seed3,115,10,0.92054795,0.95068493,0.20885281,3,76-,76-,1,0,0.5,0.92261905,0.99865103,0.99608811,0.98466425,0.91194637,0.99876487
cd/490304,seed4,100,10,0.78899083,0.87155963,0.42519365,3,76-,76-,1,0,0.5,0.92261905,0.99649785,0.99156603,0.95555689,0.91914226,0.99779862
cd/490304,seed4,105,10,0.78841871,0.87082405,0.42724417,3,76-,76-,1,0,0.5,0.92261905,0.99648331,0.99150574,0.95511444,0.93324111,0.99816952
cd/490304,seed4,110,10,0.88,0.92470588,0.28943902,3,76-,76-,1,0,0.5,0.92261905,0.99818952,0.99496395,0.97712549,0.92614664,0.99869315
cd/490304,seed4,115,10,0.83516484,0.9047619,0.33675907,3,76-,76-,1,0,0.5,0.92261905,0.99749379,0.99388755,0.97111985,0.91194637,0.99701439
cd/490304,seed5,100,10,0.78899083,0.87155963,0.42519365,3,76-,76-,1,0,0.5,0.92261905,0.99649785,0.99156603,0.95555689,0.91914226,0.99799398
cd/490304,seed5,105,10,0.85783133,0.91325301,0.32011612,3,76-,76-,1,0,0.5,0.92261905,0.99787365,0.99437127,0.97338898,0.93324111,0.99900968
cd/490304,seed5,110,10,0.84468665,0.89645777,0.36825282,3,76-,76-,1,0,0.5,0.92261905,0.99766098,0.99337457,0.96630182,0.92614664,0.99844757
cd/490304,seed5,115,10,0.82251082,0.88744589,0.39003887,3,76-,76-,1,0,0.5,0.92261905,0.99725302,0.99276939,0.9625241,0.91194637,0.99700832
cd/490305,seed1,100,10,0.66666667,0.83333333,0.65002242,2,15*,15*,1,3,0.5,0.94764706,0.99492791,0.99330558,0.89677167,0.94594812,0.99683551
cd/490305,seed1,105,10,0.44047619,0.7202381,0.85512619,2,15*,15*,1,3,0.5,0.94764706,0.96808171,0.97607883,0.67832357,0.95287755,0.9814318
cd/490305,seed1,110,10,0.66071429,0.83035714,0.65688713,2,15*,15*,1,3,0.5,0.94764706,0.99467388,0.99307584,0.8923019,0.95054707,0.99611743
cd/490305,seed1,115,10,0.64,0.82,0.68007705,2,15*,3*,0,3,0.5,0.94764706,0.99368714,0.99221363,0.87592546,0.94121591,0.9926843
cd/490305,seed2,100,10,0.66666667,0.83333333,0.65002242,2,15*,15*,1,3,0.5,0.94764706,0.99492791,0.99330558,0.89677167,0.94594812,0.99230607
cd/490305,seed2,105,10,0.57692308,0.78846154,0.74441318,2,15*,15*,1,3,0.5,0.94764706,0.98942103,0.98887696,0.81910601,0.95287755,0.98566122
cd/490305,seed2,110,10,0.28125,0.640625,0.94216317,2,15*,15*,1,3,0.5,0.94764706,0.89071077,0.94267555,0.53625721,0.95054707,0.8084717
cd/490305,seed2,115,10,0.22222222,0.61111111,0.96407876,2,15*,15*,1,3,0.5,0.94764706,0.83353042,0.92151369,0.49850152,0.94121591,0.61741607
cd/490305,seed3,100,10,0.66666667,0.83333333,0.65002242,2,15*,15*,1,3,0.5,0.94764706,0.99492791,0.99330558,0.89677167,0.94594812,0.99747606
cd/490305,seed3,105,10,0.60674157,0.80337079,0.71513508,2,15*,15*,1,3,0.5,0.94764706,0.99170973,0.9906013,0.84714753,0.95287755,0.99632577
cd/490305,seed3,110,10,0.62222222,0.81111111,0.69914131,2,15*,15*,1,3,0.5,0.94764706,0.99269679,0.99138925,0.86090208,0.95054707,0.99571412
cd/490305,seed3,115,10,0.61111111,0.80555556,0.71067685,2,15*,15*,1,3,0.5,0.94764706,0.99200102,0.99083067,0.85108999,0.94121591,0.99255322
cd/490305,seed4,100,10,0.66666667,0.83333333,0.65002242,2,15*,15*,1,3,0.5,0.94764706,0.99492791,0.99330558,0.89677167,0.94594812,0.99622145
cd/490305,seed4,105,10,0.59210526,0.79605263,0.72975293,2,15*,15*,1,3,0.5,0.94764706,0.99065525,0.98979079,0.83361931,0.95287755,0.99378142
cd/490305,seed4,110,10,0.6741573,0.83707865,0.64125277,2,15*,15*,1,3,0.5,0.94764706,0.99523053,0.99358395,0.90224244,0.95054707,0.9958615
cd/490305,seed4,115,10,0.78787879,0.89393939,0.48791799,2,15*,3*,0,3,0.5,0.94764706,0.99812879,0.9966371,0.96376507,0.94121591,0.99749019
cd/490305,seed5,100,10,0.66666667,0.83333333,0.65002242,2,15*,15*,1,3,0.5,0.94764706,0.99492791,0.99330558,0.89677167,0.94594812,0.99637267
cd/490305,seed5,105,10,0.72115385,0.86057692,0.58272591,2,15*,15*,1,3,0.5,0.94764706,0.99675894,0.99508604,0.93254073,0.95287755,0.99799094
cd/490305,seed5,110,10,0.58333333,0.79166667,0.73828487,2,15*,15*,1,3,0.5,0.94764706,0.98996069,0.98927227,0.82528958,0.95054707,0.99146442
cd/490305,seed5,115,10,0.475,0.7375,0.83049552,2,15*,15*,1,3,0.5,0.94764706,0.97580382,0.98027264,0.71424629,0.94121591,0.96693899
cd/490306,seed1,100,10,0.78571429,0.89285714,0.49123734,2,50-,50-,1,0,0.5,0.92261905,0.99641375,0.99313905,0.93900926,0.91914226,0.99696401
cd/490306,seed1,105,10,0.75324675,0.87662338,0.5389896,2,50-,50-,1,0,0.5,0.92261905,0.99546359,0.99196973,0.92362293,0.93324111,0.99679293
cd/490306,seed1,110,10,0.75555556,0.87777778,0.53571502,2,50-,50-,1,0,0.5,0.92261905,0.99553874,0.99205905,0.92478293,0.92614664,0.99552737
cd/490306,seed1,115,10,0.79166667,0.89583333,0.48206615,2,50-,50-,1,0,0.5,0.92261905,0.99656507,0.99333431,0.94161194,0.91194637,0.99443781
cd/490306,seed2,100,10,0.78571429,0.89285714,0.49123734,2,50-,50-,1,0,0.5,0.92261905,0.99641375,0.99313905,0.93900926,0.91914226,0.99518622
cd/490306,seed2,105,10,0.796875,0.8984375,0.47392912,2,50-,50-,1,0,0.5,0.92261905,0.99669225,0.99350062,0.94383356,0.93324111,0.99633246
cd/490306,seed2,110,10,0.66666667,0.83333333,0.65002242,2,50-,50-,1,0,0.5,0.92261905,0.99152214,0.98779552,0.87337462,0.92614664,0.98626634
cd/490306,seed2,115,10,0.25,0.625,0.954434,2,50-,50-,1,0,0.5,0.92261905,0.84983822,0.91364193,0.59669929,0.91194637,0.65697705
cd/490306,seed3,100,10,0.78571429,0.89285714,0.49123734,2,50-,50-,1,0,0.5,0.92261905,0.99641375,0.99313905,0.93900926,0.91914226,0.99822838
cd/490306,seed3,105,10,0.75,0.875,0.54356444,2,50-,50-,1,0,0.5,0.92261905,0.99535576,0.99184244,0.92197484,0.93324111,0.99808224
cd/490306,seed3,110,10,0.82,0.91,0.43646982,2,50-,50-,1,0,0.5,0.92261905,0.99720257,0.99419062,0.95307134,0.92614664,0.99838992
cd/490306,seed3,115,10,0.89655172,0.94827586,0.29367631,2,50-,50-,1,0,0.5,0.92261905,0.9983944,0.99599535,0.97664162,0.91194637,0.99852096
cd/490306,seed4,100,10,0.78571429,0.89285714,0.49123734,2,50-,50-,1,0,0.5,0.92261905,0.99641375,0.99313905,0.93900926,0.91914226,0.99774383
cd/490306,seed4,105,10,0.76056338,0.88028169,0.52855061,2,50-,50-,1,0,0.5,0.92261905,0.99569752,0.9922494,0.92726462,0.93324111,0.9977439
cd/490306,seed4,110,10,0.85106383,0.92553191,0.38238068,2,50-,50-,1,0,0.5,0.92261905,0.99776669,0.99500421,0.9638963,0.92614664,0.99837596
cd/490306,seed4,115,10,0.85714286,0.92857143,0.37123233,2,50-,50-,1,0,0.5,0.92261905,0.99786301,0.99514963,0.96580773,0.91194637,0.99746809
cd/490306,seed5,100,10,0.78571429,0.89285714,0.49123734,2,50-,50-,1,0,0.5,0.92261905,0.99641375,0.99313905,0.93900926,0.91914226,0.99794404
cd/490306,seed5,105,10,0.77922078,0.88961039,0.50109002,2,50-,50-,1,0,0.5,0.92261905,0.99624108,0.99291957,0.93609256,0.93324111,0.99821277
cd/490306,seed5,110,10,0.73214286,0.86607143,0.5681147,2,50-,50-,1,0,0.5,0.92261905,0.99471552,0.99110575,0.91256284,0.92614664,0.99638844
cd/490306,seed5,115,10,0.77272727,0.88636364,0.51078782,2,50-,50-,1,0,0.5,0.92261905,0.99606014,0.99269312,0.93309523,0.91194637,0.99565566
cd/490307,seed1,100,10,0.57327586,0.70043103,0.50131231,8,72-,72-,1,4,0.5,0.92411765,0.98465935,0.96158657,0.93990362,0.91550698,0.98603096
cd/490307,seed1,105,10,0.61290323,0.73248053,0.45695453,8,72-,72-,1,4,0.5,0.92411765,0.98857491,0.97202674,0.95212648,0.92932656,0.99269405
cd/490307,seed1,110,10,0.63280423,0.76984127,0.38788854,8,72-,72-,1,4,0.5,0.92411765,0.99015055,0.98074308,0.96656997,0.93166315,0.99216803
cd/490307,seed1,115,10,0.77520161,0.86643145,0.2573358,8,72-,72-,1,4,0.5,0.92411765,0.99661043,0.99274534,0.98323519,0.91997388,0.99603288
cd/490307,seed2,100,10,0.57327586,0.70043103,0.50131231,8,72-,72-,1,4,0.5,0.92411765,0.98465935,0.96158657,0.93990362,0.91550698,0.97281021
cd/490307,seed2,105,10,0.63605442,0.74886621,0.42431241,8,72-,72-,1,4,0.5,0.92411765,0.9903866,0.97624234,0.95957234,0.92932656,0.98802541
cd/490307,seed2,110,10,0.75553214,0.85089568,0.27637673,8,72-,72-,1,4,0.5,0.92411765,0.99607092,0.99150592,0.98144729,0.93166315,0.99405961
cd/490307,seed2,115,10,0.6993737,0.83977035,0.25423356,8,72-,72-,1,4,0.5,0.92411765,0.994013,0.99049147,0.98350998,0.91997388,0.98599776
cd/490307,seed3,100,10,0.57327586,0.70043103,0.50131231,8,72-,72-,1,4,0.5,0.92411765,0.98465935,0.96158657,0.93990362,0.91550698,0.99080012
cd/490307,seed3,105,10,0.6177437,0.74424973,0.43454932,8,72-,72-,1,4,0.5,0.92411765,0.98897969,0.9751217,0.95736524,0.92932656,0.99537659
cd/490307,seed3,110,10,0.7357513,0.82746114,0.32536507,8,72-,72-,1,4,0.5,0.92411765,0.99544212,0.98922884,0.97594396,0.93166315,0.99768867
cd/490307,seed3,115,10,0.7420999,0.83231397,0.32854379,8,72-,72-,1,4,0.5,0.92411765,0.99565415,0.98974531,0.97553633,0.91997388,0.99663136
cd/490307,seed4,100,10,0.57327586,0.70043103,0.50131231,8,72-,72-,1,4,0.5,0.92411765,0.98465935,0.96158657,0.93990362,0.91550698,0.98482809
cd/490307,seed4,105,10,0.57191393,0.70271801,0.4753484,8,72-,72-,1,4,0.5,0.92411765,0.98450353,0.96244172,0.94737416,0.92932656,0.98909971
cd/490307,seed4,110,10,0.66873706,0.79761905,0.35101392,8,72-,72-,1,4,0.5,0.92411765,0.99246968,0.9854382,0.97245671,0.93166315,0.993557
cd/490307,seed4,115,10,0.79802956,0.87142857,0.25964641,8,72-,72-,1,4,0.5,0.92411765,0.99714467,0.99310449,0.9830276,0.91997388,0.99638874
cd/490307,seed5,100,10,0.57327586,0.70043103,0.50131231,8,72-,72-,1,4,0.5,0.92411765,0.98465935,0.96158657,0.93990362,0.91550698,0.98954219
cd/490307,seed5,105,10,0.63333333,0.74388889,0.44457858,8,72-,72-,1,4,0.5,0.92411765,0.99018937,0.97503197,0.95509157,0.92932656,0.99534075
cd/490307,seed5,110,10,0.68220339,0.79925847,0.35917609,8,72-,72-,1,4,0.5,0.92411765,0.9931915,0.98567698,0.97124727,0.93166315,0.9960112
cd/490307,seed5,115,10,0.74077869,0.84989754,0.275362,8,72-,72-,1,4,0.5,0.92411765,0.99561085,0.99141947,0.98154712,0.91997388,0.99612811
cd/490308,seed1,100,10,0.34375,0.671875,0.91299921,2,11*,11*,1,2,0.5,0.92294118,0.92269914,0.94762473,0.56196161,0.92007543,0.93427414
cd/490308,seed1,105,10,0.43037975,0.71518987,0.86192244,2,11*,11*,1,2,0.5,0.92294118,0.95892631,0.96510196,0.63610479,0.93168998,0.9699316
cd/490308,seed1,110,10,0.56140351,0.78070175,0.75888405,2,11*,11*,1,2,0.5,0.92294118,0.98470891,0.98132113,0.76541456,0.92467754,0.98492965
cd/490308,seed1,115,10,0.63157895,0.81578947,0.68920199,2,11*,11*,1,2,0.5,0.92294118,0.99106234,0.98668157,0.83266865,0.91532192,0.98805988
cd/490308,seed2,100,10,0.34375,0.671875,0.91299921,2,11*,11*,1,2,0.5,0.92294118,0.92269914,0.94762473,0.56196161,0.92007543,0.87954192
cd/490308,seed2,105,10,0.42682927,0.71341463,0.86426939,2,11*,3*,0,2,0.5,0.92294118,0.95782963,0.96451154,0.63280795,0.93168998,0.94153944
cd/490308,seed2,110,10,0.38888889,0.69444444,0.88797632,2,11*,3*,0,2,0.5,0.92294118,0.94423071,0.95757218,0.59885339,0.92467754,0.89409862
cd/490308,seed2,115,10,0.4,0.7,0.8812909,2,3*,3*,1,2,0.5,0.92294118,0.94859224,0.95972882,0.60854093,0.91532192,0.8695187
cd/490308,seed3,100,10,0.34375,0.671875,0.91299921,2,11*,11*,1,2,0.5,0.92294118,0.92269914,0.94762473,0.56196161,0.92007543,0.95447197
cd/490308,seed3,105,10,0.45783133,0.72891566,0.84301629,2,11*,11*,1,2,0.5,0.92294118,0.96652886,0.96935764,0.66217712,0.93168998,0.98340556
cd/490308,seed3,110,10,0.68518519,0.84259259,0.62807102,2,11*,11*,1,2,0.5,0.92294118,0.99408083,0.98972529,0.87813947,0.92467754,0.99616146
cd/490308,seed3,115,10,0.34482759,0.67241379,0.91244118,2,11*,11*,1,2,0.5,0.92294118,0.92329223,0.94788605,0.56279345,0.91532192,0.92483887
cd/490308,seed4,100,10,0.34375,0.671875,0.91299921,2,11*,11*,1,2,0.5,0.92294118,0.92269914,0.94762473,0.56196161,0.92007543,0.93970864
cd/490308,seed4,105,10,0.59047619,0.7952381,0.73135027,2,11*,11*,1,2,0.5,0.92294118,0.98775371,0.98375982,0.79402645,0.93168998,0.99220809
cd/490308,seed4,110,10,0.67073171,0.83536585,0.64528153,2,11*,11*,1,2,0.5,0.92294118,0.99338447,0.98897991,0.86653748,0.92467754,0.9942152
cd/490308,seed4,115,10,0.64516129,0.82258065,0.67439889,2,11*,3*,0,2,0.5,0.92294118,0.99194747,0.98752802,0.84479167,0.91532192,0.99021062
cd/490308,seed5,100,10,0.34375,0.671875,0.91299921,2,11*,11*,1,2,0.5,0.92294118,0.92269914,0.94762473,0.56196161,0.92007543,0.95512559
cd/490308,seed5,105,10,0.28571429,0.64285714,0.94028596,2,11*,11*,1,2,0.5,0.92294118,0.88392933,0.9315845,0.52095072,0.93168998,0.9381922
cd/490308,seed5,110,10,0.45833333,0.72916667,0.84265788,2,11*,11*,1,2,0.5,0.92294118,0.96665439,0.96943059,0.66266258,0.92467754,0.97722013
cd/490308,seed5,115,10,0.74285714,0.87142857,0.55350727,2,11*,3*,0,2,0.5,0.92294118,0.99620484,0.99223394,0.91883024,0.91532192,0.99669799
cd/490309,seed1,100,10,0.43668122,0.66157205,0.42036346,12,96-,96-,1,2,0.5,0.92294118,0.96080582,0.94238355,0.96205765,0.92007543,0.96763744
cd/490309,seed1,105,10,0.50805585,0.6858217,0.41656136,12,96-,96-,1,2,0.5,0.92294118,0.97706656,0.95400495,0.96288939,0.93168998,0.98362142
cd/490309,seed1,110,10,0.60484721,0.74341412,0.34814199,12,96-,96-,1,2,0.5,0.92294118,0.98902931,0.97330616,0.97516735,0.92467754,0.98930737
cd/490309,seed1,115,10,0.60041408,0.73964803,0.33659591,12,96-,96-,1,2,0.5,0.92294118,0.98865051,0.9723308,0.97680576,0.91532192,0.98472999
cd/490309,seed2,100,10,0.43668122,0.66157205,0.42036346,12,96-,96-,1,2,0.5,0.92294118,0.96080582,0.94238355,0.96205765,0.92007543,0.93887017
cd/490309,seed2,105,10,0.60470085,0.74198718,0.37703294,12,96-,96-,1,2,0.5,0.92294118,0.98901701,0.9729406,0.97055826,0.93168998,0.9852606
cd/490309,seed2,110,10,0.61377871,0.73329854,0.38732483,12,96-,96-,1,2,0.5,0.92294118,0.98975494,0.97060747,0.96872375,0.92467754,0.9807864
cd/490309,seed2,115,10,0.43822598,0.65417107,0.41463215,12,96-,96-,1,2,0.5,0.92294118,0.96125382,0.93831877,0.96330469,0.91532192,0.90048011
cd/490309,seed3,100,10,0.43668122,0.66157205,0.42036346,12,96-,96-,1,2,0.5,0.92294118,0.96080582,0.94238355,0.96205765,0.92007543,0.97782593
cd/490309,seed3,105,10,0.52038627,0.70761803,0.3712032,12,96-,96-,1,2,0.5,0.92294118,0.97911144,0.96251595,0.97155067,0.93168998,0.98987408
cd/490309,seed3,110,10,0.65488565,0.78742204,0.29083151,12,96-,96-,1,2,0.5,0.92294118,0.99252722,0.98249027,0.98232164,0.92467754,0.99511349
cd/490309,seed3,115,10,0.61338661,0.75274725,0.32597346,12,96-,96-,1,2,0.5,0.92294118,0.9897241,0.97558134,0.9782196,0.91532192,0.99061142
cd/490309,seed4,100,10,0.43668122,0.66157205,0.42036346,12,96-,96-,1,2,0.5,0.92294118,0.96080582,0.94238355,0.96205765,0.92007543,0.97040072
cd/490309,seed4,105,10,0.47165775,0.67219251,0.41175177,12,96-,96-,1,2,0.5,0.92294118,0.96982486,0.94777888,0.96391644,0.93168998,0.9800844
cd/490309,seed4,110,10,0.70971074,0.81559917,0.27660305,12,96-,96-,1,2,0.5,0.92294118,0.99509969,0.98665706,0.98375767,0.92467754,0.99575858
cd/490309,seed4,115,10,0.76043738,0.84940358,0.22814815,12,96-,96-,1,2,0.5,0.92294118,0.99668628,0.99038202,0.98783856,0.91532192,0.99608488
cd/490309,seed5,100,10,0.43668122,0.66157205,0.42036346,12,96-,96-,1,2,0.5,0.92294118,0.96080582,0.94238355,0.96205765,0.92007543,0.97815194
cd/490309,seed5,105,10,0.47149123,0.66611842,0.42421592,12,96-,96-,1,2,0.5,0.92294118,0.9697871,0.94475444,0.96119664,0.93168998,0.98531879
cd/490309,seed5,110,10,0.57601713,0.73072805,0.35633165,12,96-,96-,1,2,0.5,0.92294118,0.98632263,0.96988058,0.97393739,0.92467754,0.99099088
cd/490309,seed5,115,10,0.55422993,0.70986985,0.36808236,12,96-,96-,1,2,0.5,0.92294118,0.98384954,0.96330368,0.97206851,0.91532192,0.98523525
cd/490312,seed1,100,10,0.81653747,0.90697674,0.29244601,3,90-,90-,1,0,0.5,0.92261905,0.99713148,0.99401757,0.97678313,0.91914226,0.99759064
cd/490312,seed1,105,10,0.78027998,0.88800974,0.33566202,3,90-,90-,1,0,0.5,0.92261905,0.9962698,0.99280882,0.97127504,0.93324111,0.99738138
cd/490312,seed1,110,10,0.75926951,0.87825125,0.34916876,3,90-,90-,1,0,0.5,0.92261905,0.99565704,0.99209539,0.9693068,0.92614664,0.99565003
cd/490312,seed1,115,10,0.73188789,0.86462189,0.37275068,3,90-,90-,1,0,0.5,0.92261905,0.99470577,0.99098008,0.96555326,0.91194637,0.99130798
cd/490312,seed2,100,10,0.81653747,0.90697674,0.29244601,3,90-,90-,1,0,0.5,0.92261905,0.99713148,0.99401757,0.97678313,0.91914226,0.99617838
cd/490312,seed2,105,10,0.84966525,0.92331102,0.25797024,3,90-,90-,1,0,0.5,0.92261905,0.99774392,0.99489522,0.98042491,0.93324111,0.99753124
cd/490312,seed2,110,10,0.62244265,0.81029138,0.45170882,3,90-,90-,1,0,0.5,0.92261905,0.98834562,0.9847623,0.94950171,0.92614664,0.98095067
cd/490312,seed2,115,10,0.48902821,0.74043887,0.55417786,3,90-,90-,1,0,0.5,0.92261905,0.96984124,0.97029823,0.91802534,0.91194637,0.92037571
cd/490312,seed3,100,10,0.81653747,0.90697674,0.29244601,3,90-,90-,1,0,0.5,0.92261905,0.99713148,0.99401757,0.97678313,0.91914226,0.99859441
cd/490312,seed3,105,10,0.80915111,0.90246839,0.30673906,3,90-,90-,1,0,0.5,0.92261905,0.99697375,0.99374995,0.97508625,0.93324111,0.99877001
cd/490312,seed3,110,10,0.73128265,0.86535113,0.36306689,3,90-,90-,1,0,0.5,0.92261905,0.99468255,0.99104352,0.96714542,0.92614664,0.99686711
cd/490312,seed3,115,10,0.6406834,0.81954084,0.43805332,3,90-,90-,1,0,0.5,0.92261905,0.98977791,0.98606014,0.95271188,0.91194637,0.98995541
cd/490312,seed4,100,10,0.81653747,0.90697674,0.29244601,3,90-,90-,1,0,0.5,0.92261905,0.99713148,0.99401757,0.97678313,0.91914226,0.99820979
cd/490312,seed4,105,10,0.78833023,0.89323402,0.31775145,3,90-,90-,1,0,0.5,0.92261905,0.99648105,0.99316409,0.97369698,0.93324111,0.9981683
cd/490312,seed4,110,10,0.75499714,0.87664192,0.34824966,3,90-,90-,1,0,0.5,0.92261905,0.99552068,0.99197117,0.96944478,0.92614664,0.99666102
cd/490312,seed4,115,10,0.75851231,0.8784704,0.34439444,3,90-,90-,1,0,0.5,0.92261905,0.99563318,0.99211216,0.97001702,0.91194637,0.99469875
cd/490312,seed5,100,10,0.81653747,0.90697674,0.29244601,3,90-,90-,1,0,0.5,0.92261905,0.99713148,0.99401757,0.97678313,0.91914226,0.99836872
cd/490312,seed5,105,10,0.74590661,0.87022438,0.37192008,3,90-,90-,1,0,0.5,0.92261905,0.99521618,0.99145627,0.96569269,0.93324111,0.99770508
cd/490312,seed5,110,10,0.79035037,0.89431361,0.31512719,3,90-,90-,1,0,0.5,0.92261905,0.99653217,0.9932353,0.97403474,0.92614664,0.99766579
cd/490312,seed5,115,10,0.76185286,0.87901907,0.35118429,3,90-,90-,1,0,0.5,0.92261905,0.99573748,0.99215399,0.96900211,0.91194637,0.99528719
cd/490313,seed1,100,10,0.53078556,0.71125265,0.52971455,5,98-,98-,1,0,0.5,0.92261905,0.97755883,0.96088478,0.92686664,0.91914226,0.97970718
cd/490313,seed1,105,10,0.55915119,0.73793103,0.49756234,5,98-,98-,1,0,0.5,0.92261905,0.98166306,0.96958415,0.9371515,0.93324111,0.98633946
cd/490313,seed1,110,10,0.64493123,0.80438105,0.37545857,5,98-,98-,1,0,0.5,0.92261905,0.99008561,0.98387143,0.96509489,0.92614664,0.98978213
cd/490313,seed1,115,10,0.70361207,0.83770411,0.33014105,5,98-,98-,1,0,0.5,0.92261905,0.99350569,0.98829957,0.97204382,0.91194637,0.98927051
cd/490313,seed2,100,10,0.53078556,0.71125265,0.52971455,5,98-,98-,1,0,0.5,0.92261905,0.97755883,0.96088478,0.92686664,0.91914226,0.9681471
cd/490313,seed2,105,10,0.60768826,0.77251185,0.44532346,5,98-,98-,1,0,0.5,0.92261905,0.98704344,0.97811113,0.95102771,0.93324111,0.98495841
cd/490313,seed2,110,10,0.6643038,0.82379747,0.32984527,5,98-,98-,1,0,0.5,0.92261905,0.99137655,0.98662019,0.97208444,0.92614664,0.98602355
cd/490313,seed2,115,10,0.64011946,0.81781981,0.30990344,5,98-,98-,1,0,0.5,0.92261905,0.98973636,0.98582719,0.97469453,0.91194637,0.97297889
cd/490313,seed3,100,10,0.53078556,0.71125265,0.52971455,5,98-,98-,1,0,0.5,0.92261905,0.97755883,0.96088478,0.92686664,0.91914226,0.98807234
cd/490313,seed3,105,10,0.63679494,0.78176067,0.44173849,5,98-,98-,1,0,0.5,0.92261905,0.98948797,0.97996382,0.95186518,0.93324111,0.99551855
cd/490313,seed3,110,10,0.65992926,0.81101566,0.37555839,5,98-,98-,1,0,0.5,0.92261905,0.99110044,0.98486808,0.96507788,0.92614664,0.99465401
cd/490313,seed3,115,10,0.68765617,0.82708646,0.35069327,5,98-,98-,1,0,0.5,0.92261905,0.99271294,0.98703767,0.96907661,0.91194637,0.99292357
cd/490313,seed4,100,10,0.53078556,0.71125265,0.52971455,5,98-,98-,1,0,0.5,0.92261905,0.97755883,0.96088478,0.92686664,0.91914226,0.98485218
cd/490313,seed4,105,10,0.59220779,0.75688312,0.47251717,5,98-,98-,1,0,0.5,0.92261905,0.98552277,0.97459321,0.94421088,0.93324111,0.9920432
cd/490313,seed4,110,10,0.73889166,0.84922616,0.34002276,5,98-,98-,1,0,0.5,0.92261905,0.99496721,0.98953184,0.97065335,0.92614664,0.99623271
cd/490313,seed4,115,10,0.8108642,0.88839506,0.2790749,5,98-,98-,1,0,0.5,0.92261905,0.99701109,0.99283563,0.9782681,0.91194637,0.99641787
cd/490313,seed5,100,10,0.53078556,0.71125265,0.52971455,5,98-,98-,1,0,0.5,0.92261905,0.97755883,0.96088478,0.92686664,0.91914226,0.98618055
cd/490313,seed5,105,10,0.56038647,0.73913043,0.50052159,5,98-,98-,1,0,0.5,0.92261905,0.98182398,0.96992772,0.93626431,0.93324111,0.99080224
cd/490313,seed5,110,10,0.62519603,0.7877679,0.41456144,5,98-,98-,1,0,0.5,0.92261905,0.9885739,0.98108394,0.95778514,0.92614664,0.99196359
cd/490313,seed5,115,10,0.64101266,0.80759494,0.3671689,5,98-,98-,1,0,0.5,0.92261905,0.9898021,0.98436204,0.96647986,0.91194637,0.98838722
cd/490315,seed1,100,10,0.70378619,0.79955457,0.46884191,5,87-,87-,1,2,0.5,0.92294118,0.99487082,0.98442168,0.94975887,0.92007543,0.99606955
cd/490315,seed1,105,10,0.70316694,0.8185722,0.41307895,5,87-,87-,1,2,0.5,0.92294118,0.99484629,0.98703505,0.9636358,0.93168998,0.99651718
cd/490315,seed1,110,10,0.82202958,0.89291178,0.27865165,5,87-,87-,1,2,0.5,0.92294118,0.9979407,0.99369839,0.98355821,0.92467754,0.99810229
cd/490315,seed1,115,10,0.87222496,0.92501233,0.20862193,5,87-,87-,1,2,0.5,0.92294118,0.998603,0.99539071,0.98918041,0.91532192,0.99824116
cd/490315,seed2,100,10,0.70378619,0.79955457,0.46884191,5,87-,87-,1,2,0.5,0.92294118,0.99487082,0.98442168,0.94975887,0.92007543,0.99237664
cd/490315,seed2,105,10,0.7488051,0.84705258,0.36269125,5,87-,87-,1,2,0.5,0.92294118,0.99637506,0.99016017,0.97294157,0.93168998,0.99529969
cd/490315,seed2,110,10,0.84059457,0.91081497,0.22718704,5,87-,87-,1,2,0.5,0.92294118,0.99821596,0.99470664,0.98790829,0.92467754,0.99681964
cd/490315,seed2,115,10,0.87169246,0.93110334,0.17937713,5,87-,87-,1,2,0.5,0.92294118,0.99859724,0.99565651,0.99092084,0.91532192,0.99656706
cd/490315,seed3,100,10,0.70378619,0.79955457,0.46884191,5,87-,87-,1,2,0.5,0.92294118,0.99487082,0.98442168,0.94975887,0.92007543,0.99733163
cd/490315,seed3,105,10,0.6729461,0.79696494,0.45170791,5,87-,87-,1,2,0.5,0.92294118,0.99349621,0.98402786,0.95448605,0.93168998,0.9969911
cd/490315,seed3,110,10,0.73090723,0.84930805,0.33269688,5,87-,87-,1,2,0.5,0.92294118,0.99583841,0.9903731,0.97733484,0.92467754,0.9973344
cd/490315,seed3,115,10,0.8202765,0.89759345,0.2577779,5,87-,87-,1,2,0.5,0.92294118,0.99791261,0.99397915,0.98548258,0.91532192,0.99819292
cd/490315,seed4,100,10,0.70378619,0.79955457,0.46884191,5,87-,87-,1,2,0.5,0.92294118,0.99487082,0.98442168,0.94975887,0.92007543,0.99641415
cd/490315,seed4,105,10,0.66492965,0.79781136,0.44062583,5,87-,87-,1,2,0.5,0.92294118,0.99308255,0.98415765,0.95731472,0.93168998,0.99569034
cd/490315,seed4,110,10,0.8243038,0.89772152,0.2596528,5,87-,87-,1,2,0.5,0.92294118,0.99797657,0.99398665,0.98531921,0.92467754,0.99830014
cd/490315,seed4,115,10,0.90507953,0.93945613,0.18300324,5,87-,87-,1,2,0.5,0.92294118,0.99891648,0.99599637,0.9907211,0.91532192,0.99876608
cd/490315,seed5,100,10,0.70378619,0.79955457,0.46884191,5,87-,87-,1,2,0.5,0.92294118,0.99487082,0.98442168,0.94975887,0.92007543,0.99737163
cd/490315,seed5,105,10,0.6856841,0.80876915,0.4252687,5,87-,87-,1,2,0.5,0.92294118,0.99410352,0.98574701,0.96095811,0.93168998,0.99732262
cd/490315,seed5,110,10,0.78868895,0.87455013,0.30965223,5,87-,87-,1,2,0.5,0.92294118,0.99733569,0.99246605,0.98022921,0.92467754,0.99834473
cd/490315,seed5,115,10,0.83476503,0.90803436,0.23070704,5,87-,87-,1,2,0.5,0.92294118,0.99813373,0.99456128,0.98765094,0.91532192,0.99841456
cd/490316,seed1,100,10,0.28841608,0.59338061,0.61510712,5,26-,26-,1,3,0.5,0.94764706,0.89633638,0.90556947,0.91704586,0.94594812,0.92748018
cd/490316,seed1,105,10,0.15457227,0.53982301,0.58106272,5,26-,26-,1,3,0.5,0.94764706,0.74126109,0.83880166,0.93325938,0.95287755,0.82430692
cd/490316,seed1,110,10,0.15376045,0.5632312,0.50264755,5,26-,13+,0,3,0.5,0.94764706,0.73997399,0.8717525,0.96004206,0.95054707,0.77785348
cd/490316,seed1,115,10,0.06434873,0.5256876,0.47108613,5,26-,13+,0,3,0.5,0.94764706,0.57637414,0.81577532,0.96761097,0.94121591,0.50857864
cd/490316,seed2,100,10,0.28841608,0.59338061,0.61510712,5,26-,13+,0,3,0.5,0.94764706,0.89633638,0.90556947,0.91704586,0.94594812,0.83964868
cd/490316,seed2,105,10,0.03581745,0.49162334,0.56379116,5,26-,13+,0,3,0.5,0.94764706,0.51810055,0.75009871,0.94031256,0.95287755,0.41262916
cd/490316,seed2,110,10,0.23098592,0.60788732,0.46473174,5,13+,26-,0,3,0.5,0.94764706,0.8433259,0.91881049,0.96895778,0.95054707,0.73386994
cd/490316,seed2,115,10,0.13514929,0.56102672,0.46945267,5,13+,26-,0,3,0.5,0.94764706,0.70935076,0.86891273,0.96796248,0.94121591,0.43561967
cd/490316,seed3,100,10,0.28841608,0.59338061,0.61510712,5,26-,26-,1,3,0.5,0.94764706,0.89633638,0.90556947,0.91704586,0.94594812,0.94133328
cd/490316,seed3,105,10,0.13850746,0.52716418,0.60039684,5,26-,26-,1,3,0.5,0.94764706,0.71503159,0.81829494,0.92445046,0.95287755,0.83706359
cd/490316,seed3,110,10,0.07782101,0.52195664,0.52525187,5,26-,26-,1,3,0.5,0.94764706,0.60326665,0.80928854,0.95360765,0.95054707,0.69778384
cd/490316,seed3,115,10,0.09487038,0.53116382,0.51420618,5,26-,26-,1,3,0.5,0.94764706,0.63640757,0.82498507,0.95686648,0.94121591,0.62706958
cd/490316,seed4,100,10,0.28841608,0.59338061,0.61510712,5,26-,26-,1,3,0.5,0.94764706,0.89633638,0.90556947,0.91704586,0.94594812,0.91456143
cd/490316,seed4,105,10,0.03190883,0.47578348,0.60178481,5,26-,26-,1,3,0.5,0.94764706,0.51004252,0.71470102,0.92377859,0.95287755,0.58147112
cd/490316,seed4,110,10,0.16733524,0.56561605,0.5148683,5,26-,26-,1,3,0.5,0.94764706,0.7609451,0.87476537,0.95667745,0.95054707,0.7667808
cd/490316,seed4,115,10,0.16729223,0.57640751,0.46826792,5,26-,13+,0,3,0.5,0.94764706,0.76088052,0.88764929,0.96821512,0.94121591,0.67444078
cd/490316,seed5,100,10,0.28841608,0.59338061,0.61510712,5,26-,26-,1,3,0.5,0.94764706,0.89633638,0.90556947,0.91704586,0.94594812,0.91771062
cd/490316,seed5,105,10,0.18872404,0.55964392,0.57348123,5,26-,26-,1,3,0.5,0.94764706,0.7915663,0.86710431,0.93644604,0.95287755,0.84528858
cd/490316,seed5,110,10,0.19785189,0.57603166,0.53771629,5,26-,26-,1,3,0.5,0.94764706,0.80372272,0.88722071,0.94964924,0.95054707,0.81603437
cd/490316,seed5,115,10,0.27444625,0.62290654,0.4873684,5,26-,26-,1,3,0.5,0.94764706,0.88512351,0.93071589,0.96389732,0.94121591,0.84250475
cd/490317,seed1,100,10,0.69936034,0.80383795,0.43436309,5,47-,47-,1,0,0.5,0.92261905,0.99330323,0.98378704,0.95354554,0.91914226,0.99420388
cd/490317,seed1,105,10,0.67764206,0.77588954,0.4828189,5,47-,47-,1,0,0.5,0.92261905,0.99216708,0.97880639,0.9414023,0.93324111,0.99435093
cd/490317,seed1,110,10,0.75377408,0.84383134,0.35906295,5,47-,47-,1,0,0.5,0.92261905,0.99548086,0.98897173,0.96778275,0.92614664,0.99546732
cd/490317,seed1,115,10,0.85216526,0.91438527,0.21578352,5,47-,47-,1,0,0.5,0.92261905,0.99778446,0.99443283,0.98412591,0.91194637,0.99646382
cd/490317,seed2,100,10,0.69936034,0.80383795,0.43436309,5,47-,47-,1,0,0.5,0.92261905,0.99330323,0.98378704,0.95354554,0.91914226,0.99082469
cd/490317,seed2,105,10,0.64089636,0.76918768,0.48320702,5,47-,47-,1,0,0.5,0.92261905,0.98979356,0.97740514,0.94129393,0.93324111,0.98824349
cd/490317,seed2,110,10,0.6155568,0.77280358,0.4343471,5,47-,47-,1,0,0.5,0.92261905,0.98775482,0.97817205,0.95354912,0.92614664,0.9799585
cd/490317,seed2,115,10,0.67651715,0.81319261,0.37035425,5,47-,47-,1,0,0.5,0.92261905,0.99210328,0.9851817,0.96595407,0.91194637,0.97931557
cd/490317,seed3,100,10,0.69936034,0.80383795,0.43436309,5,47-,47-,1,0,0.5,0.92261905,0.99330323,0.98378704,0.95354554,0.91914226,0.99661382
cd/490317,seed3,105,10,0.68766404,0.78372703,0.47327487,5,47-,47-,1,0,0.5,0.92261905,0.99271335,0.98033745,0.9440087,0.93324111,0.99693879
cd/490317,seed3,110,10,0.67267905,0.79310345,0.43402401,5,47-,47-,1,0,0.5,0.92261905,0.9918817,0.98202717,0.95362144,0.92614664,0.99514043
cd/490317,seed3,115,10,0.63058329,0.77929585,0.43226487,5,47-,47-,1,0,0.5,0.92261905,0.98900783,0.97948564,0.9540133,0.91194637,0.9891713
cd/490317,seed4,100,10,0.69936034,0.80383795,0.43436309,5,47-,47-,1,0,0.5,0.92261905,0.99330323,0.98378704,0.95354554,0.91914226,0.99568959
cd/490317,seed4,105,10,0.64859117,0.7533227,0.52612378,5,47-,47-,1,0,0.5,0.92261905,0.99034336,0.97371781,0.92808801,0.93324111,0.99477868
cd/490317,seed4,110,10,0.68880557,0.78575254,0.4573592,5,47-,47-,1,0,0.5,0.92261905,0.99277312,0.98071517,0.94811392,0.92614664,0.99451889
cd/490317,seed4,115,10,0.79530373,0.87850944,0.28589234,5,47-,47-,1,0,0.5,0.92261905,0.99665439,0.99211514,0.97752295,0.91194637,0.99597496
cd/490317,seed5,100,10,0.69936034,0.80383795,0.43436309,5,47-,47-,1,0,0.5,0.92261905,0.99330323,0.98378704,0.95354554,0.91914226,0.99607137
cd/490317,seed5,105,10,0.69210102,0.78291241,0.47712735,5,47-,47-,1,0,0.5,0.92261905,0.99294296,0.9801835,0.94297,0.93324111,0.99656437
cd/490317,seed5,110,10,0.76668391,0.83962752,0.37957442,5,47-,47-,1,0,0.5,0.92261905,0.99588395,0.98851482,0.96438692,0.92614664,0.99721235
cd/490317,seed5,115,10,0.85466599,0.90515043,0.25314103,5,47-,47-,1,0,0.5,0.92261905,0.99782428,0.99391056,0.98088815,0.91194637,0.99764944
cd/490320,seed1,100,10,0.17741935,0.58870968,0.97717304,2,36*,36*,1,1,0.5,0.92647059,0.76190851,0.89484221,0.48645756,0.93163344,0.79540147
cd/490320,seed1,105,10,0.43171806,0.71585903,0.861032,2,36*,36*,1,1,0.5,0.92647059,0.95675703,0.9674946,0.65907524,0.93176399,0.96370992
cd/490320,seed1,110,10,0.45398773,0.72699387,0.84574525,2,36*,36*,1,1,0.5,0.92647059,0.96324525,0.97077174,0.67984723,0.92708939,0.95820281
cd/490320,seed1,115,10,0.29487179,0.6474359,0.93633719,2,36*,36*,1,1,0.5,0.92647059,0.88657393,0.93816746,0.54900172,0.91539599,0.8172278
cd/490320,seed2,100,10,0.17741935,0.58870968,0.97717304,2,36*,36*,1,1,0.5,0.92647059,0.76190851,0.89484221,0.48645756,0.93163344,0.71791083
cd/490320,seed2,105,10,0.63868613,0.81934307,0.68151207,2,36*,36*,1,1,0.5,0.92647059,0.99071827,0.98801894,0.85343736,0.93176399,0.98886028
cd/490320,seed2,110,10,0.81269841,0.90634921,0.4485397,2,36*,36*,1,1,0.5,0.92647059,0.99751123,0.99487852,0.96056155,0.92708939,0.99606706
cd/490320,seed2,115,10,0.90079365,0.95039683,0.28470887,2,36*,36*,1,1,0.5,0.92647059,0.9987247,0.99667496,0.98521221,0.91539599,0.99712083
cd/490320,seed3,100,10,0.17741935,0.58870968,0.97717304,2,36*,36*,1,1,0.5,0.92647059,0.76190851,0.89484221,0.48645756,0.93163344,0.87521377
cd/490320,seed3,105,10,0.26666667,0.63333333,0.94807824,2,36*,36*,1,1,0.5,0.92647059,0.86315643,0.92960399,0.53109045,0.93176399,0.92884378
cd/490320,seed3,110,10,0.65497076,0.82748538,0.66342496,2,36*,36*,1,1,0.5,0.92647059,0.99179035,0.98893189,0.86679503,0.92708939,0.99506087
cd/490320,seed3,115,10,0.61682243,0.80841121,0.70478327,2,36*,36*,1,1,0.5,0.92647059,0.98905799,0.98667531,0.83464107,0.91539599,0.99028217
cd/490320,seed4,100,10,0.17741935,0.58870968,0.97717304,2,36*,36*,1,1,0.5,0.92647059,0.76190851,0.89484221,0.48645756,0.93163344,0.81202938
cd/490320,seed4,105,10,0.45703125,0.72851562,0.84358657,2,36*,36*,1,1,0.5,0.92647059,0.96405581,0.97119395,0.68272621,0.93176399,0.97298859
cd/490320,seed4,110,10,0.46774194,0.73387097,0.83585503,2,36*,36*,1,1,0.5,0.92647059,0.96677361,0.97263325,0.69292236,0.92708939,0.96597484
cd/490320,seed4,115,10,0.65873016,0.82936508,0.65915515,2,36*,36*,1,1,0.5,0.92647059,0.99201985,0.98913267,0.86979409,0.91539599,0.98867727
cd/490320,seed5,100,10,0.17741935,0.58870968,0.97717304,2,36*,36*,1,1,0.5,0.92647059,0.76190851,0.89484221,0.48645756,0.93163344,0.85113018
cd/490320,seed5,105,10,0.52016129,0.76008065,0.79490614,2,36*,36*,1,1,0.5,0.92647059,0.97744944,0.97872631,0.74370831,0.93176399,0.98740381
cd/490320,seed5,110,10,0.5025641,0.75128205,0.80923979,2,36*,36*,1,1,0.5,0.92647059,0.97430399,0.97684542,0.72657073,0.92708939,0.98017143
cd/490320,seed5,115,10,0.66455696,0.83227848,0.65246594,2,36*,36*,1,1,0.5,0.92647059,0.99236304,0.98943678,0.87437694,0.91539599,0.99180255
cd/490321,seed1,100,10,0.72786885,0.8557377,0.42207993,3,64-,64-,1,4,0.5,0.92411765,0.99516449,0.9919132,0.96003892,0.91550698,0.99577869
cd/490321,seed1,105,10,0.6787117,0.82403771,0.49750912,3,64-,64-,1,4,0.5,0.92411765,0.99301122,0.98884911,0.94105693,0.92932656,0.99561574
cd/490321,seed1,110,10,0.47258979,0.73030876,0.5752201,3,64-,64-,1,4,0.5,0.92411765,0.96779635,0.97141609,0.9128892,0.93166315,0.97317604
cd/490321,seed1,115,10,0.37452779,0.6848354,0.59006878,3,64-,16+,0,4,0.5,0.92411765,0.93486079,0.95523753,0.90627613,0.91997388,0.91672379
cd/490321,seed2,100,10,0.72786885,0.8557377,0.42207993,3,64-,64-,1,4,0.5,0.92411765,0.99516449,0.9919132,0.96003892,0.91550698,0.99170591
cd/490321,seed2,105,10,0.75242291,0.86960352,0.39132571,3,64-,64-,1,4,0.5,0.92411765,0.99597814,0.99297541,0.96596303,0.92932656,0.99513654
cd/490321,seed2,110,10,0.68012109,0.8345106,0.4454457,3,64-,64-,1,4,0.5,0.92411765,0.99308455,0.98997095,0.95488965,0.93166315,0.98934981
cd/490321,seed2,115,10,0.56140351,0.77654663,0.5158807,3,64-,64-,1,4,0.5,0.92411765,0.98324745,0.98199709,0.93528775,0.91997388,0.95998393
cd/490321,seed3,100,10,0.72786885,0.8557377,0.42207993,3,64-,64-,1,4,0.5,0.92411765,0.99516449,0.9919132,0.96003892,0.91550698,0.99722924
cd/490321,seed3,105,10,0.70327994,0.83981693,0.46150861,3,64-,64-,1,4,0.5,0.92411765,0.99418568,0.99049596,0.95098928,0.92932656,0.99762307
cd/490321,seed3,110,10,0.67698804,0.82828994,0.47441527,3,64-,64-,1,4,0.5,0.92411765,0.99292048,0.98931884,0.94762562,0.93166315,0.99634862
cd/490321,seed3,115,10,0.68146371,0.83443311,0.44905923,3,64-,64-,1,4,0.5,0.92411765,0.9931537,0.98996307,0.95403885,0.91997388,0.9946037
cd/490321,seed4,100,10,0.72786885,0.8557377,0.42207993,3,64-,64-,1,4,0.5,0.92411765,0.99516449,0.9919132,0.96003892,0.91550698,0.99541129
cd/490321,seed4,105,10,0.72667217,0.84805945,0.4572316,3,64-,64-,1,4,0.5,0.92411765,0.9951209,0.99125797,0.95205801,0.92932656,0.9967174
cd/490321,seed4,110,10,0.85541358,0.92199059,0.27888416,3,64-,64-,1,4,0.5,0.92411765,0.99814534,0.99587829,0.98119832,0.93166315,0.99849165
cd/490321,seed4,115,10,0.70890224,0.8525396,0.3968782,3,64-,64-,1,4,0.5,0.92411765,0.99442557,0.99164643,0.96496005,0.91997388,0.9927859
cd/490321,seed5,100,10,0.72786885,0.8557377,0.42207993,3,64-,64-,1,4,0.5,0.92411765,0.99516449,0.9919132,0.96003892,0.91550698,0.99684759
cd/490321,seed5,105,10,0.63523573,0.79818031,0.54778849,3,64-,64-,1,4,0.5,0.92411765,0.99032768,0.98552039,0.92400458,0.92932656,0.9954091
cd/490321,seed5,110,10,0.57494867,0.77823409,0.5395392,3,64-,64-,1,4,0.5,0.92411765,0.98484864,0.98229983,0.92708388,0.93166315,0.99083529
cd/490321,seed5,115,10,0.53341508,0.76456162,0.516292,3,64-,64-,1,4,0.5,0.92411765,0.97939433,0.9796958,0.93515276,0.91997388,0.98076768
cd/490322,seed1,100,10,0.29530201,0.62863535,0.51174963,5,55-,55+,0,1,0.5,0.92647059,0.88690246,0.92651563,0.94292014,0.93163344,0.90774947
cd/490322,seed1,105,10,0.18446059,0.56735606,0.55139774,5,55-,55+,0,1,0.5,0.92647059,0.77148388,0.87334935,0.92830934,0.93176399,0.79106984
cd/490322,seed1,110,10,0.09076517,0.52823219,0.52357599,5,55+,55+,1,1,0.5,0.92647059,0.62346983,0.82428113,0.93888242,0.92708939,0.56729269
cd/490322,seed1,115,10,0.13820731,0.56134201,0.47413478,5,55+,55+,1,1,0.5,0.92647059,0.70370952,0.86665244,0.95415532,0.91539599,0.56549562
cd/490322,seed2,100,10,0.29530201,0.62863535,0.51174963,5,55-,55+,0,1,0.5,0.92647059,0.88690246,0.92651563,0.94292014,0.93163344,0.86562126
cd/490322,seed2,105,10,0.11509972,0.54188034,0.52057963,5,55-,55+,0,1,0.5,0.92647059,0.66581749,0.84290824,0.93993,0.93176399,0.58935408
cd/490322,seed2,110,10,0.20140769,0.5906876,0.48291089,5,55+,55+,1,1,0.5,0.92647059,0.79340365,0.89666102,0.95173881,0.92708939,0.67233499
cd/490322,seed2,115,10,0.59476117,0.79455573,0.33464498,5,55+,55+,1,1,0.5,0.92647059,0.98708545,0.98475706,0.98001015,0.91539599,0.96882564
cd/490322,seed3,100,10,0.29530201,0.62863535,0.51174963,5,55-,55-,1,1,0.5,0.92647059,0.88690246,0.92651563,0.94292014,0.93163344,0.94667391
cd/490322,seed3,105,10,0.20011056,0.57545605,0.54742536,5,55-,55-,1,1,0.5,0.92647059,0.79178234,0.88191268,0.92991625,0.93176399,0.88541537
cd/490322,seed3,110,10,0.03457307,0.50445259,0.50961278,5,55-,55+,0,1,0.5,0.92647059,0.5192528,0.78775633,0.94362245,0.92708939,0.60305461
cd/490322,seed3,115,10,0.02442748,0.5043257,0.48332106,5,55-,55+,0,1,0.5,0.92647059,0.499977,0.78754733,0.95162296,0.91539599,0.48930754
cd/490322,seed4,100,10,0.29530201,0.62863535,0.51174963,5,55-,55-,1,1,0.5,0.92647059,0.88690246,0.92651563,0.94292014,0.93163344,0.91620862
cd/490322,seed4,105,10,0.16177285,0.55457064,0.56090465,5,55-,55-,1,1,0.5,0.92647059,0.73966042,0.85875615,0.92432469,0.93176399,0.77870039
cd/490322,seed4,110,10,0.22762545,0.6006208,0.49402234,5,55-,55-,1,1,0.5,0.92647059,0.82417739,0.90537963,0.94850559,0.92708939,0.81067981
cd/490322,seed4,115,10,0.13965087,0.56009975,0.4876146,5,55-,55+,0,1,0.5,0.92647059,0.70599292,0.86523234,0.95039433,0.91539599,0.59395081
cd/490322,seed5,100,10,0.29530201,0.62863535,0.51174963,5,55-,55+,0,1,0.5,0.92647059,0.88690246,0.92651563,0.94292014,0.93163344,0.9353635
cd/490322,seed5,105,10,0.0825325,0.5161108,0.55778584,5,55-,55+,0,1,0.5,0.92647059,0.60866537,0.80631782,0.9256538,0.93176399,0.71383975
cd/490322,seed5,110,10,0.18191902,0.56960621,0.53257031,5,55+,55+,1,1,0.5,0.92647059,0.76805915,0.87578011,0.93563443,0.92708939,0.7981234
cd/490322,seed5,115,10,0.43930636,0.70993169,0.42753551,5,55+,55+,1,1,0.5,0.92647059,0.95908221,0.96560798,0.96516876,0.91539599,0.95352309
cd/490324,seed1,100,10,0.72389791,0.81902552,0.40379557,5,99-,99-,1,3,0.5,0.94764706,0.99683128,0.99212721,0.97939699,0.94594812,0.99804883
cd/490324,seed1,105,10,0.75043228,0.83170029,0.39368564,5,99-,99-,1,3,0.5,0.94764706,0.99745289,0.99318047,0.98075906,0.95287755,0.99863203
cd/490324,seed1,110,10,0.83233858,0.89039609,0.2762944,5,99-,99-,1,3,0.5,0.94764706,0.99870278,0.99649878,0.99135086,0.95054707,0.99908997
cd/490324,seed1,115,10,0.88337731,0.92295515,0.21579354,5,99-,99-,1,3,0.5,0.94764706,0.99914833,0.99758297,0.99428671,0.94121591,0.99906303
cd/490324,seed2,100,10,0.72389791,0.81902552,0.40379557,5,99-,99-,1,3,0.5,0.94764706,0.99683128,0.99212721,0.97939699,0.94594812,0.99524777
cd/490324,seed2,105,10,0.74446439,0.83123878,0.39845064,5,99-,99-,1,3,0.5,0.94764706,0.99732464,0.9931447,0.98012845,0.95287755,0.9964931
cd/490324,seed2,110,10,0.83106106,0.90397155,0.24130768,5,99-,99-,1,3,0.5,0.94764706,0.99868904,0.99699988,0.99319394,0.95054707,0.99775612
cd/490324,seed2,115,10,0.79511383,0.89450305,0.22714595,5,99-,99-,1,3,0.5,0.94764706,0.99823706,0.99665859,0.99382387,0.94121591,0.99518547
cd/490324,seed3,100,10,0.72389791,0.81902552,0.40379557,5,99-,99-,1,3,0.5,0.94764706,0.99683128,0.99212721,0.97939699,0.94594812,0.99844417
cd/490324,seed3,105,10,0.76586188,0.84166199,0.3653282,5,99-,99-,1,3,0.5,0.94764706,0.99775676,0.99390901,0.98412536,0.95287755,0.99904282
cd/490324,seed3,110,10,0.81439178,0.87549971,0.31896408,5,99-,99-,1,3,0.5,0.94764706,0.99849599,0.9958525,0.98842277,0.95054707,0.99915549
cd/490324,seed3,115,10,0.87478944,0.92026951,0.22158461,5,99-,99-,1,3,0.5,0.94764706,0.99908583,0.99750792,0.99405509,0.94121591,0.99919671
cd/490324,seed4,100,10,0.72389791,0.81902552,0.40379557,5,99-,99-,1,3,0.5,0.94764706,0.99683128,0.99212721,0.97939699,0.94594812,0.99766966
cd/490324,seed4,105,10,0.74183976,0.8231454,0.40847099,5,99-,99-,1,3,0.5,0.94764706,0.99726622,0.99248617,0.97873559,0.95287755,0.99824286
cd/490324,seed4,110,10,0.8518316,0.90049207,0.26442095,5,99-,99-,1,3,0.5,0.94764706,0.99889534,0.99687871,0.99202604,0.95054707,0.99907821
cd/490324,seed4,115,10,0.91705307,0.94641937,0.15783412,5,99-,99-,1,3,0.5,0.94764706,0.99935486,0.99814986,0.99616334,0.94121591,0.99915827
cd/490324,seed5,100,10,0.72389791,0.81902552,0.40379557,5,99-,99-,1,3,0.5,0.94764706,0.99683128,0.99212721,0.97939699,0.94594812,0.99776305
cd/490324,seed5,105,10,0.76605775,0.8385386,0.38317766,5,99-,99-,1,3,0.5,0.94764706,0.99776038,0.99368932,0.98208114,0.95287755,0.99862571
cd/490324,seed5,110,10,0.75807365,0.8470255,0.36230727,5,99-,99-,1,3,0.5,0.94764706,0.99760819,0.99426867,0.98444787,0.95054707,0.99804437
cd/490324,seed5,115,10,0.75613748,0.86252046,0.31070648,5,99-,99-,1,3,0.5,0.94764706,0.99756976,0.99519334,0.9890572,0.94121591,0.99684989
cd/490325,seed1,100,10,0.62404092,0.76982097,0.41159754,7,90-,90-,1,4,0.5,0.92411765,0.98948513,0.98073916,0.96216153,0.91550698,0.99055748
cd/490325,seed1,105,10,0.79299562,0.86866792,0.27770654,7,90-,90-,1,4,0.5,0.92411765,0.99703458,0.99290832,0.98131565,0.92932656,0.99819841
cd/490325,seed1,110,10,0.79977566,0.87773416,0.25879303,7,90-,90-,1,4,0.5,0.92411765,0.99718189,0.99353257,0.98310456,0.93166315,0.99786003
cd/490325,seed1,115,10,0.87825625,0.92450824,0.17863806,7,90-,90-,1,4,0.5,0.92411765,0.99843821,0.9959827,0.98899032,0.91997388,0.99822121
cd/490325,seed2,100,10,0.62404092,0.76982097,0.41159754,7,90-,90-,1,4,0.5,0.92411765,0.98948513,0.98073916,0.96216153,0.91550698,0.98154057
cd/490325,seed2,105,10,0.7977598,0.87429994,0.27300057,7,90-,90-,1,4,0.5,0.92411765,0.99713887,0.99330281,0.98177741,0.92932656,0.99658095
cd/490325,seed2,110,10,0.91838006,0.94890966,0.13658526,7,90-,90-,1,4,0.5,0.92411765,0.9988453,0.99686759,0.99121365,0.93166315,0.9983262
cd/490325,seed2,115,10,0.97592713,0.98178269,0.06095322,7,90-,90-,1,4,0.5,0.92411765,0.99925134,0.99776036,0.99415011,0.91997388,0.9983623
cd/490325,seed3,100,10,0.62404092,0.76982097,0.41159754,7,90-,90-,1,4,0.5,0.92411765,0.98948513,0.98073916,0.96216153,0.91550698,0.99379097
cd/490325,seed3,105,10,0.73538276,0.84086799,0.30994992,7,90-,90-,1,4,0.5,0.92411765,0.9954295,0.99059667,0.97782858,0.92932656,0.99814888
cd/490325,seed3,110,10,0.75435638,0.8549747,0.28828182,7,90-,90-,1,4,0.5,0.92411765,0.99603609,0.99185033,0.98023572,0.93166315,0.99800043
cd/490325,seed3,115,10,0.74167122,0.8459858,0.29936812,7,90-,90-,1,4,0.5,0.92411765,0.99564015,0.99107217,0.97903795,0.91997388,0.99662011
cd/490325,seed4,100,10,0.62404092,0.76982097,0.41159754,7,90-,90-,1,4,0.5,0.92411765,0.98948513,0.98073916,0.96216153,0.91550698,0.98974033
cd/490325,seed4,105,10,0.71216999,0.83129427,0.31406864,7,90-,90-,1,4,0.5,0.92411765,0.99456044,0.98963886,0.97733964,0.92932656,0.99632546
cd/490325,seed4,110,10,0.73159934,0.84836746,0.28328866,7,90-,90-,1,4,0.5,0.92411765,0.99529792,0.99128524,0.98075303,0.93166315,0.99604539
cd/490325,seed4,115,10,0.70971129,0.832021,0.30012525,7,90-,90-,1,4,0.5,0.92411765,0.99445927,0.98971483,0.97895361,0.91997388,0.99283098
cd/490325,seed5,100,10,0.62404092,0.76982097,0.41159754,7,90-,90-,1,4,0.5,0.92411765,0.98948513,0.98073916,0.96216153,0.91550698,0.99293908
cd/490325,seed5,105,10,0.79529994,0.87260359,0.27499396,7,90-,90-,1,4,0.5,0.92411765,0.99708549,0.99318634,0.9815832,0.92932656,0.99867936
cd/490325,seed5,110,10,0.84351367,0.90110529,0.22966922,7,90-,90-,1,4,0.5,0.92411765,0.99797167,0.99490122,0.98553495,0.93166315,0.99886414
cd/490325,seed5,115,10,0.92063492,0.94636015,0.14686693,7,90-,90-,1,4,0.5,0.92411765,0.99886474,0.99678506,0.99071502,0.91997388,0.99904595
cd/490327,seed1,100,10,0.28251121,0.56278027,0.5817632,8,95-,95-,1,1,0.5,0.92647059,0.87677413,0.86828077,0.91486159,0.93163344,0.89895766
cd/490327,seed1,105,10,0.25326087,0.54945652,0.58520588,8,95-,95-,1,1,0.5,0.92647059,0.85066514,0.8525365,0.91320005,0.93176399,0.86684949
cd/490327,seed1,110,10,0.37603306,0.6286157,0.50406131,8,95-,95-,1,1,0.5,0.92647059,0.93543369,0.92650245,0.94540924,0.92708939,0.92540198
cd/490327,seed1,115,10,0.42326981,0.68154463,0.40920278,8,95-,95-,1,1,0.5,0.92647059,0.95402004,0.95501459,0.96876223,0.91539599,0.9247828
cd/490327,seed2,100,10,0.28251121,0.56278027,0.5817632,8,95-,95-,1,1,0.5,0.92647059,0.87677413,0.86828077,0.91486159,0.93163344,0.85346261
cd/490327,seed2,105,10,0.20927724,0.53020496,0.57673481,8,95-,95-,1,1,0.5,0.92647059,0.80303951,0.82707728,0.91723662,0.93176399,0.75086166
cd/490327,seed2,110,10,0.20785936,0.54653568,0.50754197,8,95-,95-,1,1,0.5,0.92647059,0.80132878,0.84888364,0.9442953,0.92708939,0.68343225
cd/490327,seed2,115,10,0.30408163,0.58112245,0.48361157,8,95-,95-,1,1,0.5,0.92647059,0.89342749,0.8876012,0.95154075,0.91539599,0.75888128
cd/490327,seed3,100,10,0.28251121,0.56278027,0.5817632,8,95-,95-,1,1,0.5,0.92647059,0.87677413,0.86828077,0.91486159,0.93163344,0.94135207
cd/490327,seed3,105,10,0.25906183,0.55703625,0.56398502,8,95-,95-,1,1,0.5,0.92647059,0.85618203,0.86167565,0.92299058,0.93176399,0.924781
cd/490327,seed3,110,10,0.30439224,0.58988764,0.52898839,8,95-,95-,1,1,0.5,0.92647059,0.89365216,0.89592879,0.93694674,0.92708939,0.92715634
cd/490327,seed3,115,10,0.415,0.6555,0.47232825,8,95-,95-,1,1,0.5,0.92647059,0.95118171,0.94261695,0.95463826,0.91539599,0.95409106
cd/490327,seed4,100,10,0.28251121,0.56278027,0.5817632,8,95-,95-,1,1,0.5,0.92647059,0.87677413,0.86828077,0.91486159,0.93163344,0.90814141
cd/490327,seed4,105,10,0.23473684,0.54263158,0.57368859,8,95-,95-,1,1,0.5,0.92647059,0.83187594,0.84388534,0.91864595,0.93176399,0.8621079
cd/490327,seed4,110,10,0.42280525,0.66347124,0.45965862,8,95-,95-,1,1,0.5,0.92647059,0.95386484,0.9467183,0.9578914,0.92708939,0.95221288
cd/490327,seed4,115,10,0.58956693,0.7613189,0.3678094,8,95-,95-,1,1,0.5,0.92647059,0.98657218,0.97897873,0.97560398,0.91539599,0.98063433
cd/490327,seed5,100,10,0.28251121,0.56278027,0.5817632,8,95-,95-,1,1,0.5,0.92647059,0.87677413,0.86828077,0.91486159,0.93163344,0.92899755
cd/490327,seed5,105,10,0.20304017,0.52171553,0.59280349,8,95-,95-,1,1,0.5,0.92647059,0.79543082,0.8147919,0.90942902,0.93176399,0.86569846
cd/490327,seed5,110,10,0.28059072,0.57120253,0.54194089,8,95-,95-,1,1,0.5,0.92647059,0.87518778,0.8774802,0.93208013,0.92708939,0.89584884
cd/490327,seed5,115,10,0.35589744,0.62923077,0.46942359,8,95-,95-,1,1,0.5,0.92647059,0.92554706,0.92691384,0.95540461,0.91539599,0.91405037
cd/490330,seed1,100,10,0.30769231,0.58974359,0.84812123,3,85-,85-,1,0,0.5,0.92261905,0.89591677,0.88232112,0.7169437,0.91914226,0.90017897
cd/490330,seed1,105,10,0.1981982,0.53153153,0.88529726,3,85-,85-,1,0,0.5,0.92261905,0.79524282,0.80939054,0.67729173,0.93324111,0.82706149
cd/490330,seed1,110,10,0.17699115,0.52212389,0.88704389,3,85-,85-,1,0,0.5,0.92261905,0.76900189,0.79481103,0.67535818,0.92614664,0.74158147
cd/490330,seed1,115,10,0.15873016,0.52380952,0.86537744,3,85-,85-,1,0,0.5,0.92261905,0.7445889,0.79748291,0.69890465,0.91194637,0.60496314
cd/490330,seed2,100,10,0.30769231,0.58974359,0.84812123,3,85-,90*,0,0,0.5,0.92261905,0.89591677,0.88232112,0.7169437,0.91914226,0.85023983
cd/490330,seed2,105,10,0.1986755,0.50993377,0.92345099,3,85-,90*,0,0,0.5,0.92261905,0.79580712,0.77471263,0.63376686,0.93324111,0.75134549
cd/490330,seed2,110,10,0.57142857,0.72413793,0.70873883,3,90*,90*,1,0,0.5,0.92261905,0.98320219,0.9653499,0.83674478,0.92614664,0.97228941
cd/490330,seed2,115,10,0.84848485,0.90572391,0.34178291,3,90*,90*,1,0,0.5,0.92261905,0.99772453,0.99394436,0.97039874,0.91194637,0.99423836
cd/490330,seed3,100,10,0.30769231,0.58974359,0.84812123,3,85-,85-,1,0,0.5,0.92261905,0.89591677,0.88232112,0.7169437,0.91914226,0.93929616
cd/490330,seed3,105,10,0.10619469,0.52212389,0.79780298,3,85-,85-,1,0,0.5,0.92261905,0.66554753,0.79481103,0.76563206,0.93324111,0.80422925
cd/490330,seed3,110,10,0.07058824,0.50588235,0.79504149,3,85-,85-,1,0,0.5,0.92261905,0.6057107,0.76773153,0.7681286,0.92614664,0.68867046
cd/490330,seed3,115,10,0.41975309,0.67901235,0.71431187,3,85-,85-,1,0,0.5,0.92261905,0.95106763,0.94717306,0.83285831,0.91194637,0.94926731
cd/490330,seed4,100,10,0.30769231,0.58974359,0.84812123,3,85-,85-,1,0,0.5,0.92261905,0.89591677,0.88232112,0.7169437,0.91914226,0.92392161
cd/490330,seed4,105,10,0.43478261,0.63478261,0.82636225,3,85-,85-,1,0,0.5,0.92261905,0.95590806,0.92088849,0.73873153,0.93324111,0.97446463
cd/490330,seed4,110,10,0.20895522,0.55223881,0.84737437,3,85-,85-,1,0,0.5,0.92261905,0.80768038,0.8386608,0.71770953,0.92614664,0.83093083
cd/490330,seed4,115,10,0.40816327,0.63265306,0.82195294,3,85-,85-,1,0,0.5,0.92261905,0.94699502,0.91935991,0.74301219,0.91194637,0.93084213
cd/490330,seed5,100,10,0.30769231,0.58974359,0.84812123,3,85-,90*,0,0,0.5,0.92261905,0.89591677,0.88232112,0.7169437,0.91914226,0.9302146
cd/490330,seed5,105,10,0.064,0.456,0.920738,3,85-,85-,1,0,0.5,0.92261905,0.59421854,0.67003838,0.63694536,0.93324111,0.72040704
cd/490330,seed5,110,10,0.23622047,0.55905512,0.85780573,3,90*,90*,1,0,0.5,0.92261905,0.8366047,0.84746694,0.70690039,0.92614664,0.86880275
cd/490330,seed5,115,10,0.02020202,0.47474747,0.8186521,3,85-,90*,0,0,0.5,0.92261905,0.51576886,0.70919141,0.74618654,0.91194637,0.44402653
cd/490331,seed1,100,10,0.27004219,0.52531646,0.64091168,8,63-,63-,1,0,0.5,0.92261905,0.8674968,0.7998495,0.87838283,0.91914226,0.87169922
cd/490331,seed1,105,10,0.19831224,0.48575949,0.64732158,8,63-,63-,1,0,0.5,0.92261905,0.79537775,0.73086421,0.8748774,0.93324111,0.82718413
cd/490331,seed1,110,10,0.28902316,0.51812689,0.63627629,8,63-,63-,1,0,0.5,0.92261905,0.88256672,0.78837122,0.88086482,0.92614664,0.86952222
cd/490331,seed1,115,10,0.33696729,0.54856293,0.59533778,8,63-,63-,1,0,0.5,0.92261905,0.91415333,0.83374378,0.90093619,0.91194637,0.85403687
cd/490331,seed2,100,10,0.27004219,0.52531646,0.64091168,8,63-,63-,1,0,0.5,0.92261905,0.8674968,0.7998495,0.87838283,0.91914226,0.81051127
cd/490331,seed2,105,10,0.2112069,0.48653017,0.66333259,8,63-,63-,1,0,0.5,0.92261905,0.81020974,0.73234221,0.86574186,0.93324111,0.76853253
cd/490331,seed2,110,10,0.1678608,0.42732856,0.69438108,8,63-,63-,1,0,0.5,0.92261905,0.7570037,0.60547539,0.84642221,0.92614664,0.62780424
cd/490331,seed2,115,10,0.12145749,0.38309717,0.67313782,8,63-,63-,1,0,0.5,0.92261905,0.68977115,0.49908406,0.85987326,0.91194637,0.42144316
cd/490331,seed3,100,10,0.27004219,0.52531646,0.64091168,8,63-,63-,1,0,0.5,0.92261905,0.8674968,0.7998495,0.87838283,0.91914226,0.92099738
cd/490331,seed3,105,10,0.26288118,0.52523659,0.61603945,8,63-,63-,1,0,0.5,0.92261905,0.86139879,0.79972459,0.89119273,0.93324111,0.93029958
cd/490331,seed3,110,10,0.27991886,0.52383367,0.62162807,8,63-,63-,1,0,0.5,0.92261905,0.87553291,0.797521,0.88842181,0.92614664,0.91436856
cd/490331,seed3,115,10,0.27944112,0.49750499,0.63831157,8,63-,63-,1,0,0.5,0.92261905,0.87515402,0.75282325,0.87978048,0.91194637,0.86690937
cd/490331,seed4,100,10,0.27004219,0.52531646,0.64091168,8,63-,63-,1,0,0.5,0.92261905,0.8674968,0.7998495,0.87838283,0.91914226,0.90147442
cd/490331,seed4,105,10,0.24152542,0.50794492,0.63738598,8,63-,63-,1,0,0.5,0.92261905,0.84180729,0.77130432,0.88027466,0.93324111,0.89920603
cd/490331,seed4,110,10,0.40562249,0.58684739,0.58755304,8,63-,63-,1,0,0.5,0.92261905,0.94606036,0.87935222,0.90439469,0.92614664,0.95569216
cd/490331,seed4,115,10,0.54768928,0.68485742,0.47802072,8,63-,63-,1,0,0.5,0.92261905,0.9801017,0.94995765,0.94272656,0.91194637,0.97464266
cd/490331,seed5,100,10,0.27004219,0.52531646,0.64091168,8,63-,63-,1,0,0.5,0.92261905,0.8674968,0.7998495,0.87838283,0.91914226,0.90944217
cd/490331,seed5,105,10,0.20191286,0.48618491,0.64467287,8,63-,63-,1,0,0.5,0.92261905,0.79960411,0.73168072,0.8763363,0.93324111,0.87907023
cd/490331,seed5,110,10,0.1899384,0.48408624,0.63924743,8,63-,63-,1,0,0.5,0.92261905,0.78529394,0.72763757,0.87927903,0.92614664,0.82380609
cd/490331,seed5,115,10,0.25050302,0.51559356,0.63019016,8,63-,63-,1,0,0.5,0.92261905,0.85030419,0.7842137,0.88405699,0.91194637,0.81863723
cd/490333,seed1,100,10,0.6407767,0.78640777,0.59372855,3,55-,55-,1,3,0.5,0.94764706,0.99372723,0.98861612,0.9276031,0.94594812,0.99606261
cd/490333,seed1,105,10,0.4029484,0.68058968,0.68295823,3,55-,55-,1,3,0.5,0.94764706,0.95699226,0.96289499,0.87374781,0.95287755,0.97465944
cd/490333,seed1,110,10,0.26206897,0.62298851,0.6636363,3,55-,55-,1,3,0.5,0.94764706,0.87432119,0.9307762,0.88774234,0.95054707,0.89758105
cd/490333,seed1,115,10,0.09713024,0.54083885,0.68942125,3,55-,82+,0,3,0.5,0.94764706,0.64071219,0.84036342,0.86874387,0.94121591,0.57737207
cd/490333,seed2,100,10,0.6407767,0.78640777,0.59372855,3,55-,55-,1,3,0.5,0.94764706,0.99372723,0.98861612,0.9276031,0.94594812,0.9904375
cd/490333,seed2,105,10,0.45307443,0.70873786,0.6475734,3,55-,82+,0,3,0.5,0.94764706,0.97114275,0.97281436,0.89832614,0.95287755,0.96012374
cd/490333,seed2,110,10,0.02390438,0.48207171,0.79894375,3,55-,82+,0,3,0.5,0.94764706,0.49352878,0.72910903,0.75655635,0.95054707,0.32306015
cd/490333,seed2,115,10,0.56,0.76,0.600043,3,82+,82+,1,3,0.5,0.94764706,0.98785458,0.98467253,0.92462087,0.94121591,0.96576765
cd/490333,seed3,100,10,0.6407767,0.78640777,0.59372855,3,55-,55-,1,3,0.5,0.94764706,0.99372723,0.98861612,0.9276031,0.94594812,0.99685912
cd/490333,seed3,105,10,0.4963145,0.72481572,0.64958684,3,55-,55-,1,3,0.5,0.94764706,0.97962734,0.97726902,0.89704968,0.95287755,0.9906904
cd/490333,seed3,110,10,0.53904282,0.7581864,0.57199132,3,55-,55-,1,3,0.5,0.94764706,0.9855943,0.98435692,0.93705538,0.95054707,0.99136758
cd/490333,seed3,115,10,0.48018648,0.73892774,0.53476089,3,55-,55-,1,3,0.5,0.94764706,0.97679415,0.98058536,0.9506158,0.94121591,0.97776273
cd/490333,seed4,100,10,0.6407767,0.78640777,0.59372855,3,55-,55-,1,3,0.5,0.94764706,0.99372723,0.98861612,0.9276031,0.94594812,0.99529928
cd/490333,seed4,105,10,0.256,0.60533333,0.7386728,3,55-,55-,1,3,0.5,0.94764706,0.86871336,0.91660896,0.82490315,0.95287755,0.90264687
cd/490333,seed4,110,10,0.57217848,0.77427822,0.55498502,3,55-,55-,1,3,0.5,0.94764706,0.98900321,0.98694764,0.94363427,0.95054707,0.99023811
cd/490333,seed4,115,10,0.63697105,0.81291759,0.47712991,3,55-,55-,1,3,0.5,0.94764706,0.99352838,0.99156352,0.96627769,0.94121591,0.99104696
cd/490333,seed5,100,10,0.6407767,0.78640777,0.59372855,3,55-,55-,1,3,0.5,0.94764706,0.99372723,0.98861612,0.9276031,0.94594812,0.99548723
cd/490333,seed5,105,10,0.42673522,0.68123393,0.71559124,3,55-,82+,0,3,0.5,0.94764706,0.96438525,0.96315685,0.84673936,0.95287755,0.97620501
cd/490333,seed5,110,10,0.36164384,0.65479452,0.71983892,3,55-,82+,0,3,0.5,0.94764706,0.94056084,0.95081544,0.84289556,0.95054707,0.94670335
cd/490333,seed5,115,10,0.08429119,0.51724138,0.7762791,3,82+,82+,1,3,0.5,0.94764706,0.61597392,0.80084263,0.78420471,0.94121591,0.51656137
cd/490334,seed1,100,10,0.41038961,0.67272727,0.53295665,5,46+,46+,1,3,0.5,0.94764706,0.95945016,0.95955175,0.95119719,0.94594812,0.97292752
cd/490334,seed1,105,10,0.44034278,0.69940672,0.4757215,5,46+,46+,1,3,0.5,0.94764706,0.96804767,0.96985095,0.96659304,0.95287755,0.9814112
cd/490334,seed1,110,10,0.6140963,0.79483601,0.37362099,5,46+,46+,1,3,0.5,0.94764706,0.99219417,0.9896495,0.98320584,0.95054707,0.99424829
cd/490334,seed1,115,10,0.65085248,0.82060786,0.32038335,5,46+,46+,1,3,0.5,0.94764706,0.99422486,0.99226705,0.98831013,0.94121591,0.99332253
cd/490334,seed2,100,10,0.41038961,0.67272727,0.53295665,5,46+,46+,1,3,0.5,0.94764706,0.95945016,0.95955175,0.95119719,0.94594812,0.93636233
cd/490334,seed2,105,10,0.42457338,0.69556314,0.46552601,5,46+,46+,1,3,0.5,0.94764706,0.96376734,0.96854127,0.96879245,0.95287755,0.94978214
cd/490334,seed2,110,10,0.65343728,0.81289865,0.3609569,5,46+,46+,1,3,0.5,0.94764706,0.99434607,0.99156171,0.98458994,0.95054707,0.98997635
cd/490334,seed2,115,10,0.82781027,0.90773229,0.22021777,5,46+,46+,1,3,0.5,0.94764706,0.99865344,0.99712559,0.99411058,0.94121591,0.99634591
cd/490334,seed3,100,10,0.41038961,0.67272727,0.53295665,5,46+,46+,1,3,0.5,0.94764706,0.95945016,0.95955175,0.95119719,0.94594812,0.97830215
cd/490334,seed3,105,10,0.43483789,0.69739352,0.47395906,5,46+,46+,1,3,0.5,0.94764706,0.96661209,0.96917169,0.96698366,0.95287755,0.98442846
cd/490334,seed3,110,10,0.43381843,0.7033957,0.44695682,5,46+,46+,1,3,0.5,0.94764706,0.96633949,0.97115427,0.97244337,0.95054707,0.97920959
cd/490334,seed3,115,10,0.47759197,0.73244147,0.39588119,5,46+,46+,1,3,0.5,0.94764706,0.97630379,0.97912447,0.98047097,0.94121591,0.97727985
cd/490334,seed4,100,10,0.41038961,0.67272727,0.53295665,5,46+,46+,1,3,0.5,0.94764706,0.95945016,0.95955175,0.95119719,0.94594812,0.96782394
cd/490334,seed4,105,10,0.4738541,0.72111039,0.44419847,5,46+,46+,1,3,0.5,0.94764706,0.97557952,0.97631022,0.97294903,0.95287755,0.98324771
cd/490334,seed4,110,10,0.45046154,0.71938462,0.40454695,5,46+,46+,1,3,0.5,0.94764706,0.97053223,0.9758503,0.97929207,0.95054707,0.9731024
cd/490334,seed4,115,10,0.53440214,0.76352705,0.36294088,5,46+,46+,1,3,0.5,0.94764706,0.98504027,0.98526846,0.98438077,0.94121591,0.97891649
cd/490334,seed5,100,10,0.41038961,0.67272727,0.53295665,5,46+,46+,1,3,0.5,0.94764706,0.95945016,0.95955175,0.95119719,0.94594812,0.9690763
cd/490334,seed5,105,10,0.47511612,0.7146649,0.47058465,5,46+,46+,1,3,0.5,0.94764706,0.97582644,0.97454755,0.96771928,0.95287755,0.9840781
cd/490334,seed5,110,10,0.63869756,0.80338134,0.38182516,5,46+,46+,1,3,0.5,0.94764706,0.99361935,0.99060242,0.9822447,0.95054707,0.9946426
cd/490334,seed5,115,10,0.6789107,0.83533882,0.30373588,5,46+,46+,1,3,0.5,0.94764706,0.99541317,0.9934561,0.9895659,0.94121591,0.99395832
cd/490335,seed1,100,10,0.02309469,0.35796767,0.77999783,7,65+,65+,1,4,0.5,0.92411765,0.50379988,0.42942703,0.77557339,0.91550698,0.49072696
cd/490335,seed1,105,10,0.25611838,0.51622083,0.68767358,7,65+,65+,1,4,0.5,0.92411765,0.85463743,0.79169736,0.85071486,0.92932656,0.89351625
cd/490335,seed1,110,10,0.38482385,0.62710027,0.55812637,7,65+,65+,1,4,0.5,0.92411765,0.9394298,0.92199715,0.9199773,0.93166315,0.9481566
cd/490335,seed1,115,10,0.41817243,0.67681982,0.45033729,7,65+,65+,1,4,0.5,0.92411765,0.95224828,0.95159646,0.95373429,0.91997388,0.9393046
cd/490335,seed2,100,10,0.02309469,0.35796767,0.77999783,7,65+,65+,1,4,0.5,0.92411765,0.50379988,0.42942703,0.77557339,0.91550698,0.32814359
cd/490335,seed2,105,10,0.18351841,0.49736996,0.66010255,7,65+,65+,1,4,0.5,0.92411765,0.77281531,0.75809976,0.86870814,0.92932656,0.70704222
cd/490335,seed2,110,10,0.28769497,0.58983247,0.54489278,7,65+,65+,1,4,0.5,0.92411765,0.8817838,0.88977472,0.92509885,0.93166315,0.81286636
cd/490335,seed2,115,10,0.52779277,0.73988127,0.39040984,7,65+,65+,1,4,0.5,0.92411765,0.97852158,0.97401392,0.96612579,0.91997388,0.94859845
cd/490335,seed3,100,10,0.02309469,0.35796767,0.77999783,7,65+,65+,1,4,0.5,0.92411765,0.50379988,0.42942703,0.77557339,0.91550698,0.59517037
cd/490335,seed3,105,10,0.18583569,0.48895184,0.68209842,7,65+,65+,1,4,0.5,0.92411765,0.77586702,0.74195383,0.85451017,0.92932656,0.88091483
cd/490335,seed3,110,10,0.12672176,0.5107438,0.56340737,7,65+,65-,0,4,0.5,0.92411765,0.68916391,0.78230364,0.91784561,0.93166315,0.78824648
cd/490335,seed3,115,10,0.08390866,0.50716941,0.50942189,7,65+,65+,1,4,0.5,0.92411765,0.61622148,0.77601028,0.93737356,0.91997388,0.6348213
cd/490335,seed4,100,10,0.02309469,0.35796767,0.77999783,7,65+,65+,1,4,0.5,0.92411765,0.50379988,0.42942703,0.77557339,0.91550698,0.46980704
cd/490335,seed4,105,10,0.19101762,0.4940307,0.68338459,7,65+,65+,1,4,0.5,0.92411765,0.78258535,0.75177837,0.85364177,0.92932656,0.82277528
cd/490335,seed4,110,10,0.11057948,0.50451887,0.56109724,7,65+,65+,1,4,0.5,0.92411765,0.66252184,0.77126063,0.91878439,0.93166315,0.66420804
cd/490335,seed4,115,10,0.06973219,0.51692774,0.44703881,7,65+,65+,1,4,0.5,0.92411765,0.59066038,0.79288777,0.95451642,0.91997388,0.48400915
cd/490335,seed5,100,10,0.02309469,0.35796767,0.77999783,7,65+,65+,1,4,0.5,0.92411765,0.50379988,0.42942703,0.77557339,0.91550698,0.56364118
cd/490335,seed5,105,10,0.23055082,0.49801249,0.70207395,7,65+,65+,1,4,0.5,0.92411765,0.82902732,0.75930345,0.84053379,0.92932656,0.90209101
cd/490335,seed5,110,10,0.33351924,0.58951478,0.59363248,7,65+,65+,1,4,0.5,0.92411765,0.91331491,0.88945548,0.90462335,0.93166315,0.94261796
cd/490335,seed5,115,10,0.42864894,0.6527401,0.53774295,7,65+,65+,1,4,0.5,0.92411765,0.95571314,0.93889813,0.92773897,0.91997388,0.95747006
cd/490337,seed1,100,10,0.60796646,0.73584906,0.55989959,5,79-,79-,1,0,0.5,0.92261905,0.98706927,0.96897873,0.91582137,0.91914226,0.98854067
cd/490337,seed1,105,10,0.54927302,0.72213247,0.54245272,5,79-,79-,1,0,0.5,0.92261905,0.98032496,0.96468873,0.92237831,0.93324111,0.98530147
cd/490337,seed1,110,10,0.63594937,0.78835443,0.42834241,5,79-,79-,1,0,0.5,0.92261905,0.98942385,0.98118996,0.95487574,0.92614664,0.98907589
cd/490337,seed1,115,10,0.72391413,0.84623065,0.33006839,5,79-,79-,1,0,0.5,0.92261905,0.99439165,0.9892244,0.97205381,0.91194637,0.99077576
cd/490337,seed2,100,10,0.60796646,0.73584906,0.55989959,5,79-,79-,1,0,0.5,0.92261905,0.98706927,0.96897873,0.91582137,0.91914226,0.98191984
cd/490337,seed2,105,10,0.65178097,0.78947368,0.43850476,5,79-,79-,1,0,0.5,0.92261905,0.99056258,0.98139066,0.95260892,0.93324111,0.9891575
cd/490337,seed2,110,10,0.75114972,0.86612161,0.28917414,5,79-,79-,1,0,0.5,0.92261905,0.99539423,0.99111007,0.97715541,0.92614664,0.99267733
cd/490337,seed2,115,10,0.75689223,0.87468672,0.25631753,5,79-,79-,1,0,0.5,0.92261905,0.99558168,0.99181765,0.98058467,0.91194637,0.98859162
cd/490337,seed3,100,10,0.60796646,0.73584906,0.55989959,5,79-,79-,1,0,0.5,0.92261905,0.98706927,0.96897873,0.91582137,0.91914226,0.99328941
cd/490337,seed3,105,10,0.57936092,0.74122577,0.50846458,5,79-,79-,1,0,0.5,0.92261905,0.98412833,0.97051893,0.93382496,0.93324111,0.99311421
cd/490337,seed3,110,10,0.62972292,0.7813602,0.44986022,5,79-,79-,1,0,0.5,0.92261905,0.98893964,0.97988688,0.94994807,0.92614664,0.99329971
cd/490337,seed3,115,10,0.70105158,0.83274912,0.34917442,5,79-,79-,1,0,0.5,0.92261905,0.9933845,0.98772654,0.96930595,0.91194637,0.99359738
cd/490337,seed4,100,10,0.60796646,0.73584906,0.55989959,5,79-,79-,1,0,0.5,0.92261905,0.98706927,0.96897873,0.91582137,0.91914226,0.99146556
cd/490337,seed4,105,10,0.53354134,0.71294852,0.54076783,5,79-,79-,1,0,0.5,0.92261905,0.97799406,0.96150258,0.92298615,0.93324111,0.98768491
cd/490337,seed4,110,10,0.64937656,0.79650873,0.4157558,5,79-,79-,1,0,0.5,0.92261905,0.9903978,0.98260486,0.95754025,0.92614664,0.99264086
cd/490337,seed4,115,10,0.77248157,0.87420147,0.27961516,5,79-,79-,1,0,0.5,0.92261905,0.99605312,0.9917791,0.97820995,0.91194637,0.99522489
cd/490337,seed5,100,10,0.60796646,0.73584906,0.55989959,5,79-,79-,1,0,0.5,0.92261905,0.98706927,0.96897873,0.91582137,0.91914226,0.99221856
cd/490337,seed5,105,10,0.60389269,0.74539716,0.51704606,5,79-,79-,1,0,0.5,0.92261905,0.98668585,0.97166252,0.93109222,0.93324111,0.99335183
cd/490337,seed5,110,10,0.63958869,0.77686375,0.46671096,5,79-,79-,1,0,0.5,0.92261905,0.98969709,0.97900287,0.94573754,0.92614664,0.99278208
cd/490337,seed5,115,10,0.681474,0.82433115,0.36114994,5,79-,79-,1,0,0.5,0.92261905,0.99238059,0.98668882,0.96745205,0.91194637,0.99140769
cd/490338,seed1,100,10,0.65753425,0.75570776,0.45159059,8,92-,92-,1,0,0.5,0.92261905,0.99094558,0.97430741,0.94953037,0.91914226,0.99207833
cd/490338,seed1,105,10,0.58688525,0.73497268,0.45640215,8,92-,92-,1,0,0.5,0.92261905,0.98496032,0.96872041,0.94835149,0.93324111,0.98888259
cd/490338,seed1,110,10,0.62487047,0.79015544,0.33515314,8,92-,92-,1,0,0.5,0.92261905,0.98854714,0.98151187,0.97134675,0.92614664,0.98813797
cd/490338,seed1,115,10,0.75149105,0.86630219,0.22877258,8,92-,92-,1,0,0.5,0.92261905,0.99540559,0.9911256,0.98306646,0.91194637,0.99249047
cd/490338,seed2,100,10,0.65753425,0.75570776,0.45159059,8,92-,92-,1,0,0.5,0.92261905,0.99094558,0.97430741,0.94953037,0.91914226,0.98747555
cd/490338,seed2,105,10,0.6169265,0.75445434,0.43020269,8,92-,92-,1,0,0.5,0.92261905,0.98787465,0.97399918,0.95446865,0.93324111,0.98595379
cd/490338,seed2,110,10,0.63241525,0.79502119,0.32759735,8,92-,92-,1,0,0.5,0.92261905,0.98915165,0.98235478,0.97239127,0.92614664,0.98230273
cd/490338,seed2,115,10,0.62538383,0.80501535,0.27407533,8,92-,92-,1,0,0.5,0.92261905,0.98858931,0.98396944,0.97879916,0.91194637,0.9699075
cd/490338,seed3,100,10,0.65753425,0.75570776,0.45159059,8,92-,92-,1,0,0.5,0.92261905,0.99094558,0.97430741,0.94953037,0.91914226,0.99536793
cd/490338,seed3,105,10,0.63891892,0.76378378,0.4246991,8,92-,92-,1,0,0.5,0.92261905,0.98964734,0.97620972,0.95566298,0.93324111,0.99558925
cd/490338,seed3,110,10,0.69740933,0.82020725,0.32744314,8,92-,92-,1,0,0.5,0.92261905,0.99320824,0.98614932,0.97241219,0.92614664,0.99596183
cd/490338,seed3,115,10,0.71585244,0.83599202,0.28761454,8,92-,92-,1,0,0.5,0.92261905,0.99405522,0.98810463,0.9773308,0.91194637,0.99426795
cd/490338,seed4,100,10,0.65753425,0.75570776,0.45159059,8,92-,92-,1,0,0.5,0.92261905,0.99094558,0.97430741,0.94953037,0.91914226,0.99410565
cd/490338,seed4,105,10,0.54330709,0.72272216,0.4419478,8,92-,92-,1,0,0.5,0.92261905,0.97947094,0.96488439,0.95181666,0.93324111,0.98854697
cd/490338,seed4,110,10,0.61973279,0.78674203,0.33697865,8,92-,92-,1,0,0.5,0.92261905,0.98811656,0.9808971,0.9710887,0.92614664,0.99081986
cd/490338,seed4,115,10,0.8189911,0.89564787,0.20689179,8,92-,92-,1,0,0.5,0.92261905,0.99718204,0.9933223,0.98481328,0.91194637,0.99662953
cd/490338,seed5,100,10,0.65753425,0.75570776,0.45159059,8,92-,92-,1,0,0.5,0.92261905,0.99094558,0.97430741,0.94953037,0.91914226,0.99462697
cd/490338,seed5,105,10,0.61308204,0.75554324,0.42506719,8,92-,92-,1,0,0.5,0.92261905,0.98753534,0.97426715,0.95558404,0.93324111,0.993793
cd/490338,seed5,110,10,0.69832985,0.81889353,0.33149559,8,92-,92-,1,0,0.5,0.92261905,0.99325322,0.98597297,0.97185708,0.92614664,0.99534759
cd/490338,seed5,115,10,0.75306122,0.85459184,0.27881207,8,92-,92-,1,0,0.5,0.92261905,0.99545749,0.99006098,0.97829634,0.91194637,0.99496668
cd/490339,seed1,100,10,0.37593985,0.61403509,0.64312992,5,45+,45+,1,4,0.5,0.92411765,0.93550588,0.91182327,0.87884453,0.91550698,0.93800589
cd/490339,seed1,105,10,0.52079335,0.69417786,0.57644534,5,45+,45+,1,4,0.5,0.92411765,0.97738442,0.95915193,0.9123599,0.92932656,0.98512157
cd/490339,seed1,110,10,0.75914424,0.84126984,0.3678985,5,45+,45+,1,4,0.5,0.92411765,0.99617604,0.9906349,0.96989787,0.93166315,0.99706384
cd/490339,seed1,115,10,0.9150037,0.94087214,0.17917136,5,45+,45+,1,4,0.5,0.92411765,0.99881558,0.99659998,0.98895882,0.91997388,0.99866413
cd/490339,seed2,100,10,0.37593985,0.61403509,0.64312992,5,45+,45+,1,4,0.5,0.92411765,0.93550588,0.91182327,0.87884453,0.91550698,0.88464987
cd/490339,seed2,105,10,0.53648367,0.70257123,0.56107405,5,45+,45+,1,4,0.5,0.92411765,0.97985593,0.96238739,0.91879376,0.92932656,0.97431462
cd/490339,seed2,110,10,0.74243663,0.84137367,0.36494258,5,45+,45+,1,4,0.5,0.92411765,0.99566512,0.99064475,0.9703619,0.93166315,0.99342457
cd/490339,seed2,115,10,0.88255733,0.92216817,0.22069225,5,45+,45+,1,4,0.5,0.92411765,0.99848795,0.99588574,0.98621213,0.91997388,0.99661196
cd/490339,seed3,100,10,0.37593985,0.61403509,0.64312992,5,45+,45+,1,4,0.5,0.92411765,0.93550588,0.91182327,0.87884453,0.91550698,0.95848084
cd/490339,seed3,105,10,0.48414239,0.67249191,0.59473262,5,45+,45+,1,4,0.5,0.92411765,0.97040222,0.9495153,0.90410788,0.92932656,0.9869944
cd/490339,seed3,110,10,0.67637326,0.79351423,0.43825748,5,45+,45+,1,4,0.5,0.92411765,0.99288784,0.98482301,0.9565377,0.93166315,0.99633113
cd/490339,seed3,115,10,0.76346285,0.83776414,0.37299952,5,45+,45+,1,4,0.5,0.92411765,0.99629805,0.99029616,0.96908048,0.91997388,0.99714721
cd/490339,seed4,100,10,0.37593985,0.61403509,0.64312992,5,45+,45+,1,4,0.5,0.92411765,0.93550588,0.91182327,0.87884453,0.91550698,0.93294883
cd/490339,seed4,105,10,0.48473034,0.67511371,0.59309892,5,45+,45+,1,4,0.5,0.92411765,0.97052922,0.95078595,0.90487246,0.92932656,0.97870115
cd/490339,seed4,110,10,0.66666667,0.7877095,0.44633004,5,45+,45+,1,4,0.5,0.92411765,0.99235216,0.98390914,0.95468283,0.93166315,0.99345273
cd/490339,seed4,115,10,0.87556415,0.91618311,0.22900879,5,45+,45+,1,4,0.5,0.92411765,0.99840625,0.99562703,0.98558587,0.91997388,0.99802499
cd/490339,seed5,100,10,0.37593985,0.61403509,0.64312992,5,45+,45+,1,4,0.5,0.92411765,0.93550588,0.91182327,0.87884453,0.91550698,0.95301338
cd/490339,seed5,105,10,0.46902065,0.65356429,0.61976163,5,45+,45+,1,4,0.5,0.92411765,0.96694734,0.93938018,0.89169093,0.92932656,0.98340366
cd/490339,seed5,110,10,0.66058632,0.77198697,0.469785,5,45+,45+,1,4,0.5,0.92411765,0.99199641,0.98115341,0.94885671,0.93166315,0.9952816
cd/490339,seed5,115,10,0.72456254,0.82760855,0.38436267,5,45+,45+,1,4,0.5,0.92411765,0.99504309,0.9892449,0.96718171,0.91997388,0.99560801
cd/490340,seed1,100,10,0.60209424,0.78272251,0.467029,4,96-,96-,1,0,0.5,0.92261905,0.98651303,0.98014744,0.94565495,0.91914226,0.98802946
cd/490340,seed1,105,10,0.66007905,0.82411067,0.37275584,4,96-,96-,1,0,0.5,0.92261905,0.99111004,0.98666051,0.96555239,0.93324111,0.9935584
cd/490340,seed1,110,10,0.78757764,0.89006211,0.27317544,4,96-,96-,1,0,0.5,0.92261905,0.99646182,0.99295052,0.97889338,0.92614664,0.99648123
cd/490340,seed1,115,10,0.86434978,0.92993274,0.19632691,4,96-,96-,1,0,0.5,0.92261905,0.99797185,0.99521338,0.98559197,0.91194637,0.99677245
cd/490340,seed2,100,10,0.60209424,0.78272251,0.467029,4,96-,96-,1,0,0.5,0.92261905,0.98651303,0.98014744,0.94565495,0.91914226,0.9811189
cd/490340,seed2,105,10,0.67294751,0.82839838,0.37732871,4,96-,96-,1,0,0.5,0.92261905,0.9918974,0.98720059,0.9647749,0.93324111,0.9907383
cd/490340,seed2,110,10,0.76818182,0.87348485,0.32037666,4,96-,96-,1,0,0.5,0.92261905,0.99592834,0.99172184,0.97335483,0.92614664,0.99355203
cd/490340,seed2,115,10,0.88151659,0.92338073,0.24413303,4,96-,96-,1,0,0.5,0.92261905,0.99820933,0.99489868,0.98172367,0.91194637,0.99550001
cd/490340,seed3,100,10,0.60209424,0.78272251,0.467029,4,96-,96-,1,0,0.5,0.92261905,0.98651303,0.98014744,0.94565495,0.91914226,0.99298854
cd/490340,seed3,105,10,0.65244668,0.81869511,0.38637517,4,96-,96-,1,0,0.5,0.92261905,0.9906077,0.98594614,0.96318671,0.93324111,0.99601421
cd/490340,seed3,110,10,0.69377382,0.84053367,0.3536473,4,96-,96-,1,0,0.5,0.92261905,0.99302765,0.98861486,0.96862579,0.92614664,0.99585036
cd/490340,seed3,115,10,0.75561097,0.86970075,0.32239845,4,96-,96-,1,0,0.5,0.92261905,0.99554053,0.99141284,0.97308838,0.91194637,0.99574306
cd/490340,seed4,100,10,0.60209424,0.78272251,0.467029,4,96-,96-,1,0,0.5,0.92261905,0.98651303,0.98014744,0.94565495,0.91914226,0.99108365
cd/490340,seed4,105,10,0.60053619,0.79021448,0.42825915,4,96-,96-,1,0,0.5,0.92261905,0.98636153,0.98152233,0.95489388,0.93324111,0.99252266
cd/490340,seed4,110,10,0.72019465,0.85705596,0.31677421,4,96-,96-,1,0,0.5,0.92261905,0.99423885,0.99029503,0.97382326,0.92614664,0.9956664
cd/490340,seed4,115,10,0.86666667,0.93050847,0.19746918,4,96-,96-,1,0,0.5,0.92261905,0.99800565,0.99524009,0.98550972,0.91194637,0.99764268
cd/490340,seed5,100,10,0.60209424,0.78272251,0.467029,4,96-,96-,1,0,0.5,0.92261905,0.98651303,0.98014744,0.94565495,0.91914226,0.99187007
cd/490340,seed5,105,10,0.62926136,0.8046875,0.4124939,4,96-,96-,1,0,0.5,0.92261905,0.98890289,0.98391886,0.95820587,0.93324111,0.9945002
cd/490340,seed5,110,10,0.75457875,0.87118437,0.31192137,4,96-,96-,1,0,0.5,0.92261905,0.9955071,0.99153533,0.97444161,0.92614664,0.99694747
cd/490340,seed5,115,10,0.89675174,0.94605568,0.16508577,4,96-,96-,1,0,0.5,0.92261905,0.99839673,0.99590792,0.98767157,0.91194637,0.99828607
cd/490341,seed1,100,10,0.27133479,0.55798687,0.54509523,9,62-,62-,1,2,0.5,0.92294118,0.87200737,0.85569243,0.92255007,0.92007543,0.88843518
cd/490341,seed1,105,10,0.22088573,0.51886277,0.58398418,9,62-,62-,1,2,0.5,0.92294118,0.8217362,0.80166521,0.90395484,0.93168998,0.85784553
cd/490341,seed1,110,10,0.1971831,0.51486698,0.53842249,9,62-,44-,0,2,0.5,0.92294118,0.79324624,0.79536854,0.92538902,0.92467754,0.77998436
cd/490341,seed1,115,10,0.02035623,0.44122137,0.49691307,9,62-,44-,0,2,0.5,0.92294118,0.49382117,0.65389839,0.94099679,0.91532192,0.38348418
cd/490341,seed2,100,10,0.27133479,0.55798687,0.54509523,9,62-,44-,0,2,0.5,0.92294118,0.87200737,0.85569243,0.92255007,0.92007543,0.80355732
cd/490341,seed2,105,10,0.13496933,0.49581707,0.54292685,9,62-,44-,0,2,0.5,0.92294118,0.70325174,0.76332514,0.92348331,0.93168998,0.60918365
cd/490341,seed2,110,10,0.20550078,0.5194603,0.51119035,9,44-,44-,1,2,0.5,0.92294118,0.80361071,0.80259418,0.93600829,0.92467754,0.66059573
cd/490341,seed2,115,10,0.40081177,0.60324708,0.47010738,9,44-,44-,1,2,0.5,0.92294118,0.94889793,0.90232226,0.94939186,0.91532192,0.87025387
cd/490341,seed3,100,10,0.27133479,0.55798687,0.54509523,9,62-,62-,1,2,0.5,0.92294118,0.87200737,0.85569243,0.92255007,0.92007543,0.92153648
cd/490341,seed3,105,10,0.20140769,0.52355171,0.53518058,9,62-,62-,1,2,0.5,0.92294118,0.7985602,0.80886683,0.92673351,0.93168998,0.88393275
cd/490341,seed3,110,10,0.15835476,0.51156812,0.51731912,9,62-,62-,1,2,0.5,0.92294118,0.73960646,0.79005913,0.9337485,0.92467754,0.79305634
cd/490341,seed3,115,10,0.24962255,0.55108203,0.51429772,9,62-,62-,1,2,0.5,0.92294118,0.85203965,0.8471382,0.93487167,0.91532192,0.85172736
cd/490341,seed4,100,10,0.27133479,0.55798687,0.54509523,9,62-,62-,1,2,0.5,0.92294118,0.87200737,0.85569243,0.92255007,0.92007543,0.89724298
cd/490341,seed4,105,10,0.22978249,0.52370329,0.57117745,9,62-,62-,1,2,0.5,0.92294118,0.8316057,0.80909627,0.91048171,0.93168998,0.87661947
cd/490341,seed4,110,10,0.39349263,0.62989324,0.47354505,9,62-,62-,1,2,0.5,0.92294118,0.94607858,0.92303406,0.94838202,0.92467754,0.94923387
cd/490341,seed4,115,10,0.41949778,0.66125062,0.4184904,9,62-,62-,1,2,0.5,0.92294118,0.95547586,0.94221236,0.96246961,0.91532192,0.9432674
cd/490341,seed5,100,10,0.27133479,0.55798687,0.54509523,9,62-,62-,1,2,0.5,0.92294118,0.87200737,0.85569243,0.92255007,0.92007543,0.92262461
cd/490341,seed5,105,10,0.08310552,0.45325314,0.58658657,9,62-,44-,0,2,0.5,0.92294118,0.61329997,0.68006564,0.90257758,0.93168998,0.75003066
cd/490341,seed5,110,10,0.06377418,0.45007841,0.53862165,9,62-,44-,0,2,0.5,0.92294118,0.57725276,0.67326207,0.92530569,0.92467754,0.64607205
cd/490341,seed5,115,10,0.13258542,0.49107598,0.5060978,9,44-,44-,1,2,0.5,0.92294118,0.69938481,0.75483297,0.93783117,0.91532192,0.69569913
cd/490342,seed1,100,10,0.03773585,0.28301887,0.80253628,7,55+,68+,0,0,0.5,0.92261905,0.5474907,0.27267323,0.76130969,0.91914226,0.54215167
cd/490342,seed1,105,10,0.01369011,0.2881145,0.77495601,7,55+,68+,0,0,0.5,0.92261905,0.50394141,0.28265414,0.78572489,0.93324111,0.54422175
cd/490342,seed1,110,10,0.03089721,0.33095663,0.7442614,7,68+,68+,1,0,0.5,0.92261905,0.53514993,0.37451243,0.81070042,0.92614664,0.4888782
cd/490342,seed1,115,10,0.14325375,0.40255414,0.70870069,7,68+,68+,1,0,0.5,0.92261905,0.72261516,0.54645743,0.83677113,0.91194637,0.57683599
cd/490342,seed2,100,10,0.03773585,0.28301887,0.80253628,7,55+,55+,1,0,0.5,0.92261905,0.5474907,0.27267323,0.76130969,0.91914226,0.42709254
cd/490342,seed2,105,10,0.04308548,0.29951355,0.78892487,7,68-,55+,0,0,0.5,0.92261905,0.5571047,0.30576311,0.77359198,0.93324111,0.48392725
cd/490342,seed2,110,10,0.2426526,0.4302939,0.72760758,7,55+,68+,0,0,0.5,0.92261905,0.84289523,0.61237206,0.82328812,0.92614664,0.74749186
cd/490342,seed2,115,10,0.11772758,0.46885695,0.61889002,7,55+,68+,0,0,0.5,0.92261905,0.68394031,0.69718507,0.889787,0.91194637,0.41461905
cd/490342,seed3,100,10,0.03773585,0.28301887,0.80253628,7,55+,68-,0,0,0.5,0.92261905,0.5474907,0.27267323,0.76130969,0.91914226,0.67016182
cd/490342,seed3,105,10,0.00626959,0.27648903,0.79412904,7,68-,68-,1,0,0.5,0.92261905,0.49045904,0.26021009,0.76894941,0.93324111,0.65958684
cd/490342,seed3,110,10,0.00825959,0.27551622,0.77777636,7,68-,55+,0,0,0.5,0.92261905,0.49407413,0.25838527,0.78331386,0.92614664,0.58058333
cd/490342,seed3,115,10,0.01419989,0.30311305,0.7287532,7,68-,55+,0,0,0.5,0.92261905,0.50486765,0.31327614,0.8224437,0.91194637,0.46982624
cd/490342,seed4,100,10,0.03773585,0.28301887,0.80253628,7,55+,68-,0,0,0.5,0.92261905,0.5474907,0.27267323,0.76130969,0.91914226,0.61459202
cd/490342,seed4,105,10,0.03848621,0.30724824,0.79993566,7,68-,68+,0,0,0.5,0.92261905,0.54884151,0.32202965,0.76369129,0.93324111,0.65959227
cd/490342,seed4,110,10,0.05417867,0.32910663,0.73714306,7,68-,68+,0,0,0.5,0.92261905,0.57689703,0.37028954,0.81616306,0.92614664,0.60545379
cd/490342,seed4,115,10,0.14368117,0.42108023,0.67194768,7,68+,55+,0,0,0.5,0.92261905,0.72323743,0.590808,0.86059686,0.91194637,0.64809156
cd/490342,seed5,100,10,0.03773585,0.28301887,0.80253628,7,55+,55+,1,0,0.5,0.92261905,0.5474907,0.27267323,0.76130969,0.91914226,0.63640247
cd/490342,seed5,105,10,0.04507405,0.29813265,0.79566257,7,55+,68+,0,0,0.5,0.92261905,0.56066794,0.30290774,0.76756873,0.93324111,0.69086129
cd/490342,seed5,110,10,0.06848446,0.31515536,0.77907842,7,55+,68+,0,0,0.5,0.92261905,0.60205302,0.33911664,0.78219417,0.92614664,0.65225271
cd/490342,seed5,115,10,0.00756144,0.30308759,0.74962377,7,68+,68+,1,0,0.5,0.92261905,0.49280576,0.31322264,0.80650374,0.91194637,0.42070019
cd/490343,seed1,100,10,0.56774194,0.72903226,0.46608585,7,94-,94-,1,4,0.5,0.92411765,0.98401644,0.97105115,0.9498205,0.91550698,0.98542341
cd/490343,seed1,105,10,0.64885088,0.76696954,0.43644853,7,94-,94-,1,4,0.5,0.92411765,0.99126273,0.98018018,0.9569433,0.92932656,0.99447147
cd/490343,seed1,110,10,0.76151061,0.83031557,0.35537674,7,94-,94-,1,4,0.5,0.92411765,0.99624338,0.98953566,0.97181652,0.93166315,0.99711741
cd/490343,seed1,115,10,0.76735935,0.86416624,0.27083068,7,94-,94-,1,4,0.5,0.92411765,0.9964048,0.99257648,0.98198653,0.91997388,0.99578354
cd/490343,seed2,100,10,0.56774194,0.72903226,0.46608585,7,94-,94-,1,4,0.5,0.92411765,0.98401644,0.97105115,0.9498205,0.91550698,0.97164418
cd/490343,seed2,105,10,0.64702673,0.76432079,0.43097386,7,94-,94-,1,4,0.5,0.92411765,0.99114285,0.97964672,0.9581489,0.92932656,0.98899736
cd/490343,seed2,110,10,0.73998872,0.8285392,0.344954,7,94-,94-,1,4,0.5,0.92411765,0.99558475,0.98934576,0.97332253,0.93166315,0.99329859
cd/490343,seed2,115,10,0.76860935,0.86035776,0.28189952,7,94-,94-,1,4,0.5,0.92411765,0.99643839,0.99228374,0.98089458,0.91997388,0.99179516
cd/490343,seed3,100,10,0.56774194,0.72903226,0.46608585,7,94-,94-,1,4,0.5,0.92411765,0.98401644,0.97105115,0.9498205,0.91550698,0.99039797
cd/490343,seed3,105,10,0.68700684,0.7864282,0.41420387,7,94-,94-,1,4,0.5,0.92411765,0.99343199,0.98370024,0.96164411,0.92932656,0.99730204
cd/490343,seed3,110,10,0.76906891,0.8337717,0.34510065,7,94-,94-,1,4,0.5,0.92411765,0.99645066,0.9898956,0.97330189,0.93166315,0.99821695
cd/490343,seed3,115,10,0.7717336,0.8464667,0.32143615,7,94-,94-,1,4,0.5,0.92411765,0.99652098,0.9911156,0.97643864,0.91997388,0.99732506
cd/490343,seed4,100,10,0.56774194,0.72903226,0.46608585,7,94-,94-,1,4,0.5,0.92411765,0.98401644,0.97105115,0.9498205,0.91550698,0.98416906
cd/490343,seed4,105,10,0.57739689,0.72147831,0.47985089,7,94-,94-,1,4,0.5,0.92411765,0.98512152,0.96879729,0.9461447,0.92932656,0.98955155
cd/490343,seed4,110,10,0.79168779,0.84997466,0.32298764,7,94-,94-,1,4,0.5,0.92411765,0.9970053,0.99142618,0.97624449,0.93166315,0.99752214
cd/490343,seed4,115,10,0.8582716,0.90419753,0.22193214,7,94-,94-,1,4,0.5,0.92411765,0.99818479,0.99505924,0.98612049,0.91997388,0.99774026
cd/490343,seed5,100,10,0.56774194,0.72903226,0.46608585,7,94-,94-,1,4,0.5,0.92411765,0.98401644,0.97105115,0.9498205,0.91550698,0.98908566
cd/490343,seed5,105,10,0.62186667,0.744,0.46891199,7,94-,94-,1,4,0.5,0.92411765,0.98931326,0.97505963,0.94908573,0.92932656,0.99490678
cd/490343,seed5,110,10,0.71573333,0.79413333,0.41556568,7,94-,94-,1,4,0.5,0.92411765,0.99470382,0.9849174,0.96137106,0.93166315,0.99692679
cd/490343,seed5,115,10,0.78955781,0.85402238,0.31137642,7,94-,94-,1,4,0.5,0.92411765,0.99695698,0.99177118,0.97766041,0.91997388,0.99735077
cd/490344,seed1,100,10,0.77641278,0.88697789,0.33189561,3,88-,88-,1,0,0.5,0.92261905,0.99616387,0.99273651,0.9718017,0.91914226,0.99674475
cd/490344,seed1,105,10,0.67063728,0.83323407,0.42800997,3,88-,88-,1,0,0.5,0.92261905,0.99176132,0.98778382,0.95494812,0.93324111,0.99404718
cd/490344,seed1,110,10,0.67914144,0.83929554,0.4046103,3,88-,88-,1,0,0.5,0.92261905,0.99225132,0.98847795,0.95977359,0.92614664,0.99208166
cd/490344,seed1,115,10,0.71553949,0.85751162,0.37581226,3,88-,88-,1,0,0.5,0.92261905,0.99404176,0.99033771,0.96503459,0.91194637,0.990182
cd/490344,seed2,100,10,0.77641278,0.88697789,0.33189561,3,88-,88-,1,0,0.5,0.92261905,0.99616387,0.99273651,0.9718017,0.91914226,0.99483922
cd/490344,seed2,105,10,0.64342508,0.82140673,0.43084924,3,88-,88-,1,0,0.5,0.92261905,0.98997757,0.98630842,0.95432635,0.93324111,0.9884624
cd/490344,seed2,110,10,0.42194093,0.71066908,0.55149124,3,88-,88-,1,0,0.5,0.92261905,0.95180238,0.96067,0.91904198,0.92614664,0.91935514
cd/490344,seed2,115,10,0.36875359,0.6840896,0.57158152,3,88-,88-,1,0,0.5,0.92261905,0.93063387,0.94959996,0.91115381,0.91194637,0.82389138
cd/490344,seed3,100,10,0.77641278,0.88697789,0.33189561,3,88-,88-,1,0,0.5,0.92261905,0.99616387,0.99273651,0.9718017,0.91914226,0.99810026
cd/490344,seed3,105,10,0.69924375,0.84874927,0.39540317,3,88-,88-,1,0,0.5,0.92261905,0.99329759,0.98948348,0.96153322,0.93324111,0.99719338
cd/490344,seed3,110,10,0.59408152,0.79564489,0.47436115,3,88-,88-,1,0,0.5,0.92261905,0.9857158,0.98246006,0.94371763,0.92614664,0.99125804
cd/490344,seed3,115,10,0.51863857,0.75796867,0.51723368,3,88-,88-,1,0,0.5,0.92261905,0.97553812,0.97485442,0.93103133,0.91194637,0.97522391
cd/490344,seed4,100,10,0.77641278,0.88697789,0.33189561,3,88-,88-,1,0,0.5,0.92261905,0.99616387,0.99273651,0.9718017,0.91914226,0.99758075
cd/490344,seed4,105,10,0.66818441,0.83266932,0.42421131,3,88-,88-,1,0,0.5,0.92261905,0.99161437,0.98771709,0.95576738,0.93324111,0.99549082
cd/490344,seed4,110,10,0.70368334,0.85156679,0.38558475,3,88-,88-,1,0,0.5,0.92261905,0.99350903,0.98976601,0.96332818,0.92614664,0.99509625
cd/490344,seed4,115,10,0.78707029,0.8932786,0.3120807,3,88-,88-,1,0,0.5,0.92261905,0.99644879,0.99316705,0.97442154,0.91194637,0.99571895
cd/490344,seed5,100,10,0.77641278,0.88697789,0.33189561,3,88-,88-,1,0,0.5,0.92261905,0.99616387,0.99273651,0.9718017,0.91914226,0.9977954
cd/490344,seed5,105,10,0.65301346,0.82562902,0.43015037,3,88-,88-,1,0,0.5,0.92261905,0.99064595,0.98685428,0.95448015,0.93324111,0.99539573
cd/490344,seed5,110,10,0.67193676,0.8351214,0.41608154,3,88-,88-,1,0,0.5,0.92261905,0.99183814,0.98800427,0.95747323,0.92614664,0.9943319
cd/490344,seed5,115,10,0.78298331,0.8912224,0.31616945,3,88-,88-,1,0,0.5,0.92261905,0.99634211,0.9930294,0.9739011,0.91194637,0.99597685
cd/490347,seed1,100,10,0.33760684,0.57478632,0.56250647,8,59-,59-,1,2,0.5,0.92294118,0.9192371,0.8748477,0.91467105,0.92007543,0.9311906
cd/490347,seed1,105,10,0.51371308,0.67457806,0.50977504,8,59-,59-,1,2,0.5,0.92294118,0.97802796,0.94892338,0.93651984,0.93168998,0.98433492
cd/490347,seed1,110,10,0.63072228,0.74516785,0.43711741,8,59-,59-,1,2,0.5,0.92294118,0.99100339,0.97374886,0.95817469,0.92467754,0.99128958
cd/490347,seed1,115,10,0.5666004,0.71222664,0.45206541,8,59-,59-,1,2,0.5,0.92294118,0.9853032,0.96411107,0.95439189,0.91532192,0.98008021
cd/490347,seed2,100,10,0.33760684,0.57478632,0.56250647,8,59-,59-,1,2,0.5,0.92294118,0.9192371,0.8748477,0.91467105,0.92007543,0.87423627
cd/490347,seed2,105,10,0.44046365,0.64014752,0.53082486,8,59-,59-,1,2,0.5,0.92294118,0.96189408,0.92987339,0.9285048,0.93168998,0.94726292
cd/490347,seed2,110,10,0.47535934,0.64835729,0.53532324,8,59-,59-,1,2,0.5,0.92294118,0.97065252,0.93493941,0.92667482,0.92467754,0.944022
cd/490347,seed2,115,10,0.50406504,0.64176829,0.54677338,8,59-,59-,1,2,0.5,0.92294118,0.97636377,0.9309016,0.92182068,0.91532192,0.93873783
cd/490347,seed3,100,10,0.33760684,0.57478632,0.56250647,8,59-,59-,1,2,0.5,0.92294118,0.9192371,0.8748477,0.91467105,0.92007543,0.95228763
cd/490347,seed3,105,10,0.51306165,0.6630094,0.52575573,8,59-,59-,1,2,0.5,0.92294118,0.9779193,0.94314326,0.93051639,0.93168998,0.98926946
cd/490347,seed3,110,10,0.5546476,0.71144025,0.46693276,8,59-,59-,1,2,0.5,0.92294118,0.98390085,0.96384358,0.95030779,0.92467754,0.98916776
cd/490347,seed3,115,10,0.64,0.7375,0.44702094,8,59-,59-,1,2,0.5,0.92294118,0.99162186,0.97175908,0.95570354,0.91532192,0.99239844
cd/490347,seed4,100,10,0.33760684,0.57478632,0.56250647,8,59-,59-,1,2,0.5,0.92294118,0.9192371,0.8748477,0.91467105,0.92007543,0.93686283
cd/490347,seed4,105,10,0.48817204,0.65430108,0.52435499,8,59-,59-,1,2,0.5,0.92294118,0.9733507,0.93839243,0.93106294,0.93168998,0.98250641
cd/490347,seed4,110,10,0.65555556,0.75707071,0.42353385,8,59-,59-,1,2,0.5,0.92294118,0.9925656,0.97657014,0.96135044,0.92467754,0.9934732
cd/490347,seed4,115,10,0.76938175,0.84347399,0.30547012,8,59-,59-,1,2,0.5,0.92294118,0.99690735,0.98981271,0.9807142,0.91532192,0.9963543
cd/490347,seed5,100,10,0.33760684,0.57478632,0.56250647,8,59-,59-,1,2,0.5,0.92294118,0.9192371,0.8748477,0.91467105,0.92007543,0.95297106
cd/490347,seed5,105,10,0.43657505,0.63160677,0.53489251,8,59-,59-,1,2,0.5,0.92294118,0.96077485,0.92421803,0.9268519,0.93168998,0.98067837
cd/490347,seed5,110,10,0.49738767,0.68599791,0.4759081,8,59-,59-,1,2,0.5,0.92294118,0.97514061,0.95408063,0.94767683,0.92467754,0.98323119
cd/490347,seed5,115,10,0.46044625,0.65973631,0.49089023,8,59-,59-,1,2,0.5,0.92294118,0.96717779,0.94139941,0.94298995,0.91532192,0.96923827
cd/490348,seed1,100,10,0.76379691,0.83222958,0.40631265,5,52-,52-,1,4,0.5,0.92411765,0.99630732,0.98973654,0.9631902,0.91550698,0.9968076
cd/490348,seed1,105,10,0.81940701,0.87385445,0.32691046,5,52-,52-,1,4,0.5,0.92411765,0.99756853,0.99327241,0.97574662,0.92932656,0.9985335
cd/490348,seed1,110,10,0.81531298,0.87377134,0.32571774,5,52-,52-,1,4,0.5,0.92411765,0.99749253,0.99326673,0.97589906,0.93166315,0.99810395
cd/490348,seed1,115,10,0.82887431,0.88995457,0.28475448,5,52-,52-,1,4,0.5,0.92411765,0.9977356,0.99428846,0.98060256,0.91997388,0.99738698
cd/490348,seed2,100,10,0.76379691,0.83222958,0.40631265,5,52-,52-,1,4,0.5,0.92411765,0.99630732,0.98973654,0.9631902,0.91550698,0.99372126
cd/490348,seed2,105,10,0.82422931,0.87236344,0.3274881,5,52-,52-,1,4,0.5,0.92411765,0.99765511,0.99316969,0.97567245,0.92932656,0.99721731
cd/490348,seed2,110,10,0.85267134,0.90070157,0.26509511,5,52-,52-,1,4,0.5,0.92411765,0.99810668,0.99488022,0.98252802,0.93166315,0.99720787
cd/490348,seed2,115,10,0.89856612,0.94158258,0.1670561,5,52-,52-,1,4,0.5,0.92411765,0.99865958,0.99662453,0.98965297,0.91997388,0.9970087
cd/490348,seed3,100,10,0.76379691,0.83222958,0.40631265,5,52-,52-,1,4,0.5,0.92411765,0.99630732,0.98973654,0.9631902,0.91550698,0.99790533
cd/490348,seed3,105,10,0.79688312,0.86493506,0.33867825,5,52-,52-,1,4,0.5,0.92411765,0.99711996,0.99263422,0.97419127,0.92932656,0.99885373
cd/490348,seed3,110,10,0.86286595,0.90344119,0.26390528,5,52-,52-,1,4,0.5,0.92411765,0.99824646,0.99502105,0.98263833,0.93166315,0.9991417
cd/490348,seed3,115,10,0.84453566,0.89225244,0.28631692,5,52-,52-,1,4,0.5,0.92411765,0.9979872,0.99442045,0.9804409,0.91997388,0.99848276
cd/490348,seed4,100,10,0.76379691,0.83222958,0.40631265,5,52-,52-,1,4,0.5,0.92411765,0.99630732,0.98973654,0.9631902,0.91550698,0.99652943
cd/490348,seed4,105,10,0.84643799,0.89023747,0.29650652,5,52-,52-,1,4,0.5,0.92411765,0.99801579,0.99430487,0.97935376,0.92932656,0.99870837
cd/490348,seed4,110,10,0.86636409,0.90620272,0.26550325,5,52-,52-,1,4,0.5,0.92411765,0.99829201,0.9951591,0.98249002,0.93166315,0.99861504
cd/490348,seed4,115,10,0.89340605,0.93653941,0.18131528,5,52-,52-,1,4,0.5,0.92411765,0.99860649,0.99644639,0.98883127,0.91997388,0.99828128
cd/490348,seed5,100,10,0.76379691,0.83222958,0.40631265,5,52-,52-,1,4,0.5,0.92411765,0.99630732,0.98973654,0.9631902,0.91550698,0.99761658
cd/490348,seed5,105,10,0.82453333,0.872,0.32901487,5,52-,52-,1,4,0.5,0.92411765,0.99766046,0.99314441,0.97547535,0.92932656,0.99894848
cd/490348,seed5,110,10,0.88431877,0.91465296,0.24097104,5,52-,52-,1,4,0.5,0.92411765,0.99850786,0.99555833,0.98463565,0.93166315,0.99917368
cd/490348,seed5,115,10,0.89149261,0.9225675,0.22621438,5,52-,52-,1,4,0.5,0.92411765,0.99858628,0.99590245,0.98579936,0.91997388,0.99880259
cd/490351,seed1,100,10,0.06514658,0.45276873,0.62181569,7,77-,77+,0,1,0.5,0.92647059,0.57676637,0.69050707,0.8936411,0.93163344,0.61617119
cd/490351,seed1,105,10,0.2212766,0.54723404,0.55831322,7,77+,77+,1,1,0.5,0.92647059,0.81707238,0.84976373,0.92543057,0.93176399,0.83499054
cd/490351,seed1,110,10,0.54980695,0.74517375,0.39820031,7,77+,77+,1,1,0.5,0.92647059,0.98191809,0.97544513,0.97074378,0.92708939,0.97990689
cd/490351,seed1,115,10,0.69896194,0.84083045,0.26569914,7,77+,77+,1,1,0.5,0.92647059,0.99411055,0.99028166,0.98682038,0.91539599,0.99081579
cd/490351,seed2,100,10,0.06514658,0.45276873,0.62181569,7,77-,77+,0,1,0.5,0.92647059,0.57676637,0.69050707,0.8936411,0.93163344,0.5124107
cd/490351,seed2,105,10,0.04154863,0.45797923,0.55415402,7,77+,77+,1,1,0.5,0.92647059,0.53247609,0.70136408,0.92717446,0.93176399,0.44568286
cd/490351,seed2,110,10,0.40324763,0.68064953,0.40740752,7,77+,77+,1,1,0.5,0.92647059,0.94686103,0.95463438,0.9690942,0.92708939,0.90960584
cd/490351,seed2,115,10,0.74054759,0.86179922,0.24194717,7,77+,77+,1,1,0.5,0.92647059,0.99570021,0.99208043,0.98858905,0.91539599,0.98989905
cd/490351,seed3,100,10,0.06514658,0.45276873,0.62181569,7,77-,77+,0,1,0.5,0.92647059,0.57676637,0.69050707,0.8936411,0.93163344,0.74333916
cd/490351,seed3,105,10,0.17138238,0.52627324,0.54612084,7,77+,77+,1,1,0.5,0.92647059,0.75348193,0.82146948,0.93043665,0.93176399,0.86037723
cd/490351,seed3,110,10,0.2607987,0.58924205,0.48917036,7,77+,77+,1,1,0.5,0.92647059,0.85780053,0.89533451,0.94994188,0.92708939,0.90028388
cd/490351,seed3,115,10,0.43716679,0.69687738,0.40009058,7,77+,77+,1,1,0.5,0.92647059,0.958439,0.96107365,0.97041223,0.91539599,0.96116134
cd/490351,seed4,100,10,0.06514658,0.45276873,0.62181569,7,77-,77+,0,1,0.5,0.92647059,0.57676637,0.69050707,0.8936411,0.93163344,0.64078703
cd/490351,seed4,105,10,0.09409752,0.47989735,0.58718817,7,77+,77+,1,1,0.5,0.92647059,0.62939902,0.74452906,0.91223008,0.93176399,0.67370098
cd/490351,seed4,110,10,0.31746032,0.62207105,0.47283612,7,77+,77+,1,1,0.5,0.92647059,0.9027327,0.9219913,0.95450298,0.92708939,0.89679777
cd/490351,seed4,115,10,0.60836013,0.79549839,0.30109322,7,77+,77+,1,1,0.5,0.92647059,0.98833929,0.98489578,0.98367213,0.91539599,0.98325466
cd/490351,seed5,100,10,0.06514658,0.45276873,0.62181569,7,77-,77+,0,1,0.5,0.92647059,0.57676637,0.69050707,0.8936411,0.93163344,0.70245664
cd/490351,seed5,105,10,0.14789338,0.50128977,0.58173728,7,77+,77+,1,1,0.5,0.92647059,0.71883147,0.78250213,0.91487399,0.93176399,0.80674707
cd/490351,seed5,110,10,0.49635036,0.7161395,0.4137342,7,77+,77+,1,1,0.5,0.92647059,0.97309428,0.96758135,0.96790888,0.92708939,0.97919735
cd/490351,seed5,115,10,0.69694713,0.82278481,0.32365693,7,77+,77+,1,1,0.5,0.92647059,0.99402018,0.98841358,0.98129035,0.91539599,0.99363696
cd/490352,seed1,100,10,0.74482759,0.80689655,0.46624811,5,57-,57-,1,0,0.5,0.92261905,0.9951787,0.98425669,0.94585753,0.91914226,0.99587555
cd/490352,seed1,105,10,0.81882353,0.86823529,0.34612096,5,57-,57-,1,0,0.5,0.92261905,0.99717862,0.99129013,0.96976204,0.93324111,0.99803903
cd/490352,seed1,110,10,0.82798834,0.88338192,0.31463927,5,57-,57-,1,0,0.5,0.92261905,0.99735995,0.99247883,0.97409707,0.92614664,0.997401
cd/490352,seed1,115,10,0.93304536,0.95680346,0.14036579,5,57-,57-,1,0,0.5,0.92261905,0.99876802,0.99631419,0.98910451,0.91194637,0.99807216
cd/490352,seed2,100,10,0.74482759,0.80689655,0.46624811,5,57-,57-,1,0,0.5,0.92261905,0.9951787,0.98425669,0.94585753,0.91914226,0.99346456
cd/490352,seed2,105,10,0.81323877,0.87706856,0.32306598,5,57-,57-,1,0,0.5,0.92261905,0.99706208,0.99200429,0.97299984,0.93324111,0.99675575
cd/490352,seed2,110,10,0.89020772,0.92878338,0.2090186,5,57-,57-,1,0,0.5,0.92261905,0.99831876,0.99515961,0.98465158,0.92614664,0.99741442
cd/490352,seed2,115,10,0.96969697,0.97979798,0.07699854,5,57-,57-,1,0,0.5,0.92261905,0.99905586,0.9970534,0.99206808,0.91194637,0.99767645
cd/490352,seed3,100,10,0.74482759,0.80689655,0.46624811,5,57-,57-,1,0,0.5,0.92261905,0.9951787,0.98425669,0.94585753,0.91914226,0.99759212
cd/490352,seed3,105,10,0.84395604,0.88571429,0.31221177,5,57-,57-,1,0,0.5,0.92261905,0.99764856,0.99264697,0.97440501,0.93324111,0.99905301
cd/490352,seed3,110,10,0.89527721,0.92607803,0.22371697,5,57-,57-,1,0,0.5,0.92261905,0.99837948,0.99503065,0.98348683,0.92614664,0.99908528
cd/490352,seed3,115,10,0.88590604,0.92393736,0.22045411,5,57-,57-,1,0,0.5,0.92261905,0.99826546,0.9949262,0.98375268,0.91194637,0.99839788
cd/490352,seed4,100,10,0.74482759,0.80689655,0.46624811,5,57-,57-,1,0,0.5,0.92261905,0.9951787,0.98425669,0.94585753,0.91914226,0.99693408
cd/490352,seed4,105,10,0.74270557,0.83554377,0.3935544,5,57-,57-,1,0,0.5,0.92261905,0.99510413,0.98805306,0.96187753,0.93324111,0.99742045
cd/490352,seed4,110,10,0.85448916,0.89473684,0.29228901,5,57-,57-,1,0,0.5,0.92261905,0.99782148,0.99326302,0.97680113,0.92614664,0.9984172
cd/490352,seed4,115,10,0.96569921,0.97889182,0.0776555,5,57-,57-,1,0,0.5,0.92261905,0.99902805,0.99702729,0.9920419,0.91194637,0.99887926
cd/490352,seed5,100,10,0.74482759,0.80689655,0.46624811,5,57-,57-,1,0,0.5,0.92261905,0.9951787,0.98425669,0.94585753,0.91914226,0.99720595
cd/490352,seed5,105,10,0.77362637,0.84175824,0.39337976,5,57-,57-,1,0,0.5,0.92261905,0.9960857,0.9887487,0.9619099,0.93324111,0.99813611
cd/490352,seed5,110,10,0.91383812,0.93733681,0.19441935,5,57-,57-,1,0,0.5,0.92261905,0.99858371,0.99554581,0.98572832,0.92614664,0.99907652
cd/490352,seed5,115,10,0.93195876,0.95463918,0.14636669,5,57-,57-,1,0,0.5,0.92261905,0.99875826,0.99623575,0.98877257,0.91194637,0.99868424
cd/490353,seed1,100,10,0.55297158,0.75710594,0.435848,5,62-,62-,1,2,0.5,0.92294118,0.98369397,0.97657803,0.95848174,0.92007543,0.98698225
cd/490353,seed1,105,10,0.681074,0.82580223,0.35404098,5,62-,62-,1,2,0.5,0.92294118,0.99389053,0.98791075,0.97428726,0.93168998,0.99584654
cd/490353,seed1,110,10,0.84130019,0.91077119,0.22573525,5,62-,62-,1,2,0.5,0.92294118,0.99822567,0.99470438,0.98801289,0.92467754,0.99837302
cd/490353,seed1,115,10,0.91074681,0.94899818,0.14600519,5,62-,62-,1,2,0.5,0.92294118,0.99896295,0.99635232,0.99257011,0.91532192,0.99870709
cd/490353,seed2,100,10,0.55297158,0.75710594,0.435848,5,62-,62-,1,2,0.5,0.92294118,0.98369397,0.97657803,0.95848174,0.92007543,0.97496582
cd/490353,seed2,105,10,0.75085324,0.86211604,0.30432565,5,62-,62-,1,2,0.5,0.92294118,0.9964319,0.99149853,0.98084487,0.93168998,0.99537573
cd/490353,seed2,110,10,0.9302682,0.95555556,0.14330279,5,62-,62-,1,2,0.5,0.92294118,0.99910832,0.99657847,0.99268985,0.92467754,0.99844557
cd/490353,seed2,115,10,0.9734767,0.9827957,0.06561047,5,62-,62-,1,2,0.5,0.92294118,0.99936173,0.99737766,0.99542122,0.91532192,0.99847664
cd/490353,seed3,100,10,0.55297158,0.75710594,0.435848,5,62-,62-,1,2,0.5,0.92294118,0.98369397,0.97657803,0.95848174,0.92007543,0.99113633
cd/490353,seed3,105,10,0.61214058,0.7942492,0.37202411,5,62-,62-,1,2,0.5,0.92294118,0.9896255,0.98360434,0.97141291,0.93168998,0.99511476
cd/490353,seed3,110,10,0.78417765,0.87647467,0.29042997,5,62-,62-,1,2,0.5,0.92294118,0.99724123,0.9926057,0.98236383,0.92467754,0.99825785
cd/490353,seed3,115,10,0.85925926,0.91380471,0.23114668,5,62-,62-,1,2,0.5,0.92294118,0.99845568,0.99485863,0.98761842,0.91532192,0.9986765
cd/490353,seed4,100,10,0.55297158,0.75710594,0.435848,5,62-,62-,1,2,0.5,0.92294118,0.98369397,0.97657803,0.95848174,0.92007543,0.98811406
cd/490353,seed4,105,10,0.63606121,0.80439122,0.37084945,5,62-,62-,1,2,0.5,0.92294118,0.99136461,0.98513179,0.97160983,0.93168998,0.99457658
cd/490353,seed4,110,10,0.80272109,0.89239332,0.25214096,5,62-,62-,1,2,0.5,0.92294118,0.99760937,0.99366651,0.98596304,0.92467754,0.99798037
cd/490353,seed4,115,10,0.9110982,0.94886694,0.15065118,5,62-,62-,1,2,0.5,0.92294118,0.99896577,0.99634764,0.99235967,0.91532192,0.99882403
cd/490353,seed5,100,10,0.55297158,0.75710594,0.435848,5,62-,62-,1,2,0.5,0.92294118,0.98369397,0.97657803,0.95848174,0.92007543,0.9912684
cd/490353,seed5,105,10,0.66152768,0.81920112,0.3517383,5,62-,62-,1,2,0.5,0.92294118,0.99289921,0.98711365,0.97463436,0.93168998,0.99675358
cd/490353,seed5,110,10,0.81742473,0.89493914,0.26073514,5,62-,62-,1,2,0.5,0.92294118,0.9978661,0.99382153,0.98522408,0.92467754,0.99868429
cd/490353,seed5,115,10,0.90773994,0.94055728,0.17782695,5,62-,62-,1,2,0.5,0.92294118,0.99893855,0.99603915,0.99100493,0.91532192,0.99911515
cd/490354,seed1,100,10,0.18614719,0.47402597,0.61751116,10,72-,72-,1,4,0.5,0.92411765,0.77627502,0.71165072,0.89286279,0.91550698,0.77477315
cd/490354,seed1,105,10,0.17962185,0.49212185,0.56028385,10,72-,72-,1,4,0.5,0.92411765,0.76761794,0.74811548,0.91911259,0.92932656,0.82202793
cd/490354,seed1,110,10,0.36501517,0.59706775,0.48175236,10,72-,72-,1,4,0.5,0.92411765,0.93035637,0.89682918,0.94561738,0.93166315,0.94000892
cd/490354,seed1,115,10,0.3976378,0.6363189,0.43321277,10,72-,72-,1,4,0.5,0.92411765,0.94469746,0.92851702,0.95765981,0.91997388,0.92949826
cd/490354,seed2,100,10,0.18614719,0.47402597,0.61751116,10,72-,72-,1,4,0.5,0.92411765,0.77627502,0.71165072,0.89286279,0.91550698,0.63551846
cd/490354,seed2,105,10,0.15889831,0.48887712,0.5575859,10,72-,72-,1,4,0.5,0.92411765,0.73860309,0.74180741,0.92019259,0.92932656,0.66572485
cd/490354,seed2,110,10,0.081,0.4245,0.55168533,10,72-,72-,1,4,0.5,0.92411765,0.61102408,0.59787633,0.92250882,0.93166315,0.46395597
cd/490354,seed2,115,10,0.20706575,0.43424926,0.57569395,10,72-,72-,1,4,0.5,0.92411765,0.80246108,0.62160982,0.91268484,0.91997388,0.60160883
cd/490354,seed3,100,10,0.18614719,0.47402597,0.61751116,10,72-,72-,1,4,0.5,0.92411765,0.77627502,0.71165072,0.89286279,0.91550698,0.83996127
cd/490354,seed3,105,10,0.25681342,0.54245283,0.52451943,10,72-,72-,1,4,0.5,0.92411765,0.85528699,0.83252297,0.93239683,0.92932656,0.92791368
cd/490354,seed3,110,10,0.23594378,0.55070281,0.49166337,10,72-,72-,1,4,0.5,0.92411765,0.83471166,0.84396559,0.94278924,0.93166315,0.89723024
cd/490354,seed3,115,10,0.30157171,0.57612967,0.46996669,10,72-,72-,1,4,0.5,0.92411765,0.89225817,0.87525282,0.94880892,0.91997388,0.90479952
cd/490354,seed4,100,10,0.18614719,0.47402597,0.61751116,10,72-,72-,1,4,0.5,0.92411765,0.77627502,0.71165072,0.89286279,0.91550698,0.75981027
cd/490354,seed4,105,10,0.2033543,0.5057652,0.55949483,10,72-,72-,1,4,0.5,0.92411765,0.79798944,0.77350278,0.91942981,0.92932656,0.8363815
cd/490354,seed4,110,10,0.36794355,0.62147177,0.45216417,10,72-,72-,1,4,0.5,0.92411765,0.93177288,0.917753,0.95329561,0.93166315,0.93647716
cd/490354,seed4,115,10,0.56402737,0.74242424,0.34981872,10,72-,72-,1,4,0.5,0.92411765,0.9835701,0.97466449,0.97262961,0.91997388,0.97798538
cd/490354,seed5,100,10,0.18614719,0.47402597,0.61751116,10,72-,72-,1,4,0.5,0.92411765,0.77627502,0.71165072,0.89286279,0.91550698,0.82178843
cd/490354,seed5,105,10,0.18756586,0.50316122,0.55136629,10,72-,72-,1,4,0.5,0.92411765,0.77812646,0.7688005,0.92263229,0.92932656,0.86820691
cd/490354,seed5,110,10,0.22008114,0.52281947,0.52475893,10,72-,72-,1,4,0.5,0.92411765,0.81755087,0.80261356,0.932315,0.93166315,0.87142209
cd/490354,seed5,115,10,0.36663337,0.61188811,0.46061197,10,72-,72-,1,4,0.5,0.92411765,0.93114246,0.91004082,0.95121518,0.91997388,0.93277256
cd/490356,seed1,100,10,0.63366337,0.7549505,0.48285271,6,79-,79-,1,2,0.5,0.92294118,0.99120419,0.97609022,0.9455514,0.92007543,0.99313196
cd/490356,seed1,105,10,0.69298246,0.80639098,0.40274393,6,79-,79-,1,2,0.5,0.92294118,0.99442573,0.98541599,0.96576683,0.93168998,0.9962226
cd/490356,seed1,110,10,0.78850856,0.87224939,0.28660225,6,79-,79-,1,2,0.5,0.92294118,0.99733197,0.99229565,0.98276104,0.92467754,0.99751995
cd/490356,seed1,115,10,0.89388697,0.93252595,0.17865755,6,79-,79-,1,2,0.5,0.92294118,0.99881849,0.99571636,0.99095997,0.91532192,0.99852064
cd/490356,seed2,100,10,0.63366337,0.7549505,0.48285271,6,79-,79-,1,2,0.5,0.92294118,0.99120419,0.97609022,0.9455514,0.92007543,0.98671579
cd/490356,seed2,105,10,0.76376989,0.85128519,0.33067385,6,79-,79-,1,2,0.5,0.92294118,0.99677043,0.99055601,0.97760469,0.93168998,0.99582789
cd/490356,seed2,110,10,0.85419198,0.91069259,0.22017544,6,79-,79-,1,2,0.5,0.92294118,0.99839398,0.99470033,0.98840524,0.92467754,0.99714656
cd/490356,seed2,115,10,0.95318596,0.96944083,0.09703638,6,79-,79-,1,2,0.5,0.92294118,0.99925321,0.99701227,0.99446652,0.91532192,0.99820859
cd/490356,seed3,100,10,0.63366337,0.7549505,0.48285271,6,79-,79-,1,2,0.5,0.92294118,0.99120419,0.97609022,0.9455514,0.92007543,0.99533289
cd/490356,seed3,105,10,0.66301703,0.78406326,0.43697299,6,79-,79-,1,2,0.5,0.92294118,0.99298006,0.9819152,0.95820973,0.93168998,0.99674312
cd/490356,seed3,110,10,0.82941176,0.89588235,0.2486831,6,79-,79-,1,2,0.5,0.92294118,0.9980549,0.99387801,0.98624997,0.92467754,0.99878625
cd/490356,seed3,115,10,0.87471526,0.92312073,0.19594437,6,79-,79-,1,2,0.5,0.92294118,0.99862965,0.99530491,0.9899721,0.91532192,0.99883028
cd/490356,seed4,100,10,0.63366337,0.7549505,0.48285271,6,79-,79-,1,2,0.5,0.92294118,0.99120419,0.97609022,0.9455514,0.92007543,0.99373248
cd/490356,seed4,105,10,0.70123457,0.81296296,0.38529576,6,79-,79-,1,2,0.5,0.92294118,0.99476899,0.9863128,0.96909398,0.93168998,0.99677331
cd/490356,seed4,110,10,0.84331797,0.90380184,0.23530864,6,79-,79-,1,2,0.5,0.92294118,0.99825313,0.99433237,0.98730634,0.92467754,0.9985397
cd/490356,seed4,115,10,0.9158361,0.95293466,0.12300571,6,79-,79-,1,2,0.5,0.92294118,0.99900299,0.9964898,0.99353003,0.91532192,0.99886772
cd/490356,seed5,100,10,0.63366337,0.7549505,0.48285271,6,79-,79-,1,2,0.5,0.92294118,0.99120419,0.97609022,0.9455514,0.92007543,0.99540272
cd/490356,seed5,105,10,0.68072289,0.79939759,0.40833076,6,79-,79-,1,2,0.5,0.92294118,0.99387399,0.98439808,0.96463026,0.93168998,0.9972145
cd/490356,seed5,110,10,0.78639618,0.86694511,0.30288262,6,79-,79-,1,2,0.5,0.92294118,0.99728809,0.99188811,0.9810084,0.92467754,0.99831414
cd/490356,seed5,115,10,0.85331781,0.91327125,0.20976739,6,79-,79-,1,2,0.5,0.92294118,0.99838309,0.99483183,0.9891059,0.91532192,0.99863298
cd/490357,seed1,100,10,0.58064516,0.73333333,0.52649662,5,89-,89-,1,1,0.5,0.92647059,0.98564322,0.97249197,0.9378449,0.93163344,0.98938015
cd/490357,seed1,105,10,0.67234949,0.77943527,0.47844053,5,89-,89-,1,1,0.5,0.92647059,0.99279922,0.98235288,0.95298447,0.93176399,0.99437507
cd/490357,seed1,110,10,0.73667874,0.83341956,0.38551605,5,89-,89-,1,1,0.5,0.92647059,0.99557241,0.98955358,0.9728771,0.92708939,0.9953175
cd/490357,seed1,115,10,0.75383853,0.8415057,0.3592568,5,89-,89-,1,1,0.5,0.92647059,0.99611189,0.99034544,0.97682353,0.91539599,0.9940201
cd/490357,seed2,100,10,0.58064516,0.73333333,0.52649662,5,89-,89-,1,1,0.5,0.92647059,0.98564322,0.97249197,0.9378449,0.93163344,0.98386787
cd/490357,seed2,105,10,0.61973333,0.76426667,0.47726228,5,89-,89-,1,1,0.5,0.92647059,0.98929494,0.97956788,0.95330767,0.93176399,0.98708961
cd/490357,seed2,110,10,0.631797,0.80010357,0.3825153,5,89-,89-,1,1,0.5,0.92647059,0.99022401,0.98555578,0.97335923,0.92708939,0.98384616
cd/490357,seed2,115,10,0.61796043,0.80010147,0.35778859,5,89-,89-,1,1,0.5,0.92647059,0.98915124,0.98555549,0.97702681,0.91539599,0.97389684
cd/490357,seed3,100,10,0.58064516,0.73333333,0.52649662,5,89-,89-,1,1,0.5,0.92647059,0.98564322,0.97249197,0.9378449,0.93163344,0.99408554
cd/490357,seed3,105,10,0.65464191,0.76657825,0.49623234,5,89-,89-,1,1,0.5,0.92647059,0.99176997,0.98001855,0.94783854,0.93176399,0.99640811
cd/490357,seed3,110,10,0.55676516,0.73976153,0.49138138,5,89-,89-,1,1,0.5,0.92647059,0.98283387,0.97413568,0.94929214,0.92708939,0.98935502
cd/490357,seed3,115,10,0.59868087,0.75951294,0.48280763,5,89-,89-,1,1,0.5,0.92647059,0.98745991,0.9786096,0.95176793,0.91539599,0.9888059
cd/490357,seed4,100,10,0.58064516,0.73333333,0.52649662,5,89-,89-,1,1,0.5,0.92647059,0.98564322,0.97249197,0.9378449,0.93163344,0.99043285
cd/490357,seed4,105,10,0.62506667,0.74933333,0.50249252,5,89-,89-,1,1,0.5,0.92647059,0.98971599,0.97640737,0.94590442,0.93176399,0.992666
cd/490357,seed4,110,10,0.6622245,0.77549974,0.47905494,5,89-,89-,1,1,0.5,0.92647059,0.99222746,0.98166831,0.9528151,0.92708939,0.99244636
cd/490357,seed4,115,10,0.76793667,0.86244433,0.32555112,5,89-,89-,1,1,0.5,0.92647059,0.99650573,0.99213018,0.98107555,0.91539599,0.99517866
cd/490357,seed5,100,10,0.58064516,0.73333333,0.52649662,5,89-,89-,1,1,0.5,0.92647059,0.98564322,0.97249197,0.9378449,0.93163344,0.99275411
cd/490357,seed5,105,10,0.6376969,0.75991309,0.50174112,5,89-,89-,1,1,0.5,0.92647059,0.99064885,0.97869193,0.94614009,0.93176399,0.99497161
cd/490357,seed5,110,10,0.68922436,0.80010411,0.44179535,5,89-,89-,1,1,0.5,0.92647059,0.99366082,0.98555586,0.96210126,0.92708939,0.99537244
cd/490357,seed5,115,10,0.80511509,0.87723785,0.30891938,5,89-,89-,1,1,0.5,0.92647059,0.9973639,0.9931898,0.98288185,0.91539599,0.99727619
cd/490360,seed1,100,10,0.54901961,0.67058824,0.57923865,7,73-,73-,1,2,0.5,0.92294118,0.98319575,0.94699562,0.90642155,0.92007543,0.98656966
cd/490360,seed1,105,10,0.58219895,0.70052356,0.53997778,7,73-,73-,1,2,0.5,0.92294118,0.98695362,0.95992657,0.92473599,0.93168998,0.99088352
cd/490360,seed1,110,10,0.5134189,0.69894982,0.48967973,7,73-,73-,1,2,0.5,0.92294118,0.97797895,0.95932936,0.94338284,0.92467754,0.97803076
cd/490360,seed1,115,10,0.63312883,0.77423313,0.40384049,7,73-,73-,1,2,0.5,0.92294118,0.99116803,0.98012359,0.96554656,0.91532192,0.9882053
cd/490360,seed2,100,10,0.54901961,0.67058824,0.57923865,7,73-,73-,1,2,0.5,0.92294118,0.98319575,0.94699562,0.90642155,0.92007543,0.97418233
cd/490360,seed2,105,10,0.68249258,0.76854599,0.46373499,7,73-,73-,1,2,0.5,0.92294118,0.99395687,0.97900882,0.9512145,0.93168998,0.99203596
cd/490360,seed2,110,10,0.77943166,0.84573748,0.33474003,7,73-,73-,1,2,0.5,0.92294118,0.99713824,0.99003387,0.97705908,0.92467754,0.99482222
cd/490360,seed2,115,10,0.87828162,0.91408115,0.22026945,7,73-,73-,1,2,0.5,0.92294118,0.99866693,0.99487246,0.98839871,0.91532192,0.99674279
cd/490360,seed3,100,10,0.54901961,0.67058824,0.57923865,7,73-,73-,1,2,0.5,0.92294118,0.98319575,0.94699562,0.90642155,0.92007543,0.99085418
cd/490360,seed3,105,10,0.62726406,0.72545281,0.5081498,7,73-,73-,1,2,0.5,0.92294118,0.99076146,0.96833392,0.93710256,0.93168998,0.99566914
cd/490360,seed3,110,10,0.64317977,0.75429088,0.45145808,7,73-,73-,1,2,0.5,0.92294118,0.99182397,0.97593896,0.95455174,0.92467754,0.99463626
cd/490360,seed3,115,10,0.58505851,0.75517552,0.40503378,7,73-,73-,1,2,0.5,0.92294118,0.9872357,0.9761416,0.96530531,0.91532192,0.98825095
cd/490360,seed4,100,10,0.54901961,0.67058824,0.57923865,7,73-,73-,1,2,0.5,0.92294118,0.98319575,0.94699562,0.90642155,0.92007543,0.98773689
cd/490360,seed4,105,10,0.59832246,0.71481827,0.50808207,7,73-,73-,1,2,0.5,0.92294118,0.98846732,0.96497916,0.93712674,0.93168998,0.99267876
cd/490360,seed4,110,10,0.58689956,0.73624454,0.45755033,7,73-,73-,1,2,0.5,0.92294118,0.98741411,0.97141962,0.95292377,0.92467754,0.9887486
cd/490360,seed4,115,10,0.40953413,0.67063922,0.45607029,7,73-,73-,1,2,0.5,0.92294118,0.95207566,0.94702068,0.95332429,0.91532192,0.93884724
cd/490360,seed5,100,10,0.54901961,0.67058824,0.57923865,7,73-,73-,1,2,0.5,0.92294118,0.98319575,0.94699562,0.90642155,0.92007543,0.99099041
cd/490360,seed5,105,10,0.62862863,0.72772773,0.5001285,7,73-,73-,1,2,0.5,0.92294118,0.99085768,0.96901011,0.93990613,0.93168998,0.99578009
cd/490360,seed5,110,10,0.59268005,0.72845336,0.48282228,7,73-,73-,1,2,0.5,0.92294118,0.98795844,0.96922285,0.94556088,0.92467754,0.99210652
cd/490360,seed5,115,10,0.7523427,0.8313253,0.35873244,7,73-,73-,1,2,0.5,0.92294118,0.99647267,0.98854011,0.97356572,0.91532192,0.99693859
cd/490361,seed1,100,10,0.97931034,0.9862069,0.07495105,3,98-,98-,1,2,0.5,0.92294118,0.9993899,0.99746362,0.995156,0.92007543,0.99956496
cd/490361,seed1,105,10,0.99084808,0.99511897,0.02975289,3,98-,98-,1,2,0.5,0.92294118,0.99944202,0.99767515,0.9963118,0.93168998,0.99965036
cd/490361,seed1,110,10,0.9829912,0.98944282,0.05971287,3,98-,98-,1,2,0.5,0.92294118,0.99940704,0.99754256,0.99558119,0.92467754,0.99947581
cd/490361,seed1,115,10,0.99037917,0.99434069,0.03493878,3,98-,98-,1,2,0.5,0.92294118,0.99943999,0.9976574,0.99619456,0.91532192,0.99931591
cd/490361,seed2,100,10,0.97931034,0.9862069,0.07495105,3,98-,98-,1,2,0.5,0.92294118,0.9993899,0.99746362,0.995156,0.92007543,0.99915342
cd/490361,seed2,105,10,0.98864316,0.99282726,0.04317613,3,98-,98-,1,2,0.5,0.92294118,0.99943242,0.9976225,0.99600066,0.93168998,0.99930746
cd/490361,seed2,110,10,0.9942492,0.99616613,0.02531841,3,98-,98-,1,2,0.5,0.92294118,0.99945652,0.99769882,0.9964092,0.92467754,0.99906779
cd/490361,seed2,115,10,0.99159664,0.9948287,0.03259023,3,98-,98-,1,2,0.5,0.92294118,0.99944524,0.99766855,0.99624811,0.91532192,0.99868197
cd/490361,seed3,100,10,0.97931034,0.9862069,0.07495105,3,98-,98-,1,2,0.5,0.92294118,0.9993899,0.99746362,0.995156,0.92007543,0.99970498
cd/490361,seed3,105,10,0.99252444,0.99539965,0.0294831,3,98-,98-,1,2,0.5,0.92294118,0.99944921,0.99768152,0.9963178,0.93168998,0.99976607
cd/490361,seed3,110,10,0.98693924,0.99204997,0.04690906,3,98-,98-,1,2,0.5,0.92294118,0.99942488,0.99760437,0.99590958,0.92467754,0.99965557
cd/490361,seed3,115,10,0.98568975,0.99084144,0.05313494,3,98-,98-,1,2,0.5,0.92294118,0.9994193,0.99757591,0.99575305,0.91532192,0.99951833
cd/490361,seed4,100,10,0.97931034,0.9862069,0.07495105,3,98-,98-,1,2,0.5,0.92294118,0.9993899,0.99746362,0.995156,0.92007543,0.99960322
cd/490361,seed4,105,10,0.99126383,0.99534071,0.02859892,3,98-,98-,1,2,0.5,0.92294118,0.99944381,0.99768018,0.9963374,0.93168998,0.99968218
cd/490361,seed4,110,10,0.99499722,0.99666481,0.02244897,3,98-,98-,1,2,0.5,0.92294118,0.99945966,0.99771001,0.99647085,0.92467754,0.99956568
cd/490361,seed4,115,10,0.99632931,0.99790246,0.01475528,3,98-,98-,1,2,0.5,0.92294118,0.9994652,0.99773754,0.99663099,0.91532192,0.99940506
cd/490361,seed5,100,10,0.97931034,0.9862069,0.07495105,3,98-,98-,1,2,0.5,0.92294118,0.9993899,0.99746362,0.995156,0.92007543,0.99970942
cd/490361,seed5,105,10,0.99117128,0.99411418,0.03656713,3,98-,98-,1,2,0.5,0.92294118,0.99944342,0.99765221,0.99615699,0.93168998,0.99976707
cd/490361,seed5,110,10,0.97589653,0.98589065,0.07522675,3,98-,98-,1,2,0.5,0.92294118,0.99937357,0.99745577,0.99514794,0.92467754,0.99962941
cd/490361,seed5,115,10,0.98781196,0.9930354,0.04136973,3,98-,98-,1,2,0.5,0.92294118,0.99942875,0.99762733,0.99604401,0.91532192,0.99953355
cd/490363,seed1,100,10,0.34468085,0.59361702,0.56753034,8,83-,83-,1,4,0.5,0.92411765,0.91974751,0.89351592,0.91614556,0.91550698,0.92220949
cd/490363,seed1,105,10,0.42071882,0.62526427,0.55268982,8,83-,83-,1,4,0.5,0.92411765,0.95311341,0.92063523,0.92211891,0.92932656,0.96807165
cd/490363,seed1,110,10,0.54894046,0.69979818,0.48207452,8,83-,83-,1,4,0.5,0.92411765,0.98162791,0.96134665,0.94552756,0.93166315,0.98503784
cd/490363,seed1,115,10,0.58029557,0.73743842,0.4173741,8,83-,83-,1,4,0.5,0.92411765,0.98543836,0.97337367,0.96100558,0.91997388,0.98209446
cd/490363,seed2,100,10,0.34468085,0.59361702,0.56753034,8,83-,83-,1,4,0.5,0.92411765,0.91974751,0.89351592,0.91614556,0.91550698,0.85732602
cd/490363,seed2,105,10,0.44842105,0.63947368,0.55154507,8,83-,83-,1,4,0.5,0.92411765,0.9616091,0.93063028,0.92256312,0.92932656,0.95019347
cd/490363,seed2,110,10,0.58333333,0.7186214,0.45403362,8,83-,83-,1,4,0.5,0.92411765,0.98576327,0.96790135,0.95284262,0.93166315,0.97760091
cd/490363,seed2,115,10,0.60502513,0.73919598,0.41894576,8,83-,83-,1,4,0.5,0.92411765,0.98788446,0.97383584,0.96068525,0.91997388,0.97119797
cd/490363,seed3,100,10,0.34468085,0.59361702,0.56753034,8,83-,83-,1,4,0.5,0.92411765,0.91974751,0.89351592,0.91614556,0.91550698,0.94761017
cd/490363,seed3,105,10,0.41266599,0.6195097,0.56288132,8,83-,83-,1,4,0.5,0.92411765,0.95032536,0.91622473,0.91806025,0.92932656,0.97749906
cd/490363,seed3,110,10,0.46747967,0.67123984,0.48643835,8,83-,83-,1,4,0.5,0.92411765,0.96657414,0.94889759,0.94429703,0.93166315,0.98154631
cd/490363,seed3,115,10,0.51284585,0.70009881,0.45488419,8,83-,83-,1,4,0.5,0.92411765,0.97602186,0.9614608,0.95263514,0.91997388,0.98017208
cd/490363,seed4,100,10,0.34468085,0.59361702,0.56753034,8,83-,83-,1,4,0.5,0.92411765,0.91974751,0.89351592,0.91614556,0.91550698,0.91597929
cd/490363,seed4,105,10,0.32594937,0.56487342,0.60327738,8,83-,83-,1,4,0.5,0.92411765,0.90869023,0.86212354,0.90001883,0.92932656,0.93010817
cd/490363,seed4,110,10,0.58579882,0.74013807,0.42195102,8,83-,83-,1,4,0.5,0.92411765,0.9860217,0.97408035,0.9600657,0.93166315,0.98776323
cd/490363,seed4,115,10,0.63013699,0.77641879,0.36390749,8,83-,83-,1,4,0.5,0.92411765,0.98995256,0.98197395,0.97052275,0.91997388,0.98674121
cd/490363,seed5,100,10,0.34468085,0.59361702,0.56753034,8,83-,83-,1,4,0.5,0.92411765,0.91974751,0.89351592,0.91614556,0.91550698,0.94079963
cd/490363,seed5,105,10,0.41483804,0.61912226,0.56570765,8,83-,83-,1,4,0.5,0.92411765,0.95109248,0.91591992,0.91690102,0.92932656,0.97488769
cd/490363,seed5,110,10,0.52240326,0.68279022,0.50736039,8,83-,83-,1,4,0.5,0.92411765,0.97765108,0.95433411,0.93802598,0.93166315,0.98625301
cd/490363,seed5,115,10,0.58572844,0.73488603,0.42427888,8,83-,83-,1,4,0.5,0.92411765,0.98601439,0.97268832,0.95957938,0.91997388,0.98713159
