track,model,lineage_id,root_step,continuation_id,continuation_type,checkpoint,question_id,total_rollout_budget,effective_n,num_unparseable,num_parseable_infeasible,entropy,normalized_entropy,margin,top1_branch,top1_prob,num_active_branches,num_feasible_branches,accuracy
A,Qwen2.5-3B-Instruct,r11_trunk,NA,trunk,trunk,25,cd/490363,256,213,3,40,1.4025625,0.67448999,0.01382488,45-,0.38018433,3,8,0.050781
A,Qwen2.5-3B-Instruct,r11_trunk,NA,trunk,trunk,25,cd/490361,256,122,9,125,0.1311384,0.11936731,0.96356275,98-,0.9757085,1,3,0.484375
A,Qwen2.5-3B-Instruct,r11_trunk,NA,trunk,trunk,25,cd/490360,256,125,8,123,1.39300619,0.71586357,0.42801556,73-,0.55642023,4,7,0.023438
A,Qwen2.5-3B-Instruct,r11_trunk,NA,trunk,trunk,25,cd/490357,256,204,5,47,1.01605051,0.63130768,0.46489104,89-,0.66101695,2,5,0.230469
A,Qwen2.5-3B-Instruct,r11_trunk,NA,trunk,trunk,25,cd/490356,256,186,8,62,1.11988352,0.62501889,0.31746032,79-,0.57936508,2,6,0.011719
A,Qwen2.5-3B-Instruct,r11_trunk,NA,trunk,trunk,25,cd/490354,256,160,9,87,1.77988542,0.77299442,0.23030303,39-,0.42727273,3,10,0.027344
A,Qwen2.5-3B-Instruct,r11_trunk,NA,trunk,trunk,25,cd/490353,256,162,4,90,0.81560407,0.5067633,0.61398176,62-,0.75683891,2,5,0.171875
A,Qwen2.5-3B-Instruct,r11_trunk,NA,trunk,trunk,25,cd/490352,256,87,4,165,0.88641828,0.55076264,0.61452514,57-,0.73184358,3,5,0.0
A,Qwen2.5-3B-Instruct,r11_trunk,NA,trunk,trunk,25,cd/490351,256,130,2,124,1.53166487,0.78712004,0.10486891,77-,0.37078652,3,7,0.074219
A,Qwen2.5-3B-Instruct,r11_trunk,NA,trunk,trunk,25,cd/490348,256,140,7,109,1.11604406,0.69343716,0.42105263,52-,0.59298246,3,5,0.023438
A,Qwen2.5-3B-Instruct,r11_trunk,NA,trunk,trunk,25,cd/490347,256,216,3,37,1.31494165,0.63235326,0.14545455,59-,0.42045455,3,8,0.070312
A,Qwen2.5-3B-Instruct,r11_trunk,NA,trunk,trunk,25,cd/490344,256,119,10,127,0.37715035,0.34329704,0.77178423,88-,0.88381743,2,3,0.394531
A,Qwen2.5-3B-Instruct,r11_trunk,NA,trunk,trunk,25,cd/490343,256,212,3,41,1.28584015,0.66079112,0.2737819,94-,0.53132251,3,7,0.039062
A,Qwen2.5-3B-Instruct,r11_trunk,NA,trunk,trunk,25,cd/490342,256,153,3,100,1.47800555,0.7595446,0.1341853,63-,0.41214058,3,7,0.035156
A,Qwen2.5-3B-Instruct,r11_trunk,NA,trunk,trunk,25,cd/490341,256,166,5,85,1.68740922,0.76797303,0.09384164,44-,0.36070381,3,9,0.007812
A,Qwen2.5-3B-Instruct,r11_trunk,NA,trunk,trunk,25,cd/490340,256,139,7,110,1.02806383,0.7415913,0.37588652,96-,0.61347518,2,4,0.097656
A,Qwen2.5-3B-Instruct,r11_trunk,NA,trunk,trunk,25,cd/490339,256,150,2,104,1.35472222,0.84173624,0.12459016,45-,0.40983607,4,5,0.449219
A,Qwen2.5-3B-Instruct,r11_trunk,NA,trunk,trunk,25,cd/490338,256,192,5,59,1.03082266,0.49572091,0.66326531,92-,0.7372449,1,8,0.164062
A,Qwen2.5-3B-Instruct,r11_trunk,NA,trunk,trunk,25,cd/490337,256,205,3,48,1.01076575,0.62802407,0.41445783,79-,0.64337349,2,5,0.296875
A,Qwen2.5-3B-Instruct,r11_trunk,NA,trunk,trunk,25,cd/490335,256,156,3,97,1.49371904,0.76761974,0.13166144,65-,0.38557994,4,7,0.109375
A,Qwen2.5-3B-Instruct,r11_trunk,NA,trunk,trunk,25,cd/490334,256,155,7,94,1.16427099,0.72340224,0.26666667,46-,0.54285714,3,5,0.347656
A,Qwen2.5-3B-Instruct,r11_trunk,NA,trunk,trunk,25,cd/490333,256,40,9,207,0.62232497,0.5664646,0.69879518,55-,0.80722892,2,3,0.003906
A,Qwen2.5-3B-Instruct,r11_trunk,NA,trunk,trunk,25,cd/490331,256,192,1,63,1.64166979,0.78947629,0.07142857,53-,0.35459184,3,8,0.101562
A,Qwen2.5-3B-Instruct,r11_trunk,NA,trunk,trunk,25,cd/490330,256,52,3,201,1.04880255,0.95466122,0.07476636,85-,0.43925234,3,3,0.007812
A,Qwen2.5-3B-Instruct,r11_trunk,NA,trunk,trunk,25,cd/490327,256,202,7,47,1.37248533,0.66002593,0.01941748,95-,0.39563107,2,8,0.0625
A,Qwen2.5-3B-Instruct,r11_trunk,NA,trunk,trunk,25,cd/490325,256,172,5,79,1.10092628,0.56576419,0.36467236,90-,0.61253561,2,7,0.0
A,Qwen2.5-3B-Instruct,r11_trunk,NA,trunk,trunk,25,cd/490324,256,194,8,54,0.7187963,0.44661325,0.61577608,99-,0.77608142,2,5,0.222656
A,Qwen2.5-3B-Instruct,r11_trunk,NA,trunk,trunk,25,cd/490322,256,182,4,70,0.86843328,0.53958794,0.46070461,55-,0.69105691,2,5,0.316406
A,Qwen2.5-3B-Instruct,r11_trunk,NA,trunk,trunk,25,cd/490321,256,83,1,172,0.68750492,0.62579395,0.52071006,64-,0.73964497,2,3,0.0
A,Qwen2.5-3B-Instruct,r11_trunk,NA,trunk,trunk,25,cd/490320,256,84,6,166,0.50844975,0.73353793,0.58823529,36*,0.79411765,2,2,0.0625
A,Qwen2.5-3B-Instruct,r11_trunk,NA,trunk,trunk,25,cd/490317,256,178,4,74,0.82414607,0.51207075,0.67036011,47-,0.77285319,2,5,0.367188
A,Qwen2.5-3B-Instruct,r11_trunk,NA,trunk,trunk,25,cd/490316,256,194,4,58,1.0810135,0.67167145,0.39694656,26-,0.59796438,3,5,0.308594
A,Qwen2.5-3B-Instruct,r11_trunk,NA,trunk,trunk,25,cd/490315,256,197,4,55,0.89036653,0.55321583,0.60651629,87-,0.73934837,2,5,0.21875
A,Qwen2.5-3B-Instruct,r11_trunk,NA,trunk,trunk,25,cd/490313,256,201,8,47,0.84733627,0.52647963,0.58476658,98-,0.73955774,2,5,0.359375
A,Qwen2.5-3B-Instruct,r11_trunk,NA,trunk,trunk,25,cd/490312,256,117,8,131,0.42964579,0.39108045,0.79324895,90-,0.88185654,1,3,0.359375
A,Qwen2.5-3B-Instruct,r11_trunk,NA,trunk,trunk,25,cd/490309,256,209,7,40,1.69766079,0.68318896,0.11627907,96-,0.40232558,2,12,0.007812
A,Qwen2.5-3B-Instruct,r11_trunk,NA,trunk,trunk,25,cd/490308,256,55,4,197,0.53094618,0.76599341,0.55357143,11*,0.77678571,2,2,0.046875
A,Qwen2.5-3B-Instruct,r11_trunk,NA,trunk,trunk,25,cd/490307,256,177,6,73,1.25774151,0.60484581,0.37016575,72-,0.57734807,3,8,0.117188
A,Qwen2.5-3B-Instruct,r11_trunk,NA,trunk,trunk,25,cd/490306,256,43,0,213,0.41874647,0.60412346,0.70454545,50-,0.85227273,2,2,0.0
A,Qwen2.5-3B-Instruct,r11_trunk,NA,trunk,trunk,25,cd/490305,256,49,3,204,0.42270909,0.6098403,0.7,15*,0.85,2,2,0.070312
A,Qwen2.5-3B-Instruct,r11_trunk,NA,trunk,trunk,25,cd/490304,256,63,5,188,0.4141581,0.37698295,0.82170543,76-,0.89147287,1,3,0.0
A,Qwen2.5-3B-Instruct,r11_trunk,NA,trunk,trunk,25,cd/490303,256,142,2,112,1.6797269,0.80777789,0.17123288,68-,0.36643836,4,8,0.039062
A,Qwen2.5-3B-Instruct,r11_trunk,NA,trunk,trunk,25,cd/490297,256,88,3,165,0.96508365,0.87845699,0.24581006,22+,0.55307263,3,3,0.175781
A,Qwen2.5-3B-Instruct,r11_trunk,NA,trunk,trunk,25,cd/490296,256,204,6,46,1.2678958,0.609729,0.03365385,99-,0.42548077,3,8,0.101562
A,Qwen2.5-3B-Instruct,r11_trunk,NA,trunk,trunk,25,cd/490292,256,136,1,119,1.83583538,0.79729317,0.02836879,44+,0.25177305,4,10,0.03125
A,Qwen2.5-3B-Instruct,r11_trunk,NA,trunk,trunk,25,cd/490290,256,144,4,108,1.29344957,0.8036654,0.29351536,40-,0.51535836,3,5,0.195312
A,Qwen2.5-3B-Instruct,r11_trunk,NA,trunk,trunk,25,cd/490288,256,132,0,124,0.98644595,0.55054597,0.59259259,24*,0.7,3,6,0.003906
A,Qwen2.5-3B-Instruct,r11_trunk,NA,trunk,trunk,25,cd/490287,256,184,4,68,1.25690586,0.78095952,0.1769437,97-,0.4691689,3,5,0.125
A,Qwen2.5-3B-Instruct,r11_trunk,NA,trunk,trunk,25,cd/490283,256,202,6,48,0.75081115,0.4665052,0.59657702,91-,0.7603912,2,5,0.101562
A,Qwen2.5-3B-Instruct,r11_trunk,NA,trunk,trunk,25,cd/490282,256,176,3,77,1.14402685,0.71082385,0.45378151,78-,0.61904762,3,5,0.414062
A,Qwen2.5-3B-Instruct,r11_trunk,NA,trunk,trunk,25,cd/490281,256,163,5,88,0.708676,0.44032516,0.57401813,27-,0.76435045,2,5,0.300781
A,Qwen2.5-3B-Instruct,r11_trunk,NA,trunk,trunk,25,cd/490280,256,191,8,57,1.24114083,0.77116416,0.33591731,45-,0.5245478,3,5,0.164062
A,Qwen2.5-3B-Instruct,r11_trunk,NA,trunk,trunk,25,cd/490279,256,196,1,59,1.06767488,0.6633837,0.28211587,50-,0.57178841,2,5,0.179688
A,Qwen2.5-3B-Instruct,r11_trunk,NA,trunk,trunk,25,cd/490276,256,189,2,65,0.8074354,0.50168782,0.71018277,83-,0.78590078,1,5,0.375
A,Qwen2.5-3B-Instruct,r11_trunk,NA,trunk,trunk,25,cd/490275,256,66,0,190,0.38038475,0.54877919,0.74626866,59-,0.87313433,2,2,0.011719
A,Qwen2.5-3B-Instruct,r11_trunk,NA,trunk,trunk,25,cd/490274,256,171,4,81,0.90765756,0.65473653,0.41040462,55-,0.65028902,2,4,0.003906
A,Qwen2.5-3B-Instruct,r11_trunk,NA,trunk,trunk,25,cd/490271,256,173,5,78,0.97766729,0.60745884,0.22792023,95-,0.56695157,2,5,0.246094
A,Qwen2.5-3B-Instruct,r11_trunk,NA,trunk,trunk,25,cd/490270,256,87,7,162,0.63781888,0.92017814,0.32954545,88-,0.66477273,2,2,0.0
A,Qwen2.5-3B-Instruct,r11_trunk,NA,trunk,trunk,25,cd/490268,256,79,4,173,0.94212697,0.85756092,0.28571429,11+,0.57763975,3,3,0.21875
A,Qwen2.5-3B-Instruct,r11_trunk,NA,trunk,trunk,25,cd/490267,256,187,3,66,0.91408258,0.56795144,0.52770449,75-,0.70448549,2,5,0.242188
A,Qwen2.5-3B-Instruct,r11_trunk,NA,trunk,trunk,25,cd/490266,256,168,8,80,1.07057794,0.66518747,0.24046921,92-,0.5601173,2,5,0.0
A,Qwen2.5-3B-Instruct,r11_trunk,NA,trunk,trunk,25,cd/490264,256,74,7,175,0.89697117,0.81645835,0.38410596,34-,0.62913907,3,3,0.023438
A,Qwen2.5-3B-Instruct,r11_trunk,NA,trunk,trunk,25,cd/490263,256,194,2,60,1.78608357,0.85892464,0.08080808,32-,0.33080808,3,8,0.0625
A,Qwen2.5-3B-Instruct,r11_trunk,NA,trunk,trunk,25,cd/490262,256,146,6,104,0.96635964,0.87961845,0.21016949,32*,0.53898305,3,3,0.125
A,Qwen2.5-3B-Instruct,r11_trunk,NA,trunk,trunk,25,cd/490261,256,161,6,89,1.00657433,0.62541979,0.33639144,60-,0.6146789,2,5,0.257812
A,Qwen2.5-3B-Instruct,r11_trunk,NA,trunk,trunk,25,cd/490260,256,101,8,147,0.77841196,0.7085411,0.43902439,67-,0.68780488,2,3,0.355469
A,Qwen2.5-3B-Instruct,r11_trunk,NA,trunk,trunk,25,cd/490259,256,96,14,146,0.19833116,0.1805288,0.93333333,74-,0.95897436,1,3,0.230469
A,Qwen2.5-3B-Instruct,r11_trunk,NA,trunk,trunk,25,cd/490258,256,128,6,122,1.40209998,0.67426756,0.34090909,84-,0.51893939,3,8,0.078125
A,Qwen2.5-3B-Instruct,r11_trunk,NA,trunk,trunk,25,cd/490256,256,204,6,46,1.18565147,0.73668668,0.39225182,79-,0.58353511,3,5,0.265625
A,Qwen2.5-3B-Instruct,r11_trunk,NA,trunk,trunk,25,cd/490254,256,84,7,165,0.59987202,0.54602704,0.64327485,90/,0.80116959,2,3,0.15625
A,Qwen2.5-3B-Instruct,r11_trunk,NA,trunk,trunk,25,cd/490249,256,164,4,88,1.28916685,0.66250071,0.48955224,96-,0.61791045,2,7,0.128906
A,Qwen2.5-3B-Instruct,r11_trunk,NA,trunk,trunk,25,cd/490248,256,114,4,138,0.64331568,0.92810833,0.31304348,54-,0.65652174,2,2,0.027344
A,Qwen2.5-3B-Instruct,r11_trunk,NA,trunk,trunk,25,cd/490246,256,187,5,64,0.85801915,0.53311727,0.62269129,52-,0.7414248,2,5,0.28125
A,Qwen2.5-3B-Instruct,r11_trunk,NA,trunk,trunk,25,cd/490245,256,187,2,67,1.33372464,0.64138598,0.21989529,93-,0.4895288,3,8,0.101562
A,Qwen2.5-3B-Instruct,r11_trunk,NA,trunk,trunk,25,cd/490243,256,183,6,67,1.08320364,0.67303226,0.29649596,72-,0.56334232,3,5,0.105469
A,Qwen2.5-3B-Instruct,r11_trunk,NA,trunk,trunk,25,cd/490241,256,161,5,90,0.92505891,0.57477142,0.44648318,98-,0.67584098,2,5,0.109375
A,Qwen2.5-3B-Instruct,r11_trunk,NA,trunk,trunk,25,cd/490240,256,185,8,63,0.82069367,0.50992565,0.528,85-,0.72266667,2,5,0.097656
A,Qwen2.5-3B-Instruct,r11_trunk,NA,trunk,trunk,25,cd/490239,256,72,4,180,0.51626054,0.46992059,0.62585034,27-,0.80952381,2,3,0.003906
A,Qwen2.5-3B-Instruct,r11_trunk,NA,trunk,trunk,25,cd/490237,256,69,8,179,0.49033943,0.70741026,0.61428571,96-,0.80714286,2,2,0.011719
A,Qwen2.5-3B-Instruct,r11_trunk,NA,trunk,trunk,25,cd/490236,256,172,9,75,1.41983334,0.6827955,0.00568182,97-,0.38920455,2,8,0.078125
A,Qwen2.5-3B-Instruct,r11_trunk,NA,trunk,trunk,25,cd/490235,256,190,7,59,1.37441985,0.70631208,0.37209302,90-,0.54005168,3,7,0.046875
A,Qwen2.5-3B-Instruct,r11_trunk,NA,trunk,trunk,25,cd/490234,256,191,3,62,0.80989788,0.50321785,0.63565891,83-,0.76744186,2,5,0.351562
A,Qwen2.5-3B-Instruct,r11_trunk,NA,trunk,trunk,25,cd/490233,256,170,7,79,0.89920245,0.5587059,0.63768116,92-,0.74492754,2,5,0.308594
A,Qwen2.5-3B-Instruct,r11_trunk,NA,trunk,trunk,25,cd/490232,256,76,6,174,0.22268343,0.20269519,0.90322581,88-,0.9483871,1,3,0.0
A,Qwen2.5-3B-Instruct,r11_trunk,NA,trunk,trunk,25,cd/490231,256,185,3,68,1.16925204,0.56229137,0.57671958,66-,0.67460317,1,8,0.066406
A,Qwen2.5-3B-Instruct,r11_trunk,NA,trunk,trunk,25,cd/490229,256,121,0,135,1.49802829,0.72039933,0.456,87-,0.564,2,8,0.0625
A,Qwen2.5-3B-Instruct,r11_trunk,NA,trunk,trunk,25,cd/490228,256,157,5,94,0.90868253,0.5645962,0.43260188,56-,0.6677116,2,5,0.289062
A,Qwen2.5-3B-Instruct,r11_trunk,NA,trunk,trunk,25,cd/490227,256,193,2,61,1.32416006,0.82274691,0.12787724,43-,0.41176471,4,5,0.398438
A,Qwen2.5-3B-Instruct,r11_trunk,NA,trunk,trunk,25,cd/490225,256,197,7,52,0.82736209,0.51406897,0.5112782,91-,0.71929825,2,5,0.316406
A,Qwen2.5-3B-Instruct,r11_trunk,NA,trunk,trunk,25,cd/490221,256,150,8,98,0.77092303,0.47900141,0.6557377,79-,0.77704918,2,5,0.34375
A,Qwen2.5-3B-Instruct,r11_trunk,NA,trunk,trunk,25,cd/490219,256,131,4,121,1.25138218,0.77752747,0.37453184,94-,0.5505618,3,5,0.230469
A,Qwen2.5-3B-Instruct,r11_trunk,NA,trunk,trunk,25,cd/490217,256,128,5,123,0.41720032,0.37975209,0.83397683,74-,0.89189189,1,3,0.0
A,Qwen2.5-3B-Instruct,r11_trunk,NA,trunk,trunk,25,cd/490215,256,152,6,98,0.72564549,0.4508689,0.63430421,61-,0.77993528,2,5,0.375
A,Qwen2.5-3B-Instruct,r11_trunk,NA,trunk,trunk,25,cd/490214,256,116,6,134,0.25674874,0.23370277,0.89361702,73-,0.94042553,1,3,0.394531
A,Qwen2.5-3B-Instruct,r11_trunk,NA,trunk,trunk,25,cd/490213,256,153,7,96,1.57743328,0.81064035,0.08306709,17-,0.33546326,3,7,0.003906
A,Qwen2.5-3B-Instruct,r11_trunk,NA,trunk,trunk,25,cd/490212,256,192,5,59,1.28656808,0.7993897,0.37017995,49-,0.52699229,4,5,0.472656
A,Qwen2.5-3B-Instruct,r11_trunk,NA,trunk,trunk,25,cd/490211,256,184,7,65,0.62077992,0.38571225,0.74530831,79-,0.83914209,1,5,0.332031
A,Qwen2.5-3B-Instruct,r11_trunk,NA,trunk,trunk,25,cd/490208,256,169,9,78,1.01556344,0.63100504,0.13411079,94-,0.52186589,2,5,0.195312
A,Qwen2.5-3B-Instruct,r11_trunk,NA,trunk,trunk,25,cd/490207,256,157,5,94,1.38066567,0.85785581,0.28840125,80-,0.48589342,4,5,0.277344
A,Qwen2.5-3B-Instruct,r11_trunk,NA,trunk,trunk,25,cd/490206,256,172,6,78,0.99968344,0.62113825,0.22922636,68-,0.56446991,2,5,0.074219
A,Qwen2.5-3B-Instruct,r11_trunk,NA,trunk,trunk,25,cd/490205,256,111,7,138,1.27374025,0.79141932,0.1938326,72-,0.45374449,4,5,0.253906
A,Qwen2.5-3B-Instruct,r11_trunk,NA,trunk,trunk,25,cd/490204,256,172,4,80,1.27196276,0.61168479,0.0,90-,0.40625,2,8,0.042969
A,Qwen2.5-3B-Instruct,r11_trunk,NA,trunk,trunk,25,cd/490203,256,105,5,146,0.74409581,0.67730519,0.29107981,38+,0.63380282,2,3,0.234375
A,Qwen2.5-3B-Instruct,r11_trunk,NA,trunk,trunk,25,cd/490202,256,96,8,152,0.47201821,0.68097833,0.63917526,97-,0.81958763,2,2,0.0
A,Qwen2.5-3B-Instruct,r11_trunk,NA,trunk,trunk,25,cd/490201,256,161,1,94,0.98622952,0.61277886,0.51376147,82-,0.68195719,2,5,0.519531
A,Qwen2.5-3B-Instruct,r11_trunk,NA,trunk,trunk,25,cd/490199,256,145,4,107,1.22431322,0.76070857,0.39322034,57-,0.57966102,2,5,0.332031
A,Qwen2.5-3B-Instruct,r11_trunk,NA,trunk,trunk,50,cd/490363,256,213,4,39,1.33685484,0.64289128,0.00921659,45-,0.4078341,2,8,0.136719
A,Qwen2.5-3B-Instruct,r11_trunk,NA,trunk,trunk,50,cd/490361,256,144,3,109,0.199864,0.18192405,0.9347079,98-,0.95876289,1,3,0.539062
A,Qwen2.5-3B-Instruct,r11_trunk,NA,trunk,trunk,50,cd/490360,256,132,1,123,1.34279442,0.69005982,0.47232472,73-,0.59409594,2,7,0.054688
A,Qwen2.5-3B-Instruct,r11_trunk,NA,trunk,trunk,50,cd/490357,256,212,0,44,0.85757805,0.5328432,0.55011655,89-,0.72494172,2,5,0.328125
A,Qwen2.5-3B-Instruct,r11_trunk,NA,trunk,trunk,50,cd/490356,256,200,4,52,1.03203022,0.57598703,0.27586207,79-,0.58374384,2,6,0.007812
A,Qwen2.5-3B-Instruct,r11_trunk,NA,trunk,trunk,50,cd/490354,256,168,2,86,1.52077035,0.66046217,0.19653179,39-,0.47109827,2,10,0.050781
A,Qwen2.5-3B-Instruct,r11_trunk,NA,trunk,trunk,50,cd/490353,256,195,0,61,0.64133965,0.39848673,0.58734177,62-,0.77721519,2,5,0.183594
A,Qwen2.5-3B-Instruct,r11_trunk,NA,trunk,trunk,50,cd/490352,256,77,1,178,0.82367995,0.51178113,0.67924528,57-,0.77358491,1,5,0.0
A,Qwen2.5-3B-Instruct,r11_trunk,NA,trunk,trunk,50,cd/490351,256,144,2,110,1.6153752,0.83013864,0.04067797,77-,0.30169492,3,7,0.113281
A,Qwen2.5-3B-Instruct,r11_trunk,NA,trunk,trunk,50,cd/490348,256,176,1,79,0.9720608,0.60397534,0.52661064,52-,0.68627451,2,5,0.042969
A,Qwen2.5-3B-Instruct,r11_trunk,NA,trunk,trunk,50,cd/490347,256,225,1,30,1.25204197,0.60210491,0.25764192,59-,0.50436681,3,8,0.164062
A,Qwen2.5-3B-Instruct,r11_trunk,NA,trunk,trunk,50,cd/490344,256,163,5,88,0.34608061,0.31501615,0.79635258,88-,0.89665653,2,3,0.539062
A,Qwen2.5-3B-Instruct,r11_trunk,NA,trunk,trunk,50,cd/490343,256,217,1,38,1.24163594,0.63807465,0.28571429,94-,0.53287982,3,7,0.070312
A,Qwen2.5-3B-Instruct,r11_trunk,NA,trunk,trunk,50,cd/490342,256,152,1,103,1.62633975,0.8357733,0.09003215,63-,0.35691318,3,7,0.0625
A,Qwen2.5-3B-Instruct,r11_trunk,NA,trunk,trunk,50,cd/490341,256,183,5,68,1.44855018,0.6592636,0.048,44-,0.392,3,9,0.050781
A,Qwen2.5-3B-Instruct,r11_trunk,NA,trunk,trunk,50,cd/490340,256,160,1,95,0.88745363,0.64016247,0.51234568,96-,0.69444444,2,4,0.144531
A,Qwen2.5-3B-Instruct,r11_trunk,NA,trunk,trunk,50,cd/490339,256,167,2,87,1.33401247,0.82886855,0.01769912,45-,0.36873156,3,5,0.570312
A,Qwen2.5-3B-Instruct,r11_trunk,NA,trunk,trunk,50,cd/490338,256,195,3,58,1.21517287,0.58437462,0.55778894,92-,0.66080402,2,8,0.113281
A,Qwen2.5-3B-Instruct,r11_trunk,NA,trunk,trunk,50,cd/490337,256,223,2,31,1.14838787,0.7135335,0.40354767,79-,0.60532151,2,5,0.308594
A,Qwen2.5-3B-Instruct,r11_trunk,NA,trunk,trunk,50,cd/490335,256,165,1,90,1.49411084,0.76782108,0.07715134,65-,0.37091988,4,7,0.148438
A,Qwen2.5-3B-Instruct,r11_trunk,NA,trunk,trunk,50,cd/490334,256,160,3,93,1.12456547,0.69873181,0.12923077,46-,0.49538462,2,5,0.480469
A,Qwen2.5-3B-Instruct,r11_trunk,NA,trunk,trunk,50,cd/490333,256,55,4,197,0.61472995,0.55955131,0.67256637,55-,0.80530973,2,3,0.003906
A,Qwen2.5-3B-Instruct,r11_trunk,NA,trunk,trunk,50,cd/490331,256,203,4,49,1.46818767,0.70604902,0.00966184,63-,0.38405797,2,8,0.171875
A,Qwen2.5-3B-Instruct,r11_trunk,NA,trunk,trunk,50,cd/490330,256,52,4,200,1.00889918,0.91833961,0.26168224,85-,0.53271028,3,3,0.003906
A,Qwen2.5-3B-Instruct,r11_trunk,NA,trunk,trunk,50,cd/490327,256,215,3,38,1.39172182,0.66927672,0.19634703,95-,0.47716895,2,8,0.125
A,Qwen2.5-3B-Instruct,r11_trunk,NA,trunk,trunk,50,cd/490325,256,174,5,77,1.06247759,0.54600547,0.45070423,90-,0.65070423,2,7,0.015625
A,Qwen2.5-3B-Instruct,r11_trunk,NA,trunk,trunk,50,cd/490324,256,206,2,48,0.80989387,0.50321536,0.6618705,99-,0.77458034,2,5,0.375
A,Qwen2.5-3B-Instruct,r11_trunk,NA,trunk,trunk,50,cd/490322,256,192,3,61,0.93015829,0.57793984,0.43187661,55-,0.66580977,2,5,0.34375
A,Qwen2.5-3B-Instruct,r11_trunk,NA,trunk,trunk,50,cd/490321,256,116,1,139,0.69539151,0.63297263,0.59574468,64-,0.76170213,2,3,0.0
A,Qwen2.5-3B-Instruct,r11_trunk,NA,trunk,trunk,50,cd/490320,256,77,4,175,0.56233514,0.81127812,0.5,36*,0.75,2,2,0.082031
A,Qwen2.5-3B-Instruct,r11_trunk,NA,trunk,trunk,50,cd/490317,256,190,4,62,0.80721467,0.50155067,0.7012987,47-,0.78181818,1,5,0.398438
A,Qwen2.5-3B-Instruct,r11_trunk,NA,trunk,trunk,50,cd/490316,256,204,1,51,1.0724797,0.66636911,0.4503632,26-,0.62227603,3,5,0.402344
A,Qwen2.5-3B-Instruct,r11_trunk,NA,trunk,trunk,50,cd/490315,256,200,2,54,0.93423173,0.58047081,0.60740741,87-,0.72839506,2,5,0.335938
A,Qwen2.5-3B-Instruct,r11_trunk,NA,trunk,trunk,50,cd/490313,256,203,4,49,0.861828,0.53548384,0.62773723,98-,0.74695864,2,5,0.4375
A,Qwen2.5-3B-Instruct,r11_trunk,NA,trunk,trunk,50,cd/490312,256,152,0,104,0.38904541,0.35412439,0.81433225,90-,0.89576547,1,3,0.5
A,Qwen2.5-3B-Instruct,r11_trunk,NA,trunk,trunk,50,cd/490309,256,218,1,37,1.58748085,0.63884929,0.20982143,96-,0.47098214,2,12,0.011719
A,Qwen2.5-3B-Instruct,r11_trunk,NA,trunk,trunk,50,cd/490308,256,53,0,203,0.51785601,0.74710829,0.57407407,11*,0.78703704,2,2,0.078125
A,Qwen2.5-3B-Instruct,r11_trunk,NA,trunk,trunk,50,cd/490307,256,198,0,58,1.12699076,0.541968,0.4950495,72-,0.65594059,2,8,0.179688
A,Qwen2.5-3B-Instruct,r11_trunk,NA,trunk,trunk,50,cd/490306,256,48,0,208,0.49179686,0.70951289,0.6122449,50-,0.80612245,2,2,0.0
A,Qwen2.5-3B-Instruct,r11_trunk,NA,trunk,trunk,50,cd/490305,256,60,2,194,0.1710576,0.24678396,0.91803279,15*,0.95901639,1,2,0.074219
A,Qwen2.5-3B-Instruct,r11_trunk,NA,trunk,trunk,50,cd/490304,256,73,4,179,0.58389692,0.53148588,0.73825503,76-,0.82550336,1,3,0.0
A,Qwen2.5-3B-Instruct,r11_trunk,NA,trunk,trunk,50,cd/490303,256,170,2,84,1.78948113,0.86055852,0.06321839,68-,0.25,6,8,0.105469
A,Qwen2.5-3B-Instruct,r11_trunk,NA,trunk,trunk,50,cd/490297,256,112,4,140,0.80744866,0.73497145,0.06167401,30+,0.5154185,2,3,0.285156
A,Qwen2.5-3B-Instruct,r11_trunk,NA,trunk,trunk,50,cd/490296,256,221,0,35,1.15686974,0.55633675,0.07111111,99-,0.47333333,2,8,0.160156
A,Qwen2.5-3B-Instruct,r11_trunk,NA,trunk,trunk,50,cd/490292,256,141,0,115,1.74932414,0.75972182,0.10273973,16+,0.35273973,4,10,0.027344
A,Qwen2.5-3B-Instruct,r11_trunk,NA,trunk,trunk,50,cd/490290,256,160,2,94,1.26340431,0.78499723,0.28307692,40-,0.52615385,2,5,0.257812
A,Qwen2.5-3B-Instruct,r11_trunk,NA,trunk,trunk,50,cd/490288,256,115,0,141,1.19714648,0.66814017,0.45762712,24*,0.61440678,3,6,0.007812
A,Qwen2.5-3B-Instruct,r11_trunk,NA,trunk,trunk,50,cd/490287,256,203,2,51,1.11915729,0.69537152,0.1946472,97-,0.52798054,2,5,0.160156
A,Qwen2.5-3B-Instruct,r11_trunk,NA,trunk,trunk,50,cd/490283,256,217,2,37,0.87560094,0.54404145,0.5785877,91-,0.72665148,2,5,0.195312
A,Qwen2.5-3B-Instruct,r11_trunk,NA,trunk,trunk,50,cd/490282,256,191,0,65,1.06840803,0.66383924,0.51679587,78-,0.65891473,3,5,0.492188
A,Qwen2.5-3B-Instruct,r11_trunk,NA,trunk,trunk,50,cd/490281,256,184,4,68,0.70252138,0.43650108,0.63270777,27-,0.78552279,2,5,0.417969
A,Qwen2.5-3B-Instruct,r11_trunk,NA,trunk,trunk,50,cd/490280,256,222,3,31,1.15781392,0.71939024,0.41870824,45-,0.59020045,4,5,0.300781
A,Qwen2.5-3B-Instruct,r11_trunk,NA,trunk,trunk,50,cd/490279,256,208,1,47,1.12096107,0.69649227,0.38004751,50-,0.60095012,2,5,0.246094
A,Qwen2.5-3B-Instruct,r11_trunk,NA,trunk,trunk,50,cd/490276,256,213,2,41,0.61678555,0.38323041,0.79350348,83-,0.85150812,1,5,0.441406
A,Qwen2.5-3B-Instruct,r11_trunk,NA,trunk,trunk,50,cd/490275,256,69,0,187,0.59159902,0.85349697,0.44285714,59-,0.72142857,2,2,0.007812
A,Qwen2.5-3B-Instruct,r11_trunk,NA,trunk,trunk,50,cd/490274,256,184,3,69,0.80058696,0.57750142,0.55376344,55-,0.72849462,2,4,0.003906
A,Qwen2.5-3B-Instruct,r11_trunk,NA,trunk,trunk,50,cd/490271,256,214,1,41,0.92298763,0.57348446,0.44803695,95-,0.67205543,2,5,0.375
A,Qwen2.5-3B-Instruct,r11_trunk,NA,trunk,trunk,50,cd/490270,256,99,1,156,0.6664589,0.96149695,0.23,88-,0.615,2,2,0.0
A,Qwen2.5-3B-Instruct,r11_trunk,NA,trunk,trunk,50,cd/490268,256,88,3,165,0.98017043,0.89218958,0.26815642,11+,0.55307263,3,3,0.273438
A,Qwen2.5-3B-Instruct,r11_trunk,NA,trunk,trunk,50,cd/490267,256,205,4,47,0.94009489,0.5841138,0.54457831,75-,0.7060241,2,5,0.359375
A,Qwen2.5-3B-Instruct,r11_trunk,NA,trunk,trunk,50,cd/490266,256,198,2,56,0.94461836,0.58692439,0.26932668,92-,0.59600998,2,5,0.0
A,Qwen2.5-3B-Instruct,r11_trunk,NA,trunk,trunk,50,cd/490264,256,64,1,191,0.96539761,0.87874278,0.30534351,34-,0.57251908,3,3,0.015625
A,Qwen2.5-3B-Instruct,r11_trunk,NA,trunk,trunk,50,cd/490263,256,226,5,25,1.70426424,0.81957786,0.16521739,32-,0.38043478,3,8,0.148438
A,Qwen2.5-3B-Instruct,r11_trunk,NA,trunk,trunk,50,cd/490262,256,155,0,101,0.9309432,0.84738101,0.3514377,32*,0.60383387,3,3,0.078125
A,Qwen2.5-3B-Instruct,r11_trunk,NA,trunk,trunk,50,cd/490261,256,185,2,69,0.82962176,0.51547298,0.512,60-,0.71733333,2,5,0.363281
A,Qwen2.5-3B-Instruct,r11_trunk,NA,trunk,trunk,50,cd/490260,256,124,3,129,0.5323434,0.48455985,0.7250996,67-,0.84063745,2,3,0.53125
A,Qwen2.5-3B-Instruct,r11_trunk,NA,trunk,trunk,50,cd/490259,256,131,6,119,0.24338481,0.2215384,0.92075472,74-,0.94716981,1,3,0.375
A,Qwen2.5-3B-Instruct,r11_trunk,NA,trunk,trunk,50,cd/490258,256,154,5,97,1.24140782,0.59699097,0.50632911,84-,0.63607595,3,8,0.148438
A,Qwen2.5-3B-Instruct,r11_trunk,NA,trunk,trunk,50,cd/490256,256,220,3,33,1.08950188,0.67694558,0.47191011,79-,0.63595506,3,5,0.445312
A,Qwen2.5-3B-Instruct,r11_trunk,NA,trunk,trunk,50,cd/490254,256,70,2,184,0.70591588,0.64255233,0.51748252,90/,0.73426573,2,3,0.078125
A,Qwen2.5-3B-Instruct,r11_trunk,NA,trunk,trunk,50,cd/490249,256,190,0,66,1.23076808,0.63248967,0.5374677,96-,0.65374677,2,7,0.230469
A,Qwen2.5-3B-Instruct,r11_trunk,NA,trunk,trunk,50,cd/490248,256,120,3,133,0.67652596,0.97602065,0.18181818,54-,0.59090909,2,2,0.023438
A,Qwen2.5-3B-Instruct,r11_trunk,NA,trunk,trunk,50,cd/490246,256,208,2,46,1.06603143,0.66236257,0.57007126,52-,0.67220903,2,5,0.375
A,Qwen2.5-3B-Instruct,r11_trunk,NA,trunk,trunk,50,cd/490245,256,207,2,47,1.14606075,0.55113872,0.4028436,93-,0.61374408,2,8,0.136719
A,Qwen2.5-3B-Instruct,r11_trunk,NA,trunk,trunk,50,cd/490243,256,197,1,58,1.02213178,0.63508618,0.43609023,72-,0.62406015,3,5,0.222656
A,Qwen2.5-3B-Instruct,r11_trunk,NA,trunk,trunk,50,cd/490241,256,190,0,66,0.92186873,0.57278925,0.41038961,98-,0.66233766,2,5,0.203125
A,Qwen2.5-3B-Instruct,r11_trunk,NA,trunk,trunk,50,cd/490240,256,215,0,41,0.79807398,0.49587124,0.63448276,85-,0.76551724,2,5,0.171875
A,Qwen2.5-3B-Instruct,r11_trunk,NA,trunk,trunk,50,cd/490239,256,80,1,175,0.44339288,0.40359359,0.71165644,27-,0.85276074,2,3,0.003906
A,Qwen2.5-3B-Instruct,r11_trunk,NA,trunk,trunk,50,cd/490237,256,87,3,166,0.34221734,0.49371525,0.78409091,96-,0.89204545,2,2,0.019531
A,Qwen2.5-3B-Instruct,r11_trunk,NA,trunk,trunk,50,cd/490236,256,204,3,49,1.40027598,0.6733904,0.00480769,97-,0.38701923,2,8,0.167969
A,Qwen2.5-3B-Instruct,r11_trunk,NA,trunk,trunk,50,cd/490235,256,196,0,60,1.22546913,0.62976655,0.46616541,90-,0.60902256,3,7,0.066406
A,Qwen2.5-3B-Instruct,r11_trunk,NA,trunk,trunk,50,cd/490234,256,199,2,55,0.7563811,0.469966,0.64019851,83-,0.77667494,2,5,0.40625
A,Qwen2.5-3B-Instruct,r11_trunk,NA,trunk,trunk,50,cd/490233,256,185,4,67,0.74231359,0.46122537,0.72,92-,0.80266667,1,5,0.324219
A,Qwen2.5-3B-Instruct,r11_trunk,NA,trunk,trunk,50,cd/490232,256,74,6,176,0.18500446,0.16839831,0.92715232,88-,0.9602649,1,3,0.0
A,Qwen2.5-3B-Instruct,r11_trunk,NA,trunk,trunk,50,cd/490231,256,190,0,66,1.14236017,0.54935912,0.51030928,66-,0.66752577,2,8,0.164062
A,Qwen2.5-3B-Instruct,r11_trunk,NA,trunk,trunk,50,cd/490229,256,145,2,109,1.51735906,0.72969546,0.38255034,87-,0.53355705,2,8,0.128906
A,Qwen2.5-3B-Instruct,r11_trunk,NA,trunk,trunk,50,cd/490228,256,172,3,81,1.09783266,0.68212178,0.21776504,56-,0.53581662,2,5,0.371094
A,Qwen2.5-3B-Instruct,r11_trunk,NA,trunk,trunk,50,cd/490227,256,200,2,54,1.28148939,0.79623413,0.20246914,43-,0.4617284,3,5,0.433594
A,Qwen2.5-3B-Instruct,r11_trunk,NA,trunk,trunk,50,cd/490225,256,225,2,29,0.80860663,0.50241555,0.61098901,91-,0.75824176,2,5,0.402344
A,Qwen2.5-3B-Instruct,r11_trunk,NA,trunk,trunk,50,cd/490221,256,168,1,87,0.49575848,0.30803206,0.85043988,79-,0.88856305,1,5,0.4375
A,Qwen2.5-3B-Instruct,r11_trunk,NA,trunk,trunk,50,cd/490219,256,150,1,105,1.18440867,0.73591448,0.35409836,94-,0.57377049,2,5,0.277344
A,Qwen2.5-3B-Instruct,r11_trunk,NA,trunk,trunk,50,cd/490217,256,152,4,100,0.49649332,0.45192769,0.72964169,74-,0.85016287,2,3,0.0
A,Qwen2.5-3B-Instruct,r11_trunk,NA,trunk,trunk,50,cd/490215,256,174,4,78,0.72637146,0.45131997,0.62322946,61-,0.77903683,2,5,0.449219
A,Qwen2.5-3B-Instruct,r11_trunk,NA,trunk,trunk,50,cd/490214,256,141,4,111,0.29952737,0.27264156,0.88421053,73-,0.92982456,1,3,0.558594
A,Qwen2.5-3B-Instruct,r11_trunk,NA,trunk,trunk,50,cd/490213,256,173,1,82,1.55408334,0.79864085,0.02832861,34-,0.30311615,3,7,0.050781
A,Qwen2.5-3B-Instruct,r11_trunk,NA,trunk,trunk,50,cd/490212,256,200,2,54,1.27874948,0.79453173,0.31604938,49-,0.51111111,4,5,0.53125
A,Qwen2.5-3B-Instruct,r11_trunk,NA,trunk,trunk,50,cd/490211,256,200,1,55,0.60499332,0.37590349,0.76049383,79-,0.84691358,1,5,0.339844
A,Qwen2.5-3B-Instruct,r11_trunk,NA,trunk,trunk,50,cd/490208,256,199,3,54,1.00207898,0.62262668,0.20843672,94-,0.55831266,2,5,0.332031
A,Qwen2.5-3B-Instruct,r11_trunk,NA,trunk,trunk,50,cd/490207,256,188,3,65,1.24435174,0.77315921,0.29396325,80-,0.53805774,2,5,0.425781
A,Qwen2.5-3B-Instruct,r11_trunk,NA,trunk,trunk,50,cd/490206,256,185,5,66,1.10262482,0.68509932,0.24533333,68-,0.552,2,5,0.167969
A,Qwen2.5-3B-Instruct,r11_trunk,NA,trunk,trunk,50,cd/490205,256,134,2,120,1.13885264,0.70760893,0.13186813,72-,0.47252747,3,5,0.304688
A,Qwen2.5-3B-Instruct,r11_trunk,NA,trunk,trunk,50,cd/490204,256,202,1,53,1.41476613,0.68035869,0.00970874,78-,0.38106796,3,8,0.050781
A,Qwen2.5-3B-Instruct,r11_trunk,NA,trunk,trunk,50,cd/490203,256,112,0,144,0.82844085,0.75407935,0.08810573,38+,0.52422907,2,3,0.273438
A,Qwen2.5-3B-Instruct,r11_trunk,NA,trunk,trunk,50,cd/490202,256,116,3,137,0.37468597,0.54055759,0.75213675,97-,0.87606838,2,2,0.007812
A,Qwen2.5-3B-Instruct,r11_trunk,NA,trunk,trunk,50,cd/490201,256,192,1,63,0.99705545,0.61950538,0.4781491,82-,0.67095116,2,5,0.566406
A,Qwen2.5-3B-Instruct,r11_trunk,NA,trunk,trunk,50,cd/490199,256,156,3,97,1.19486414,0.74241083,0.47318612,57-,0.60883281,3,5,0.496094
A,Qwen2.5-3B-Instruct,r11_trunk,NA,trunk,trunk,175,cd/490363,256,256,0,0,0.68219921,0.32806847,0.71923077,83-,0.82115385,2,8,0.804688
A,Qwen2.5-3B-Instruct,r11_trunk,NA,trunk,trunk,175,cd/490361,256,241,0,15,0.02961684,0.02695841,0.99381443,98-,0.99587629,1,3,0.84375
A,Qwen2.5-3B-Instruct,r11_trunk,NA,trunk,trunk,175,cd/490360,256,119,0,137,0.69637662,0.35786679,0.46530612,73-,0.72244898,2,7,0.351562
A,Qwen2.5-3B-Instruct,r11_trunk,NA,trunk,trunk,175,cd/490357,256,250,0,6,0.27788136,0.1726574,0.91881188,89-,0.94455446,1,5,0.980469
A,Qwen2.5-3B-Instruct,r11_trunk,NA,trunk,trunk,175,cd/490356,256,222,0,34,0.10314259,0.05756498,0.97777778,79-,0.98444444,1,6,0.007812
A,Qwen2.5-3B-Instruct,r11_trunk,NA,trunk,trunk,175,cd/490354,256,256,0,0,0.73724597,0.32018186,0.68582375,72-,0.79501916,2,10,0.816406
A,Qwen2.5-3B-Instruct,r11_trunk,NA,trunk,trunk,175,cd/490353,256,243,0,13,0.16361641,0.10166059,0.95723014,62-,0.97148676,1,5,0.988281
A,Qwen2.5-3B-Instruct,r11_trunk,NA,trunk,trunk,175,cd/490352,256,35,0,221,0.28215116,0.17531037,0.93333333,57-,0.94666667,1,5,0.0
A,Qwen2.5-3B-Instruct,r11_trunk,NA,trunk,trunk,175,cd/490351,256,223,0,33,0.62377645,0.32055768,0.54746137,77+,0.76600442,2,7,0.746094
A,Qwen2.5-3B-Instruct,r11_trunk,NA,trunk,trunk,175,cd/490348,256,251,0,5,0.30432684,0.1890889,0.90335306,52-,0.93688363,1,5,0.46875
A,Qwen2.5-3B-Instruct,r11_trunk,NA,trunk,trunk,175,cd/490347,256,256,0,0,0.861881,0.41447715,0.66538462,59-,0.77115385,2,8,0.511719
A,Qwen2.5-3B-Instruct,r11_trunk,NA,trunk,trunk,175,cd/490344,256,249,0,7,0.18830359,0.17140132,0.91417166,88-,0.95608782,1,3,0.808594
A,Qwen2.5-3B-Instruct,r11_trunk,NA,trunk,trunk,175,cd/490343,256,248,0,8,0.20811182,0.10694832,0.95029821,94-,0.96421471,1,7,0.136719
A,Qwen2.5-3B-Instruct,r11_trunk,NA,trunk,trunk,175,cd/490342,256,240,0,16,1.25976022,0.64738869,0.00410678,68-,0.38809035,4,7,0.578125
A,Qwen2.5-3B-Instruct,r11_trunk,NA,trunk,trunk,175,cd/490341,256,255,0,1,0.86273324,0.39264682,0.477842,62-,0.6955684,2,9,0.648438
A,Qwen2.5-3B-Instruct,r11_trunk,NA,trunk,trunk,175,cd/490340,256,226,0,30,0.17574721,0.12677481,0.92982456,96-,0.9627193,1,4,0.078125
A,Qwen2.5-3B-Instruct,r11_trunk,NA,trunk,trunk,175,cd/490339,256,222,0,34,0.56318159,0.3499244,0.69487751,45+,0.83073497,2,5,0.988281
A,Qwen2.5-3B-Instruct,r11_trunk,NA,trunk,trunk,175,cd/490338,256,254,0,2,0.55375723,0.26630094,0.75581395,92-,0.85465116,1,8,0.824219
A,Qwen2.5-3B-Instruct,r11_trunk,NA,trunk,trunk,175,cd/490337,256,256,0,0,0.41943852,0.26061181,0.74274662,79-,0.86847195,2,5,0.960938
A,Qwen2.5-3B-Instruct,r11_trunk,NA,trunk,trunk,175,cd/490335,256,256,0,0,0.83224775,0.42769074,0.10404624,65-,0.53757225,2,7,0.757812
A,Qwen2.5-3B-Instruct,r11_trunk,NA,trunk,trunk,175,cd/490334,256,220,0,36,0.74359258,0.46202005,0.16629213,46+,0.57752809,2,5,0.980469
A,Qwen2.5-3B-Instruct,r11_trunk,NA,trunk,trunk,175,cd/490333,256,42,1,213,0.67783565,0.6169926,0.36781609,55-,0.67816092,2,3,0.003906
A,Qwen2.5-3B-Instruct,r11_trunk,NA,trunk,trunk,175,cd/490331,256,255,0,1,0.82611768,0.39727863,0.64864865,63-,0.76254826,2,8,0.441406
A,Qwen2.5-3B-Instruct,r11_trunk,NA,trunk,trunk,175,cd/490330,256,0,0,256,1.09861229,1.0,0.0,90*,0.33333333,3,3,0.007812
A,Qwen2.5-3B-Instruct,r11_trunk,NA,trunk,trunk,175,cd/490327,256,255,0,1,0.60072009,0.2888853,0.72586873,95-,0.83590734,2,8,0.710938
A,Qwen2.5-3B-Instruct,r11_trunk,NA,trunk,trunk,175,cd/490325,256,249,0,7,0.6575877,0.33793323,0.68910891,90-,0.80990099,2,7,0.273438
A,Qwen2.5-3B-Instruct,r11_trunk,NA,trunk,trunk,175,cd/490324,256,246,0,10,0.23061311,0.14328798,0.90140845,99-,0.94768612,1,5,0.996094
A,Qwen2.5-3B-Instruct,r11_trunk,NA,trunk,trunk,175,cd/490322,256,255,0,1,0.68243406,0.42402012,0.40776699,55-,0.69708738,2,5,0.972656
A,Qwen2.5-3B-Instruct,r11_trunk,NA,trunk,trunk,175,cd/490321,256,242,0,14,0.36712262,0.33416941,0.77207392,64-,0.88501027,2,3,0.0
A,Qwen2.5-3B-Instruct,r11_trunk,NA,trunk,trunk,175,cd/490320,256,16,1,239,0.50844975,0.73353793,0.58823529,36*,0.79411765,2,2,0.117188
A,Qwen2.5-3B-Instruct,r11_trunk,NA,trunk,trunk,175,cd/490317,256,249,0,7,0.25180063,0.15645253,0.91848907,47-,0.94831014,1,5,0.957031
A,Qwen2.5-3B-Instruct,r11_trunk,NA,trunk,trunk,175,cd/490316,256,237,0,19,0.6114175,0.37989505,0.5177453,26-,0.75365344,2,5,0.921875
A,Qwen2.5-3B-Instruct,r11_trunk,NA,trunk,trunk,175,cd/490315,256,246,0,10,0.3515197,0.21841147,0.85311871,87-,0.91549296,1,5,0.910156
A,Qwen2.5-3B-Instruct,r11_trunk,NA,trunk,trunk,175,cd/490313,256,252,0,4,0.36244862,0.22520199,0.81335953,98-,0.90176817,1,5,0.96875
A,Qwen2.5-3B-Instruct,r11_trunk,NA,trunk,trunk,175,cd/490312,256,246,0,10,0.21444747,0.1951985,0.8969697,90-,0.94747475,1,3,0.894531
A,Qwen2.5-3B-Instruct,r11_trunk,NA,trunk,trunk,175,cd/490309,256,250,0,6,0.72056752,0.2899777,0.66796875,96-,0.79882812,2,12,0.003906
A,Qwen2.5-3B-Instruct,r11_trunk,NA,trunk,trunk,175,cd/490308,256,3,0,253,0.37677016,0.54356444,0.75,11*,0.875,2,2,0.550781
A,Qwen2.5-3B-Instruct,r11_trunk,NA,trunk,trunk,175,cd/490307,256,254,0,2,0.48455413,0.23302128,0.82170543,72-,0.88953488,1,8,0.78125
A,Qwen2.5-3B-Instruct,r11_trunk,NA,trunk,trunk,175,cd/490306,256,0,0,256,0.69314718,1.0,0.0,50-,0.5,2,2,0.0
A,Qwen2.5-3B-Instruct,r11_trunk,NA,trunk,trunk,175,cd/490305,256,4,0,252,0.32508297,0.46899559,0.8,15*,0.9,2,2,0.507812
A,Qwen2.5-3B-Instruct,r11_trunk,NA,trunk,trunk,175,cd/490304,256,27,0,229,0.17632626,0.16049908,0.94736842,76-,0.96491228,1,3,0.0
A,Qwen2.5-3B-Instruct,r11_trunk,NA,trunk,trunk,175,cd/490303,256,244,1,11,1.09926287,0.5286337,0.41935484,68+,0.61491935,3,8,0.671875
A,Qwen2.5-3B-Instruct,r11_trunk,NA,trunk,trunk,175,cd/490297,256,234,0,22,0.56753346,0.51659122,0.5477707,30+,0.77070064,2,3,0.886719
A,Qwen2.5-3B-Instruct,r11_trunk,NA,trunk,trunk,175,cd/490296,256,254,0,2,0.47695974,0.22936915,0.84108527,99-,0.89341085,1,8,0.882812
A,Qwen2.5-3B-Instruct,r11_trunk,NA,trunk,trunk,175,cd/490292,256,160,0,96,0.86219954,0.3744485,0.47272727,44+,0.7,2,10,0.046875
A,Qwen2.5-3B-Instruct,r11_trunk,NA,trunk,trunk,175,cd/490290,256,245,0,11,0.51129506,0.31768548,0.73939394,40-,0.85454545,2,5,0.957031
A,Qwen2.5-3B-Instruct,r11_trunk,NA,trunk,trunk,175,cd/490288,256,51,0,205,0.26197303,0.14620993,0.94444444,24*,0.9537037,1,6,0.003906
A,Qwen2.5-3B-Instruct,r11_trunk,NA,trunk,trunk,175,cd/490287,256,255,0,1,0.7727983,0.48016658,0.52815534,97-,0.72427184,2,5,0.839844
A,Qwen2.5-3B-Instruct,r11_trunk,NA,trunk,trunk,175,cd/490283,256,247,0,9,0.3945767,0.24516429,0.80961924,91-,0.89579158,1,5,0.832031
A,Qwen2.5-3B-Instruct,r11_trunk,NA,trunk,trunk,175,cd/490282,256,237,0,19,0.62040135,0.38547703,0.5302714,78-,0.75782881,2,5,0.960938
A,Qwen2.5-3B-Instruct,r11_trunk,NA,trunk,trunk,175,cd/490281,256,223,0,33,0.18586156,0.11548228,0.94013304,27-,0.96452328,1,5,0.925781
A,Qwen2.5-3B-Instruct,r11_trunk,NA,trunk,trunk,175,cd/490280,256,256,0,0,0.4904909,0.30475913,0.82011605,45-,0.88394584,1,5,0.953125
A,Qwen2.5-3B-Instruct,r11_trunk,NA,trunk,trunk,175,cd/490279,256,254,0,2,0.67017548,0.41640344,0.67836257,50-,0.79337232,2,5,0.929688
A,Qwen2.5-3B-Instruct,r11_trunk,NA,trunk,trunk,175,cd/490276,256,256,0,0,0.21170633,0.13154054,0.91295938,83-,0.95357834,1,5,0.925781
A,Qwen2.5-3B-Instruct,r11_trunk,NA,trunk,trunk,175,cd/490275,256,121,0,135,0.06629979,0.09565038,0.97540984,59-,0.98770492,1,2,0.011719
A,Qwen2.5-3B-Instruct,r11_trunk,NA,trunk,trunk,175,cd/490274,256,240,0,16,0.06733197,0.04856975,0.98347107,55-,0.98966942,1,4,0.0
A,Qwen2.5-3B-Instruct,r11_trunk,NA,trunk,trunk,175,cd/490271,256,254,0,2,0.33166515,0.20607515,0.87719298,95-,0.92592593,1,5,0.957031
A,Qwen2.5-3B-Instruct,r11_trunk,NA,trunk,trunk,175,cd/490270,256,225,0,31,0.28328495,0.40869379,0.83628319,88-,0.91814159,1,2,0.0
A,Qwen2.5-3B-Instruct,r11_trunk,NA,trunk,trunk,175,cd/490268,256,217,0,39,0.34049554,0.30993239,0.86956522,11+,0.91762014,1,3,0.75
A,Qwen2.5-3B-Instruct,r11_trunk,NA,trunk,trunk,175,cd/490267,256,253,0,3,0.26905022,0.1671703,0.8962818,75-,0.94129159,1,5,0.988281
A,Qwen2.5-3B-Instruct,r11_trunk,NA,trunk,trunk,175,cd/490266,256,233,0,23,0.3044075,0.18913902,0.9044586,92-,0.93630573,1,5,0.0
A,Qwen2.5-3B-Instruct,r11_trunk,NA,trunk,trunk,175,cd/490264,256,4,0,252,0.60016607,0.5462947,0.72727273,34-,0.81818182,1,3,0.003906
A,Qwen2.5-3B-Instruct,r11_trunk,NA,trunk,trunk,175,cd/490263,256,256,0,0,0.81252153,0.39074026,0.73461538,32-,0.80192308,1,8,0.546875
A,Qwen2.5-3B-Instruct,r11_trunk,NA,trunk,trunk,175,cd/490262,256,48,0,208,0.72935847,0.66389069,0.16161616,32*,0.57575758,2,3,0.070312
A,Qwen2.5-3B-Instruct,r11_trunk,NA,trunk,trunk,175,cd/490261,256,252,1,3,0.5036032,0.31290626,0.7151277,60-,0.84675835,2,5,0.917969
A,Qwen2.5-3B-Instruct,r11_trunk,NA,trunk,trunk,175,cd/490260,256,208,0,48,0.50364438,0.45843687,0.64439141,67-,0.81861575,2,3,0.847656
A,Qwen2.5-3B-Instruct,r11_trunk,NA,trunk,trunk,175,cd/490259,256,218,0,38,0.22151091,0.20162792,0.8929385,74-,0.9453303,1,3,0.597656
A,Qwen2.5-3B-Instruct,r11_trunk,NA,trunk,trunk,175,cd/490258,256,254,0,2,0.50716086,0.24389282,0.81395349,84-,0.87790698,1,8,0.863281
A,Qwen2.5-3B-Instruct,r11_trunk,NA,trunk,trunk,175,cd/490256,256,256,0,0,0.44741065,0.27799187,0.83945841,79-,0.89555126,1,5,0.980469
A,Qwen2.5-3B-Instruct,r11_trunk,NA,trunk,trunk,175,cd/490254,256,4,0,252,0.60016607,0.5462947,0.72727273,90*,0.81818182,1,3,0.050781
A,Qwen2.5-3B-Instruct,r11_trunk,NA,trunk,trunk,175,cd/490249,256,254,0,2,0.23656587,0.12157081,0.92038835,96-,0.95339806,1,7,0.921875
A,Qwen2.5-3B-Instruct,r11_trunk,NA,trunk,trunk,175,cd/490248,256,207,0,49,0.67892234,0.97947789,0.16826923,54-,0.58413462,2,2,0.003906
A,Qwen2.5-3B-Instruct,r11_trunk,NA,trunk,trunk,175,cd/490246,256,255,0,1,0.33855376,0.21035528,0.87378641,52-,0.9223301,1,5,0.976562
A,Qwen2.5-3B-Instruct,r11_trunk,NA,trunk,trunk,175,cd/490245,256,255,0,1,0.49762053,0.23930489,0.85328185,93-,0.89382239,1,8,0.796875
A,Qwen2.5-3B-Instruct,r11_trunk,NA,trunk,trunk,175,cd/490243,256,251,0,5,0.5594328,0.34759514,0.65088757,72-,0.81459566,2,5,0.5
A,Qwen2.5-3B-Instruct,r11_trunk,NA,trunk,trunk,175,cd/490241,256,255,0,1,0.34089508,0.21181002,0.83106796,98-,0.91067961,1,5,0.953125
A,Qwen2.5-3B-Instruct,r11_trunk,NA,trunk,trunk,175,cd/490240,256,250,0,6,0.12040176,0.07480982,0.97029703,85-,0.98019802,1,5,0.449219
A,Qwen2.5-3B-Instruct,r11_trunk,NA,trunk,trunk,175,cd/490239,256,121,0,135,0.05303809,0.04827735,0.9877551,27-,0.99183673,1,3,0.0
A,Qwen2.5-3B-Instruct,r11_trunk,NA,trunk,trunk,175,cd/490237,256,240,0,16,0.01488985,0.02148151,0.99585062,96-,0.99792531,1,2,0.003906
A,Qwen2.5-3B-Instruct,r11_trunk,NA,trunk,trunk,175,cd/490236,256,256,0,0,0.61610711,0.29628489,0.73846154,97-,0.84038462,2,8,0.820312
A,Qwen2.5-3B-Instruct,r11_trunk,NA,trunk,trunk,175,cd/490235,256,255,0,1,0.41223,0.21184431,0.87040619,90-,0.91102515,1,7,0.746094
A,Qwen2.5-3B-Instruct,r11_trunk,NA,trunk,trunk,175,cd/490234,256,250,0,6,0.36520075,0.22691199,0.84752475,83-,0.91287129,1,5,0.992188
A,Qwen2.5-3B-Instruct,r11_trunk,NA,trunk,trunk,175,cd/490233,256,255,0,1,0.32870847,0.20423806,0.88543689,92-,0.92621359,1,5,0.96875
A,Qwen2.5-3B-Instruct,r11_trunk,NA,trunk,trunk,175,cd/490232,256,226,1,29,0.03128834,0.02847987,0.99340659,88-,0.9956044,1,3,0.0
A,Qwen2.5-3B-Instruct,r11_trunk,NA,trunk,trunk,175,cd/490231,256,253,0,3,0.51353806,0.24695961,0.75097276,66-,0.8618677,2,8,0.757812
A,Qwen2.5-3B-Instruct,r11_trunk,NA,trunk,trunk,175,cd/490229,256,250,0,6,0.72905103,0.35059943,0.6496063,87-,0.77755906,2,8,0.789062
A,Qwen2.5-3B-Instruct,r11_trunk,NA,trunk,trunk,175,cd/490228,256,250,0,6,0.72573191,0.45092259,0.11089109,56+,0.55247525,2,5,0.984375
A,Qwen2.5-3B-Instruct,r11_trunk,NA,trunk,trunk,175,cd/490227,256,254,0,2,0.93034522,0.57805598,0.41325536,43-,0.6374269,3,5,0.984375
A,Qwen2.5-3B-Instruct,r11_trunk,NA,trunk,trunk,175,cd/490225,256,249,0,7,0.42063842,0.26135734,0.84294235,91-,0.89662028,1,5,0.984375
A,Qwen2.5-3B-Instruct,r11_trunk,NA,trunk,trunk,175,cd/490221,256,247,0,9,0.27635551,0.17170933,0.89779559,79-,0.93987976,1,5,0.976562
A,Qwen2.5-3B-Instruct,r11_trunk,NA,trunk,trunk,175,cd/490219,256,248,0,8,0.53123396,0.33007422,0.63473054,94-,0.81237525,2,5,0.945312
A,Qwen2.5-3B-Instruct,r11_trunk,NA,trunk,trunk,175,cd/490217,256,250,0,6,0.59931796,0.54552272,0.45328032,74-,0.72564612,2,3,0.0
A,Qwen2.5-3B-Instruct,r11_trunk,NA,trunk,trunk,175,cd/490215,256,253,0,3,0.38016897,0.23621226,0.88454012,61-,0.91780822,1,5,0.699219
A,Qwen2.5-3B-Instruct,r11_trunk,NA,trunk,trunk,175,cd/490214,256,238,0,18,0.07599331,0.06917209,0.98121086,73-,0.9874739,1,3,0.90625
A,Qwen2.5-3B-Instruct,r11_trunk,NA,trunk,trunk,175,cd/490213,256,255,1,0,1.22993967,0.63206396,0.19729207,44-,0.4893617,3,7,0.648438
A,Qwen2.5-3B-Instruct,r11_trunk,NA,trunk,trunk,175,cd/490212,256,256,0,0,0.82992275,0.51566,0.19729207,49-,0.57833656,2,5,0.996094
A,Qwen2.5-3B-Instruct,r11_trunk,NA,trunk,trunk,175,cd/490211,256,256,0,0,0.34095618,0.21184799,0.87040619,79-,0.92263056,1,5,0.996094
A,Qwen2.5-3B-Instruct,r11_trunk,NA,trunk,trunk,175,cd/490208,256,244,0,12,0.53293044,0.3311283,0.65720081,94-,0.82150101,2,5,0.988281
A,Qwen2.5-3B-Instruct,r11_trunk,NA,trunk,trunk,175,cd/490207,256,246,0,10,0.74121858,0.460545,0.60764588,80-,0.76257545,2,5,0.976562
A,Qwen2.5-3B-Instruct,r11_trunk,NA,trunk,trunk,175,cd/490206,256,252,0,4,0.47883867,0.29751919,0.74656189,68-,0.86247544,2,5,0.890625
A,Qwen2.5-3B-Instruct,r11_trunk,NA,trunk,trunk,175,cd/490205,256,241,0,15,0.69456124,0.43155516,0.33675565,72-,0.66324435,2,5,0.964844
A,Qwen2.5-3B-Instruct,r11_trunk,NA,trunk,trunk,175,cd/490204,256,255,0,1,0.90373225,0.43460335,0.51351351,90-,0.7007722,2,8,0.441406
A,Qwen2.5-3B-Instruct,r11_trunk,NA,trunk,trunk,175,cd/490203,256,139,0,117,0.67093535,0.61071168,0.29181495,40+,0.64412811,2,3,0.753906
A,Qwen2.5-3B-Instruct,r11_trunk,NA,trunk,trunk,175,cd/490202,256,236,0,20,0.01510581,0.02179307,0.99578059,97-,0.9978903,1,2,0.0
A,Qwen2.5-3B-Instruct,r11_trunk,NA,trunk,trunk,175,cd/490201,256,254,0,2,0.74487625,0.46281764,0.54191033,82-,0.74269006,2,5,0.976562
A,Qwen2.5-3B-Instruct,r11_trunk,NA,trunk,trunk,175,cd/490199,256,230,0,26,0.71280303,0.44288942,0.56774194,57-,0.75913978,2,5,0.984375
A,Qwen2.5-3B-Instruct,r11_trunk,NA,trunk,trunk,200,cd/490363,256,256,0,0,0.56832817,0.27330808,0.78461538,83-,0.85961538,1,8,0.835938
A,Qwen2.5-3B-Instruct,r11_trunk,NA,trunk,trunk,200,cd/490361,256,245,0,11,0.02920275,0.02658149,0.99391481,98-,0.9959432,1,3,0.84375
A,Qwen2.5-3B-Instruct,r11_trunk,NA,trunk,trunk,200,cd/490360,256,151,0,105,0.50509466,0.25956731,0.73786408,73-,0.85760518,2,7,0.375
A,Qwen2.5-3B-Instruct,r11_trunk,NA,trunk,trunk,200,cd/490357,256,256,0,0,0.5153851,0.32022677,0.69245648,89-,0.83752418,2,5,0.988281
A,Qwen2.5-3B-Instruct,r11_trunk,NA,trunk,trunk,200,cd/490356,256,241,0,15,0.11594701,0.06471126,0.97131148,79-,0.98155738,1,6,0.007812
A,Qwen2.5-3B-Instruct,r11_trunk,NA,trunk,trunk,200,cd/490354,256,256,0,0,0.55199607,0.23972885,0.79693487,72-,0.86398467,1,10,0.875
A,Qwen2.5-3B-Instruct,r11_trunk,NA,trunk,trunk,200,cd/490353,256,226,0,30,0.15470107,0.09612118,0.96280088,62-,0.97374179,1,5,0.992188
A,Qwen2.5-3B-Instruct,r11_trunk,NA,trunk,trunk,200,cd/490352,256,29,0,227,0.32448855,0.20161607,0.92063492,57-,0.93650794,1,5,0.0
A,Qwen2.5-3B-Instruct,r11_trunk,NA,trunk,trunk,200,cd/490351,256,218,1,37,0.62454655,0.32095344,0.51467269,77+,0.751693,2,7,0.855469
A,Qwen2.5-3B-Instruct,r11_trunk,NA,trunk,trunk,200,cd/490348,256,254,0,2,0.48872744,0.30366343,0.77582846,52-,0.86744639,1,5,0.644531
A,Qwen2.5-3B-Instruct,r11_trunk,NA,trunk,trunk,200,cd/490347,256,256,0,0,0.61860677,0.29748697,0.74230769,59-,0.84038462,1,8,0.449219
A,Qwen2.5-3B-Instruct,r11_trunk,NA,trunk,trunk,200,cd/490344,256,256,0,0,0.20817243,0.18948671,0.90097087,88-,0.94951456,1,3,0.75
A,Qwen2.5-3B-Instruct,r11_trunk,NA,trunk,trunk,200,cd/490343,256,254,0,2,0.2150103,0.11049344,0.92427184,94-,0.95728155,1,7,0.164062
A,Qwen2.5-3B-Instruct,r11_trunk,NA,trunk,trunk,200,cd/490342,256,253,0,3,1.14589958,0.58887589,0.07797271,68-,0.4619883,2,7,0.699219
A,Qwen2.5-3B-Instruct,r11_trunk,NA,trunk,trunk,200,cd/490341,256,256,0,0,0.72689029,0.33082203,0.67946257,62-,0.78502879,2,9,0.757812
A,Qwen2.5-3B-Instruct,r11_trunk,NA,trunk,trunk,200,cd/490340,256,249,0,7,0.18964295,0.13679847,0.92031873,96-,0.95816733,1,4,0.058594
A,Qwen2.5-3B-Instruct,r11_trunk,NA,trunk,trunk,200,cd/490339,256,199,0,57,0.40612275,0.25233825,0.78411911,45+,0.88585608,2,5,1.0
A,Qwen2.5-3B-Instruct,r11_trunk,NA,trunk,trunk,200,cd/490338,256,256,0,0,0.2539749,0.12213611,0.92307692,92-,0.95192308,1,8,0.910156
A,Qwen2.5-3B-Instruct,r11_trunk,NA,trunk,trunk,200,cd/490337,256,256,0,0,0.43412333,0.26973599,0.72727273,79-,0.86073501,2,5,0.992188
A,Qwen2.5-3B-Instruct,r11_trunk,NA,trunk,trunk,200,cd/490335,256,254,1,1,0.56151996,0.28856418,0.62524272,65-,0.80582524,2,7,0.867188
A,Qwen2.5-3B-Instruct,r11_trunk,NA,trunk,trunk,200,cd/490334,256,194,0,62,0.73583322,0.45719889,0.10178117,46+,0.54707379,2,5,0.972656
A,Qwen2.5-3B-Instruct,r11_trunk,NA,trunk,trunk,200,cd/490333,256,48,0,208,0.48012466,0.4370283,0.68686869,55-,0.83838384,2,3,0.019531
A,Qwen2.5-3B-Instruct,r11_trunk,NA,trunk,trunk,200,cd/490331,256,256,0,0,0.83752057,0.40276226,0.57692308,63-,0.73653846,2,8,0.457031
A,Qwen2.5-3B-Instruct,r11_trunk,NA,trunk,trunk,200,cd/490330,256,1,0,255,0.95027054,0.86497352,0.4,85-,0.6,3,3,0.023438
A,Qwen2.5-3B-Instruct,r11_trunk,NA,trunk,trunk,200,cd/490327,256,255,0,1,0.51326963,0.24683052,0.76061776,95-,0.86293436,2,8,0.777344
A,Qwen2.5-3B-Instruct,r11_trunk,NA,trunk,trunk,200,cd/490325,256,252,0,4,0.53902424,0.27700366,0.74363992,90-,0.85127202,2,7,0.300781
A,Qwen2.5-3B-Instruct,r11_trunk,NA,trunk,trunk,200,cd/490324,256,240,1,15,0.14256265,0.08857916,0.96082474,99-,0.97525773,1,5,0.996094
A,Qwen2.5-3B-Instruct,r11_trunk,NA,trunk,trunk,200,cd/490322,256,256,0,0,0.54998377,0.34172413,0.6073501,55-,0.79883946,2,5,0.996094
A,Qwen2.5-3B-Instruct,r11_trunk,NA,trunk,trunk,200,cd/490321,256,253,0,3,0.35641175,0.32441996,0.78192534,64-,0.88998035,2,3,0.0
A,Qwen2.5-3B-Instruct,r11_trunk,NA,trunk,trunk,200,cd/490320,256,7,0,249,0.23379166,0.33729007,0.875,36*,0.9375,1,2,0.167969
A,Qwen2.5-3B-Instruct,r11_trunk,NA,trunk,trunk,200,cd/490317,256,256,0,0,0.19929929,0.12383161,0.92069632,47-,0.95744681,1,5,0.964844
A,Qwen2.5-3B-Instruct,r11_trunk,NA,trunk,trunk,200,cd/490316,256,251,0,5,0.69986902,0.43485307,0.31558185,26-,0.65285996,2,5,0.976562
A,Qwen2.5-3B-Instruct,r11_trunk,NA,trunk,trunk,200,cd/490315,256,248,0,8,0.19962257,0.12403248,0.93013972,87-,0.96007984,1,5,0.953125
A,Qwen2.5-3B-Instruct,r11_trunk,NA,trunk,trunk,200,cd/490313,256,254,0,2,0.30098524,0.18701264,0.84990253,98-,0.92202729,1,5,0.953125
A,Qwen2.5-3B-Instruct,r11_trunk,NA,trunk,trunk,200,cd/490312,256,251,0,5,0.21125847,0.19229574,0.8990099,90-,0.94851485,1,3,0.894531
A,Qwen2.5-3B-Instruct,r11_trunk,NA,trunk,trunk,200,cd/490309,256,252,0,4,0.52734581,0.21221956,0.81007752,96-,0.87790698,1,12,0.0
A,Qwen2.5-3B-Instruct,r11_trunk,NA,trunk,trunk,200,cd/490308,256,1,0,255,0.56233514,0.81127812,0.5,11*,0.75,2,2,0.445312
A,Qwen2.5-3B-Instruct,r11_trunk,NA,trunk,trunk,200,cd/490307,256,256,0,0,0.46926072,0.2256667,0.84230769,72-,0.89807692,1,8,0.808594
A,Qwen2.5-3B-Instruct,r11_trunk,NA,trunk,trunk,200,cd/490306,256,0,0,256,0.69314718,1.0,0.0,50-,0.5,2,2,0.0
A,Qwen2.5-3B-Instruct,r11_trunk,NA,trunk,trunk,200,cd/490305,256,0,0,256,0.69314718,1.0,0.0,3*,0.5,2,2,0.589844
A,Qwen2.5-3B-Instruct,r11_trunk,NA,trunk,trunk,200,cd/490304,256,10,0,246,0.35571286,0.3237838,0.86956522,76-,0.91304348,1,3,0.0
A,Qwen2.5-3B-Instruct,r11_trunk,NA,trunk,trunk,200,cd/490303,256,254,0,2,1.1615297,0.55857771,0.27131783,68+,0.54069767,3,8,0.644531
A,Qwen2.5-3B-Instruct,r11_trunk,NA,trunk,trunk,200,cd/490297,256,243,0,13,0.59056427,0.53755476,0.50715746,30+,0.75051125,2,3,0.933594
A,Qwen2.5-3B-Instruct,r11_trunk,NA,trunk,trunk,200,cd/490296,256,256,0,0,0.35809923,0.17220933,0.88076923,99-,0.925,1,8,0.925781
A,Qwen2.5-3B-Instruct,r11_trunk,NA,trunk,trunk,200,cd/490292,256,158,0,98,0.68309805,0.29666572,0.71779141,44+,0.82515337,2,10,0.046875
A,Qwen2.5-3B-Instruct,r11_trunk,NA,trunk,trunk,200,cd/490290,256,247,0,9,0.17128199,0.10642348,0.94589178,40-,0.96793587,1,5,0.996094
A,Qwen2.5-3B-Instruct,r11_trunk,NA,trunk,trunk,200,cd/490288,256,38,0,218,0.32778001,0.18293751,0.92682927,24*,0.93902439,1,6,0.011719
A,Qwen2.5-3B-Instruct,r11_trunk,NA,trunk,trunk,200,cd/490287,256,256,0,0,0.94323325,0.58606377,0.20116054,97-,0.55125725,2,5,0.863281
A,Qwen2.5-3B-Instruct,r11_trunk,NA,trunk,trunk,200,cd/490283,256,252,0,4,0.349951,0.21743678,0.80943026,91-,0.90176817,1,5,0.800781
A,Qwen2.5-3B-Instruct,r11_trunk,NA,trunk,trunk,200,cd/490282,256,243,0,13,0.55616761,0.34556637,0.57433809,78-,0.78411405,2,5,0.972656
A,Qwen2.5-3B-Instruct,r11_trunk,NA,trunk,trunk,200,cd/490281,256,180,0,76,0.12894156,0.0801159,0.96438356,27-,0.97808219,1,5,0.839844
A,Qwen2.5-3B-Instruct,r11_trunk,NA,trunk,trunk,200,cd/490280,256,255,0,1,0.50286822,0.31244959,0.70679612,45-,0.84466019,2,5,0.925781
A,Qwen2.5-3B-Instruct,r11_trunk,NA,trunk,trunk,200,cd/490279,256,256,0,0,0.8322208,0.51708785,0.1237911,50-,0.54352031,2,5,0.898438
A,Qwen2.5-3B-Instruct,r11_trunk,NA,trunk,trunk,200,cd/490276,256,256,0,0,0.17316629,0.10759426,0.93617021,83-,0.96518375,1,5,0.964844
A,Qwen2.5-3B-Instruct,r11_trunk,NA,trunk,trunk,200,cd/490275,256,133,0,123,0.02458626,0.03547048,0.99253731,59-,0.99626866,1,2,0.027344
A,Qwen2.5-3B-Instruct,r11_trunk,NA,trunk,trunk,200,cd/490274,256,234,0,22,0.08898199,0.06418694,0.97457627,55-,0.98516949,1,4,0.0
A,Qwen2.5-3B-Instruct,r11_trunk,NA,trunk,trunk,200,cd/490271,256,254,0,2,0.43799534,0.27214181,0.7797271,95-,0.8791423,1,5,0.96875
A,Qwen2.5-3B-Instruct,r11_trunk,NA,trunk,trunk,200,cd/490270,256,224,0,32,0.23902536,0.3448407,0.87111111,88-,0.93555556,1,2,0.0
A,Qwen2.5-3B-Instruct,r11_trunk,NA,trunk,trunk,200,cd/490268,256,193,0,63,0.36999458,0.33678358,0.80719794,11+,0.89717224,1,3,0.691406
A,Qwen2.5-3B-Instruct,r11_trunk,NA,trunk,trunk,200,cd/490267,256,248,0,8,0.13309257,0.08269506,0.95808383,75-,0.9760479,1,5,0.992188
A,Qwen2.5-3B-Instruct,r11_trunk,NA,trunk,trunk,200,cd/490266,256,238,0,18,0.30567549,0.18992686,0.8981289,92-,0.93347193,1,5,0.0
A,Qwen2.5-3B-Instruct,r11_trunk,NA,trunk,trunk,200,cd/490264,256,2,0,254,0.79631164,0.72483409,0.57142857,34-,0.71428571,3,3,0.0
A,Qwen2.5-3B-Instruct,r11_trunk,NA,trunk,trunk,200,cd/490263,256,256,0,0,0.70923622,0.34107053,0.75384615,32-,0.825,1,8,0.648438
A,Qwen2.5-3B-Instruct,r11_trunk,NA,trunk,trunk,200,cd/490262,256,56,0,200,0.61208921,0.55714761,0.48695652,32*,0.73913043,2,3,0.0625
A,Qwen2.5-3B-Instruct,r11_trunk,NA,trunk,trunk,200,cd/490261,256,256,0,0,0.42535252,0.26428638,0.75435203,60-,0.87234043,2,5,0.949219
A,Qwen2.5-3B-Instruct,r11_trunk,NA,trunk,trunk,200,cd/490260,256,204,0,52,0.58764821,0.53490045,0.52068127,67-,0.756691,2,3,0.835938
A,Qwen2.5-3B-Instruct,r11_trunk,NA,trunk,trunk,200,cd/490259,256,223,0,33,0.19096641,0.17382512,0.91314031,74-,0.95545657,1,3,0.539062
A,Qwen2.5-3B-Instruct,r11_trunk,NA,trunk,trunk,200,cd/490258,256,256,0,0,0.37744111,0.18151081,0.86923077,84-,0.91730769,1,8,0.953125
A,Qwen2.5-3B-Instruct,r11_trunk,NA,trunk,trunk,200,cd/490256,256,256,0,0,0.3815251,0.23705487,0.827853,79-,0.9032882,1,5,0.976562
A,Qwen2.5-3B-Instruct,r11_trunk,NA,trunk,trunk,200,cd/490254,256,0,0,256,1.09861229,1.0,0.0,90/,0.33333333,3,3,0.085938
A,Qwen2.5-3B-Instruct,r11_trunk,NA,trunk,trunk,200,cd/490249,256,256,0,0,0.214357,0.11015771,0.94412331,96-,0.96146435,1,7,0.90625
A,Qwen2.5-3B-Instruct,r11_trunk,NA,trunk,trunk,200,cd/490248,256,196,0,60,0.69185827,0.99814049,0.05076142,69-,0.52538071,2,2,0.0
A,Qwen2.5-3B-Instruct,r11_trunk,NA,trunk,trunk,200,cd/490246,256,255,0,1,0.27323181,0.16976847,0.90485437,52-,0.94174757,1,5,0.980469
A,Qwen2.5-3B-Instruct,r11_trunk,NA,trunk,trunk,200,cd/490245,256,256,0,0,0.30985045,0.14900657,0.90769231,93-,0.94038462,1,8,0.921875
A,Qwen2.5-3B-Instruct,r11_trunk,NA,trunk,trunk,200,cd/490243,256,251,0,5,0.69623923,0.43259776,0.2642998,72-,0.62919132,2,5,0.605469
A,Qwen2.5-3B-Instruct,r11_trunk,NA,trunk,trunk,200,cd/490241,256,254,0,2,0.17423911,0.10826085,0.93567251,98-,0.96491228,1,5,0.941406
A,Qwen2.5-3B-Instruct,r11_trunk,NA,trunk,trunk,200,cd/490240,256,252,0,4,0.05680557,0.03529528,0.99017682,85-,0.99214145,1,5,0.449219
A,Qwen2.5-3B-Instruct,r11_trunk,NA,trunk,trunk,200,cd/490239,256,170,0,86,0.03985312,0.03627587,0.99125364,27-,0.9941691,1,3,0.0
A,Qwen2.5-3B-Instruct,r11_trunk,NA,trunk,trunk,200,cd/490237,256,241,0,15,0.01483688,0.0214051,0.99586777,96-,0.99793388,1,2,0.0
A,Qwen2.5-3B-Instruct,r11_trunk,NA,trunk,trunk,200,cd/490236,256,256,0,0,0.62701667,0.30153128,0.7,97-,0.825,2,8,0.875
A,Qwen2.5-3B-Instruct,r11_trunk,NA,trunk,trunk,200,cd/490235,256,256,0,0,0.39950741,0.2053062,0.84393064,90-,0.90751445,1,7,0.777344
A,Qwen2.5-3B-Instruct,r11_trunk,NA,trunk,trunk,200,cd/490234,256,251,0,5,0.27218366,0.16911722,0.88362919,83-,0.93688363,1,5,0.988281
A,Qwen2.5-3B-Instruct,r11_trunk,NA,trunk,trunk,200,cd/490233,256,255,0,1,0.18772877,0.11664245,0.94757282,92-,0.96504854,1,5,0.984375
A,Qwen2.5-3B-Instruct,r11_trunk,NA,trunk,trunk,200,cd/490232,256,231,0,25,0.03070918,0.0279527,0.99354839,88-,0.99569892,1,3,0.0
A,Qwen2.5-3B-Instruct,r11_trunk,NA,trunk,trunk,200,cd/490231,256,256,0,0,0.43327341,0.20836047,0.80384615,66-,0.89038462,1,8,0.90625
A,Qwen2.5-3B-Instruct,r11_trunk,NA,trunk,trunk,200,cd/490229,256,256,0,0,0.57411755,0.27609218,0.72692308,87-,0.84038462,2,8,0.792969
A,Qwen2.5-3B-Instruct,r11_trunk,NA,trunk,trunk,200,cd/490228,256,255,0,1,0.72958387,0.45331595,0.05825243,56-,0.52621359,2,5,0.996094
A,Qwen2.5-3B-Instruct,r11_trunk,NA,trunk,trunk,200,cd/490227,256,256,0,0,0.72873919,0.45279111,0.61121857,43-,0.76015474,2,5,1.0
A,Qwen2.5-3B-Instruct,r11_trunk,NA,trunk,trunk,200,cd/490225,256,253,0,3,0.26202968,0.1628082,0.91193738,91-,0.94520548,1,5,1.0
A,Qwen2.5-3B-Instruct,r11_trunk,NA,trunk,trunk,200,cd/490221,256,254,0,2,0.31593924,0.19630409,0.88888889,79-,0.92982456,1,5,0.964844
A,Qwen2.5-3B-Instruct,r11_trunk,NA,trunk,trunk,200,cd/490219,256,254,0,2,0.34185858,0.21240868,0.83040936,94-,0.91033138,1,5,0.960938
A,Qwen2.5-3B-Instruct,r11_trunk,NA,trunk,trunk,200,cd/490217,256,246,0,10,0.41069679,0.37383233,0.72727273,74-,0.86262626,2,3,0.0
A,Qwen2.5-3B-Instruct,r11_trunk,NA,trunk,trunk,200,cd/490215,256,256,0,0,0.32115736,0.19954628,0.88974855,61-,0.9303675,1,5,0.695312
A,Qwen2.5-3B-Instruct,r11_trunk,NA,trunk,trunk,200,cd/490214,256,238,0,18,0.05297331,0.04821839,0.98538622,73-,0.99164927,1,3,0.90625
A,Qwen2.5-3B-Instruct,r11_trunk,NA,trunk,trunk,200,cd/490213,256,256,0,0,0.98018376,0.50371481,0.39306358,44-,0.6416185,2,7,0.734375
A,Qwen2.5-3B-Instruct,r11_trunk,NA,trunk,trunk,200,cd/490212,256,256,0,0,0.84717595,0.52638001,0.20502901,49-,0.57833656,2,5,0.996094
A,Qwen2.5-3B-Instruct,r11_trunk,NA,trunk,trunk,200,cd/490211,256,256,0,0,0.24770389,0.15390708,0.9245648,79-,0.94970986,1,5,0.992188
A,Qwen2.5-3B-Instruct,r11_trunk,NA,trunk,trunk,200,cd/490208,256,232,0,24,0.49110302,0.30513946,0.6652452,94-,0.82942431,2,5,0.996094
A,Qwen2.5-3B-Instruct,r11_trunk,NA,trunk,trunk,200,cd/490207,256,252,1,3,0.58618812,0.36421916,0.73084479,80-,0.83104126,2,5,0.992188
A,Qwen2.5-3B-Instruct,r11_trunk,NA,trunk,trunk,200,cd/490206,256,254,0,2,0.62774655,0.39004086,0.61598441,68-,0.78947368,2,5,0.882812
A,Qwen2.5-3B-Instruct,r11_trunk,NA,trunk,trunk,200,cd/490205,256,250,0,6,0.53646279,0.33332307,0.6019802,72-,0.7980198,2,5,0.984375
A,Qwen2.5-3B-Instruct,r11_trunk,NA,trunk,trunk,200,cd/490204,256,256,0,0,0.52188872,0.25097543,0.79615385,90-,0.87115385,1,8,0.511719
A,Qwen2.5-3B-Instruct,r11_trunk,NA,trunk,trunk,200,cd/490203,256,123,0,133,0.69614822,0.63366142,0.20080321,40+,0.59839357,2,3,0.714844
A,Qwen2.5-3B-Instruct,r11_trunk,NA,trunk,trunk,200,cd/490202,256,242,0,14,0.01478432,0.02132926,0.99588477,97-,0.99794239,1,2,0.0
A,Qwen2.5-3B-Instruct,r11_trunk,NA,trunk,trunk,200,cd/490201,256,256,0,0,0.42704766,0.26533963,0.78916828,82-,0.88394584,1,5,1.0
A,Qwen2.5-3B-Instruct,r11_trunk,NA,trunk,trunk,200,cd/490199,256,204,0,52,0.51456998,0.31972031,0.71186441,57-,0.84503632,2,5,1.0
A,Qwen2.5-3B-Instruct,r11_trunk,NA,trunk,trunk,75,cd/490363,256,229,6,21,1.41365054,0.67982221,0.19313305,83-,0.47854077,2,8,0.171875
A,Qwen2.5-3B-Instruct,r11_trunk,NA,trunk,trunk,75,cd/490361,256,180,2,74,0.18340342,0.16694099,0.93112948,98-,0.96143251,1,3,0.652344
A,Qwen2.5-3B-Instruct,r11_trunk,NA,trunk,trunk,75,cd/490360,256,117,1,138,1.34573709,0.69157206,0.34024896,73-,0.53526971,3,7,0.066406
A,Qwen2.5-3B-Instruct,r11_trunk,NA,trunk,trunk,75,cd/490357,256,217,2,37,0.81051978,0.50360425,0.5785877,89-,0.74487472,2,5,0.453125
A,Qwen2.5-3B-Instruct,r11_trunk,NA,trunk,trunk,75,cd/490356,256,215,1,40,1.03172535,0.57581688,0.39908257,79-,0.63990826,2,6,0.007812
A,Qwen2.5-3B-Instruct,r11_trunk,NA,trunk,trunk,75,cd/490354,256,192,5,59,1.46920805,0.63806895,0.02538071,72-,0.39847716,2,10,0.121094
A,Qwen2.5-3B-Instruct,r11_trunk,NA,trunk,trunk,75,cd/490353,256,196,3,57,0.79924476,0.49659869,0.5138539,62-,0.72292191,2,5,0.257812
A,Qwen2.5-3B-Instruct,r11_trunk,NA,trunk,trunk,75,cd/490352,256,75,4,177,0.95890648,0.5958021,0.65806452,57-,0.72903226,1,5,0.0
A,Qwen2.5-3B-Instruct,r11_trunk,NA,trunk,trunk,75,cd/490351,256,146,1,109,1.60185396,0.82319009,0.02006689,77+,0.33110368,3,7,0.203125
A,Qwen2.5-3B-Instruct,r11_trunk,NA,trunk,trunk,75,cd/490348,256,211,1,44,0.96386552,0.59888332,0.56206089,52-,0.69086651,3,5,0.070312
A,Qwen2.5-3B-Instruct,r11_trunk,NA,trunk,trunk,75,cd/490347,256,243,0,13,1.27456725,0.61293728,0.34008097,59-,0.56072874,3,8,0.195312
A,Qwen2.5-3B-Instruct,r11_trunk,NA,trunk,trunk,75,cd/490344,256,173,3,80,0.35742276,0.32534021,0.78510029,88-,0.89111748,2,3,0.648438
A,Qwen2.5-3B-Instruct,r11_trunk,NA,trunk,trunk,75,cd/490343,256,225,0,31,1.15297162,0.5925102,0.48140044,94-,0.64989059,2,7,0.082031
A,Qwen2.5-3B-Instruct,r11_trunk,NA,trunk,trunk,75,cd/490342,256,158,1,97,1.55963047,0.80149151,0.07430341,63-,0.35603715,3,7,0.046875
A,Qwen2.5-3B-Instruct,r11_trunk,NA,trunk,trunk,75,cd/490341,256,210,1,45,1.4065149,0.64013252,0.02331002,44-,0.4032634,2,9,0.078125
A,Qwen2.5-3B-Instruct,r11_trunk,NA,trunk,trunk,75,cd/490340,256,181,0,75,0.72187359,0.52072172,0.56830601,96-,0.7568306,2,4,0.109375
A,Qwen2.5-3B-Instruct,r11_trunk,NA,trunk,trunk,75,cd/490339,256,184,2,70,1.2623013,0.7843119,0.04289544,45+,0.41018767,3,5,0.6875
A,Qwen2.5-3B-Instruct,r11_trunk,NA,trunk,trunk,75,cd/490338,256,218,0,38,1.08522311,0.521882,0.62162162,92-,0.71396396,1,8,0.203125
A,Qwen2.5-3B-Instruct,r11_trunk,NA,trunk,trunk,75,cd/490337,256,219,0,37,1.09356199,0.67946827,0.496614,79-,0.64785553,3,5,0.433594
A,Qwen2.5-3B-Instruct,r11_trunk,NA,trunk,trunk,75,cd/490335,256,192,0,64,1.57729101,0.81056723,0.00511509,65+,0.30946292,4,7,0.210938
A,Qwen2.5-3B-Instruct,r11_trunk,NA,trunk,trunk,75,cd/490334,256,171,3,82,1.05954636,0.65833317,0.03458213,46-,0.46397695,2,5,0.582031
A,Qwen2.5-3B-Instruct,r11_trunk,NA,trunk,trunk,75,cd/490333,256,49,4,203,0.78977137,0.71888088,0.4950495,55-,0.7029703,2,3,0.0
A,Qwen2.5-3B-Instruct,r11_trunk,NA,trunk,trunk,75,cd/490331,256,224,2,30,1.51968439,0.73081371,0.13157895,63-,0.42763158,2,8,0.304688
A,Qwen2.5-3B-Instruct,r11_trunk,NA,trunk,trunk,75,cd/490330,256,43,2,211,1.01867143,0.92723469,0.29213483,85-,0.52808989,3,3,0.0
A,Qwen2.5-3B-Instruct,r11_trunk,NA,trunk,trunk,75,cd/490327,256,228,3,25,1.25276099,0.60245069,0.23706897,95-,0.53232759,2,8,0.214844
A,Qwen2.5-3B-Instruct,r11_trunk,NA,trunk,trunk,75,cd/490325,256,196,3,57,0.96588605,0.49636724,0.52631579,90-,0.69924812,2,7,0.019531
A,Qwen2.5-3B-Instruct,r11_trunk,NA,trunk,trunk,75,cd/490324,256,221,0,35,0.68400443,0.42499585,0.71588367,99-,0.81655481,2,5,0.472656
A,Qwen2.5-3B-Instruct,r11_trunk,NA,trunk,trunk,75,cd/490322,256,211,1,44,1.08086266,0.67157773,0.28103044,55-,0.57377049,2,5,0.363281
A,Qwen2.5-3B-Instruct,r11_trunk,NA,trunk,trunk,75,cd/490321,256,144,2,110,0.77669304,0.70697648,0.50859107,64-,0.71134021,2,3,0.003906
A,Qwen2.5-3B-Instruct,r11_trunk,NA,trunk,trunk,75,cd/490320,256,69,1,186,0.64744664,0.93406806,0.3,36*,0.65,2,2,0.066406
A,Qwen2.5-3B-Instruct,r11_trunk,NA,trunk,trunk,75,cd/490317,256,204,0,52,0.80724026,0.50156658,0.68765133,47-,0.78208232,1,5,0.402344
A,Qwen2.5-3B-Instruct,r11_trunk,NA,trunk,trunk,75,cd/490316,256,205,0,51,1.05073536,0.65285859,0.40481928,26-,0.62409639,3,5,0.421875
A,Qwen2.5-3B-Instruct,r11_trunk,NA,trunk,trunk,75,cd/490315,256,213,2,41,0.86037818,0.53458302,0.64965197,87-,0.7587007,2,5,0.53125
A,Qwen2.5-3B-Instruct,r11_trunk,NA,trunk,trunk,75,cd/490313,256,218,0,38,0.81256958,0.50487787,0.56689342,98-,0.73696145,2,5,0.539062
A,Qwen2.5-3B-Instruct,r11_trunk,NA,trunk,trunk,75,cd/490312,256,175,0,81,0.34333099,0.31251333,0.83286119,90-,0.90934844,1,3,0.617188
A,Qwen2.5-3B-Instruct,r11_trunk,NA,trunk,trunk,75,cd/490309,256,223,0,33,1.37401261,0.55294335,0.2489083,96-,0.53056769,2,12,0.011719
A,Qwen2.5-3B-Instruct,r11_trunk,NA,trunk,trunk,75,cd/490308,256,50,1,205,0.57792179,0.83376491,0.47058824,11*,0.73529412,2,2,0.074219
A,Qwen2.5-3B-Instruct,r11_trunk,NA,trunk,trunk,75,cd/490307,256,203,2,51,1.25178178,0.60197979,0.50724638,72-,0.64492754,2,8,0.292969
A,Qwen2.5-3B-Instruct,r11_trunk,NA,trunk,trunk,75,cd/490306,256,39,0,217,0.5172502,0.7462343,0.575,50-,0.7875,2,2,0.0
A,Qwen2.5-3B-Instruct,r11_trunk,NA,trunk,trunk,75,cd/490305,256,56,2,198,0.42118449,0.60764077,0.70175439,15*,0.85087719,2,2,0.058594
A,Qwen2.5-3B-Instruct,r11_trunk,NA,trunk,trunk,75,cd/490304,256,60,9,187,0.6226507,0.56676109,0.68292683,76-,0.80487805,2,3,0.0
A,Qwen2.5-3B-Instruct,r11_trunk,NA,trunk,trunk,75,cd/490303,256,187,0,69,1.71581673,0.82513343,0.05235602,68-,0.27486911,4,8,0.167969
A,Qwen2.5-3B-Instruct,r11_trunk,NA,trunk,trunk,75,cd/490297,256,136,3,117,0.81357598,0.74054877,0.04363636,30+,0.50545455,2,3,0.46875
A,Qwen2.5-3B-Instruct,r11_trunk,NA,trunk,trunk,75,cd/490296,256,231,1,24,1.18134179,0.56810531,0.22553191,99-,0.54255319,2,8,0.1875
A,Qwen2.5-3B-Instruct,r11_trunk,NA,trunk,trunk,75,cd/490292,256,148,1,107,1.67858966,0.72900223,0.05228758,44+,0.31699346,4,10,0.042969
A,Qwen2.5-3B-Instruct,r11_trunk,NA,trunk,trunk,75,cd/490290,256,184,1,71,1.18028485,0.73335221,0.18766756,40-,0.51206434,2,5,0.402344
A,Qwen2.5-3B-Instruct,r11_trunk,NA,trunk,trunk,75,cd/490288,256,112,0,144,1.00083917,0.55857898,0.60869565,24*,0.7173913,2,6,0.015625
A,Qwen2.5-3B-Instruct,r11_trunk,NA,trunk,trunk,75,cd/490287,256,222,0,34,1.08697633,0.67537637,0.45434298,97-,0.63474388,2,5,0.253906
A,Qwen2.5-3B-Instruct,r11_trunk,NA,trunk,trunk,75,cd/490283,256,215,3,38,0.83950254,0.52161226,0.67586207,91-,0.76551724,1,5,0.261719
A,Qwen2.5-3B-Instruct,r11_trunk,NA,trunk,trunk,75,cd/490282,256,205,0,51,1.0994126,0.68310345,0.44819277,78-,0.63373494,2,5,0.621094
A,Qwen2.5-3B-Instruct,r11_trunk,NA,trunk,trunk,75,cd/490281,256,193,1,62,0.63110987,0.39213061,0.69053708,27-,0.81074169,2,5,0.5
A,Qwen2.5-3B-Instruct,r11_trunk,NA,trunk,trunk,75,cd/490280,256,224,4,28,1.2057894,0.74919908,0.36203091,45-,0.55408389,4,5,0.429688
A,Qwen2.5-3B-Instruct,r11_trunk,NA,trunk,trunk,75,cd/490279,256,219,3,34,1.09746914,0.68189592,0.36568849,50-,0.6027088,2,5,0.351562
A,Qwen2.5-3B-Instruct,r11_trunk,NA,trunk,trunk,75,cd/490276,256,223,2,31,0.66638224,0.41404656,0.7804878,83-,0.83592018,1,5,0.503906
A,Qwen2.5-3B-Instruct,r11_trunk,NA,trunk,trunk,75,cd/490275,256,89,1,166,0.42270909,0.6098403,0.7,59-,0.85,2,2,0.023438
A,Qwen2.5-3B-Instruct,r11_trunk,NA,trunk,trunk,75,cd/490274,256,175,2,79,0.7864567,0.56730859,0.65536723,55-,0.76553672,2,4,0.0
A,Qwen2.5-3B-Instruct,r11_trunk,NA,trunk,trunk,75,cd/490271,256,218,0,38,0.9807857,0.60939642,0.39455782,95-,0.63265306,3,5,0.5
A,Qwen2.5-3B-Instruct,r11_trunk,NA,trunk,trunk,75,cd/490270,256,126,3,127,0.61991724,0.89435152,0.37795276,88-,0.68897638,2,2,0.007812
A,Qwen2.5-3B-Instruct,r11_trunk,NA,trunk,trunk,75,cd/490268,256,125,1,130,0.76901778,0.69999015,0.51383399,11+,0.71541502,2,3,0.441406
A,Qwen2.5-3B-Instruct,r11_trunk,NA,trunk,trunk,75,cd/490267,256,207,1,48,0.84956125,0.52786208,0.56324582,75-,0.72792363,2,5,0.371094
A,Qwen2.5-3B-Instruct,r11_trunk,NA,trunk,trunk,75,cd/490266,256,211,0,45,0.90904767,0.56482308,0.32318501,92-,0.6206089,2,5,0.0
A,Qwen2.5-3B-Instruct,r11_trunk,NA,trunk,trunk,75,cd/490264,256,52,2,202,0.84541956,0.76953404,0.52336449,34-,0.68224299,3,3,0.019531
A,Qwen2.5-3B-Instruct,r11_trunk,NA,trunk,trunk,75,cd/490263,256,231,1,24,1.67296365,0.80452545,0.22553191,32-,0.42340426,3,8,0.175781
A,Qwen2.5-3B-Instruct,r11_trunk,NA,trunk,trunk,75,cd/490262,256,140,3,113,0.7667806,0.69795378,0.49469965,32*,0.71024735,2,3,0.070312
A,Qwen2.5-3B-Instruct,r11_trunk,NA,trunk,trunk,75,cd/490261,256,211,2,43,0.83922812,0.52144175,0.44964871,60-,0.69086651,2,5,0.472656
A,Qwen2.5-3B-Instruct,r11_trunk,NA,trunk,trunk,75,cd/490260,256,150,2,104,0.64088094,0.58335498,0.61386139,67-,0.78217822,2,3,0.625
A,Qwen2.5-3B-Instruct,r11_trunk,NA,trunk,trunk,75,cd/490259,256,130,2,124,0.34557701,0.31455775,0.87452471,74-,0.91634981,1,3,0.40625
A,Qwen2.5-3B-Instruct,r11_trunk,NA,trunk,trunk,75,cd/490258,256,193,3,60,1.03744942,0.49890771,0.55329949,84-,0.6928934,3,8,0.246094
A,Qwen2.5-3B-Instruct,r11_trunk,NA,trunk,trunk,75,cd/490256,256,213,4,39,1.02444542,0.63652373,0.44083527,79-,0.63805104,2,5,0.433594
A,Qwen2.5-3B-Instruct,r11_trunk,NA,trunk,trunk,75,cd/490254,256,65,1,190,0.67519399,0.61458805,0.52631579,90/,0.7443609,2,3,0.097656
A,Qwen2.5-3B-Instruct,r11_trunk,NA,trunk,trunk,75,cd/490249,256,195,1,60,1.24890979,0.64181267,0.53400504,96-,0.6372796,2,7,0.339844
A,Qwen2.5-3B-Instruct,r11_trunk,NA,trunk,trunk,75,cd/490248,256,166,2,88,0.67902485,0.97962579,0.16766467,54-,0.58383234,2,2,0.023438
A,Qwen2.5-3B-Instruct,r11_trunk,NA,trunk,trunk,75,cd/490246,256,224,2,30,0.93711644,0.58226318,0.64459161,52-,0.73509934,1,5,0.488281
A,Qwen2.5-3B-Instruct,r11_trunk,NA,trunk,trunk,75,cd/490245,256,221,3,32,1.3228263,0.63614498,0.40444444,93-,0.57111111,2,8,0.242188
A,Qwen2.5-3B-Instruct,r11_trunk,NA,trunk,trunk,75,cd/490243,256,214,1,41,1.0896666,0.67704793,0.33256351,72-,0.58429561,2,5,0.265625
A,Qwen2.5-3B-Instruct,r11_trunk,NA,trunk,trunk,75,cd/490241,256,206,0,50,1.00038553,0.62157448,0.47002398,98-,0.66426859,2,5,0.324219
A,Qwen2.5-3B-Instruct,r11_trunk,NA,trunk,trunk,75,cd/490240,256,215,0,41,0.76763692,0.47695964,0.60689655,85-,0.76551724,2,5,0.164062
A,Qwen2.5-3B-Instruct,r11_trunk,NA,trunk,trunk,75,cd/490239,256,85,0,171,0.3810295,0.346828,0.77456647,27-,0.88439306,2,3,0.0
A,Qwen2.5-3B-Instruct,r11_trunk,NA,trunk,trunk,75,cd/490237,256,101,3,152,0.0766488,0.11058084,0.97058824,96-,0.98529412,1,2,0.019531
A,Qwen2.5-3B-Instruct,r11_trunk,NA,trunk,trunk,75,cd/490236,256,218,3,35,1.33796556,0.64342543,0.23423423,97-,0.51576577,2,8,0.316406
A,Qwen2.5-3B-Instruct,r11_trunk,NA,trunk,trunk,75,cd/490235,256,224,0,32,1.10678906,0.56877706,0.58901099,90-,0.68791209,1,7,0.152344
A,Qwen2.5-3B-Instruct,r11_trunk,NA,trunk,trunk,75,cd/490234,256,199,3,54,0.86871585,0.5397635,0.61042184,83-,0.73200993,3,5,0.460938
A,Qwen2.5-3B-Instruct,r11_trunk,NA,trunk,trunk,75,cd/490233,256,203,0,53,0.85987929,0.53427304,0.68613139,92-,0.76155718,1,5,0.339844
A,Qwen2.5-3B-Instruct,r11_trunk,NA,trunk,trunk,75,cd/490232,256,107,3,146,0.05875829,0.0534841,0.98617512,88-,0.99078341,1,3,0.0
A,Qwen2.5-3B-Instruct,r11_trunk,NA,trunk,trunk,75,cd/490231,256,205,1,50,1.07301205,0.51600972,0.52631579,66-,0.68660287,2,8,0.167969
A,Qwen2.5-3B-Instruct,r11_trunk,NA,trunk,trunk,75,cd/490229,256,171,3,82,1.42500398,0.68528206,0.37714286,87-,0.55142857,2,8,0.171875
A,Qwen2.5-3B-Instruct,r11_trunk,NA,trunk,trunk,75,cd/490228,256,197,0,59,1.09247519,0.678793,0.06015038,56+,0.46867168,2,5,0.449219
A,Qwen2.5-3B-Instruct,r11_trunk,NA,trunk,trunk,75,cd/490227,256,214,1,41,1.3053851,0.81108137,0.15704388,43-,0.41339492,3,5,0.457031
A,Qwen2.5-3B-Instruct,r11_trunk,NA,trunk,trunk,75,cd/490225,256,222,3,31,0.72038928,0.44760302,0.6636971,91-,0.79064588,2,5,0.453125
A,Qwen2.5-3B-Instruct,r11_trunk,NA,trunk,trunk,75,cd/490221,256,201,1,54,0.60263692,0.37443937,0.77149877,79-,0.84766585,1,5,0.578125
A,Qwen2.5-3B-Instruct,r11_trunk,NA,trunk,trunk,75,cd/490219,256,152,0,104,1.19911149,0.74504986,0.22653722,94-,0.51456311,3,5,0.339844
A,Qwen2.5-3B-Instruct,r11_trunk,NA,trunk,trunk,75,cd/490217,256,184,0,72,0.51393256,0.46780158,0.60377358,74-,0.80053908,2,3,0.0
A,Qwen2.5-3B-Instruct,r11_trunk,NA,trunk,trunk,75,cd/490215,256,202,1,53,0.71794382,0.44608358,0.6992665,61-,0.80440098,2,5,0.609375
A,Qwen2.5-3B-Instruct,r11_trunk,NA,trunk,trunk,75,cd/490214,256,179,0,77,0.30079087,0.27379165,0.87534626,73-,0.92797784,1,3,0.753906
A,Qwen2.5-3B-Instruct,r11_trunk,NA,trunk,trunk,75,cd/490213,256,189,2,65,1.65704319,0.85155175,0.03636364,17-,0.27792208,4,7,0.082031
A,Qwen2.5-3B-Instruct,r11_trunk,NA,trunk,trunk,75,cd/490212,256,224,2,30,1.3069859,0.812076,0.24724062,49-,0.48344371,4,5,0.554688
A,Qwen2.5-3B-Instruct,r11_trunk,NA,trunk,trunk,75,cd/490211,256,214,0,42,0.76199616,0.47345483,0.61431871,79-,0.76443418,2,5,0.5
A,Qwen2.5-3B-Instruct,r11_trunk,NA,trunk,trunk,75,cd/490208,256,206,2,48,0.97165342,0.60372221,0.26858513,94-,0.59232614,2,5,0.453125
A,Qwen2.5-3B-Instruct,r11_trunk,NA,trunk,trunk,75,cd/490207,256,192,1,63,1.05378722,0.65475482,0.43187661,80-,0.63496144,2,5,0.441406
A,Qwen2.5-3B-Instruct,r11_trunk,NA,trunk,trunk,75,cd/490206,256,213,2,41,1.19463326,0.74226738,0.29698376,68-,0.55452436,2,5,0.199219
A,Qwen2.5-3B-Instruct,r11_trunk,NA,trunk,trunk,75,cd/490205,256,159,2,95,1.17277283,0.72868473,0.20433437,72-,0.51702786,2,5,0.320312
A,Qwen2.5-3B-Instruct,r11_trunk,NA,trunk,trunk,75,cd/490204,256,219,2,35,1.37246027,0.66001388,0.0896861,90-,0.43721973,2,8,0.097656
A,Qwen2.5-3B-Instruct,r11_trunk,NA,trunk,trunk,75,cd/490203,256,145,0,111,0.78165148,0.71148984,0.12286689,40+,0.54948805,2,3,0.503906
A,Qwen2.5-3B-Instruct,r11_trunk,NA,trunk,trunk,75,cd/490202,256,137,1,118,0.25062951,0.36158195,0.86231884,97-,0.93115942,1,2,0.015625
A,Qwen2.5-3B-Instruct,r11_trunk,NA,trunk,trunk,75,cd/490201,256,185,0,71,1.01081636,0.62805552,0.32533333,82-,0.60533333,2,5,0.519531
A,Qwen2.5-3B-Instruct,r11_trunk,NA,trunk,trunk,75,cd/490199,256,162,0,94,1.23369389,0.76653711,0.36474164,57-,0.556231,3,5,0.539062
A,Qwen2.5-3B-Instruct,r11_trunk,NA,trunk,trunk,100,cd/490363,256,240,3,13,1.33817376,0.64352555,0.25409836,83-,0.52254098,2,8,0.226562
A,Qwen2.5-3B-Instruct,r11_trunk,NA,trunk,trunk,100,cd/490361,256,202,0,54,0.19269267,0.17539643,0.93857494,98-,0.96068796,1,3,0.765625
A,Qwen2.5-3B-Instruct,r11_trunk,NA,trunk,trunk,100,cd/490360,256,107,2,147,1.39677862,0.71780222,0.28054299,73-,0.49321267,3,7,0.082031
A,Qwen2.5-3B-Instruct,r11_trunk,NA,trunk,trunk,100,cd/490357,256,232,0,24,0.93786294,0.58272701,0.58422175,89-,0.71002132,3,5,0.597656
A,Qwen2.5-3B-Instruct,r11_trunk,NA,trunk,trunk,100,cd/490356,256,187,1,68,0.88785437,0.49552096,0.55263158,79-,0.72368421,2,6,0.003906
A,Qwen2.5-3B-Instruct,r11_trunk,NA,trunk,trunk,100,cd/490354,256,225,3,28,1.45850646,0.63342131,0.13478261,72-,0.44130435,3,10,0.203125
A,Qwen2.5-3B-Instruct,r11_trunk,NA,trunk,trunk,100,cd/490353,256,205,0,51,0.68554991,0.42595611,0.53012048,62-,0.74939759,2,5,0.320312
A,Qwen2.5-3B-Instruct,r11_trunk,NA,trunk,trunk,100,cd/490352,256,57,4,195,0.75216385,0.46734568,0.70588235,57-,0.79831933,1,5,0.0
A,Qwen2.5-3B-Instruct,r11_trunk,NA,trunk,trunk,100,cd/490351,256,161,2,93,1.37546602,0.70684971,0.20668693,77+,0.46504559,3,7,0.277344
A,Qwen2.5-3B-Instruct,r11_trunk,NA,trunk,trunk,100,cd/490348,256,227,0,29,0.78498176,0.48773659,0.68409586,52-,0.77777778,1,5,0.078125
A,Qwen2.5-3B-Instruct,r11_trunk,NA,trunk,trunk,100,cd/490347,256,237,1,18,1.1618204,0.55871751,0.51037344,59-,0.65767635,2,8,0.257812
A,Qwen2.5-3B-Instruct,r11_trunk,NA,trunk,trunk,100,cd/490344,256,209,0,47,0.29133805,0.26518732,0.84085511,88-,0.9192399,1,3,0.738281
A,Qwen2.5-3B-Instruct,r11_trunk,NA,trunk,trunk,100,cd/490343,256,238,0,18,1.00089829,0.51435997,0.5300207,94-,0.69358178,2,7,0.117188
A,Qwen2.5-3B-Instruct,r11_trunk,NA,trunk,trunk,100,cd/490342,256,190,1,65,1.61084228,0.82780918,0.03100775,68-,0.28682171,4,7,0.109375
A,Qwen2.5-3B-Instruct,r11_trunk,NA,trunk,trunk,100,cd/490341,256,218,1,37,1.27877096,0.58199374,0.20224719,62-,0.51011236,2,9,0.101562
A,Qwen2.5-3B-Instruct,r11_trunk,NA,trunk,trunk,100,cd/490340,256,165,2,89,0.68776519,0.49611771,0.53892216,96-,0.75149701,2,4,0.125
A,Qwen2.5-3B-Instruct,r11_trunk,NA,trunk,trunk,100,cd/490339,256,188,1,67,1.30205886,0.80901466,0.07349081,45+,0.39632546,3,5,0.738281
A,Qwen2.5-3B-Instruct,r11_trunk,NA,trunk,trunk,100,cd/490338,256,234,1,21,1.06325423,0.5113172,0.58823529,92-,0.71218487,2,8,0.261719
A,Qwen2.5-3B-Instruct,r11_trunk,NA,trunk,trunk,100,cd/490337,256,236,1,19,1.0371903,0.64444257,0.41509434,79-,0.62683438,3,5,0.609375
A,Qwen2.5-3B-Instruct,r11_trunk,NA,trunk,trunk,100,cd/490335,256,195,2,59,1.46962592,0.75523832,0.10075567,65+,0.39546599,3,7,0.277344
A,Qwen2.5-3B-Instruct,r11_trunk,NA,trunk,trunk,100,cd/490334,256,183,0,73,0.90511536,0.56237979,0.45283019,46+,0.67654987,2,5,0.746094
A,Qwen2.5-3B-Instruct,r11_trunk,NA,trunk,trunk,100,cd/490333,256,66,1,189,0.90333162,0.82224787,0.26666667,55-,0.58518519,2,3,0.0
A,Qwen2.5-3B-Instruct,r11_trunk,NA,trunk,trunk,100,cd/490331,256,231,1,24,1.51976829,0.73085406,0.16170213,63-,0.44042553,3,8,0.320312
A,Qwen2.5-3B-Instruct,r11_trunk,NA,trunk,trunk,100,cd/490330,256,22,3,231,0.88531409,0.80584761,0.04255319,90*,0.4893617,2,3,0.003906
A,Qwen2.5-3B-Instruct,r11_trunk,NA,trunk,trunk,100,cd/490327,256,229,2,25,1.24628932,0.59933847,0.34334764,95-,0.58154506,2,8,0.230469
A,Qwen2.5-3B-Instruct,r11_trunk,NA,trunk,trunk,100,cd/490325,256,208,1,47,0.85719236,0.44050973,0.62411348,90-,0.75886525,2,7,0.046875
A,Qwen2.5-3B-Instruct,r11_trunk,NA,trunk,trunk,100,cd/490324,256,226,2,28,0.7162141,0.44500884,0.68271335,99-,0.79431072,2,5,0.515625
A,Qwen2.5-3B-Instruct,r11_trunk,NA,trunk,trunk,100,cd/490322,256,218,1,37,0.87374692,0.54288949,0.16326531,55-,0.5600907,2,5,0.449219
A,Qwen2.5-3B-Instruct,r11_trunk,NA,trunk,trunk,100,cd/490321,256,165,0,91,0.77919215,0.70925126,0.49249249,64-,0.70570571,2,3,0.0
A,Qwen2.5-3B-Instruct,r11_trunk,NA,trunk,trunk,100,cd/490320,256,43,1,212,0.67207939,0.9696056,0.20454545,36*,0.60227273,2,2,0.042969
A,Qwen2.5-3B-Instruct,r11_trunk,NA,trunk,trunk,100,cd/490317,256,232,2,22,0.86704363,0.53872449,0.63113006,47-,0.75266525,2,5,0.496094
A,Qwen2.5-3B-Instruct,r11_trunk,NA,trunk,trunk,100,cd/490316,256,206,2,48,0.99049502,0.61542916,0.36450839,26-,0.62110312,2,5,0.503906
A,Qwen2.5-3B-Instruct,r11_trunk,NA,trunk,trunk,100,cd/490315,256,227,0,29,0.91825458,0.57054365,0.58823529,87-,0.7254902,2,5,0.640625
A,Qwen2.5-3B-Instruct,r11_trunk,NA,trunk,trunk,100,cd/490313,256,234,0,22,0.77599844,0.48215494,0.62579281,98-,0.7589852,2,5,0.535156
A,Qwen2.5-3B-Instruct,r11_trunk,NA,trunk,trunk,100,cd/490312,256,207,1,48,0.32962263,0.30003545,0.85851319,90-,0.91846523,1,3,0.828125
A,Qwen2.5-3B-Instruct,r11_trunk,NA,trunk,trunk,100,cd/490309,256,226,0,30,1.13984417,0.45870704,0.45258621,96-,0.65301724,2,12,0.0
A,Qwen2.5-3B-Instruct,r11_trunk,NA,trunk,trunk,100,cd/490308,256,34,1,221,0.43490157,0.62743034,0.68571429,11*,0.84285714,2,2,0.085938
A,Qwen2.5-3B-Instruct,r11_trunk,NA,trunk,trunk,100,cd/490307,256,226,1,29,1.18332162,0.56905741,0.51304348,72-,0.64565217,3,8,0.332031
A,Qwen2.5-3B-Instruct,r11_trunk,NA,trunk,trunk,100,cd/490306,256,29,2,225,0.62433131,0.90071968,0.36666667,50-,0.68333333,2,2,0.0
A,Qwen2.5-3B-Instruct,r11_trunk,NA,trunk,trunk,100,cd/490305,256,24,0,232,0.09803911,0.14144054,0.96,15*,0.98,1,2,0.085938
A,Qwen2.5-3B-Instruct,r11_trunk,NA,trunk,trunk,100,cd/490304,256,60,9,187,0.51774631,0.471273,0.7804878,76-,0.85365854,1,3,0.0
A,Qwen2.5-3B-Instruct,r11_trunk,NA,trunk,trunk,100,cd/490303,256,212,1,43,1.79549243,0.86344934,0.02777778,68+,0.24305556,4,8,0.199219
A,Qwen2.5-3B-Instruct,r11_trunk,NA,trunk,trunk,100,cd/490297,256,181,1,74,0.92486314,0.84184671,0.0109589,30+,0.4630137,2,3,0.632812
A,Qwen2.5-3B-Instruct,r11_trunk,NA,trunk,trunk,100,cd/490296,256,216,2,38,1.21131326,0.58251854,0.32272727,99-,0.57954545,2,8,0.300781
A,Qwen2.5-3B-Instruct,r11_trunk,NA,trunk,trunk,100,cd/490292,256,166,0,90,1.26776206,0.55058207,0.25146199,44+,0.54093567,2,10,0.027344
A,Qwen2.5-3B-Instruct,r11_trunk,NA,trunk,trunk,100,cd/490290,256,206,1,49,1.15800763,0.7195106,0.0,40-,0.42925659,2,5,0.46875
A,Qwen2.5-3B-Instruct,r11_trunk,NA,trunk,trunk,100,cd/490288,256,77,0,179,1.09181237,0.60935209,0.5625,24*,0.68125,2,6,0.007812
A,Qwen2.5-3B-Instruct,r11_trunk,NA,trunk,trunk,100,cd/490287,256,238,0,18,1.03498458,0.64307208,0.39085239,97-,0.62993763,2,5,0.300781
A,Qwen2.5-3B-Instruct,r11_trunk,NA,trunk,trunk,100,cd/490283,256,214,1,41,0.64477899,0.40062371,0.77598152,91-,0.83833718,1,5,0.339844
A,Qwen2.5-3B-Instruct,r11_trunk,NA,trunk,trunk,100,cd/490282,256,219,0,37,0.91416604,0.56800329,0.38374718,78-,0.6523702,2,5,0.664062
A,Qwen2.5-3B-Instruct,r11_trunk,NA,trunk,trunk,100,cd/490281,256,185,0,71,0.72838171,0.452569,0.66666667,27-,0.78133333,2,5,0.613281
A,Qwen2.5-3B-Instruct,r11_trunk,NA,trunk,trunk,100,cd/490280,256,231,2,23,1.05802609,0.65738857,0.47965739,45-,0.64882227,2,5,0.5625
A,Qwen2.5-3B-Instruct,r11_trunk,NA,trunk,trunk,100,cd/490279,256,228,1,27,1.0072233,0.62582302,0.45119306,50-,0.64425163,3,5,0.460938
A,Qwen2.5-3B-Instruct,r11_trunk,NA,trunk,trunk,100,cd/490276,256,231,0,25,0.51045984,0.31716653,0.82655246,83-,0.88008565,1,5,0.65625
A,Qwen2.5-3B-Instruct,r11_trunk,NA,trunk,trunk,100,cd/490275,256,54,1,201,0.5127497,0.73974145,0.58181818,59-,0.79090909,2,2,0.007812
A,Qwen2.5-3B-Instruct,r11_trunk,NA,trunk,trunk,100,cd/490274,256,181,0,75,0.60299459,0.43496865,0.74863388,55-,0.83333333,1,4,0.0
A,Qwen2.5-3B-Instruct,r11_trunk,NA,trunk,trunk,100,cd/490271,256,226,1,29,0.89662335,0.55710341,0.56455142,95-,0.71115974,3,5,0.554688
A,Qwen2.5-3B-Instruct,r11_trunk,NA,trunk,trunk,100,cd/490270,256,143,2,111,0.68033679,0.98151851,0.15972222,88-,0.57986111,2,2,0.0
A,Qwen2.5-3B-Instruct,r11_trunk,NA,trunk,trunk,100,cd/490268,256,156,0,100,0.69376633,0.63149332,0.64126984,11+,0.77142857,2,3,0.539062
A,Qwen2.5-3B-Instruct,r11_trunk,NA,trunk,trunk,100,cd/490267,256,217,0,39,0.85139775,0.52900316,0.51936219,75-,0.70387244,2,5,0.511719
A,Qwen2.5-3B-Instruct,r11_trunk,NA,trunk,trunk,100,cd/490266,256,215,1,40,0.96905937,0.60211044,0.3862069,92-,0.63678161,2,5,0.0
A,Qwen2.5-3B-Instruct,r11_trunk,NA,trunk,trunk,100,cd/490264,256,30,2,224,0.86537951,0.78770237,0.41269841,34-,0.65079365,3,3,0.015625
A,Qwen2.5-3B-Instruct,r11_trunk,NA,trunk,trunk,100,cd/490263,256,240,1,15,1.62301581,0.78050562,0.32786885,32-,0.4692623,3,8,0.265625
A,Qwen2.5-3B-Instruct,r11_trunk,NA,trunk,trunk,100,cd/490262,256,82,0,174,0.6832974,0.6219641,0.47904192,32*,0.7245509,2,3,0.015625
A,Qwen2.5-3B-Instruct,r11_trunk,NA,trunk,trunk,100,cd/490261,256,226,2,28,0.83678823,0.51992576,0.60393873,60-,0.75054705,2,5,0.699219
A,Qwen2.5-3B-Instruct,r11_trunk,NA,trunk,trunk,100,cd/490260,256,171,2,83,0.67690821,0.6161484,0.54492754,67-,0.75072464,2,3,0.738281
A,Qwen2.5-3B-Instruct,r11_trunk,NA,trunk,trunk,100,cd/490259,256,166,2,88,0.26845359,0.24435699,0.87761194,74-,0.93432836,1,3,0.640625
A,Qwen2.5-3B-Instruct,r11_trunk,NA,trunk,trunk,100,cd/490258,256,222,5,29,1.04674471,0.5033778,0.65044248,84-,0.72787611,1,8,0.382812
A,Qwen2.5-3B-Instruct,r11_trunk,NA,trunk,trunk,100,cd/490256,256,237,1,18,0.98150763,0.60984498,0.60125261,79-,0.70772443,2,5,0.636719
A,Qwen2.5-3B-Instruct,r11_trunk,NA,trunk,trunk,100,cd/490254,256,28,2,226,0.92210246,0.83933383,0.06779661,90*,0.49152542,2,3,0.023438
A,Qwen2.5-3B-Instruct,r11_trunk,NA,trunk,trunk,100,cd/490249,256,224,0,32,0.90570144,0.46543847,0.66373626,96-,0.76263736,1,7,0.542969
A,Qwen2.5-3B-Instruct,r11_trunk,NA,trunk,trunk,100,cd/490248,256,164,2,90,0.66638789,0.9613945,0.23030303,54-,0.61515152,2,2,0.023438
A,Qwen2.5-3B-Instruct,r11_trunk,NA,trunk,trunk,100,cd/490246,256,237,0,19,0.95529309,0.59355697,0.6263048,52-,0.72442589,1,5,0.535156
A,Qwen2.5-3B-Instruct,r11_trunk,NA,trunk,trunk,100,cd/490245,256,237,1,18,1.3239526,0.63668662,0.40248963,93-,0.55394191,4,8,0.308594
A,Qwen2.5-3B-Instruct,r11_trunk,NA,trunk,trunk,100,cd/490243,256,239,0,17,0.92723831,0.57612555,0.55072464,72-,0.70186335,2,5,0.253906
A,Qwen2.5-3B-Instruct,r11_trunk,NA,trunk,trunk,100,cd/490241,256,237,0,19,0.8166793,0.50743138,0.6263048,98-,0.74947808,3,5,0.507812
A,Qwen2.5-3B-Instruct,r11_trunk,NA,trunk,trunk,100,cd/490240,256,221,1,34,0.77710828,0.48284452,0.59060403,85-,0.75391499,2,5,0.191406
A,Qwen2.5-3B-Instruct,r11_trunk,NA,trunk,trunk,100,cd/490239,256,65,0,191,0.29129878,0.26515157,0.85714286,27-,0.92481203,1,3,0.0
A,Qwen2.5-3B-Instruct,r11_trunk,NA,trunk,trunk,100,cd/490237,256,142,2,112,0.05823898,0.08402109,0.97902098,96-,0.98951049,1,2,0.011719
A,Qwen2.5-3B-Instruct,r11_trunk,NA,trunk,trunk,100,cd/490236,256,227,1,28,1.25584853,0.60393548,0.14285714,97-,0.49134199,2,8,0.394531
A,Qwen2.5-3B-Instruct,r11_trunk,NA,trunk,trunk,100,cd/490235,256,227,0,29,1.0133197,0.52074332,0.65075922,90-,0.72668113,1,7,0.199219
A,Qwen2.5-3B-Instruct,r11_trunk,NA,trunk,trunk,100,cd/490234,256,215,2,39,0.85877369,0.53358609,0.61149425,83-,0.73793103,2,5,0.5
A,Qwen2.5-3B-Instruct,r11_trunk,NA,trunk,trunk,100,cd/490233,256,217,0,39,0.72195024,0.44857291,0.72437358,92-,0.80865604,1,5,0.4375
A,Qwen2.5-3B-Instruct,r11_trunk,NA,trunk,trunk,100,cd/490232,256,144,0,112,0.04584109,0.04172636,0.98969072,88-,0.99312715,1,3,0.0
A,Qwen2.5-3B-Instruct,r11_trunk,NA,trunk,trunk,100,cd/490231,256,227,1,28,1.1551471,0.55550833,0.55411255,66-,0.67316017,2,8,0.28125
A,Qwen2.5-3B-Instruct,r11_trunk,NA,trunk,trunk,100,cd/490229,256,202,2,52,1.48640033,0.71480746,0.25242718,87-,0.4538835,3,8,0.253906
A,Qwen2.5-3B-Instruct,r11_trunk,NA,trunk,trunk,100,cd/490228,256,216,1,39,0.86244668,0.53586825,0.17391304,56+,0.56521739,2,5,0.492188
A,Qwen2.5-3B-Instruct,r11_trunk,NA,trunk,trunk,100,cd/490227,256,222,3,31,1.31108053,0.81462013,0.07572383,43-,0.37193764,3,5,0.492188
A,Qwen2.5-3B-Instruct,r11_trunk,NA,trunk,trunk,100,cd/490225,256,230,0,26,0.68990547,0.42866237,0.71827957,91-,0.81075269,1,5,0.570312
A,Qwen2.5-3B-Instruct,r11_trunk,NA,trunk,trunk,100,cd/490221,256,204,2,50,0.58504828,0.36351094,0.80387409,79-,0.85956416,1,5,0.679688
A,Qwen2.5-3B-Instruct,r11_trunk,NA,trunk,trunk,100,cd/490219,256,189,0,67,1.20812573,0.75065072,0.18798956,94-,0.49347258,3,5,0.464844
A,Qwen2.5-3B-Instruct,r11_trunk,NA,trunk,trunk,100,cd/490217,256,212,5,39,0.62029828,0.56461983,0.41217799,74-,0.70491803,2,3,0.003906
A,Qwen2.5-3B-Instruct,r11_trunk,NA,trunk,trunk,100,cd/490215,256,215,0,41,0.71798511,0.44610923,0.72183908,61-,0.80689655,1,5,0.640625
A,Qwen2.5-3B-Instruct,r11_trunk,NA,trunk,trunk,100,cd/490214,256,180,1,75,0.1204501,0.10963841,0.96418733,73-,0.97796143,1,3,0.84375
A,Qwen2.5-3B-Instruct,r11_trunk,NA,trunk,trunk,100,cd/490213,256,227,1,28,1.69089667,0.868949,0.06073753,44-,0.30151844,5,7,0.148438
A,Qwen2.5-3B-Instruct,r11_trunk,NA,trunk,trunk,100,cd/490212,256,236,3,17,1.20141881,0.74648348,0.22222222,49-,0.49266247,3,5,0.652344
A,Qwen2.5-3B-Instruct,r11_trunk,NA,trunk,trunk,100,cd/490211,256,215,0,41,0.7016275,0.43594568,0.72643678,79-,0.81609195,1,5,0.558594
A,Qwen2.5-3B-Instruct,r11_trunk,NA,trunk,trunk,100,cd/490208,256,222,1,33,0.8698036,0.54043936,0.44097996,94-,0.68374165,2,5,0.609375
A,Qwen2.5-3B-Instruct,r11_trunk,NA,trunk,trunk,100,cd/490207,256,196,0,60,1.12337318,0.697991,0.46851385,80-,0.61712846,4,5,0.558594
A,Qwen2.5-3B-Instruct,r11_trunk,NA,trunk,trunk,100,cd/490206,256,236,0,20,1.0115135,0.62848867,0.35220126,68-,0.61844864,2,5,0.304688
A,Qwen2.5-3B-Instruct,r11_trunk,NA,trunk,trunk,100,cd/490205,256,187,1,68,1.00338127,0.62343583,0.0,72-,0.45646438,2,5,0.492188
A,Qwen2.5-3B-Instruct,r11_trunk,NA,trunk,trunk,100,cd/490204,256,229,4,23,1.37603285,0.66173192,0.18025751,90-,0.47854077,2,8,0.160156
A,Qwen2.5-3B-Instruct,r11_trunk,NA,trunk,trunk,100,cd/490203,256,168,1,87,0.77295943,0.703578,0.1120944,38+,0.54572271,2,3,0.558594
A,Qwen2.5-3B-Instruct,r11_trunk,NA,trunk,trunk,100,cd/490202,256,157,2,97,0.10629973,0.15335809,0.9556962,97-,0.9778481,1,2,0.0
A,Qwen2.5-3B-Instruct,r11_trunk,NA,trunk,trunk,100,cd/490201,256,223,0,33,0.86624306,0.53822708,0.33259424,82-,0.63636364,2,5,0.6875
A,Qwen2.5-3B-Instruct,r11_trunk,NA,trunk,trunk,100,cd/490199,256,177,0,79,1.23682996,0.76848566,0.36211699,57-,0.54874652,3,5,0.695312
A,Qwen2.5-3B-Instruct,r11_trunk,NA,trunk,trunk,125,cd/490363,256,245,0,11,1.17393497,0.56454339,0.3935743,83-,0.59638554,3,8,0.414062
A,Qwen2.5-3B-Instruct,r11_trunk,NA,trunk,trunk,125,cd/490361,256,226,0,30,0.11278516,0.10266148,0.95824176,98-,0.97802198,1,3,0.683594
A,Qwen2.5-3B-Instruct,r11_trunk,NA,trunk,trunk,125,cd/490360,256,90,0,166,0.9188863,0.47221415,0.55614973,73-,0.72192513,2,7,0.132812
A,Qwen2.5-3B-Instruct,r11_trunk,NA,trunk,trunk,125,cd/490357,256,244,0,12,0.89313855,0.55493818,0.59634888,89-,0.72819473,2,5,0.847656
A,Qwen2.5-3B-Instruct,r11_trunk,NA,trunk,trunk,125,cd/490356,256,200,1,55,0.6703332,0.37412008,0.74384236,79-,0.83004926,1,6,0.0
A,Qwen2.5-3B-Instruct,r11_trunk,NA,trunk,trunk,125,cd/490354,256,248,2,6,1.20176195,0.52191858,0.28853755,72-,0.53952569,3,10,0.480469
A,Qwen2.5-3B-Instruct,r11_trunk,NA,trunk,trunk,125,cd/490353,256,207,0,49,0.56303197,0.34983143,0.67303103,62-,0.82338902,2,5,0.703125
A,Qwen2.5-3B-Instruct,r11_trunk,NA,trunk,trunk,125,cd/490352,256,37,1,218,0.93312338,0.57978215,0.58227848,57-,0.72151899,2,5,0.0
A,Qwen2.5-3B-Instruct,r11_trunk,NA,trunk,trunk,125,cd/490351,256,160,0,96,0.96818389,0.4975481,0.49541284,77+,0.68807339,2,7,0.453125
A,Qwen2.5-3B-Instruct,r11_trunk,NA,trunk,trunk,125,cd/490348,256,248,0,8,0.5533808,0.34383482,0.81437126,52-,0.86826347,1,5,0.15625
A,Qwen2.5-3B-Instruct,r11_trunk,NA,trunk,trunk,125,cd/490347,256,245,2,9,1.09393738,0.52607268,0.56626506,59-,0.68072289,3,8,0.292969
A,Qwen2.5-3B-Instruct,r11_trunk,NA,trunk,trunk,125,cd/490344,256,228,0,28,0.33605747,0.30589269,0.80174292,88-,0.89978214,1,3,0.777344
A,Qwen2.5-3B-Instruct,r11_trunk,NA,trunk,trunk,125,cd/490343,256,228,0,28,0.77664982,0.39911906,0.7300216,94-,0.80561555,1,7,0.082031
A,Qwen2.5-3B-Instruct,r11_trunk,NA,trunk,trunk,125,cd/490342,256,204,0,52,1.50815043,0.77503601,0.00963855,68-,0.28192771,4,7,0.261719
A,Qwen2.5-3B-Instruct,r11_trunk,NA,trunk,trunk,125,cd/490341,256,240,2,14,1.43809022,0.65450307,0.13496933,62-,0.42331288,3,9,0.273438
A,Qwen2.5-3B-Instruct,r11_trunk,NA,trunk,trunk,125,cd/490340,256,184,3,69,0.47092457,0.33970027,0.7311828,96-,0.85752688,2,4,0.089844
A,Qwen2.5-3B-Instruct,r11_trunk,NA,trunk,trunk,125,cd/490339,256,212,0,44,0.84800503,0.52689515,0.58275058,45+,0.72494172,3,5,0.871094
A,Qwen2.5-3B-Instruct,r11_trunk,NA,trunk,trunk,125,cd/490338,256,238,1,17,0.75907378,0.36503733,0.52066116,92-,0.73760331,2,8,0.445312
A,Qwen2.5-3B-Instruct,r11_trunk,NA,trunk,trunk,125,cd/490337,256,246,0,10,0.850167,0.52823846,0.50301811,79-,0.71026157,2,5,0.847656
A,Qwen2.5-3B-Instruct,r11_trunk,NA,trunk,trunk,125,cd/490335,256,234,0,22,1.18938602,0.6112235,0.35789474,65+,0.59578947,2,7,0.515625
A,Qwen2.5-3B-Instruct,r11_trunk,NA,trunk,trunk,125,cd/490334,256,203,0,53,0.75895684,0.4715664,0.45742092,46+,0.7080292,2,5,0.894531
A,Qwen2.5-3B-Instruct,r11_trunk,NA,trunk,trunk,125,cd/490333,256,48,1,207,0.80266618,0.73061824,0.1010101,82+,0.53535354,2,3,0.0
A,Qwen2.5-3B-Instruct,r11_trunk,NA,trunk,trunk,125,cd/490331,256,244,1,11,1.37697607,0.66218552,0.22177419,63-,0.4858871,3,8,0.402344
A,Qwen2.5-3B-Instruct,r11_trunk,NA,trunk,trunk,125,cd/490330,256,19,0,237,0.89904926,0.81834991,0.09756098,85-,0.51219512,2,3,0.0
A,Qwen2.5-3B-Instruct,r11_trunk,NA,trunk,trunk,125,cd/490327,256,243,2,11,1.10971972,0.53366238,0.38461538,95-,0.61740891,2,8,0.414062
A,Qwen2.5-3B-Instruct,r11_trunk,NA,trunk,trunk,125,cd/490325,256,191,2,63,0.74334762,0.38200511,0.73007712,90-,0.80976864,1,7,0.125
A,Qwen2.5-3B-Instruct,r11_trunk,NA,trunk,trunk,125,cd/490324,256,229,0,27,0.66573244,0.41364282,0.66090713,99-,0.8012959,2,5,0.847656
A,Qwen2.5-3B-Instruct,r11_trunk,NA,trunk,trunk,125,cd/490322,256,245,0,11,0.92999883,0.57784076,0.04040404,55+,0.49090909,2,5,0.714844
A,Qwen2.5-3B-Instruct,r11_trunk,NA,trunk,trunk,125,cd/490321,256,168,0,88,0.6430522,0.58533134,0.57817109,64-,0.7699115,2,3,0.0
A,Qwen2.5-3B-Instruct,r11_trunk,NA,trunk,trunk,125,cd/490320,256,40,0,216,0.51038023,0.73632303,0.58536585,36*,0.79268293,2,2,0.089844
A,Qwen2.5-3B-Instruct,r11_trunk,NA,trunk,trunk,125,cd/490317,256,236,1,19,0.69841171,0.43394759,0.70020964,47-,0.79874214,1,5,0.71875
A,Qwen2.5-3B-Instruct,r11_trunk,NA,trunk,trunk,125,cd/490316,256,214,0,42,0.87413694,0.54313182,0.37413395,26-,0.64896074,2,5,0.71875
A,Qwen2.5-3B-Instruct,r11_trunk,NA,trunk,trunk,125,cd/490315,256,243,0,13,0.59290084,0.36839001,0.67617108,87-,0.82077393,2,5,0.921875
A,Qwen2.5-3B-Instruct,r11_trunk,NA,trunk,trunk,125,cd/490313,256,243,0,13,0.75390063,0.4684248,0.48879837,98-,0.71894094,2,5,0.855469
A,Qwen2.5-3B-Instruct,r11_trunk,NA,trunk,trunk,125,cd/490312,256,216,0,40,0.37736785,0.34349502,0.76321839,90-,0.88045977,2,3,0.835938
A,Qwen2.5-3B-Instruct,r11_trunk,NA,trunk,trunk,125,cd/490309,256,233,0,23,0.98910782,0.39804627,0.50627615,96-,0.68410042,3,12,0.0
A,Qwen2.5-3B-Instruct,r11_trunk,NA,trunk,trunk,125,cd/490308,256,22,1,233,0.4264615,0.61525389,0.69565217,11*,0.84782609,2,2,0.222656
A,Qwen2.5-3B-Instruct,r11_trunk,NA,trunk,trunk,125,cd/490307,256,233,3,20,0.85622005,0.41175481,0.54008439,72-,0.73206751,2,8,0.496094
A,Qwen2.5-3B-Instruct,r11_trunk,NA,trunk,trunk,125,cd/490306,256,18,0,238,0.27619092,0.39845927,0.84210526,50-,0.92105263,1,2,0.0
A,Qwen2.5-3B-Instruct,r11_trunk,NA,trunk,trunk,125,cd/490305,256,24,1,231,0.32508297,0.46899559,0.8,15*,0.9,2,2,0.269531
A,Qwen2.5-3B-Instruct,r11_trunk,NA,trunk,trunk,125,cd/490304,256,37,4,215,0.60016607,0.5462947,0.72727273,76-,0.81818182,1,3,0.0
A,Qwen2.5-3B-Instruct,r11_trunk,NA,trunk,trunk,125,cd/490303,256,221,1,34,1.48518479,0.71422291,0.24444444,68+,0.42888889,4,8,0.332031
A,Qwen2.5-3B-Instruct,r11_trunk,NA,trunk,trunk,125,cd/490297,256,209,1,46,0.71178996,0.64789914,0.27078385,30+,0.62945368,2,3,0.777344
A,Qwen2.5-3B-Instruct,r11_trunk,NA,trunk,trunk,125,cd/490296,256,239,0,17,1.04966197,0.5047807,0.44855967,99-,0.64403292,3,8,0.464844
A,Qwen2.5-3B-Instruct,r11_trunk,NA,trunk,trunk,125,cd/490292,256,190,0,66,1.02211923,0.44390074,0.14358974,44+,0.53076923,2,10,0.054688
A,Qwen2.5-3B-Instruct,r11_trunk,NA,trunk,trunk,125,cd/490290,256,208,0,48,0.94898317,0.5896364,0.02375297,40+,0.47743468,2,5,0.667969
A,Qwen2.5-3B-Instruct,r11_trunk,NA,trunk,trunk,125,cd/490288,256,77,1,178,0.59733495,0.33337898,0.75,24*,0.84375,1,6,0.015625
A,Qwen2.5-3B-Instruct,r11_trunk,NA,trunk,trunk,125,cd/490287,256,237,2,17,0.82738803,0.51408509,0.61795407,97-,0.74947808,2,5,0.496094
A,Qwen2.5-3B-Instruct,r11_trunk,NA,trunk,trunk,125,cd/490283,256,216,1,39,0.36049454,0.22398785,0.90160183,91-,0.92677346,1,5,0.539062
A,Qwen2.5-3B-Instruct,r11_trunk,NA,trunk,trunk,125,cd/490282,256,237,1,18,0.87901102,0.54616026,0.11273486,78-,0.53235908,2,5,0.847656
A,Qwen2.5-3B-Instruct,r11_trunk,NA,trunk,trunk,125,cd/490281,256,198,0,58,0.55547667,0.34513706,0.72817955,27-,0.840399,2,5,0.886719
A,Qwen2.5-3B-Instruct,r11_trunk,NA,trunk,trunk,125,cd/490280,256,248,1,7,0.8473939,0.52651543,0.57884232,45-,0.74051896,2,5,0.78125
A,Qwen2.5-3B-Instruct,r11_trunk,NA,trunk,trunk,125,cd/490279,256,233,1,22,0.88069068,0.54720389,0.55626327,50-,0.70700637,3,5,0.703125
A,Qwen2.5-3B-Instruct,r11_trunk,NA,trunk,trunk,125,cd/490276,256,248,0,8,0.49971332,0.31048934,0.74251497,83-,0.85628743,2,5,0.882812
A,Qwen2.5-3B-Instruct,r11_trunk,NA,trunk,trunk,125,cd/490275,256,51,0,205,0.19281345,0.27817101,0.90384615,59-,0.95192308,1,2,0.007812
A,Qwen2.5-3B-Instruct,r11_trunk,NA,trunk,trunk,125,cd/490274,256,186,0,70,0.29415839,0.21219043,0.88829787,55-,0.93351064,1,4,0.0
A,Qwen2.5-3B-Instruct,r11_trunk,NA,trunk,trunk,125,cd/490271,256,245,1,10,0.96973493,0.60253019,0.50909091,95-,0.66868687,3,5,0.84375
A,Qwen2.5-3B-Instruct,r11_trunk,NA,trunk,trunk,125,cd/490270,256,180,1,75,0.58669014,0.84641495,0.45303867,88-,0.72651934,2,2,0.0
A,Qwen2.5-3B-Instruct,r11_trunk,NA,trunk,trunk,125,cd/490268,256,201,0,55,0.57532033,0.52367913,0.6962963,11+,0.82222222,2,3,0.652344
A,Qwen2.5-3B-Instruct,r11_trunk,NA,trunk,trunk,125,cd/490267,256,236,0,20,0.76522499,0.47546102,0.46960168,75-,0.71069182,2,5,0.8125
A,Qwen2.5-3B-Instruct,r11_trunk,NA,trunk,trunk,125,cd/490266,256,222,4,30,0.84721453,0.52640398,0.54342984,92-,0.71046771,3,5,0.0
A,Qwen2.5-3B-Instruct,r11_trunk,NA,trunk,trunk,125,cd/490264,256,20,1,235,0.36178753,0.3293132,0.8372093,34-,0.90697674,1,3,0.003906
A,Qwen2.5-3B-Instruct,r11_trunk,NA,trunk,trunk,125,cd/490263,256,245,0,11,1.46255243,0.70333905,0.4497992,32-,0.56827309,3,8,0.382812
A,Qwen2.5-3B-Instruct,r11_trunk,NA,trunk,trunk,125,cd/490262,256,92,1,163,0.64132166,0.58375613,0.48128342,32*,0.73262032,2,3,0.042969
A,Qwen2.5-3B-Instruct,r11_trunk,NA,trunk,trunk,125,cd/490261,256,246,0,10,0.70433374,0.43762716,0.74849095,60-,0.81891348,1,5,0.890625
A,Qwen2.5-3B-Instruct,r11_trunk,NA,trunk,trunk,125,cd/490260,256,182,3,71,0.71160686,0.64773247,0.51771117,67-,0.73297003,2,3,0.738281
A,Qwen2.5-3B-Instruct,r11_trunk,NA,trunk,trunk,125,cd/490259,256,198,0,58,0.30255525,0.27539766,0.89223058,74-,0.92982456,1,3,0.667969
A,Qwen2.5-3B-Instruct,r11_trunk,NA,trunk,trunk,125,cd/490258,256,229,1,26,0.85126772,0.40937324,0.63948498,84-,0.76609442,2,8,0.652344
A,Qwen2.5-3B-Instruct,r11_trunk,NA,trunk,trunk,125,cd/490256,256,246,1,9,0.8567219,0.53231125,0.64788732,79-,0.75855131,2,5,0.863281
A,Qwen2.5-3B-Instruct,r11_trunk,NA,trunk,trunk,125,cd/490254,256,15,1,240,0.75978577,0.69158681,0.3030303,90*,0.63636364,2,3,0.035156
A,Qwen2.5-3B-Instruct,r11_trunk,NA,trunk,trunk,125,cd/490249,256,242,0,14,0.81616944,0.41942812,0.57841141,96-,0.74338086,2,7,0.703125
A,Qwen2.5-3B-Instruct,r11_trunk,NA,trunk,trunk,125,cd/490248,256,182,0,74,0.66121332,0.95392917,0.25136612,54-,0.62568306,2,2,0.007812
A,Qwen2.5-3B-Instruct,r11_trunk,NA,trunk,trunk,125,cd/490246,256,247,0,9,0.80702533,0.50143303,0.6252505,52-,0.75150301,2,5,0.820312
A,Qwen2.5-3B-Instruct,r11_trunk,NA,trunk,trunk,125,cd/490245,256,241,2,13,1.12058214,0.5388861,0.44489796,93-,0.63877551,2,8,0.488281
A,Qwen2.5-3B-Instruct,r11_trunk,NA,trunk,trunk,125,cd/490243,256,244,1,11,0.72761609,0.45209329,0.69776876,72-,0.80121704,2,5,0.269531
A,Qwen2.5-3B-Instruct,r11_trunk,NA,trunk,trunk,125,cd/490241,256,246,0,10,0.63044065,0.3917148,0.6277666,98-,0.79476861,2,5,0.828125
A,Qwen2.5-3B-Instruct,r11_trunk,NA,trunk,trunk,125,cd/490240,256,227,0,29,0.56074007,0.3484074,0.77995643,85-,0.85620915,1,5,0.347656
A,Qwen2.5-3B-Instruct,r11_trunk,NA,trunk,trunk,125,cd/490239,256,55,1,200,0.43898472,0.39958111,0.77876106,27-,0.87610619,1,3,0.003906
A,Qwen2.5-3B-Instruct,r11_trunk,NA,trunk,trunk,125,cd/490237,256,181,4,71,0.04775612,0.06889752,0.98351648,96-,0.99175824,1,2,0.015625
A,Qwen2.5-3B-Instruct,r11_trunk,NA,trunk,trunk,125,cd/490236,256,233,6,17,1.04563985,0.50284647,0.44303797,97-,0.65189873,2,8,0.660156
A,Qwen2.5-3B-Instruct,r11_trunk,NA,trunk,trunk,125,cd/490235,256,236,0,20,0.84302255,0.43322789,0.6388309,90-,0.76617954,2,7,0.3125
A,Qwen2.5-3B-Instruct,r11_trunk,NA,trunk,trunk,125,cd/490234,256,242,0,14,0.73919307,0.45928648,0.49897751,83-,0.72597137,2,5,0.859375
A,Qwen2.5-3B-Instruct,r11_trunk,NA,trunk,trunk,125,cd/490233,256,230,1,25,0.73199528,0.45481424,0.55913978,92-,0.75483871,2,5,0.769531
A,Qwen2.5-3B-Instruct,r11_trunk,NA,trunk,trunk,125,cd/490232,256,175,4,77,0.03888742,0.03539686,0.99150142,88-,0.99433428,1,3,0.0
A,Qwen2.5-3B-Instruct,r11_trunk,NA,trunk,trunk,125,cd/490231,256,240,0,16,0.87224367,0.41946054,0.52459016,66-,0.72336066,2,8,0.460938
A,Qwen2.5-3B-Instruct,r11_trunk,NA,trunk,trunk,125,cd/490229,256,228,0,28,1.31297117,0.63140566,0.17672414,87-,0.46336207,3,8,0.433594
A,Qwen2.5-3B-Instruct,r11_trunk,NA,trunk,trunk,125,cd/490228,256,229,0,27,0.72851686,0.45265298,0.42332613,56+,0.69762419,2,5,0.773438
A,Qwen2.5-3B-Instruct,r11_trunk,NA,trunk,trunk,125,cd/490227,256,245,0,11,1.19730327,0.74392635,0.03636364,43+,0.36565657,3,5,0.769531
A,Qwen2.5-3B-Instruct,r11_trunk,NA,trunk,trunk,125,cd/490225,256,241,0,15,0.64356862,0.39987166,0.64887064,91-,0.79876797,2,5,0.878906
A,Qwen2.5-3B-Instruct,r11_trunk,NA,trunk,trunk,125,cd/490221,256,236,0,20,0.62455524,0.38805799,0.75052411,79-,0.83647799,1,5,0.824219
A,Qwen2.5-3B-Instruct,r11_trunk,NA,trunk,trunk,125,cd/490219,256,212,0,44,0.91421478,0.56803358,0.18181818,94-,0.56177156,2,5,0.648438
A,Qwen2.5-3B-Instruct,r11_trunk,NA,trunk,trunk,125,cd/490217,256,224,0,32,0.68060857,0.61951662,0.3059867,74-,0.64966741,2,3,0.0
A,Qwen2.5-3B-Instruct,r11_trunk,NA,trunk,trunk,125,cd/490215,256,243,0,13,0.5991481,0.37227164,0.74949084,61-,0.84114053,1,5,0.773438
A,Qwen2.5-3B-Instruct,r11_trunk,NA,trunk,trunk,125,cd/490214,256,213,0,43,0.14661889,0.13345826,0.95571096,73-,0.97202797,1,3,0.964844
A,Qwen2.5-3B-Instruct,r11_trunk,NA,trunk,trunk,125,cd/490213,256,245,0,11,1.55967813,0.80151601,0.08853119,44-,0.36820926,4,7,0.320312
A,Qwen2.5-3B-Instruct,r11_trunk,NA,trunk,trunk,125,cd/490212,256,244,0,12,1.07742602,0.66944243,0.26774848,49+,0.55375254,3,5,0.871094
A,Qwen2.5-3B-Instruct,r11_trunk,NA,trunk,trunk,125,cd/490211,256,240,0,16,0.65517281,0.40708175,0.6185567,79-,0.78969072,2,5,0.847656
A,Qwen2.5-3B-Instruct,r11_trunk,NA,trunk,trunk,125,cd/490208,256,207,1,48,0.83284603,0.51747633,0.30071599,94-,0.62768496,2,5,0.867188
A,Qwen2.5-3B-Instruct,r11_trunk,NA,trunk,trunk,125,cd/490207,256,200,0,56,1.09025283,0.67741217,0.34567901,80-,0.57037037,3,5,0.828125
A,Qwen2.5-3B-Instruct,r11_trunk,NA,trunk,trunk,125,cd/490206,256,238,1,17,1.00986057,0.62746165,0.4989605,68-,0.66320166,3,5,0.625
A,Qwen2.5-3B-Instruct,r11_trunk,NA,trunk,trunk,125,cd/490205,256,213,1,42,0.81189822,0.50446073,0.23201856,72+,0.60092807,2,5,0.808594
A,Qwen2.5-3B-Instruct,r11_trunk,NA,trunk,trunk,125,cd/490204,256,238,1,17,1.29813097,0.62426904,0.28099174,90-,0.53099174,3,8,0.214844
A,Qwen2.5-3B-Instruct,r11_trunk,NA,trunk,trunk,125,cd/490203,256,188,0,68,0.7060415,0.64266667,0.08443272,38+,0.5408971,2,3,0.707031
A,Qwen2.5-3B-Instruct,r11_trunk,NA,trunk,trunk,125,cd/490202,256,180,3,73,0.04797412,0.06921202,0.98342541,97-,0.99171271,1,2,0.0
A,Qwen2.5-3B-Instruct,r11_trunk,NA,trunk,trunk,125,cd/490201,256,238,0,18,0.82277842,0.51122098,0.14137214,82-,0.55509356,2,5,0.917969
A,Qwen2.5-3B-Instruct,r11_trunk,NA,trunk,trunk,125,cd/490199,256,188,0,68,1.13793469,0.70703858,0.28346457,57-,0.54330709,3,5,0.9375
A,Qwen2.5-3B-Instruct,r11_trunk,NA,trunk,trunk,150,cd/490363,256,255,0,1,0.85107205,0.40927914,0.67181467,83-,0.76254826,1,8,0.613281
A,Qwen2.5-3B-Instruct,r11_trunk,NA,trunk,trunk,150,cd/490361,256,222,0,34,0.05614418,0.05110463,0.98434004,98-,0.99105145,1,3,0.714844
A,Qwen2.5-3B-Instruct,r11_trunk,NA,trunk,trunk,150,cd/490360,256,85,1,170,0.96101799,0.49386555,0.11299435,73-,0.52542373,2,7,0.304688
A,Qwen2.5-3B-Instruct,r11_trunk,NA,trunk,trunk,150,cd/490357,256,254,0,2,0.5297797,0.32917064,0.81091618,89-,0.87134503,1,5,0.953125
A,Qwen2.5-3B-Instruct,r11_trunk,NA,trunk,trunk,150,cd/490356,256,206,1,49,0.34207633,0.19091643,0.89473684,79-,0.93062201,1,6,0.003906
A,Qwen2.5-3B-Instruct,r11_trunk,NA,trunk,trunk,150,cd/490354,256,255,0,1,0.86717371,0.37660876,0.6,72-,0.73653846,3,10,0.699219
A,Qwen2.5-3B-Instruct,r11_trunk,NA,trunk,trunk,150,cd/490353,256,225,0,31,0.16063668,0.09980918,0.94505495,62-,0.96923077,1,5,0.941406
A,Qwen2.5-3B-Instruct,r11_trunk,NA,trunk,trunk,150,cd/490352,256,20,0,236,0.55833491,0.34691299,0.8,57-,0.86666667,1,5,0.0
A,Qwen2.5-3B-Instruct,r11_trunk,NA,trunk,trunk,150,cd/490351,256,210,1,45,0.43269999,0.22236381,0.78220141,77+,0.88290398,2,7,0.691406
A,Qwen2.5-3B-Instruct,r11_trunk,NA,trunk,trunk,150,cd/490348,256,251,0,5,0.29094033,0.18077139,0.9112426,52-,0.9408284,1,5,0.359375
A,Qwen2.5-3B-Instruct,r11_trunk,NA,trunk,trunk,150,cd/490347,256,254,0,2,0.935051,0.44966448,0.68217054,59-,0.75775194,1,8,0.40625
A,Qwen2.5-3B-Instruct,r11_trunk,NA,trunk,trunk,150,cd/490344,256,242,0,14,0.19240711,0.1751365,0.91170431,88-,0.95482546,1,3,0.785156
A,Qwen2.5-3B-Instruct,r11_trunk,NA,trunk,trunk,150,cd/490343,256,242,1,13,0.38360294,0.19713291,0.89613035,94-,0.92260692,1,7,0.117188
A,Qwen2.5-3B-Instruct,r11_trunk,NA,trunk,trunk,150,cd/490342,256,213,0,43,1.32044797,0.67857602,0.09699769,68+,0.41339492,4,7,0.421875
A,Qwen2.5-3B-Instruct,r11_trunk,NA,trunk,trunk,150,cd/490341,256,252,1,3,1.10716678,0.50389332,0.26120858,62-,0.55555556,3,9,0.554688
A,Qwen2.5-3B-Instruct,r11_trunk,NA,trunk,trunk,150,cd/490340,256,214,0,42,0.21290209,0.15357639,0.90740741,96-,0.95138889,1,4,0.085938
A,Qwen2.5-3B-Instruct,r11_trunk,NA,trunk,trunk,150,cd/490339,256,226,0,30,0.50482582,0.31366592,0.79649891,45+,0.87308534,1,5,0.964844
A,Qwen2.5-3B-Instruct,r11_trunk,NA,trunk,trunk,150,cd/490338,256,253,0,3,0.57389608,0.27598567,0.6614786,92-,0.81906615,2,8,0.652344
A,Qwen2.5-3B-Instruct,r11_trunk,NA,trunk,trunk,150,cd/490337,256,253,0,3,0.6375072,0.3961055,0.63405088,79-,0.7964775,2,5,0.9375
A,Qwen2.5-3B-Instruct,r11_trunk,NA,trunk,trunk,150,cd/490335,256,248,1,7,0.86440081,0.44421415,0.40159046,65+,0.66998012,2,7,0.800781
A,Qwen2.5-3B-Instruct,r11_trunk,NA,trunk,trunk,150,cd/490334,256,214,0,42,0.67894959,0.4218551,0.3926097,46+,0.69053118,2,5,0.964844
A,Qwen2.5-3B-Instruct,r11_trunk,NA,trunk,trunk,150,cd/490333,256,34,0,222,0.69826714,0.63559014,0.33802817,55-,0.66197183,2,3,0.0
A,Qwen2.5-3B-Instruct,r11_trunk,NA,trunk,trunk,150,cd/490331,256,254,0,2,1.04610967,0.50307241,0.41860465,63-,0.64534884,2,8,0.402344
A,Qwen2.5-3B-Instruct,r11_trunk,NA,trunk,trunk,150,cd/490330,256,7,0,249,0.86871968,0.79074273,0.11764706,90*,0.52941176,2,3,0.015625
A,Qwen2.5-3B-Instruct,r11_trunk,NA,trunk,trunk,150,cd/490327,256,253,0,3,0.80453076,0.38689751,0.59533074,95-,0.75680934,2,8,0.578125
A,Qwen2.5-3B-Instruct,r11_trunk,NA,trunk,trunk,150,cd/490325,256,235,1,20,0.63184832,0.3247058,0.71698113,90-,0.82389937,2,7,0.296875
A,Qwen2.5-3B-Instruct,r11_trunk,NA,trunk,trunk,150,cd/490324,256,245,0,11,0.40088625,0.24908463,0.7959596,99-,0.89090909,1,5,0.976562
A,Qwen2.5-3B-Instruct,r11_trunk,NA,trunk,trunk,150,cd/490322,256,252,0,4,0.74910522,0.46544524,0.0589391,55+,0.52455796,2,5,0.925781
A,Qwen2.5-3B-Instruct,r11_trunk,NA,trunk,trunk,150,cd/490321,256,215,0,41,0.38010362,0.34598523,0.81755196,64-,0.89838337,1,3,0.0
A,Qwen2.5-3B-Instruct,r11_trunk,NA,trunk,trunk,150,cd/490320,256,29,0,227,0.59607403,0.85995305,0.43333333,36*,0.71666667,2,2,0.121094
A,Qwen2.5-3B-Instruct,r11_trunk,NA,trunk,trunk,150,cd/490317,256,252,0,4,0.36671964,0.22785573,0.86051081,47-,0.91355599,1,5,0.910156
A,Qwen2.5-3B-Instruct,r11_trunk,NA,trunk,trunk,150,cd/490316,256,232,0,24,0.66223207,0.41146792,0.52025586,26-,0.74840085,2,5,0.851562
A,Qwen2.5-3B-Instruct,r11_trunk,NA,trunk,trunk,150,cd/490315,256,248,0,8,0.28560382,0.17745563,0.86227545,87-,0.92814371,1,5,0.914062
A,Qwen2.5-3B-Instruct,r11_trunk,NA,trunk,trunk,150,cd/490313,256,255,0,1,0.50594634,0.31436214,0.73009709,98-,0.85242718,2,5,0.933594
A,Qwen2.5-3B-Instruct,r11_trunk,NA,trunk,trunk,150,cd/490312,256,239,0,17,0.28593926,0.26027313,0.84407484,90-,0.92099792,1,3,0.898438
A,Qwen2.5-3B-Instruct,r11_trunk,NA,trunk,trunk,150,cd/490309,256,239,0,17,0.81200477,0.32677476,0.66530612,96-,0.77755102,2,12,0.003906
A,Qwen2.5-3B-Instruct,r11_trunk,NA,trunk,trunk,150,cd/490308,256,9,0,247,0.19851524,0.28639696,0.9,11*,0.95,1,2,0.441406
A,Qwen2.5-3B-Instruct,r11_trunk,NA,trunk,trunk,150,cd/490307,256,250,0,6,0.61801617,0.29720295,0.69291339,72-,0.82480315,2,8,0.640625
A,Qwen2.5-3B-Instruct,r11_trunk,NA,trunk,trunk,150,cd/490306,256,5,0,251,0.28683598,0.41381685,0.83333333,50-,0.91666667,1,2,0.0
A,Qwen2.5-3B-Instruct,r11_trunk,NA,trunk,trunk,150,cd/490305,256,12,1,243,0.16302363,0.23519338,0.92307692,15*,0.96153846,1,2,0.5
A,Qwen2.5-3B-Instruct,r11_trunk,NA,trunk,trunk,150,cd/490304,256,25,4,227,0.40417631,0.36789713,0.79245283,76-,0.88679245,1,3,0.0
A,Qwen2.5-3B-Instruct,r11_trunk,NA,trunk,trunk,150,cd/490303,256,240,1,15,1.08896562,0.52368177,0.54508197,68+,0.66188525,3,8,0.449219
A,Qwen2.5-3B-Instruct,r11_trunk,NA,trunk,trunk,150,cd/490297,256,226,0,30,0.59830907,0.54460439,0.4967033,30+,0.74505495,2,3,0.914062
A,Qwen2.5-3B-Instruct,r11_trunk,NA,trunk,trunk,150,cd/490296,256,253,0,3,0.7270492,0.34963676,0.72373541,99-,0.81128405,1,8,0.710938
A,Qwen2.5-3B-Instruct,r11_trunk,NA,trunk,trunk,150,cd/490292,256,202,0,54,1.07414344,0.46649457,0.4589372,44+,0.64975845,2,10,0.105469
A,Qwen2.5-3B-Instruct,r11_trunk,NA,trunk,trunk,150,cd/490290,256,232,0,24,0.74502521,0.46291019,0.44776119,40-,0.70575693,2,5,0.863281
A,Qwen2.5-3B-Instruct,r11_trunk,NA,trunk,trunk,150,cd/490288,256,101,0,155,0.19686441,0.10987212,0.95192308,24*,0.96634615,1,6,0.0
A,Qwen2.5-3B-Instruct,r11_trunk,NA,trunk,trunk,150,cd/490287,256,250,0,6,0.68647258,0.42652939,0.57425743,97-,0.76237624,2,5,0.800781
A,Qwen2.5-3B-Instruct,r11_trunk,NA,trunk,trunk,150,cd/490283,256,235,0,21,0.37158927,0.23088139,0.86315789,91-,0.91578947,1,5,0.742188
A,Qwen2.5-3B-Instruct,r11_trunk,NA,trunk,trunk,150,cd/490282,256,245,0,11,0.86718068,0.53880965,0.04444444,78+,0.5030303,2,5,0.980469
A,Qwen2.5-3B-Instruct,r11_trunk,NA,trunk,trunk,150,cd/490281,256,223,0,33,0.34345219,0.21339885,0.83370288,27-,0.9113082,1,5,0.898438
A,Qwen2.5-3B-Instruct,r11_trunk,NA,trunk,trunk,150,cd/490280,256,251,0,5,0.5382827,0.33445385,0.77317554,45-,0.86193294,1,5,0.878906
A,Qwen2.5-3B-Instruct,r11_trunk,NA,trunk,trunk,150,cd/490279,256,241,0,15,0.65060152,0.40424145,0.6899384,50-,0.80698152,2,5,0.867188
A,Qwen2.5-3B-Instruct,r11_trunk,NA,trunk,trunk,150,cd/490276,256,254,0,2,0.32246305,0.20035756,0.8460039,83-,0.91812865,1,5,0.9375
A,Qwen2.5-3B-Instruct,r11_trunk,NA,trunk,trunk,150,cd/490275,256,80,0,176,0.13773349,0.19870742,0.9382716,59-,0.9691358,1,2,0.015625
A,Qwen2.5-3B-Instruct,r11_trunk,NA,trunk,trunk,150,cd/490274,256,231,0,25,0.10855971,0.07830928,0.96566524,55-,0.9806867,1,4,0.0
A,Qwen2.5-3B-Instruct,r11_trunk,NA,trunk,trunk,150,cd/490271,256,249,0,7,0.53662899,0.33342634,0.77534791,95-,0.85685885,1,5,0.933594
A,Qwen2.5-3B-Instruct,r11_trunk,NA,trunk,trunk,150,cd/490270,256,224,0,32,0.2733081,0.39430024,0.84444444,88-,0.92222222,1,2,0.0
A,Qwen2.5-3B-Instruct,r11_trunk,NA,trunk,trunk,150,cd/490268,256,210,0,46,0.37552809,0.3418204,0.8463357,11+,0.90543735,1,3,0.703125
A,Qwen2.5-3B-Instruct,r11_trunk,NA,trunk,trunk,150,cd/490267,256,253,0,3,0.40070189,0.24897008,0.79452055,75-,0.89041096,1,5,0.980469
A,Qwen2.5-3B-Instruct,r11_trunk,NA,trunk,trunk,150,cd/490266,256,222,0,34,0.52556511,0.32655196,0.77505568,92-,0.85746102,1,5,0.0
A,Qwen2.5-3B-Instruct,r11_trunk,NA,trunk,trunk,150,cd/490264,256,6,0,250,0.72987121,0.66435741,0.53333333,34-,0.73333333,2,3,0.0
A,Qwen2.5-3B-Instruct,r11_trunk,NA,trunk,trunk,150,cd/490263,256,253,1,2,1.04464956,0.50237025,0.6614786,32-,0.73346304,1,8,0.488281
A,Qwen2.5-3B-Instruct,r11_trunk,NA,trunk,trunk,150,cd/490262,256,63,1,192,0.55659715,0.50663656,0.57364341,32*,0.78294574,2,3,0.058594
A,Qwen2.5-3B-Instruct,r11_trunk,NA,trunk,trunk,150,cd/490261,256,248,0,8,0.56590766,0.3516182,0.73852295,60-,0.84431138,2,5,0.917969
A,Qwen2.5-3B-Instruct,r11_trunk,NA,trunk,trunk,150,cd/490260,256,189,1,66,0.60257608,0.54848839,0.58267717,67-,0.77952756,2,3,0.765625
A,Qwen2.5-3B-Instruct,r11_trunk,NA,trunk,trunk,150,cd/490259,256,206,0,50,0.25055277,0.22806296,0.89638554,74-,0.94216867,1,3,0.441406
A,Qwen2.5-3B-Instruct,r11_trunk,NA,trunk,trunk,150,cd/490258,256,252,2,2,0.4405217,0.21184616,0.8515625,84-,0.90429688,1,8,0.738281
A,Qwen2.5-3B-Instruct,r11_trunk,NA,trunk,trunk,150,cd/490256,256,254,0,2,0.46683843,0.29006303,0.84210526,79-,0.89083821,1,5,0.960938
A,Qwen2.5-3B-Instruct,r11_trunk,NA,trunk,trunk,150,cd/490254,256,14,1,241,0.57853284,0.52660329,0.64516129,90*,0.80645161,2,3,0.054688
A,Qwen2.5-3B-Instruct,r11_trunk,NA,trunk,trunk,150,cd/490249,256,253,0,3,0.55054724,0.28292531,0.75633528,96-,0.85575049,1,7,0.878906
A,Qwen2.5-3B-Instruct,r11_trunk,NA,trunk,trunk,150,cd/490248,256,208,0,48,0.6541306,0.94371098,0.27751196,54-,0.63875598,2,2,0.015625
A,Qwen2.5-3B-Instruct,r11_trunk,NA,trunk,trunk,150,cd/490246,256,253,0,3,0.42547158,0.26436036,0.83365949,52-,0.89432485,1,5,0.964844
A,Qwen2.5-3B-Instruct,r11_trunk,NA,trunk,trunk,150,cd/490245,256,253,1,2,0.77330049,0.37187893,0.61478599,93-,0.77237354,2,8,0.640625
A,Qwen2.5-3B-Instruct,r11_trunk,NA,trunk,trunk,150,cd/490243,256,242,0,14,0.4779871,0.29699008,0.76482618,72-,0.86912065,2,5,0.402344
A,Qwen2.5-3B-Instruct,r11_trunk,NA,trunk,trunk,150,cd/490241,256,251,0,5,0.40874064,0.25396484,0.78500986,98-,0.88560158,2,5,0.929688
A,Qwen2.5-3B-Instruct,r11_trunk,NA,trunk,trunk,150,cd/490240,256,238,0,18,0.19165146,0.11907975,0.93555094,85-,0.96257796,1,5,0.4375
A,Qwen2.5-3B-Instruct,r11_trunk,NA,trunk,trunk,150,cd/490239,256,60,1,195,0.26512284,0.24132521,0.87804878,27-,0.93495935,1,3,0.0
A,Qwen2.5-3B-Instruct,r11_trunk,NA,trunk,trunk,150,cd/490237,256,233,0,23,0.01527222,0.02203316,0.9957265,96-,0.99786325,1,2,0.003906
A,Qwen2.5-3B-Instruct,r11_trunk,NA,trunk,trunk,150,cd/490236,256,253,1,2,0.84219223,0.40500885,0.58754864,97-,0.74513619,2,8,0.765625
A,Qwen2.5-3B-Instruct,r11_trunk,NA,trunk,trunk,150,cd/490235,256,256,0,0,0.55247153,0.2839142,0.80539499,90-,0.87283237,1,7,0.640625
A,Qwen2.5-3B-Instruct,r11_trunk,NA,trunk,trunk,150,cd/490234,256,254,0,2,0.47146235,0.29293603,0.7251462,83-,0.85575049,2,5,0.976562
A,Qwen2.5-3B-Instruct,r11_trunk,NA,trunk,trunk,150,cd/490233,256,251,1,4,0.53995707,0.33549419,0.72583826,92-,0.84615385,2,5,0.953125
A,Qwen2.5-3B-Instruct,r11_trunk,NA,trunk,trunk,150,cd/490232,256,215,2,39,0.03264861,0.02971805,0.99307159,88-,0.99538106,1,3,0.0
A,Qwen2.5-3B-Instruct,r11_trunk,NA,trunk,trunk,150,cd/490231,256,250,0,6,0.70558041,0.33931245,0.62598425,66-,0.78937008,2,8,0.660156
A,Qwen2.5-3B-Instruct,r11_trunk,NA,trunk,trunk,150,cd/490229,256,240,0,16,0.87539968,0.42097826,0.48360656,87-,0.69877049,2,8,0.679688
A,Qwen2.5-3B-Instruct,r11_trunk,NA,trunk,trunk,150,cd/490228,256,247,0,9,0.69894321,0.43427783,0.32064128,56+,0.65531062,2,5,0.960938
A,Qwen2.5-3B-Instruct,r11_trunk,NA,trunk,trunk,150,cd/490227,256,252,0,4,1.1233195,0.69795765,0.01571709,43-,0.40275049,3,5,0.917969
A,Qwen2.5-3B-Instruct,r11_trunk,NA,trunk,trunk,150,cd/490225,256,251,0,5,0.40049874,0.24884386,0.84812623,91-,0.90532544,1,5,0.980469
A,Qwen2.5-3B-Instruct,r11_trunk,NA,trunk,trunk,150,cd/490221,256,245,0,11,0.46994732,0.29199469,0.81212121,79-,0.87878788,1,5,0.96875
A,Qwen2.5-3B-Instruct,r11_trunk,NA,trunk,trunk,150,cd/490219,256,236,0,20,0.69752318,0.43339552,0.3312369,94-,0.66037736,2,5,0.828125
A,Qwen2.5-3B-Instruct,r11_trunk,NA,trunk,trunk,150,cd/490217,256,237,0,19,0.6213763,0.56560108,0.4067086,74-,0.70230608,2,3,0.0
A,Qwen2.5-3B-Instruct,r11_trunk,NA,trunk,trunk,150,cd/490215,256,252,0,4,0.32059035,0.19919399,0.89980354,61-,0.93320236,1,5,0.738281
A,Qwen2.5-3B-Instruct,r11_trunk,NA,trunk,trunk,150,cd/490214,256,229,0,27,0.05470792,0.0497973,0.98481562,73-,0.99132321,1,3,0.929688
A,Qwen2.5-3B-Instruct,r11_trunk,NA,trunk,trunk,150,cd/490213,256,249,0,7,1.36752368,0.70276815,0.03168317,44-,0.36633663,3,7,0.53125
A,Qwen2.5-3B-Instruct,r11_trunk,NA,trunk,trunk,150,cd/490212,256,254,0,2,0.95224171,0.59166104,0.1208577,49+,0.5165692,2,5,0.914062
A,Qwen2.5-3B-Instruct,r11_trunk,NA,trunk,trunk,150,cd/490211,256,252,1,3,0.4058224,0.25215163,0.7740668,79-,0.88212181,2,5,0.96875
A,Qwen2.5-3B-Instruct,r11_trunk,NA,trunk,trunk,150,cd/490208,256,237,0,19,0.64229582,0.39908083,0.52609603,94-,0.75365344,2,5,0.992188
A,Qwen2.5-3B-Instruct,r11_trunk,NA,trunk,trunk,150,cd/490207,256,234,0,22,0.88101534,0.54740561,0.37632135,80-,0.64059197,2,5,0.945312
A,Qwen2.5-3B-Instruct,r11_trunk,NA,trunk,trunk,150,cd/490206,256,251,0,5,0.59002285,0.36660181,0.69033531,68-,0.82642998,2,5,0.804688
A,Qwen2.5-3B-Instruct,r11_trunk,NA,trunk,trunk,150,cd/490205,256,235,0,21,0.83440524,0.51844513,0.13894737,72+,0.55368421,2,5,0.960938
A,Qwen2.5-3B-Instruct,r11_trunk,NA,trunk,trunk,150,cd/490204,256,252,0,4,1.10269828,0.53028578,0.31640625,90-,0.55664062,3,8,0.441406
A,Qwen2.5-3B-Instruct,r11_trunk,NA,trunk,trunk,150,cd/490203,256,165,0,91,0.67574661,0.61509107,0.34834835,40+,0.66966967,2,3,0.804688
A,Qwen2.5-3B-Instruct,r11_trunk,NA,trunk,trunk,150,cd/490202,256,223,0,33,0.01585642,0.02287598,0.99553571,97-,0.99776786,1,2,0.003906
A,Qwen2.5-3B-Instruct,r11_trunk,NA,trunk,trunk,150,cd/490201,256,252,0,4,0.7720056,0.47967405,0.2632613,82-,0.61886051,2,5,0.96875
A,Qwen2.5-3B-Instruct,r11_trunk,NA,trunk,trunk,150,cd/490199,256,219,0,37,0.95633552,0.59420467,0.16252822,57-,0.54401806,2,5,0.996094
A,Qwen2.5-3B-Instruct,r11_trunk,75,seed1,stochastic_fork,175,cd/490363,256,253,1,2,1.00609063,0.48382732,0.55252918,83-,0.69844358,2,8,0.578125
A,Qwen2.5-3B-Instruct,r11_trunk,75,seed1,stochastic_fork,175,cd/490361,256,236,0,20,0.05334849,0.04855989,0.98526316,98-,0.99157895,1,3,0.726562
A,Qwen2.5-3B-Instruct,r11_trunk,75,seed1,stochastic_fork,175,cd/490360,256,122,2,132,1.16227914,0.59729332,0.19123506,63+,0.51394422,3,7,0.207031
A,Qwen2.5-3B-Instruct,r11_trunk,75,seed1,stochastic_fork,175,cd/490357,256,246,3,7,0.64450933,0.40045616,0.76861167,89-,0.83501006,1,5,0.949219
A,Qwen2.5-3B-Instruct,r11_trunk,75,seed1,stochastic_fork,175,cd/490356,256,217,0,39,0.17049295,0.09515393,0.95454545,79-,0.97045455,1,6,0.0
A,Qwen2.5-3B-Instruct,r11_trunk,75,seed1,stochastic_fork,175,cd/490354,256,255,0,1,0.94382614,0.40989848,0.45,72-,0.66730769,2,10,0.730469
A,Qwen2.5-3B-Instruct,r11_trunk,75,seed1,stochastic_fork,175,cd/490353,256,215,2,39,0.43249673,0.26872533,0.8137931,62-,0.88965517,1,5,0.964844
A,Qwen2.5-3B-Instruct,r11_trunk,75,seed1,stochastic_fork,175,cd/490352,256,18,0,238,0.59813258,0.37164067,0.7804878,57-,0.85365854,1,5,0.0
A,Qwen2.5-3B-Instruct,r11_trunk,75,seed1,stochastic_fork,175,cd/490351,256,212,0,44,0.65271985,0.33543165,0.70533643,77+,0.82366589,2,7,0.71875
A,Qwen2.5-3B-Instruct,r11_trunk,75,seed1,stochastic_fork,175,cd/490348,256,247,0,9,0.55337645,0.34383212,0.8256513,52-,0.87174349,1,5,0.324219
A,Qwen2.5-3B-Instruct,r11_trunk,75,seed1,stochastic_fork,175,cd/490347,256,253,0,3,0.87366009,0.42014169,0.70428016,59-,0.78015564,1,8,0.496094
A,Qwen2.5-3B-Instruct,r11_trunk,75,seed1,stochastic_fork,175,cd/490344,256,240,0,16,0.25304901,0.23033513,0.86956522,88-,0.93374741,1,3,0.828125
A,Qwen2.5-3B-Instruct,r11_trunk,75,seed1,stochastic_fork,175,cd/490343,256,240,1,15,0.36770479,0.18896288,0.89527721,94-,0.92607803,1,7,0.113281
A,Qwen2.5-3B-Instruct,r11_trunk,75,seed1,stochastic_fork,175,cd/490342,256,206,2,48,1.28596874,0.6608572,0.23389021,68+,0.4797136,3,7,0.421875
A,Qwen2.5-3B-Instruct,r11_trunk,75,seed1,stochastic_fork,175,cd/490341,256,248,1,7,0.97826075,0.44522566,0.51089109,62-,0.6950495,2,9,0.386719
A,Qwen2.5-3B-Instruct,r11_trunk,75,seed1,stochastic_fork,175,cd/490340,256,214,0,42,0.34819615,0.25117043,0.83333333,96-,0.90972222,1,4,0.125
A,Qwen2.5-3B-Instruct,r11_trunk,75,seed1,stochastic_fork,175,cd/490339,256,208,0,48,0.46157252,0.28679113,0.81235154,45+,0.88598575,1,5,0.984375
A,Qwen2.5-3B-Instruct,r11_trunk,75,seed1,stochastic_fork,175,cd/490338,256,249,3,4,0.49332303,0.23723823,0.75098814,92-,0.86363636,2,8,0.609375
A,Qwen2.5-3B-Instruct,r11_trunk,75,seed1,stochastic_fork,175,cd/490337,256,253,0,3,0.67118678,0.41703179,0.56751468,79-,0.76516634,2,5,0.933594
A,Qwen2.5-3B-Instruct,r11_trunk,75,seed1,stochastic_fork,175,cd/490335,256,243,1,12,0.68228312,0.35062416,0.54361055,65+,0.75659229,2,7,0.796875
A,Qwen2.5-3B-Instruct,r11_trunk,75,seed1,stochastic_fork,175,cd/490334,256,184,0,72,0.69043355,0.42899048,0.46648794,46+,0.72117962,2,5,0.980469
A,Qwen2.5-3B-Instruct,r11_trunk,75,seed1,stochastic_fork,175,cd/490333,256,34,1,221,0.58628441,0.53365907,0.56338028,55-,0.77464789,2,3,0.0
A,Qwen2.5-3B-Instruct,r11_trunk,75,seed1,stochastic_fork,175,cd/490331,256,252,1,3,0.92226416,0.44351531,0.51953125,63-,0.70507812,2,8,0.476562
A,Qwen2.5-3B-Instruct,r11_trunk,75,seed1,stochastic_fork,175,cd/490330,256,13,0,243,0.75628335,0.68839878,0.34482759,85-,0.65517241,2,3,0.011719
A,Qwen2.5-3B-Instruct,r11_trunk,75,seed1,stochastic_fork,175,cd/490327,256,250,0,6,0.84827969,0.4079363,0.51968504,95-,0.71850394,2,8,0.550781
A,Qwen2.5-3B-Instruct,r11_trunk,75,seed1,stochastic_fork,175,cd/490325,256,234,1,21,0.91191662,0.46863244,0.50526316,90-,0.68421053,3,7,0.28125
A,Qwen2.5-3B-Instruct,r11_trunk,75,seed1,stochastic_fork,175,cd/490324,256,243,0,13,0.46077572,0.28629605,0.74949084,99-,0.86558045,2,5,0.964844
A,Qwen2.5-3B-Instruct,r11_trunk,75,seed1,stochastic_fork,175,cd/490322,256,250,0,6,0.81495616,0.50636073,0.15841584,55+,0.56435644,2,5,0.921875
A,Qwen2.5-3B-Instruct,r11_trunk,75,seed1,stochastic_fork,175,cd/490321,256,189,0,67,0.39765409,0.36196036,0.81889764,64-,0.89501312,1,3,0.0
A,Qwen2.5-3B-Instruct,r11_trunk,75,seed1,stochastic_fork,175,cd/490320,256,37,1,218,0.58943997,0.85038212,0.44736842,36*,0.72368421,2,2,0.128906
A,Qwen2.5-3B-Instruct,r11_trunk,75,seed1,stochastic_fork,175,cd/490317,256,240,0,16,0.46015777,0.28591209,0.82886598,47-,0.88865979,1,5,0.863281
A,Qwen2.5-3B-Instruct,r11_trunk,75,seed1,stochastic_fork,175,cd/490316,256,222,0,34,0.73256351,0.4551673,0.48552339,26-,0.72383073,2,5,0.890625
A,Qwen2.5-3B-Instruct,r11_trunk,75,seed1,stochastic_fork,175,cd/490315,256,246,0,10,0.48247435,0.29977817,0.79678068,87-,0.87927565,1,5,0.914062
A,Qwen2.5-3B-Instruct,r11_trunk,75,seed1,stochastic_fork,175,cd/490313,256,249,0,7,0.51489076,0.31991962,0.70377734,98-,0.84095427,2,5,0.957031
A,Qwen2.5-3B-Instruct,r11_trunk,75,seed1,stochastic_fork,175,cd/490312,256,221,0,35,0.17804866,0.16206688,0.92134831,90-,0.95955056,1,3,0.90625
A,Qwen2.5-3B-Instruct,r11_trunk,75,seed1,stochastic_fork,175,cd/490309,256,240,0,16,0.75885587,0.30538607,0.66666667,96-,0.79065041,2,12,0.011719
A,Qwen2.5-3B-Instruct,r11_trunk,75,seed1,stochastic_fork,175,cd/490308,256,10,0,246,0.39830711,0.5746357,0.72727273,11*,0.86363636,2,2,0.3125
A,Qwen2.5-3B-Instruct,r11_trunk,75,seed1,stochastic_fork,175,cd/490307,256,254,1,1,0.68360104,0.32874261,0.71705426,72-,0.81976744,2,8,0.621094
A,Qwen2.5-3B-Instruct,r11_trunk,75,seed1,stochastic_fork,175,cd/490306,256,4,0,252,0.32508297,0.46899559,0.8,50-,0.9,2,2,0.0
A,Qwen2.5-3B-Instruct,r11_trunk,75,seed1,stochastic_fork,175,cd/490305,256,30,0,226,0.19373848,0.27950555,0.90322581,15*,0.9516129,1,2,0.332031
A,Qwen2.5-3B-Instruct,r11_trunk,75,seed1,stochastic_fork,175,cd/490304,256,20,1,235,0.55053609,0.50111954,0.65116279,76-,0.81395349,2,3,0.0
A,Qwen2.5-3B-Instruct,r11_trunk,75,seed1,stochastic_fork,175,cd/490303,256,245,0,11,1.20660847,0.58025602,0.42971888,68+,0.59236948,3,8,0.523438
A,Qwen2.5-3B-Instruct,r11_trunk,75,seed1,stochastic_fork,175,cd/490297,256,230,0,26,0.68675793,0.62511401,0.33693305,30+,0.66306695,2,3,0.929688
A,Qwen2.5-3B-Instruct,r11_trunk,75,seed1,stochastic_fork,175,cd/490296,256,251,0,5,0.79639029,0.38298277,0.57254902,99-,0.75098039,2,8,0.734375
A,Qwen2.5-3B-Instruct,r11_trunk,75,seed1,stochastic_fork,175,cd/490292,256,213,0,43,1.00969657,0.43850565,0.48165138,44+,0.67201835,2,10,0.132812
A,Qwen2.5-3B-Instruct,r11_trunk,75,seed1,stochastic_fork,175,cd/490290,256,217,0,39,0.86989274,0.54049475,0.02733485,40+,0.48974943,2,5,0.90625
A,Qwen2.5-3B-Instruct,r11_trunk,75,seed1,stochastic_fork,175,cd/490288,256,135,0,121,0.22722726,0.12681795,0.94927536,24*,0.96014493,1,6,0.019531
A,Qwen2.5-3B-Instruct,r11_trunk,75,seed1,stochastic_fork,175,cd/490287,256,253,0,3,0.76405684,0.47473521,0.58708415,97-,0.75342466,2,5,0.738281
A,Qwen2.5-3B-Instruct,r11_trunk,75,seed1,stochastic_fork,175,cd/490283,256,239,0,17,0.37735449,0.23446353,0.86956522,91-,0.91718427,1,5,0.667969
A,Qwen2.5-3B-Instruct,r11_trunk,75,seed1,stochastic_fork,175,cd/490282,256,233,0,23,1.07404342,0.6673407,0.0,78-,0.43524416,2,5,0.949219
A,Qwen2.5-3B-Instruct,r11_trunk,75,seed1,stochastic_fork,175,cd/490281,256,198,0,58,0.48046557,0.29853004,0.72817955,27-,0.8553616,2,5,0.914062
A,Qwen2.5-3B-Instruct,r11_trunk,75,seed1,stochastic_fork,175,cd/490280,256,254,0,2,0.69977614,0.43479536,0.69785575,45-,0.80896686,2,5,0.894531
A,Qwen2.5-3B-Instruct,r11_trunk,75,seed1,stochastic_fork,175,cd/490279,256,241,0,15,0.79826726,0.49599134,0.58316222,50-,0.73716632,2,5,0.894531
A,Qwen2.5-3B-Instruct,r11_trunk,75,seed1,stochastic_fork,175,cd/490276,256,254,0,2,0.32365101,0.20109568,0.85769981,83-,0.92202729,1,5,0.90625
A,Qwen2.5-3B-Instruct,r11_trunk,75,seed1,stochastic_fork,175,cd/490275,256,77,1,178,0.18312927,0.26419969,0.91025641,59-,0.95512821,1,2,0.019531
A,Qwen2.5-3B-Instruct,r11_trunk,75,seed1,stochastic_fork,175,cd/490274,256,213,0,43,0.09952915,0.07179511,0.97674419,55-,0.98372093,1,4,0.0
A,Qwen2.5-3B-Instruct,r11_trunk,75,seed1,stochastic_fork,175,cd/490271,256,250,0,6,0.5667687,0.35215319,0.76435644,95-,0.84554455,1,5,0.929688
A,Qwen2.5-3B-Instruct,r11_trunk,75,seed1,stochastic_fork,175,cd/490270,256,227,0,29,0.44701437,0.64490541,0.67105263,88-,0.83552632,2,2,0.0
A,Qwen2.5-3B-Instruct,r11_trunk,75,seed1,stochastic_fork,175,cd/490268,256,218,0,38,0.58724319,0.53453178,0.71526196,11+,0.82232346,2,3,0.746094
A,Qwen2.5-3B-Instruct,r11_trunk,75,seed1,stochastic_fork,175,cd/490267,256,246,0,10,0.4743958,0.29475868,0.70422535,75-,0.84708249,2,5,0.953125
A,Qwen2.5-3B-Instruct,r11_trunk,75,seed1,stochastic_fork,175,cd/490266,256,213,0,43,0.56042411,0.34821108,0.75174014,92-,0.84686775,1,5,0.0
A,Qwen2.5-3B-Instruct,r11_trunk,75,seed1,stochastic_fork,175,cd/490264,256,8,2,246,0.63303951,0.5762174,0.63157895,34-,0.78947368,2,3,0.003906
A,Qwen2.5-3B-Instruct,r11_trunk,75,seed1,stochastic_fork,175,cd/490263,256,254,1,1,1.37982717,0.6635566,0.43410853,32-,0.57945736,2,8,0.5
A,Qwen2.5-3B-Instruct,r11_trunk,75,seed1,stochastic_fork,175,cd/490262,256,117,0,139,0.21489795,0.19560855,0.90295359,32*,0.94936709,1,3,0.039062
A,Qwen2.5-3B-Instruct,r11_trunk,75,seed1,stochastic_fork,175,cd/490261,256,248,0,8,0.41754438,0.25943491,0.82235529,60-,0.89620758,1,5,0.960938
A,Qwen2.5-3B-Instruct,r11_trunk,75,seed1,stochastic_fork,175,cd/490260,256,219,1,36,0.5853803,0.53283611,0.59410431,67-,0.78684807,2,3,0.78125
A,Qwen2.5-3B-Instruct,r11_trunk,75,seed1,stochastic_fork,175,cd/490259,256,227,0,29,0.24618285,0.22408529,0.89715536,74-,0.94310722,1,3,0.675781
A,Qwen2.5-3B-Instruct,r11_trunk,75,seed1,stochastic_fork,175,cd/490258,256,251,0,5,0.39348446,0.18922603,0.89803922,84-,0.92352941,1,8,0.820312
A,Qwen2.5-3B-Instruct,r11_trunk,75,seed1,stochastic_fork,175,cd/490256,256,253,0,3,0.56652138,0.35199952,0.79452055,79-,0.8630137,1,5,0.960938
A,Qwen2.5-3B-Instruct,r11_trunk,75,seed1,stochastic_fork,175,cd/490254,256,19,0,237,0.48224593,0.43895916,0.73170732,90*,0.85365854,2,3,0.054688
A,Qwen2.5-3B-Instruct,r11_trunk,75,seed1,stochastic_fork,175,cd/490249,256,248,1,7,0.61384883,0.3154559,0.73558648,96-,0.83697813,2,7,0.902344
A,Qwen2.5-3B-Instruct,r11_trunk,75,seed1,stochastic_fork,175,cd/490248,256,214,0,42,0.68581719,0.98942506,0.12093023,69-,0.56046512,2,2,0.027344
A,Qwen2.5-3B-Instruct,r11_trunk,75,seed1,stochastic_fork,175,cd/490246,256,252,1,3,0.57157939,0.35514224,0.75834971,52-,0.8388998,1,5,0.949219
A,Qwen2.5-3B-Instruct,r11_trunk,75,seed1,stochastic_fork,175,cd/490245,256,250,0,6,0.77735484,0.37382866,0.69685039,93-,0.78937008,1,8,0.734375
A,Qwen2.5-3B-Instruct,r11_trunk,75,seed1,stochastic_fork,175,cd/490243,256,248,0,8,0.67586272,0.41993712,0.6746507,72-,0.80439122,2,5,0.421875
A,Qwen2.5-3B-Instruct,r11_trunk,75,seed1,stochastic_fork,175,cd/490241,256,254,0,2,0.36044926,0.22395972,0.82651072,98-,0.90643275,1,5,0.933594
A,Qwen2.5-3B-Instruct,r11_trunk,75,seed1,stochastic_fork,175,cd/490240,256,236,0,20,0.15463499,0.09608012,0.9475891,85-,0.9706499,1,5,0.34375
A,Qwen2.5-3B-Instruct,r11_trunk,75,seed1,stochastic_fork,175,cd/490239,256,54,0,202,0.17539937,0.15965539,0.93693694,27-,0.96396396,1,3,0.0
A,Qwen2.5-3B-Instruct,r11_trunk,75,seed1,stochastic_fork,175,cd/490237,256,228,1,27,0.0394649,0.05693581,0.98689956,96-,0.99344978,1,2,0.003906
A,Qwen2.5-3B-Instruct,r11_trunk,75,seed1,stochastic_fork,175,cd/490236,256,248,3,5,0.74019464,0.35595838,0.63095238,97-,0.78373016,2,8,0.789062
A,Qwen2.5-3B-Instruct,r11_trunk,75,seed1,stochastic_fork,175,cd/490235,256,253,0,3,0.65301881,0.33558528,0.76803119,90-,0.84405458,1,7,0.597656
A,Qwen2.5-3B-Instruct,r11_trunk,75,seed1,stochastic_fork,175,cd/490234,256,251,0,5,0.45071202,0.28004313,0.75739645,83-,0.86982249,2,5,0.953125
A,Qwen2.5-3B-Instruct,r11_trunk,75,seed1,stochastic_fork,175,cd/490233,256,248,0,8,0.58650483,0.36441594,0.65868263,92-,0.81237525,2,5,0.898438
A,Qwen2.5-3B-Instruct,r11_trunk,75,seed1,stochastic_fork,175,cd/490232,256,220,0,36,0.03201494,0.02914125,0.99322799,88-,0.99548533,1,3,0.0
A,Qwen2.5-3B-Instruct,r11_trunk,75,seed1,stochastic_fork,175,cd/490231,256,251,0,5,0.63528075,0.30550546,0.65490196,66-,0.80980392,2,8,0.683594
A,Qwen2.5-3B-Instruct,r11_trunk,75,seed1,stochastic_fork,175,cd/490229,256,233,0,23,1.00746299,0.48448729,0.43881857,87-,0.64767932,3,8,0.625
A,Qwen2.5-3B-Instruct,r11_trunk,75,seed1,stochastic_fork,175,cd/490228,256,248,0,8,0.61181616,0.38014275,0.47904192,56+,0.73652695,2,5,0.957031
A,Qwen2.5-3B-Instruct,r11_trunk,75,seed1,stochastic_fork,175,cd/490227,256,249,0,7,1.14903445,0.71393524,0.03578529,43+,0.37176938,3,5,0.882812
A,Qwen2.5-3B-Instruct,r11_trunk,75,seed1,stochastic_fork,175,cd/490225,256,244,0,12,0.37980879,0.23598847,0.83975659,91-,0.90669371,1,5,0.972656
A,Qwen2.5-3B-Instruct,r11_trunk,75,seed1,stochastic_fork,175,cd/490221,256,252,1,3,0.48561169,0.30172751,0.79371316,79-,0.87426326,1,5,0.925781
A,Qwen2.5-3B-Instruct,r11_trunk,75,seed1,stochastic_fork,175,cd/490219,256,240,0,16,0.7914945,0.49178318,0.17319588,94-,0.57525773,2,5,0.851562
A,Qwen2.5-3B-Instruct,r11_trunk,75,seed1,stochastic_fork,175,cd/490217,256,232,0,24,0.65853227,0.5994219,0.30835118,74-,0.65310493,2,3,0.0
A,Qwen2.5-3B-Instruct,r11_trunk,75,seed1,stochastic_fork,175,cd/490215,256,250,0,6,0.6981857,0.43380717,0.72079208,61-,0.80594059,1,5,0.792969
A,Qwen2.5-3B-Instruct,r11_trunk,75,seed1,stochastic_fork,175,cd/490214,256,231,0,25,0.18669284,0.16993515,0.93333333,73-,0.96129032,1,3,0.921875
A,Qwen2.5-3B-Instruct,r11_trunk,75,seed1,stochastic_fork,175,cd/490213,256,248,0,8,1.40500707,0.72203081,0.25447316,44-,0.48707753,4,7,0.542969
A,Qwen2.5-3B-Instruct,r11_trunk,75,seed1,stochastic_fork,175,cd/490212,256,252,0,4,0.98130384,0.60971835,0.22396857,49+,0.55206287,3,5,0.941406
A,Qwen2.5-3B-Instruct,r11_trunk,75,seed1,stochastic_fork,175,cd/490211,256,254,1,1,0.43596291,0.27087899,0.80701754,79-,0.88693957,1,5,0.949219
A,Qwen2.5-3B-Instruct,r11_trunk,75,seed1,stochastic_fork,175,cd/490208,256,235,0,21,0.64256216,0.39924632,0.49263158,94-,0.73894737,2,5,0.976562
A,Qwen2.5-3B-Instruct,r11_trunk,75,seed1,stochastic_fork,175,cd/490207,256,226,0,30,0.93014633,0.57793241,0.22757112,80-,0.57111597,2,5,0.96875
A,Qwen2.5-3B-Instruct,r11_trunk,75,seed1,stochastic_fork,175,cd/490206,256,249,0,7,0.66825652,0.41521112,0.71172962,68-,0.81709742,2,5,0.78125
A,Qwen2.5-3B-Instruct,r11_trunk,75,seed1,stochastic_fork,175,cd/490205,256,239,0,17,0.73655449,0.45764704,0.18219462,72+,0.58592133,2,5,0.890625
A,Qwen2.5-3B-Instruct,r11_trunk,75,seed1,stochastic_fork,175,cd/490204,256,251,0,5,0.97814634,0.47038896,0.41568627,90-,0.64509804,3,8,0.398438
A,Qwen2.5-3B-Instruct,r11_trunk,75,seed1,stochastic_fork,175,cd/490203,256,175,0,81,0.63955194,0.58214526,0.4305949,40+,0.71104816,2,3,0.863281
A,Qwen2.5-3B-Instruct,r11_trunk,75,seed1,stochastic_fork,175,cd/490202,256,233,1,22,0.01527222,0.02203316,0.9957265,97-,0.99786325,1,2,0.003906
A,Qwen2.5-3B-Instruct,r11_trunk,75,seed1,stochastic_fork,175,cd/490201,256,248,0,8,0.9057399,0.56276784,0.09580838,82+,0.51696607,2,5,0.960938
A,Qwen2.5-3B-Instruct,r11_trunk,75,seed1,stochastic_fork,175,cd/490199,256,201,1,54,1.04138745,0.6470504,0.01965602,57-,0.45454545,2,5,0.976562
A,Qwen2.5-3B-Instruct,r11_trunk,75,seed2,stochastic_fork,175,cd/490363,256,256,0,0,1.05812611,0.5088511,0.08076923,83-,0.47884615,3,8,0.453125
A,Qwen2.5-3B-Instruct,r11_trunk,75,seed2,stochastic_fork,175,cd/490361,256,239,0,17,0.02982863,0.02715119,0.99376299,98-,0.995842,1,3,0.792969
A,Qwen2.5-3B-Instruct,r11_trunk,75,seed2,stochastic_fork,175,cd/490360,256,76,0,180,0.71671782,0.3683201,0.70440252,73-,0.81132075,2,7,0.304688
A,Qwen2.5-3B-Instruct,r11_trunk,75,seed2,stochastic_fork,175,cd/490357,256,256,0,0,0.34439269,0.21398321,0.88974855,89-,0.92649903,1,5,0.984375
A,Qwen2.5-3B-Instruct,r11_trunk,75,seed2,stochastic_fork,175,cd/490356,256,200,2,54,0.15590674,0.08701321,0.95566502,79-,0.9729064,1,6,0.003906
A,Qwen2.5-3B-Instruct,r11_trunk,75,seed2,stochastic_fork,175,cd/490354,256,253,0,3,1.1318975,0.49157684,0.18217054,72-,0.48643411,3,10,0.59375
A,Qwen2.5-3B-Instruct,r11_trunk,75,seed2,stochastic_fork,175,cd/490353,256,215,0,41,0.06501825,0.04039811,0.98850575,62-,0.9908046,1,5,0.996094
A,Qwen2.5-3B-Instruct,r11_trunk,75,seed2,stochastic_fork,175,cd/490352,256,86,0,170,0.13931671,0.08656234,0.97175141,57-,0.97740113,1,5,0.0
A,Qwen2.5-3B-Instruct,r11_trunk,75,seed2,stochastic_fork,175,cd/490351,256,133,0,123,0.58783845,0.3020892,0.62271062,77+,0.8021978,2,7,0.6875
A,Qwen2.5-3B-Instruct,r11_trunk,75,seed2,stochastic_fork,175,cd/490348,256,256,0,0,0.55724785,0.34623755,0.73500967,52-,0.84526112,2,5,0.65625
A,Qwen2.5-3B-Instruct,r11_trunk,75,seed2,stochastic_fork,175,cd/490347,256,254,0,2,1.29911271,0.62474116,0.15891473,59-,0.45155039,3,8,0.300781
A,Qwen2.5-3B-Instruct,r11_trunk,75,seed2,stochastic_fork,175,cd/490344,256,253,0,3,0.25413902,0.2313273,0.86836935,88-,0.93320236,1,3,0.894531
A,Qwen2.5-3B-Instruct,r11_trunk,75,seed2,stochastic_fork,175,cd/490343,256,235,0,21,0.64414715,0.33102615,0.65828092,94-,0.80712788,2,7,0.160156
A,Qwen2.5-3B-Instruct,r11_trunk,75,seed2,stochastic_fork,175,cd/490342,256,229,0,27,1.2553927,0.64514423,0.09462366,68+,0.43225806,3,7,0.480469
A,Qwen2.5-3B-Instruct,r11_trunk,75,seed2,stochastic_fork,175,cd/490341,256,253,0,3,1.12331378,0.51124213,0.20582524,44-,0.47572816,3,9,0.683594
A,Qwen2.5-3B-Instruct,r11_trunk,75,seed2,stochastic_fork,175,cd/490340,256,215,0,41,0.37499011,0.27049818,0.77880184,96-,0.88709677,2,4,0.050781
A,Qwen2.5-3B-Instruct,r11_trunk,75,seed2,stochastic_fork,175,cd/490339,256,184,0,72,0.32971453,0.20486315,0.90080429,45+,0.93029491,1,5,0.992188
A,Qwen2.5-3B-Instruct,r11_trunk,75,seed2,stochastic_fork,175,cd/490338,256,254,0,2,0.53778701,0.25862089,0.67054264,92-,0.82751938,2,8,0.699219
A,Qwen2.5-3B-Instruct,r11_trunk,75,seed2,stochastic_fork,175,cd/490337,256,254,0,2,0.45025824,0.27976117,0.72904483,79-,0.85964912,2,5,0.964844
A,Qwen2.5-3B-Instruct,r11_trunk,75,seed2,stochastic_fork,175,cd/490335,256,251,0,5,0.7270044,0.37360635,0.56581532,65+,0.76031434,2,7,0.753906
A,Qwen2.5-3B-Instruct,r11_trunk,75,seed2,stochastic_fork,175,cd/490334,256,170,0,86,0.57345485,0.35630753,0.56811594,46+,0.77971014,2,5,0.949219
A,Qwen2.5-3B-Instruct,r11_trunk,75,seed2,stochastic_fork,175,cd/490333,256,25,0,231,0.84399416,0.76823659,0.22641509,82+,0.58490566,2,3,0.0
A,Qwen2.5-3B-Instruct,r11_trunk,75,seed2,stochastic_fork,175,cd/490331,256,254,0,2,1.19594069,0.5751259,0.13565891,63-,0.48255814,3,8,0.347656
A,Qwen2.5-3B-Instruct,r11_trunk,75,seed2,stochastic_fork,175,cd/490330,256,4,1,251,0.60016607,0.5462947,0.72727273,90*,0.81818182,1,3,0.0
A,Qwen2.5-3B-Instruct,r11_trunk,75,seed2,stochastic_fork,175,cd/490327,256,255,0,1,0.97666047,0.4696744,0.11583012,95-,0.51158301,2,8,0.5
A,Qwen2.5-3B-Instruct,r11_trunk,75,seed2,stochastic_fork,175,cd/490325,256,237,0,19,0.22132117,0.11373658,0.93139293,90-,0.95841996,1,7,0.238281
A,Qwen2.5-3B-Instruct,r11_trunk,75,seed2,stochastic_fork,175,cd/490324,256,235,0,21,0.36963007,0.22966408,0.84631579,99-,0.91157895,1,5,0.972656
A,Qwen2.5-3B-Instruct,r11_trunk,75,seed2,stochastic_fork,175,cd/490322,256,253,1,2,0.7432569,0.46181148,0.21526419,55+,0.60078278,2,5,0.976562
A,Qwen2.5-3B-Instruct,r11_trunk,75,seed2,stochastic_fork,175,cd/490321,256,233,0,23,0.74469206,0.67784792,0.01279318,16+,0.5010661,2,3,0.0
A,Qwen2.5-3B-Instruct,r11_trunk,75,seed2,stochastic_fork,175,cd/490320,256,10,0,246,0.69314718,1.0,0.0,45*,0.5,2,2,0.210938
A,Qwen2.5-3B-Instruct,r11_trunk,75,seed2,stochastic_fork,175,cd/490317,256,255,0,1,0.5195127,0.32279139,0.70291262,47-,0.8407767,2,5,0.921875
A,Qwen2.5-3B-Instruct,r11_trunk,75,seed2,stochastic_fork,175,cd/490316,256,240,0,16,0.72438628,0.4500865,0.34226804,26-,0.66185567,2,5,0.929688
A,Qwen2.5-3B-Instruct,r11_trunk,75,seed2,stochastic_fork,175,cd/490315,256,253,0,3,0.22281811,0.13844468,0.91585127,87-,0.95303327,1,5,0.933594
A,Qwen2.5-3B-Instruct,r11_trunk,75,seed2,stochastic_fork,175,cd/490313,256,256,0,0,0.4551863,0.28282315,0.7040619,98-,0.84912959,2,5,0.863281
A,Qwen2.5-3B-Instruct,r11_trunk,75,seed2,stochastic_fork,175,cd/490312,256,245,0,11,0.31047899,0.28261015,0.82352941,90-,0.91075051,1,3,0.902344
A,Qwen2.5-3B-Instruct,r11_trunk,75,seed2,stochastic_fork,175,cd/490309,256,245,0,11,1.2196677,0.49083039,0.04780876,96-,0.39641434,3,12,0.003906
A,Qwen2.5-3B-Instruct,r11_trunk,75,seed2,stochastic_fork,175,cd/490308,256,2,0,254,0.69314718,1.0,0.0,3*,0.5,2,2,0.597656
A,Qwen2.5-3B-Instruct,r11_trunk,75,seed2,stochastic_fork,175,cd/490307,256,255,0,1,0.36165108,0.1739174,0.84169884,72-,0.91312741,1,8,0.707031
A,Qwen2.5-3B-Instruct,r11_trunk,75,seed2,stochastic_fork,175,cd/490306,256,0,0,256,0.69314718,1.0,0.0,50-,0.5,2,2,0.0
A,Qwen2.5-3B-Instruct,r11_trunk,75,seed2,stochastic_fork,175,cd/490305,256,5,1,250,0.67919327,0.97986876,0.16666667,15*,0.58333333,2,2,0.617188
A,Qwen2.5-3B-Instruct,r11_trunk,75,seed2,stochastic_fork,175,cd/490304,256,6,2,248,0.72987121,0.66435741,0.53333333,76-,0.73333333,2,3,0.0
A,Qwen2.5-3B-Instruct,r11_trunk,75,seed2,stochastic_fork,175,cd/490303,256,250,0,6,1.0427338,0.50144896,0.25984252,68+,0.57677165,2,8,0.496094
A,Qwen2.5-3B-Instruct,r11_trunk,75,seed2,stochastic_fork,175,cd/490297,256,253,0,3,0.65171636,0.59321779,0.32612967,30+,0.66208251,2,3,0.980469
A,Qwen2.5-3B-Instruct,r11_trunk,75,seed2,stochastic_fork,175,cd/490296,256,253,0,3,0.9351087,0.44969223,0.307393,99-,0.61673152,2,8,0.621094
A,Qwen2.5-3B-Instruct,r11_trunk,75,seed2,stochastic_fork,175,cd/490292,256,219,0,37,0.88346906,0.38368574,0.02232143,44+,0.49330357,2,10,0.042969
A,Qwen2.5-3B-Instruct,r11_trunk,75,seed2,stochastic_fork,175,cd/490290,256,243,0,13,0.72505091,0.45049946,0.45213849,40-,0.7107943,2,5,0.957031
A,Qwen2.5-3B-Instruct,r11_trunk,75,seed2,stochastic_fork,175,cd/490288,256,85,0,171,0.225889,0.12607105,0.94318182,24*,0.96022727,1,6,0.007812
A,Qwen2.5-3B-Instruct,r11_trunk,75,seed2,stochastic_fork,175,cd/490287,256,256,0,0,0.92738728,0.57621812,0.21663443,97-,0.56286267,2,5,0.835938
A,Qwen2.5-3B-Instruct,r11_trunk,75,seed2,stochastic_fork,175,cd/490283,256,249,0,7,0.10160853,0.06313293,0.97813121,91-,0.98409543,1,5,0.777344
A,Qwen2.5-3B-Instruct,r11_trunk,75,seed2,stochastic_fork,175,cd/490282,256,251,0,5,0.74651585,0.46383638,0.09467456,78+,0.54240631,2,5,0.992188
A,Qwen2.5-3B-Instruct,r11_trunk,75,seed2,stochastic_fork,175,cd/490281,256,210,0,46,0.15218593,0.09455843,0.95058824,27-,0.97176471,1,5,0.875
A,Qwen2.5-3B-Instruct,r11_trunk,75,seed2,stochastic_fork,175,cd/490280,256,254,0,2,0.50734226,0.31522947,0.76023392,45-,0.86354776,2,5,0.941406
A,Qwen2.5-3B-Instruct,r11_trunk,75,seed2,stochastic_fork,175,cd/490279,256,254,0,2,0.62579008,0.38882524,0.65107212,50-,0.80116959,2,5,0.925781
A,Qwen2.5-3B-Instruct,r11_trunk,75,seed2,stochastic_fork,175,cd/490276,256,255,0,1,0.22439676,0.13942554,0.90485437,83-,0.94951456,1,5,0.941406
A,Qwen2.5-3B-Instruct,r11_trunk,75,seed2,stochastic_fork,175,cd/490275,256,53,0,203,0.05256933,0.07584151,0.98148148,59-,0.99074074,1,2,0.011719
A,Qwen2.5-3B-Instruct,r11_trunk,75,seed2,stochastic_fork,175,cd/490274,256,186,0,70,0.18695807,0.13486174,0.92553191,55-,0.96010638,1,4,0.0
A,Qwen2.5-3B-Instruct,r11_trunk,75,seed2,stochastic_fork,175,cd/490271,256,254,0,2,0.32792645,0.20375216,0.88109162,95-,0.92592593,1,5,0.964844
A,Qwen2.5-3B-Instruct,r11_trunk,75,seed2,stochastic_fork,175,cd/490270,256,193,0,63,0.48352101,0.69757336,0.62371134,88-,0.81185567,2,2,0.0
A,Qwen2.5-3B-Instruct,r11_trunk,75,seed2,stochastic_fork,175,cd/490268,256,239,0,17,0.26102193,0.2375924,0.90644491,11+,0.94178794,1,3,0.828125
A,Qwen2.5-3B-Instruct,r11_trunk,75,seed2,stochastic_fork,175,cd/490267,256,254,0,2,0.33226914,0.20645042,0.83820663,75-,0.91423002,1,5,0.960938
A,Qwen2.5-3B-Instruct,r11_trunk,75,seed2,stochastic_fork,175,cd/490266,256,235,0,21,0.95341692,0.59239124,0.35368421,92-,0.60421053,3,5,0.0
A,Qwen2.5-3B-Instruct,r11_trunk,75,seed2,stochastic_fork,175,cd/490264,256,2,1,253,0.79631164,0.72483409,0.57142857,34-,0.71428571,3,3,0.003906
A,Qwen2.5-3B-Instruct,r11_trunk,75,seed2,stochastic_fork,175,cd/490263,256,255,0,1,1.16757791,0.56148629,0.4015444,32-,0.60810811,2,8,0.484375
A,Qwen2.5-3B-Instruct,r11_trunk,75,seed2,stochastic_fork,175,cd/490262,256,39,0,217,0.69799154,0.63533928,0.32098765,32*,0.65432099,2,3,0.035156
A,Qwen2.5-3B-Instruct,r11_trunk,75,seed2,stochastic_fork,175,cd/490261,256,255,0,1,0.25488446,0.15836862,0.92427184,60-,0.94951456,1,5,0.9375
A,Qwen2.5-3B-Instruct,r11_trunk,75,seed2,stochastic_fork,175,cd/490260,256,230,0,26,0.66052124,0.60123234,0.30237581,67-,0.65010799,2,3,0.816406
A,Qwen2.5-3B-Instruct,r11_trunk,75,seed2,stochastic_fork,175,cd/490259,256,216,0,40,0.09863765,0.08978386,0.96551724,74-,0.9816092,1,3,0.558594
A,Qwen2.5-3B-Instruct,r11_trunk,75,seed2,stochastic_fork,175,cd/490258,256,256,0,0,0.4887484,0.2350383,0.76923077,84-,0.87115385,2,8,0.75
A,Qwen2.5-3B-Instruct,r11_trunk,75,seed2,stochastic_fork,175,cd/490256,256,256,0,0,0.42361905,0.26320931,0.84332689,79-,0.89555126,1,5,0.960938
A,Qwen2.5-3B-Instruct,r11_trunk,75,seed2,stochastic_fork,175,cd/490254,256,4,0,252,0.85996728,0.78277595,0.36363636,90*,0.63636364,2,3,0.0625
A,Qwen2.5-3B-Instruct,r11_trunk,75,seed2,stochastic_fork,175,cd/490249,256,256,0,0,0.32456106,0.16679139,0.87090559,96-,0.92678227,1,7,0.875
A,Qwen2.5-3B-Instruct,r11_trunk,75,seed2,stochastic_fork,175,cd/490248,256,169,0,87,0.63583245,0.91731232,0.33529412,54-,0.66764706,2,2,0.003906
A,Qwen2.5-3B-Instruct,r11_trunk,75,seed2,stochastic_fork,175,cd/490246,256,256,0,0,0.48284201,0.30000661,0.80077369,52-,0.8762089,1,5,0.96875
A,Qwen2.5-3B-Instruct,r11_trunk,75,seed2,stochastic_fork,175,cd/490245,256,255,0,1,0.98652772,0.47441955,0.58301158,93-,0.7046332,2,8,0.632812
A,Qwen2.5-3B-Instruct,r11_trunk,75,seed2,stochastic_fork,175,cd/490243,256,252,0,4,0.82154484,0.51045451,0.3497053,72-,0.6502947,2,5,0.679688
A,Qwen2.5-3B-Instruct,r11_trunk,75,seed2,stochastic_fork,175,cd/490241,256,256,0,0,0.26816735,0.16662175,0.88588008,98-,0.93810445,1,5,0.917969
A,Qwen2.5-3B-Instruct,r11_trunk,75,seed2,stochastic_fork,175,cd/490240,256,253,0,3,0.05661405,0.03517629,0.99021526,85-,0.99217221,1,5,0.523438
A,Qwen2.5-3B-Instruct,r11_trunk,75,seed2,stochastic_fork,175,cd/490239,256,67,1,188,0.086316,0.07856821,0.97810219,27-,0.98540146,1,3,0.0
A,Qwen2.5-3B-Instruct,r11_trunk,75,seed2,stochastic_fork,175,cd/490237,256,234,1,21,0.01521632,0.0219525,0.99574468,96-,0.99787234,1,2,0.0
A,Qwen2.5-3B-Instruct,r11_trunk,75,seed2,stochastic_fork,175,cd/490236,256,255,0,1,0.84390687,0.40583342,0.55984556,97-,0.72779923,2,8,0.625
A,Qwen2.5-3B-Instruct,r11_trunk,75,seed2,stochastic_fork,175,cd/490235,256,253,0,3,0.58824429,0.30229777,0.74853801,90-,0.84405458,1,7,0.78125
A,Qwen2.5-3B-Instruct,r11_trunk,75,seed2,stochastic_fork,175,cd/490234,256,253,0,3,0.46174645,0.2868992,0.78669276,83-,0.87866928,1,5,0.976562
A,Qwen2.5-3B-Instruct,r11_trunk,75,seed2,stochastic_fork,175,cd/490233,256,251,0,5,0.28334427,0.17605169,0.87573964,92-,0.93293886,1,5,0.976562
A,Qwen2.5-3B-Instruct,r11_trunk,75,seed2,stochastic_fork,175,cd/490232,256,229,0,27,0.03093807,0.02816105,0.99349241,88-,0.99566161,1,3,0.0
A,Qwen2.5-3B-Instruct,r11_trunk,75,seed2,stochastic_fork,175,cd/490231,256,255,0,1,0.68338413,0.3286383,0.40540541,66-,0.6969112,2,8,0.773438
A,Qwen2.5-3B-Instruct,r11_trunk,75,seed2,stochastic_fork,175,cd/490229,256,253,0,3,1.03229639,0.49642963,0.22178988,87-,0.54280156,3,8,0.742188
A,Qwen2.5-3B-Instruct,r11_trunk,75,seed2,stochastic_fork,175,cd/490228,256,250,0,6,0.54197288,0.33674668,0.59405941,56+,0.79405941,2,5,0.96875
A,Qwen2.5-3B-Instruct,r11_trunk,75,seed2,stochastic_fork,175,cd/490227,256,256,0,0,1.09479072,0.68023172,0.03094778,43-,0.40038685,3,5,0.964844
A,Qwen2.5-3B-Instruct,r11_trunk,75,seed2,stochastic_fork,175,cd/490225,256,255,0,1,0.16695695,0.10373618,0.94757282,91-,0.96893204,1,5,0.980469
A,Qwen2.5-3B-Instruct,r11_trunk,75,seed2,stochastic_fork,175,cd/490221,256,254,0,2,0.46776885,0.29064113,0.81871345,79-,0.88304094,1,5,0.976562
A,Qwen2.5-3B-Instruct,r11_trunk,75,seed2,stochastic_fork,175,cd/490219,256,242,0,14,0.73843622,0.45881622,0.400818,94-,0.68507157,2,5,0.914062
A,Qwen2.5-3B-Instruct,r11_trunk,75,seed2,stochastic_fork,175,cd/490217,256,237,0,19,0.51956432,0.47292782,0.59119497,74-,0.79454927,2,3,0.0
A,Qwen2.5-3B-Instruct,r11_trunk,75,seed2,stochastic_fork,175,cd/490215,256,255,0,1,0.37635094,0.23383999,0.82330097,61-,0.90291262,1,5,0.621094
A,Qwen2.5-3B-Instruct,r11_trunk,75,seed2,stochastic_fork,175,cd/490214,256,248,0,8,0.0289002,0.02630609,0.99398798,73-,0.99599198,1,3,0.824219
A,Qwen2.5-3B-Instruct,r11_trunk,75,seed2,stochastic_fork,175,cd/490213,256,253,0,3,1.18233389,0.60759943,0.14035088,34-,0.4502924,3,7,0.546875
A,Qwen2.5-3B-Instruct,r11_trunk,75,seed2,stochastic_fork,175,cd/490212,256,255,0,1,0.80530272,0.50036271,0.21747573,49+,0.59223301,2,5,0.957031
A,Qwen2.5-3B-Instruct,r11_trunk,75,seed2,stochastic_fork,175,cd/490211,256,255,0,1,0.34089508,0.21181002,0.83106796,79-,0.91067961,1,5,0.957031
A,Qwen2.5-3B-Instruct,r11_trunk,75,seed2,stochastic_fork,175,cd/490208,256,241,0,15,0.73324902,0.45559323,0.19712526,94-,0.59342916,2,5,0.976562
A,Qwen2.5-3B-Instruct,r11_trunk,75,seed2,stochastic_fork,175,cd/490207,256,249,0,7,1.01403651,0.63005631,0.30218688,80-,0.58250497,3,5,0.96875
A,Qwen2.5-3B-Instruct,r11_trunk,75,seed2,stochastic_fork,175,cd/490206,256,253,0,3,0.6861942,0.42635643,0.59491194,68-,0.77299413,2,5,0.921875
A,Qwen2.5-3B-Instruct,r11_trunk,75,seed2,stochastic_fork,175,cd/490205,256,246,0,10,0.73232721,0.45502048,0.01609658,72-,0.50503018,2,5,0.976562
A,Qwen2.5-3B-Instruct,r11_trunk,75,seed2,stochastic_fork,175,cd/490204,256,256,0,0,1.01287405,0.48708946,0.17307692,90-,0.525,3,8,0.484375
A,Qwen2.5-3B-Instruct,r11_trunk,75,seed2,stochastic_fork,175,cd/490203,256,204,0,52,0.70734725,0.64385522,0.0486618,40+,0.52311436,2,3,0.925781
A,Qwen2.5-3B-Instruct,r11_trunk,75,seed2,stochastic_fork,175,cd/490202,256,231,0,25,0.01538536,0.02219638,0.99568966,97-,0.99784483,1,2,0.0
A,Qwen2.5-3B-Instruct,r11_trunk,75,seed2,stochastic_fork,175,cd/490201,256,255,0,1,0.72956708,0.45330551,0.20194175,82-,0.5961165,2,5,0.996094
A,Qwen2.5-3B-Instruct,r11_trunk,75,seed2,stochastic_fork,175,cd/490199,256,209,0,47,0.89154474,0.55394789,0.03782506,57+,0.49408983,2,5,0.988281
A,Qwen2.5-3B-Instruct,r11_trunk,75,seed3,stochastic_fork,175,cd/490363,256,253,1,2,0.77468036,0.37254251,0.64202335,83-,0.77626459,2,8,0.5625
A,Qwen2.5-3B-Instruct,r11_trunk,75,seed3,stochastic_fork,175,cd/490361,256,223,1,32,0.0769592,0.07005128,0.97550111,98-,0.98663697,1,3,0.546875
A,Qwen2.5-3B-Instruct,r11_trunk,75,seed3,stochastic_fork,175,cd/490360,256,104,1,151,1.08139916,0.55572924,0.14883721,73-,0.51627907,2,7,0.234375
A,Qwen2.5-3B-Instruct,r11_trunk,75,seed3,stochastic_fork,175,cd/490357,256,249,0,7,0.65624997,0.40775103,0.71968191,89-,0.82107356,2,5,0.964844
A,Qwen2.5-3B-Instruct,r11_trunk,75,seed3,stochastic_fork,175,cd/490356,256,216,0,40,0.1817274,0.101424,0.94063927,79-,0.96575342,1,6,0.003906
A,Qwen2.5-3B-Instruct,r11_trunk,75,seed3,stochastic_fork,175,cd/490354,256,249,1,6,0.84314795,0.3661745,0.61811024,72-,0.75,2,10,0.703125
A,Qwen2.5-3B-Instruct,r11_trunk,75,seed3,stochastic_fork,175,cd/490353,256,200,0,56,0.32797164,0.20378024,0.89382716,62-,0.9308642,1,5,0.929688
A,Qwen2.5-3B-Instruct,r11_trunk,75,seed3,stochastic_fork,175,cd/490352,256,18,1,237,0.45493883,0.28266939,0.87804878,57-,0.90243902,1,5,0.0
A,Qwen2.5-3B-Instruct,r11_trunk,75,seed3,stochastic_fork,175,cd/490351,256,184,1,71,0.59375481,0.30512961,0.66666667,77+,0.81866667,2,7,0.671875
A,Qwen2.5-3B-Instruct,r11_trunk,75,seed3,stochastic_fork,175,cd/490348,256,246,0,10,0.37230199,0.23132423,0.87726358,52-,0.9195171,1,5,0.386719
A,Qwen2.5-3B-Instruct,r11_trunk,75,seed3,stochastic_fork,175,cd/490347,256,253,0,3,1.05957219,0.50954651,0.60311284,59-,0.70233463,1,8,0.496094
A,Qwen2.5-3B-Instruct,r11_trunk,75,seed3,stochastic_fork,175,cd/490344,256,232,1,23,0.27049588,0.24621596,0.85653105,88-,0.92719486,1,3,0.679688
A,Qwen2.5-3B-Instruct,r11_trunk,75,seed3,stochastic_fork,175,cd/490343,256,234,1,21,0.47280533,0.24297388,0.85894737,94-,0.89894737,1,7,0.085938
A,Qwen2.5-3B-Instruct,r11_trunk,75,seed3,stochastic_fork,175,cd/490342,256,200,0,56,1.32452229,0.68066981,0.004914,68+,0.36117936,4,7,0.472656
A,Qwen2.5-3B-Instruct,r11_trunk,75,seed3,stochastic_fork,175,cd/490341,256,252,1,3,1.03903667,0.47288597,0.23781676,62-,0.55555556,3,9,0.453125
A,Qwen2.5-3B-Instruct,r11_trunk,75,seed3,stochastic_fork,175,cd/490340,256,210,0,46,0.24380899,0.17587101,0.88679245,96-,0.94103774,1,4,0.191406
A,Qwen2.5-3B-Instruct,r11_trunk,75,seed3,stochastic_fork,175,cd/490339,256,199,1,56,0.5259506,0.32679148,0.77419355,45+,0.86104218,1,5,0.96875
A,Qwen2.5-3B-Instruct,r11_trunk,75,seed3,stochastic_fork,175,cd/490338,256,255,0,1,0.5930806,0.28521148,0.67953668,92-,0.82432432,2,8,0.726562
A,Qwen2.5-3B-Instruct,r11_trunk,75,seed3,stochastic_fork,175,cd/490337,256,252,0,4,0.53497457,0.33239839,0.65225933,79-,0.81925344,2,5,0.90625
A,Qwen2.5-3B-Instruct,r11_trunk,75,seed3,stochastic_fork,175,cd/490335,256,244,1,11,0.69466837,0.35698892,0.43636364,65+,0.70909091,2,7,0.675781
A,Qwen2.5-3B-Instruct,r11_trunk,75,seed3,stochastic_fork,175,cd/490334,256,208,1,47,0.68371381,0.42481527,0.3847981,46+,0.68646081,2,5,0.96875
A,Qwen2.5-3B-Instruct,r11_trunk,75,seed3,stochastic_fork,175,cd/490333,256,30,0,226,0.84681438,0.77080367,0.0952381,55-,0.52380952,2,3,0.003906
A,Qwen2.5-3B-Instruct,r11_trunk,75,seed3,stochastic_fork,175,cd/490331,256,253,0,3,1.08626902,0.52238498,0.50194553,63-,0.65564202,3,8,0.441406
A,Qwen2.5-3B-Instruct,r11_trunk,75,seed3,stochastic_fork,175,cd/490330,256,8,1,247,0.8628578,0.78540702,0.0,90*,0.47368421,2,3,0.023438
A,Qwen2.5-3B-Instruct,r11_trunk,75,seed3,stochastic_fork,175,cd/490327,256,254,0,2,0.91258113,0.43885876,0.49224806,95-,0.69186047,2,8,0.613281
A,Qwen2.5-3B-Instruct,r11_trunk,75,seed3,stochastic_fork,175,cd/490325,256,233,0,23,0.56556856,0.29064474,0.74418605,90-,0.84778013,2,7,0.191406
A,Qwen2.5-3B-Instruct,r11_trunk,75,seed3,stochastic_fork,175,cd/490324,256,235,0,21,0.57130597,0.35497236,0.63157895,99-,0.80631579,2,5,0.953125
A,Qwen2.5-3B-Instruct,r11_trunk,75,seed3,stochastic_fork,175,cd/490322,256,241,0,15,0.72181809,0.4484908,0.42710472,55+,0.70020534,2,5,0.941406
A,Qwen2.5-3B-Instruct,r11_trunk,75,seed3,stochastic_fork,175,cd/490321,256,197,0,59,0.458958,0.41776158,0.75062972,64-,0.86397985,2,3,0.0
A,Qwen2.5-3B-Instruct,r11_trunk,75,seed3,stochastic_fork,175,cd/490320,256,53,1,202,0.62990233,0.90875696,0.35185185,36*,0.67592593,2,2,0.210938
A,Qwen2.5-3B-Instruct,r11_trunk,75,seed3,stochastic_fork,175,cd/490317,256,242,0,14,0.50235993,0.31213377,0.78118609,47-,0.86503067,1,5,0.832031
A,Qwen2.5-3B-Instruct,r11_trunk,75,seed3,stochastic_fork,175,cd/490316,256,224,1,31,0.87375883,0.54289688,0.29580574,26-,0.62030905,2,5,0.867188
A,Qwen2.5-3B-Instruct,r11_trunk,75,seed3,stochastic_fork,175,cd/490315,256,250,0,6,0.48086426,0.29877776,0.71287129,87-,0.84950495,2,5,0.835938
A,Qwen2.5-3B-Instruct,r11_trunk,75,seed3,stochastic_fork,175,cd/490313,256,255,0,1,0.43522563,0.27042089,0.72621359,98-,0.86019417,2,5,0.917969
A,Qwen2.5-3B-Instruct,r11_trunk,75,seed3,stochastic_fork,175,cd/490312,256,226,0,30,0.3182308,0.28966616,0.81758242,90-,0.90769231,1,3,0.847656
A,Qwen2.5-3B-Instruct,r11_trunk,75,seed3,stochastic_fork,175,cd/490309,256,242,0,14,0.94163841,0.37894317,0.58064516,96-,0.71572581,3,12,0.007812
A,Qwen2.5-3B-Instruct,r11_trunk,75,seed3,stochastic_fork,175,cd/490308,256,7,0,249,0.48257757,0.69621226,0.625,11*,0.8125,2,2,0.507812
A,Qwen2.5-3B-Instruct,r11_trunk,75,seed3,stochastic_fork,175,cd/490307,256,248,1,7,0.54453073,0.26186393,0.76587302,72-,0.86309524,1,8,0.679688
A,Qwen2.5-3B-Instruct,r11_trunk,75,seed3,stochastic_fork,175,cd/490306,256,1,0,255,0.56233514,0.81127812,0.5,50-,0.75,2,2,0.0
A,Qwen2.5-3B-Instruct,r11_trunk,75,seed3,stochastic_fork,175,cd/490305,256,11,0,245,0.60363725,0.87086447,0.41666667,15*,0.70833333,2,2,0.523438
A,Qwen2.5-3B-Instruct,r11_trunk,75,seed3,stochastic_fork,175,cd/490304,256,11,0,245,0.33422115,0.3042212,0.88,76-,0.92,1,3,0.0
A,Qwen2.5-3B-Instruct,r11_trunk,75,seed3,stochastic_fork,175,cd/490303,256,250,0,6,1.23080387,0.59189155,0.41338583,68+,0.56889764,4,8,0.523438
A,Qwen2.5-3B-Instruct,r11_trunk,75,seed3,stochastic_fork,175,cd/490297,256,216,0,40,0.61103736,0.55619018,0.43218391,30+,0.71494253,2,3,0.875
A,Qwen2.5-3B-Instruct,r11_trunk,75,seed3,stochastic_fork,175,cd/490296,256,255,1,0,0.74675157,0.35911159,0.69111969,99-,0.8011583,2,8,0.824219
A,Qwen2.5-3B-Instruct,r11_trunk,75,seed3,stochastic_fork,175,cd/490292,256,167,0,89,1.19723756,0.51995366,0.4127907,44+,0.60174419,3,10,0.179688
A,Qwen2.5-3B-Instruct,r11_trunk,75,seed3,stochastic_fork,175,cd/490290,256,216,0,40,0.86867781,0.53973987,0.03661327,40-,0.49656751,2,5,0.9375
A,Qwen2.5-3B-Instruct,r11_trunk,75,seed3,stochastic_fork,175,cd/490288,256,153,0,103,0.20074929,0.11204031,0.94871795,24*,0.96474359,1,6,0.027344
A,Qwen2.5-3B-Instruct,r11_trunk,75,seed3,stochastic_fork,175,cd/490287,256,249,0,7,0.75122111,0.46675992,0.5805169,97-,0.74552684,2,5,0.785156
A,Qwen2.5-3B-Instruct,r11_trunk,75,seed3,stochastic_fork,175,cd/490283,256,238,1,17,0.21446911,0.13325715,0.93139293,91-,0.95841996,1,5,0.703125
A,Qwen2.5-3B-Instruct,r11_trunk,75,seed3,stochastic_fork,175,cd/490282,256,241,0,15,0.78141871,0.48552274,0.32443532,78+,0.64681725,2,5,0.96875
A,Qwen2.5-3B-Instruct,r11_trunk,75,seed3,stochastic_fork,175,cd/490281,256,221,1,34,0.46125794,0.28659567,0.70246085,27-,0.84787472,2,5,0.90625
A,Qwen2.5-3B-Instruct,r11_trunk,75,seed3,stochastic_fork,175,cd/490280,256,252,0,4,0.70568545,0.43846702,0.71119843,45-,0.80746562,1,5,0.910156
A,Qwen2.5-3B-Instruct,r11_trunk,75,seed3,stochastic_fork,175,cd/490279,256,245,0,11,0.87328481,0.54260236,0.55353535,50-,0.70909091,3,5,0.933594
A,Qwen2.5-3B-Instruct,r11_trunk,75,seed3,stochastic_fork,175,cd/490276,256,254,0,2,0.52759105,0.32781075,0.68226121,83-,0.83235867,2,5,0.855469
A,Qwen2.5-3B-Instruct,r11_trunk,75,seed3,stochastic_fork,175,cd/490275,256,79,1,176,0.03795026,0.05475066,0.9875,59-,0.99375,1,2,0.054688
A,Qwen2.5-3B-Instruct,r11_trunk,75,seed3,stochastic_fork,175,cd/490274,256,206,1,49,0.10231706,0.07380616,0.97596154,55-,0.98317308,1,4,0.0
A,Qwen2.5-3B-Instruct,r11_trunk,75,seed3,stochastic_fork,175,cd/490271,256,242,0,14,0.64304975,0.39954927,0.71574642,95-,0.82413088,2,5,0.960938
A,Qwen2.5-3B-Instruct,r11_trunk,75,seed3,stochastic_fork,175,cd/490270,256,215,0,41,0.4468163,0.64461965,0.6712963,88-,0.83564815,2,2,0.0
A,Qwen2.5-3B-Instruct,r11_trunk,75,seed3,stochastic_fork,175,cd/490268,256,182,1,73,0.70404913,0.64085314,0.5613079,11+,0.7493188,2,3,0.609375
A,Qwen2.5-3B-Instruct,r11_trunk,75,seed3,stochastic_fork,175,cd/490267,256,251,0,5,0.54194224,0.33672765,0.66272189,75-,0.82248521,2,5,0.949219
A,Qwen2.5-3B-Instruct,r11_trunk,75,seed3,stochastic_fork,175,cd/490266,256,205,2,49,0.65611703,0.40766843,0.69879518,92-,0.80240964,2,5,0.0
A,Qwen2.5-3B-Instruct,r11_trunk,75,seed3,stochastic_fork,175,cd/490264,256,4,0,252,0.60016607,0.5462947,0.72727273,34-,0.81818182,1,3,0.007812
A,Qwen2.5-3B-Instruct,r11_trunk,75,seed3,stochastic_fork,175,cd/490263,256,252,0,4,1.14146211,0.54892724,0.55078125,32-,0.67773438,2,8,0.636719
A,Qwen2.5-3B-Instruct,r11_trunk,75,seed3,stochastic_fork,175,cd/490262,256,105,2,149,0.60925078,0.55456396,0.4600939,32*,0.72769953,2,3,0.109375
A,Qwen2.5-3B-Instruct,r11_trunk,75,seed3,stochastic_fork,175,cd/490261,256,250,0,6,0.53312573,0.33124964,0.78415842,60-,0.86138614,1,5,0.886719
A,Qwen2.5-3B-Instruct,r11_trunk,75,seed3,stochastic_fork,175,cd/490260,256,214,0,42,0.6966314,0.63410123,0.45475638,67-,0.71229698,2,3,0.664062
A,Qwen2.5-3B-Instruct,r11_trunk,75,seed3,stochastic_fork,175,cd/490259,256,207,0,49,0.20338086,0.18512524,0.92565947,74-,0.95683453,1,3,0.421875
A,Qwen2.5-3B-Instruct,r11_trunk,75,seed3,stochastic_fork,175,cd/490258,256,254,1,1,0.42065413,0.20229188,0.84108527,84-,0.90503876,1,8,0.820312
A,Qwen2.5-3B-Instruct,r11_trunk,75,seed3,stochastic_fork,175,cd/490256,256,251,1,4,0.698309,0.43388378,0.67061144,79-,0.79092702,2,5,0.9375
A,Qwen2.5-3B-Instruct,r11_trunk,75,seed3,stochastic_fork,175,cd/490254,256,21,1,234,0.4527493,0.41211017,0.75555556,90*,0.86666667,2,3,0.15625
A,Qwen2.5-3B-Instruct,r11_trunk,75,seed3,stochastic_fork,175,cd/490249,256,245,0,11,0.56625919,0.29099966,0.72837022,96-,0.84305835,2,7,0.917969
A,Qwen2.5-3B-Instruct,r11_trunk,75,seed3,stochastic_fork,175,cd/490248,256,204,1,51,0.69195694,0.99828285,0.04878049,54-,0.52439024,2,2,0.015625
A,Qwen2.5-3B-Instruct,r11_trunk,75,seed3,stochastic_fork,175,cd/490246,256,246,1,9,0.6650364,0.41321035,0.70020121,52-,0.8028169,2,5,0.96875
A,Qwen2.5-3B-Instruct,r11_trunk,75,seed3,stochastic_fork,175,cd/490245,256,250,1,5,0.74077925,0.35623951,0.66535433,93-,0.79330709,2,8,0.695312
A,Qwen2.5-3B-Instruct,r11_trunk,75,seed3,stochastic_fork,175,cd/490243,256,247,0,9,0.71241325,0.44264724,0.57314629,72-,0.75551102,2,5,0.445312
A,Qwen2.5-3B-Instruct,r11_trunk,75,seed3,stochastic_fork,175,cd/490241,256,249,0,7,0.46350428,0.2879914,0.71570577,98-,0.8528827,2,5,0.90625
A,Qwen2.5-3B-Instruct,r11_trunk,75,seed3,stochastic_fork,175,cd/490240,256,237,0,19,0.16869932,0.10481878,0.96033403,85-,0.97077244,1,5,0.316406
A,Qwen2.5-3B-Instruct,r11_trunk,75,seed3,stochastic_fork,175,cd/490239,256,75,1,180,0.07874344,0.07167537,0.98039216,27-,0.9869281,1,3,0.0
A,Qwen2.5-3B-Instruct,r11_trunk,75,seed3,stochastic_fork,175,cd/490237,256,226,2,28,0.0156762,0.02261598,0.99559471,96-,0.99779736,1,2,0.003906
A,Qwen2.5-3B-Instruct,r11_trunk,75,seed3,stochastic_fork,175,cd/490236,256,254,1,1,0.81933985,0.39401918,0.63565891,97-,0.76937984,2,8,0.695312
A,Qwen2.5-3B-Instruct,r11_trunk,75,seed3,stochastic_fork,175,cd/490235,256,250,0,6,0.56069446,0.28813995,0.76923077,90-,0.85798817,1,7,0.777344
A,Qwen2.5-3B-Instruct,r11_trunk,75,seed3,stochastic_fork,175,cd/490234,256,252,0,4,0.64676881,0.40186006,0.53438114,83-,0.75638507,2,5,0.957031
A,Qwen2.5-3B-Instruct,r11_trunk,75,seed3,stochastic_fork,175,cd/490233,256,254,0,2,0.55527252,0.34501021,0.65497076,92-,0.81676413,2,5,0.929688
A,Qwen2.5-3B-Instruct,r11_trunk,75,seed3,stochastic_fork,175,cd/490232,256,234,1,21,0.03037253,0.02764627,0.99363057,88-,0.99575372,1,3,0.0
A,Qwen2.5-3B-Instruct,r11_trunk,75,seed3,stochastic_fork,175,cd/490231,256,248,0,8,0.64222961,0.30884716,0.55555556,66-,0.76785714,2,8,0.640625
A,Qwen2.5-3B-Instruct,r11_trunk,75,seed3,stochastic_fork,175,cd/490229,256,227,1,28,0.84322967,0.40550776,0.58441558,87-,0.73376623,2,8,0.605469
A,Qwen2.5-3B-Instruct,r11_trunk,75,seed3,stochastic_fork,175,cd/490228,256,250,1,5,0.57382269,0.35653608,0.57425743,56+,0.78217822,2,5,0.957031
A,Qwen2.5-3B-Instruct,r11_trunk,75,seed3,stochastic_fork,175,cd/490227,256,254,0,2,1.15076227,0.7150088,0.02339181,43-,0.36062378,3,5,0.949219
A,Qwen2.5-3B-Instruct,r11_trunk,75,seed3,stochastic_fork,175,cd/490225,256,245,0,11,0.48735254,0.30280916,0.75555556,91-,0.86262626,2,5,0.984375
A,Qwen2.5-3B-Instruct,r11_trunk,75,seed3,stochastic_fork,175,cd/490221,256,238,0,18,0.52191643,0.32428491,0.77754678,79-,0.85862786,1,5,0.945312
A,Qwen2.5-3B-Instruct,r11_trunk,75,seed3,stochastic_fork,175,cd/490219,256,229,1,26,0.66025065,0.4102368,0.46220302,94-,0.72354212,2,5,0.832031
A,Qwen2.5-3B-Instruct,r11_trunk,75,seed3,stochastic_fork,175,cd/490217,256,236,1,19,0.6545407,0.59578862,0.32,74-,0.65894737,2,3,0.0
A,Qwen2.5-3B-Instruct,r11_trunk,75,seed3,stochastic_fork,175,cd/490215,256,245,0,11,0.64281639,0.39940428,0.75555556,61-,0.83030303,1,5,0.757812
A,Qwen2.5-3B-Instruct,r11_trunk,75,seed3,stochastic_fork,175,cd/490214,256,229,0,27,0.11780373,0.10722958,0.96312364,73-,0.97830803,1,3,0.796875
A,Qwen2.5-3B-Instruct,r11_trunk,75,seed3,stochastic_fork,175,cd/490213,256,240,2,14,1.38621574,0.71237397,0.0,44-,0.36344969,3,7,0.503906
A,Qwen2.5-3B-Instruct,r11_trunk,75,seed3,stochastic_fork,175,cd/490212,256,256,0,0,1.02843123,0.63900025,0.20116054,49+,0.52804642,3,5,0.949219
A,Qwen2.5-3B-Instruct,r11_trunk,75,seed3,stochastic_fork,175,cd/490211,256,254,0,2,0.49167947,0.30549763,0.73294347,79-,0.85575049,2,5,0.949219
A,Qwen2.5-3B-Instruct,r11_trunk,75,seed3,stochastic_fork,175,cd/490208,256,225,1,30,0.74809739,0.46481904,0.43516484,94-,0.7010989,2,5,0.957031
A,Qwen2.5-3B-Instruct,r11_trunk,75,seed3,stochastic_fork,175,cd/490207,256,216,0,40,0.90366256,0.56147712,0.21510297,80-,0.56979405,2,5,0.9375
A,Qwen2.5-3B-Instruct,r11_trunk,75,seed3,stochastic_fork,175,cd/490206,256,247,0,9,0.68446759,0.42528363,0.6492986,68-,0.78757515,2,5,0.746094
A,Qwen2.5-3B-Instruct,r11_trunk,75,seed3,stochastic_fork,175,cd/490205,256,228,0,28,0.80933749,0.50286966,0.18655098,72+,0.5791757,2,5,0.914062
A,Qwen2.5-3B-Instruct,r11_trunk,75,seed3,stochastic_fork,175,cd/490204,256,252,0,4,0.91186208,0.43851297,0.3984375,90-,0.65820312,2,8,0.335938
A,Qwen2.5-3B-Instruct,r11_trunk,75,seed3,stochastic_fork,175,cd/490203,256,170,1,85,0.73103867,0.66542008,0.11078717,38+,0.55102041,2,3,0.746094
A,Qwen2.5-3B-Instruct,r11_trunk,75,seed3,stochastic_fork,175,cd/490202,256,235,0,21,0.01516085,0.02187248,0.99576271,97-,0.99788136,1,2,0.007812
A,Qwen2.5-3B-Instruct,r11_trunk,75,seed3,stochastic_fork,175,cd/490201,256,251,0,5,0.87928964,0.54633337,0.19723866,82+,0.57001972,2,5,0.972656
A,Qwen2.5-3B-Instruct,r11_trunk,75,seed3,stochastic_fork,175,cd/490199,256,202,0,54,0.90167323,0.56024108,0.02933985,57-,0.48655257,2,5,0.980469
A,Qwen2.5-3B-Instruct,r11_trunk,100,seed1,stochastic_fork,175,cd/490363,256,256,0,0,0.72228593,0.34734611,0.66153846,83-,0.79423077,2,8,0.753906
A,Qwen2.5-3B-Instruct,r11_trunk,100,seed1,stochastic_fork,175,cd/490361,256,244,0,12,0.02930511,0.02667466,0.99389002,98-,0.99592668,1,3,0.675781
A,Qwen2.5-3B-Instruct,r11_trunk,100,seed1,stochastic_fork,175,cd/490360,256,28,0,228,1.2370893,0.63573814,0.03174603,63+,0.42857143,3,7,0.222656
A,Qwen2.5-3B-Instruct,r11_trunk,100,seed1,stochastic_fork,175,cd/490357,256,256,0,0,0.69587564,0.43237185,0.46808511,89-,0.72147002,2,5,0.972656
A,Qwen2.5-3B-Instruct,r11_trunk,100,seed1,stochastic_fork,175,cd/490356,256,245,0,11,0.11730919,0.06547151,0.97580645,79-,0.98185484,1,6,0.0
A,Qwen2.5-3B-Instruct,r11_trunk,100,seed1,stochastic_fork,175,cd/490354,256,256,0,0,0.69719745,0.30278901,0.72413793,72-,0.81417625,1,10,0.789062
A,Qwen2.5-3B-Instruct,r11_trunk,100,seed1,stochastic_fork,175,cd/490353,256,199,0,57,0.51098411,0.31749228,0.75930521,62-,0.86104218,2,5,0.980469
A,Qwen2.5-3B-Instruct,r11_trunk,100,seed1,stochastic_fork,175,cd/490352,256,2,0,254,1.3030924,0.80965683,0.44444444,57-,0.55555556,5,5,0.0
A,Qwen2.5-3B-Instruct,r11_trunk,100,seed1,stochastic_fork,175,cd/490351,256,219,0,37,0.30673093,0.15762852,0.88089888,77+,0.93258427,1,7,0.847656
A,Qwen2.5-3B-Instruct,r11_trunk,100,seed1,stochastic_fork,175,cd/490348,256,256,0,0,0.83272152,0.51739897,0.60348162,52-,0.73307544,3,5,0.582031
A,Qwen2.5-3B-Instruct,r11_trunk,100,seed1,stochastic_fork,175,cd/490347,256,256,0,0,0.67485795,0.32453807,0.76153846,59-,0.83653846,1,8,0.65625
A,Qwen2.5-3B-Instruct,r11_trunk,100,seed1,stochastic_fork,175,cd/490344,256,252,0,4,0.38155566,0.34730693,0.75739645,88-,0.87771203,2,3,0.816406
A,Qwen2.5-3B-Instruct,r11_trunk,100,seed1,stochastic_fork,175,cd/490343,256,249,0,7,0.4227657,0.21725859,0.76435644,94-,0.87722772,2,7,0.136719
A,Qwen2.5-3B-Instruct,r11_trunk,100,seed1,stochastic_fork,175,cd/490342,256,252,0,4,1.13956972,0.58562299,0.25440313,68+,0.53816047,3,7,0.542969
A,Qwen2.5-3B-Instruct,r11_trunk,100,seed1,stochastic_fork,175,cd/490341,256,255,0,1,0.71254383,0.32429267,0.65895954,62-,0.78805395,2,9,0.691406
A,Qwen2.5-3B-Instruct,r11_trunk,100,seed1,stochastic_fork,175,cd/490340,256,236,0,20,0.13990425,0.10091959,0.94957983,96-,0.97268908,1,4,0.050781
A,Qwen2.5-3B-Instruct,r11_trunk,100,seed1,stochastic_fork,175,cd/490339,256,135,0,121,0.09613764,0.05973368,0.98181818,45+,0.98545455,1,5,0.996094
A,Qwen2.5-3B-Instruct,r11_trunk,100,seed1,stochastic_fork,175,cd/490338,256,256,0,0,0.20730508,0.09969267,0.94230769,92-,0.96346154,1,8,0.777344
A,Qwen2.5-3B-Instruct,r11_trunk,100,seed1,stochastic_fork,175,cd/490337,256,256,0,0,0.38840219,0.24132785,0.77369439,79-,0.88394584,2,5,0.972656
A,Qwen2.5-3B-Instruct,r11_trunk,100,seed1,stochastic_fork,175,cd/490335,256,255,0,1,0.79451906,0.40830203,0.30560928,65+,0.63636364,2,7,0.867188
A,Qwen2.5-3B-Instruct,r11_trunk,100,seed1,stochastic_fork,175,cd/490334,256,136,0,120,0.7420647,0.46107072,0.1732852,46+,0.58122744,2,5,0.953125
A,Qwen2.5-3B-Instruct,r11_trunk,100,seed1,stochastic_fork,175,cd/490333,256,15,0,241,0.55605953,0.5061472,0.66666667,55-,0.81818182,2,3,0.0
A,Qwen2.5-3B-Instruct,r11_trunk,100,seed1,stochastic_fork,175,cd/490331,256,256,0,0,0.72880805,0.35048259,0.57307692,63-,0.76346154,2,8,0.425781
A,Qwen2.5-3B-Instruct,r11_trunk,100,seed1,stochastic_fork,175,cd/490330,256,3,0,253,0.68373891,0.62236597,0.66666667,90*,0.77777778,3,3,0.0
A,Qwen2.5-3B-Instruct,r11_trunk,100,seed1,stochastic_fork,175,cd/490327,256,256,0,0,0.73073613,0.3514098,0.55769231,95-,0.75192308,2,8,0.742188
A,Qwen2.5-3B-Instruct,r11_trunk,100,seed1,stochastic_fork,175,cd/490325,256,253,0,3,0.41084755,0.21113387,0.83820663,90-,0.90253411,1,7,0.328125
A,Qwen2.5-3B-Instruct,r11_trunk,100,seed1,stochastic_fork,175,cd/490324,256,224,0,32,0.31587487,0.19626409,0.8785872,99-,0.92935982,1,5,0.988281
A,Qwen2.5-3B-Instruct,r11_trunk,100,seed1,stochastic_fork,175,cd/490322,256,256,0,0,0.62986541,0.39135739,0.4410058,55+,0.71760155,2,5,0.953125
A,Qwen2.5-3B-Instruct,r11_trunk,100,seed1,stochastic_fork,175,cd/490321,256,247,0,9,0.424308,0.38622178,0.71227364,64-,0.85513078,2,3,0.0
A,Qwen2.5-3B-Instruct,r11_trunk,100,seed1,stochastic_fork,175,cd/490320,256,10,0,246,0.67652596,0.97602065,0.18181818,36*,0.59090909,2,2,0.117188
A,Qwen2.5-3B-Instruct,r11_trunk,100,seed1,stochastic_fork,175,cd/490317,256,253,0,3,0.65246629,0.4054001,0.46575342,47-,0.7260274,2,5,0.957031
A,Qwen2.5-3B-Instruct,r11_trunk,100,seed1,stochastic_fork,175,cd/490316,256,255,0,1,0.72446094,0.45013289,0.22524272,26-,0.60776699,2,5,0.917969
A,Qwen2.5-3B-Instruct,r11_trunk,100,seed1,stochastic_fork,175,cd/490315,256,247,0,9,0.27549348,0.17117372,0.88176353,87-,0.93587174,1,5,0.910156
A,Qwen2.5-3B-Instruct,r11_trunk,100,seed1,stochastic_fork,175,cd/490313,256,256,0,0,0.29928208,0.18595441,0.85106383,98-,0.92263056,1,5,0.898438
A,Qwen2.5-3B-Instruct,r11_trunk,100,seed1,stochastic_fork,175,cd/490312,256,249,0,7,0.51656064,0.47019375,0.59481038,90-,0.79640719,2,3,0.914062
A,Qwen2.5-3B-Instruct,r11_trunk,100,seed1,stochastic_fork,175,cd/490309,256,248,0,8,0.59295346,0.23862202,0.76377953,96-,0.8523622,1,12,0.003906
A,Qwen2.5-3B-Instruct,r11_trunk,100,seed1,stochastic_fork,175,cd/490308,256,0,0,256,0.69314718,1.0,0.0,3*,0.5,2,2,0.316406
A,Qwen2.5-3B-Instruct,r11_trunk,100,seed1,stochastic_fork,175,cd/490307,256,256,0,0,0.33697695,0.16205166,0.88076923,72-,0.92884615,1,8,0.785156
A,Qwen2.5-3B-Instruct,r11_trunk,100,seed1,stochastic_fork,175,cd/490306,256,0,0,256,0.69314718,1.0,0.0,50-,0.5,2,2,0.0
A,Qwen2.5-3B-Instruct,r11_trunk,100,seed1,stochastic_fork,175,cd/490305,256,3,0,253,0.37677016,0.54356444,0.75,15*,0.875,2,2,0.363281
A,Qwen2.5-3B-Instruct,r11_trunk,100,seed1,stochastic_fork,175,cd/490304,256,10,0,246,0.55983433,0.50958316,0.69565217,76-,0.82608696,2,3,0.0
A,Qwen2.5-3B-Instruct,r11_trunk,100,seed1,stochastic_fork,175,cd/490303,256,255,0,1,0.873549,0.42008827,0.56756757,68+,0.72779923,2,8,0.632812
A,Qwen2.5-3B-Instruct,r11_trunk,100,seed1,stochastic_fork,175,cd/490297,256,256,0,0,0.67477551,0.61420714,0.52427184,30+,0.74368932,2,3,0.972656
A,Qwen2.5-3B-Instruct,r11_trunk,100,seed1,stochastic_fork,175,cd/490296,256,256,0,0,0.66875226,0.32160185,0.60769231,99-,0.78269231,2,8,0.8125
A,Qwen2.5-3B-Instruct,r11_trunk,100,seed1,stochastic_fork,175,cd/490292,256,234,0,22,0.71934782,0.31240879,0.43933054,44+,0.70920502,2,10,0.027344
A,Qwen2.5-3B-Instruct,r11_trunk,100,seed1,stochastic_fork,175,cd/490290,256,201,0,55,0.45557087,0.2830621,0.71253071,40-,0.85257985,2,5,0.988281
A,Qwen2.5-3B-Instruct,r11_trunk,100,seed1,stochastic_fork,175,cd/490288,256,123,0,133,0.12935401,0.07219385,0.97619048,24*,0.98015873,1,6,0.007812
A,Qwen2.5-3B-Instruct,r11_trunk,100,seed1,stochastic_fork,175,cd/490287,256,254,0,2,0.93673396,0.58202553,0.09356725,97-,0.50487329,2,5,0.796875
A,Qwen2.5-3B-Instruct,r11_trunk,100,seed1,stochastic_fork,175,cd/490283,256,246,0,10,0.18668909,0.11599645,0.93762575,91-,0.9637827,1,5,0.789062
A,Qwen2.5-3B-Instruct,r11_trunk,100,seed1,stochastic_fork,175,cd/490282,256,241,0,15,0.80034512,0.49728238,0.1889117,78+,0.58110883,2,5,0.980469
A,Qwen2.5-3B-Instruct,r11_trunk,100,seed1,stochastic_fork,175,cd/490281,256,168,0,88,0.08007031,0.04975048,0.98533724,27-,0.98826979,1,5,0.941406
A,Qwen2.5-3B-Instruct,r11_trunk,100,seed1,stochastic_fork,175,cd/490280,256,255,0,1,0.77697451,0.48276141,0.41165049,45-,0.68543689,2,5,0.910156
A,Qwen2.5-3B-Instruct,r11_trunk,100,seed1,stochastic_fork,175,cd/490279,256,250,0,6,0.93012134,0.57791688,0.31683168,50-,0.61188119,2,5,0.953125
A,Qwen2.5-3B-Instruct,r11_trunk,100,seed1,stochastic_fork,175,cd/490276,256,256,0,0,0.17316629,0.10759426,0.93617021,83-,0.96518375,1,5,0.898438
A,Qwen2.5-3B-Instruct,r11_trunk,100,seed1,stochastic_fork,175,cd/490275,256,90,0,166,0.03407283,0.0491567,0.98901099,59-,0.99450549,1,2,0.003906
A,Qwen2.5-3B-Instruct,r11_trunk,100,seed1,stochastic_fork,175,cd/490274,256,208,0,48,0.07589418,0.05474608,0.98095238,55-,0.98809524,1,4,0.0
A,Qwen2.5-3B-Instruct,r11_trunk,100,seed1,stochastic_fork,175,cd/490271,256,255,0,1,0.66264761,0.41172611,0.50873786,95-,0.74368932,2,5,0.902344
A,Qwen2.5-3B-Instruct,r11_trunk,100,seed1,stochastic_fork,175,cd/490270,256,211,0,45,0.19712401,0.28438983,0.9009434,88-,0.9504717,1,2,0.0
A,Qwen2.5-3B-Instruct,r11_trunk,100,seed1,stochastic_fork,175,cd/490268,256,244,0,12,0.4167059,0.37930206,0.79837067,11+,0.88594705,1,3,0.882812
A,Qwen2.5-3B-Instruct,r11_trunk,100,seed1,stochastic_fork,175,cd/490267,256,254,0,2,0.18761376,0.11657098,0.92787524,75-,0.96101365,1,5,0.984375
A,Qwen2.5-3B-Instruct,r11_trunk,100,seed1,stochastic_fork,175,cd/490266,256,222,0,34,0.58897609,0.36595142,0.69042316,92-,0.82182628,2,5,0.0
A,Qwen2.5-3B-Instruct,r11_trunk,100,seed1,stochastic_fork,175,cd/490264,256,0,0,256,1.09861229,1.0,0.0,80/,0.33333333,3,3,0.0
A,Qwen2.5-3B-Instruct,r11_trunk,100,seed1,stochastic_fork,175,cd/490263,256,256,0,0,0.6691806,0.32180784,0.76923077,32-,0.84038462,1,8,0.800781
A,Qwen2.5-3B-Instruct,r11_trunk,100,seed1,stochastic_fork,175,cd/490262,256,48,0,208,0.52033249,0.47362704,0.70707071,32*,0.83838384,2,3,0.03125
A,Qwen2.5-3B-Instruct,r11_trunk,100,seed1,stochastic_fork,175,cd/490261,256,256,0,0,0.41053635,0.25508058,0.82011605,60-,0.89555126,1,5,0.933594
A,Qwen2.5-3B-Instruct,r11_trunk,100,seed1,stochastic_fork,175,cd/490260,256,232,0,24,0.66883177,0.60879691,0.27408994,67-,0.6359743,2,3,0.851562
A,Qwen2.5-3B-Instruct,r11_trunk,100,seed1,stochastic_fork,175,cd/490259,256,227,0,29,0.21217639,0.19313127,0.91028446,74-,0.95185996,1,3,0.5625
A,Qwen2.5-3B-Instruct,r11_trunk,100,seed1,stochastic_fork,175,cd/490258,256,256,0,0,0.31604088,0.15198354,0.90769231,84-,0.93653846,1,8,0.894531
A,Qwen2.5-3B-Instruct,r11_trunk,100,seed1,stochastic_fork,175,cd/490256,256,256,0,0,0.71944065,0.44701361,0.47195358,79-,0.71760155,2,5,0.945312
A,Qwen2.5-3B-Instruct,r11_trunk,100,seed1,stochastic_fork,175,cd/490254,256,0,0,256,1.09861229,1.0,0.0,90/,0.33333333,3,3,0.050781
A,Qwen2.5-3B-Instruct,r11_trunk,100,seed1,stochastic_fork,175,cd/490249,256,256,0,0,0.53819528,0.27657766,0.77071291,96-,0.85741811,1,7,0.90625
A,Qwen2.5-3B-Instruct,r11_trunk,100,seed1,stochastic_fork,175,cd/490248,256,206,0,50,0.5813759,0.83874812,0.46376812,69-,0.73188406,2,2,0.0
A,Qwen2.5-3B-Instruct,r11_trunk,100,seed1,stochastic_fork,175,cd/490246,256,256,0,0,0.54007596,0.33556806,0.59574468,52-,0.79497099,2,5,0.980469
A,Qwen2.5-3B-Instruct,r11_trunk,100,seed1,stochastic_fork,175,cd/490245,256,256,0,0,0.44534594,0.21416613,0.86538462,93-,0.90576923,1,8,0.855469
A,Qwen2.5-3B-Instruct,r11_trunk,100,seed1,stochastic_fork,175,cd/490243,256,256,0,0,0.73973897,0.45962566,0.14313346,72-,0.56673114,2,5,0.414062
A,Qwen2.5-3B-Instruct,r11_trunk,100,seed1,stochastic_fork,175,cd/490241,256,256,0,0,0.25778409,0.16017026,0.88201161,98-,0.93810445,1,5,0.976562
A,Qwen2.5-3B-Instruct,r11_trunk,100,seed1,stochastic_fork,175,cd/490240,256,249,0,7,0.0573885,0.03565748,0.99005964,85-,0.99204771,1,5,0.605469
A,Qwen2.5-3B-Instruct,r11_trunk,100,seed1,stochastic_fork,175,cd/490239,256,24,0,232,0.19262574,0.1753355,0.94117647,27-,0.96078431,1,3,0.0
A,Qwen2.5-3B-Instruct,r11_trunk,100,seed1,stochastic_fork,175,cd/490237,256,251,0,5,0.01432854,0.02067171,0.99603175,96-,0.99801587,1,2,0.0
A,Qwen2.5-3B-Instruct,r11_trunk,100,seed1,stochastic_fork,175,cd/490236,256,256,0,0,0.83626712,0.40215947,0.57692308,97-,0.74038462,2,8,0.84375
A,Qwen2.5-3B-Instruct,r11_trunk,100,seed1,stochastic_fork,175,cd/490235,256,256,0,0,0.50702651,0.26056008,0.75529865,90-,0.86127168,2,7,0.75
A,Qwen2.5-3B-Instruct,r11_trunk,100,seed1,stochastic_fork,175,cd/490234,256,255,0,1,0.22439676,0.13942554,0.90485437,83-,0.94951456,1,5,0.96875
A,Qwen2.5-3B-Instruct,r11_trunk,100,seed1,stochastic_fork,175,cd/490233,256,255,0,1,0.46350408,0.28799128,0.71456311,92-,0.85242718,2,5,0.984375
A,Qwen2.5-3B-Instruct,r11_trunk,100,seed1,stochastic_fork,175,cd/490232,256,251,0,5,0.02860426,0.02603672,0.99405941,88-,0.9960396,1,3,0.0
A,Qwen2.5-3B-Instruct,r11_trunk,100,seed1,stochastic_fork,175,cd/490231,256,256,0,0,0.38595823,0.18560668,0.80769231,66-,0.89807692,1,8,0.84375
A,Qwen2.5-3B-Instruct,r11_trunk,100,seed1,stochastic_fork,175,cd/490229,256,246,0,10,0.67810958,0.32610177,0.636,87-,0.79,2,8,0.8125
A,Qwen2.5-3B-Instruct,r11_trunk,100,seed1,stochastic_fork,175,cd/490228,256,255,0,1,0.70279452,0.43667079,0.2368932,56+,0.61553398,2,5,0.984375
A,Qwen2.5-3B-Instruct,r11_trunk,100,seed1,stochastic_fork,175,cd/490227,256,256,0,0,1.08974291,0.67709534,0.17408124,43-,0.45454545,3,5,0.941406
A,Qwen2.5-3B-Instruct,r11_trunk,100,seed1,stochastic_fork,175,cd/490225,256,256,0,0,0.21666608,0.1346222,0.93230174,91-,0.95744681,1,5,0.988281
A,Qwen2.5-3B-Instruct,r11_trunk,100,seed1,stochastic_fork,175,cd/490221,256,256,0,0,0.52065848,0.3235033,0.66537718,79-,0.82591876,2,5,0.960938
A,Qwen2.5-3B-Instruct,r11_trunk,100,seed1,stochastic_fork,175,cd/490219,256,243,0,13,0.76175471,0.47330481,0.51323829,94-,0.72301426,2,5,0.90625
A,Qwen2.5-3B-Instruct,r11_trunk,100,seed1,stochastic_fork,175,cd/490217,256,240,1,15,0.54318447,0.49442781,0.55486542,74-,0.77639752,2,3,0.0
A,Qwen2.5-3B-Instruct,r11_trunk,100,seed1,stochastic_fork,175,cd/490215,256,256,0,0,0.20667127,0.12841208,0.94003868,61-,0.96131528,1,5,0.601562
A,Qwen2.5-3B-Instruct,r11_trunk,100,seed1,stochastic_fork,175,cd/490214,256,246,0,10,0.36314652,0.3305502,0.77575758,73-,0.88686869,2,3,0.914062
A,Qwen2.5-3B-Instruct,r11_trunk,100,seed1,stochastic_fork,175,cd/490213,256,256,0,0,0.8262304,0.42459843,0.50867052,44-,0.71098266,2,7,0.667969
A,Qwen2.5-3B-Instruct,r11_trunk,100,seed1,stochastic_fork,175,cd/490212,256,256,0,0,0.97602771,0.60644011,0.2205029,49+,0.54738878,3,5,0.980469
A,Qwen2.5-3B-Instruct,r11_trunk,100,seed1,stochastic_fork,175,cd/490211,256,256,0,0,0.17001218,0.10563451,0.9516441,79-,0.96905222,1,5,0.984375
A,Qwen2.5-3B-Instruct,r11_trunk,100,seed1,stochastic_fork,175,cd/490208,256,237,0,19,0.74038292,0.46002577,0.35490605,94-,0.66597077,2,5,0.980469
A,Qwen2.5-3B-Instruct,r11_trunk,100,seed1,stochastic_fork,175,cd/490207,256,231,0,25,0.95649313,0.5943026,0.4111349,80-,0.61456103,3,5,0.988281
A,Qwen2.5-3B-Instruct,r11_trunk,100,seed1,stochastic_fork,175,cd/490206,256,255,0,1,0.89152514,0.55393571,0.16699029,68-,0.55339806,2,5,0.851562
A,Qwen2.5-3B-Instruct,r11_trunk,100,seed1,stochastic_fork,175,cd/490205,256,241,0,15,0.71585646,0.44478663,0.18480493,72-,0.58932238,2,5,0.988281
A,Qwen2.5-3B-Instruct,r11_trunk,100,seed1,stochastic_fork,175,cd/490204,256,256,0,0,1.02691711,0.49384274,0.28846154,90-,0.58269231,2,8,0.496094
A,Qwen2.5-3B-Instruct,r11_trunk,100,seed1,stochastic_fork,175,cd/490203,256,201,0,55,0.70518945,0.6418911,0.08395062,40+,0.54074074,2,3,0.914062
A,Qwen2.5-3B-Instruct,r11_trunk,100,seed1,stochastic_fork,175,cd/490202,256,200,0,56,0.01740101,0.02510436,0.99502488,97-,0.99751244,1,2,0.0
A,Qwen2.5-3B-Instruct,r11_trunk,100,seed1,stochastic_fork,175,cd/490201,256,256,0,0,0.78972526,0.49068389,0.09284333,82+,0.53578337,2,5,0.984375
A,Qwen2.5-3B-Instruct,r11_trunk,100,seed1,stochastic_fork,175,cd/490199,256,175,0,81,0.77072684,0.47887951,0.01126761,57+,0.49859155,2,5,1.0
A,Qwen2.5-3B-Instruct,r11_trunk,100,seed2,stochastic_fork,175,cd/490363,256,255,0,1,1.21511969,0.58434905,0.13513514,83-,0.44980695,3,8,0.507812
A,Qwen2.5-3B-Instruct,r11_trunk,100,seed2,stochastic_fork,175,cd/490361,256,214,1,41,0.05788858,0.05269245,0.9837587,98-,0.99071926,1,3,0.703125
A,Qwen2.5-3B-Instruct,r11_trunk,100,seed2,stochastic_fork,175,cd/490360,256,65,0,191,0.80930971,0.41590292,0.54014599,73-,0.73722628,2,7,0.320312
A,Qwen2.5-3B-Instruct,r11_trunk,100,seed2,stochastic_fork,175,cd/490357,256,255,0,1,0.65588693,0.40752546,0.57087379,89-,0.77087379,2,5,0.972656
A,Qwen2.5-3B-Instruct,r11_trunk,100,seed2,stochastic_fork,175,cd/490356,256,193,0,63,0.25150382,0.14036696,0.92857143,79-,0.95153061,1,6,0.0
A,Qwen2.5-3B-Instruct,r11_trunk,100,seed2,stochastic_fork,175,cd/490354,256,253,0,3,1.14975387,0.49933176,0.18604651,72-,0.50968992,3,10,0.589844
A,Qwen2.5-3B-Instruct,r11_trunk,100,seed2,stochastic_fork,175,cd/490353,256,195,0,61,0.22421079,0.13931,0.92151899,62-,0.95443038,1,5,0.957031
A,Qwen2.5-3B-Instruct,r11_trunk,100,seed2,stochastic_fork,175,cd/490352,256,83,0,173,0.19560016,0.12153322,0.94736842,57-,0.96491228,1,5,0.0
A,Qwen2.5-3B-Instruct,r11_trunk,100,seed2,stochastic_fork,175,cd/490351,256,131,0,125,0.33647151,0.17291215,0.86988848,77+,0.92565056,1,7,0.59375
A,Qwen2.5-3B-Instruct,r11_trunk,100,seed2,stochastic_fork,175,cd/490348,256,252,0,4,0.64841792,0.4028847,0.6719057,52-,0.80353635,2,5,0.710938
A,Qwen2.5-3B-Instruct,r11_trunk,100,seed2,stochastic_fork,175,cd/490347,256,255,0,1,1.46957386,0.70671564,0.16988417,59-,0.3957529,4,8,0.417969
A,Qwen2.5-3B-Instruct,r11_trunk,100,seed2,stochastic_fork,175,cd/490344,256,237,0,19,0.48959957,0.44565273,0.63312369,88-,0.81551363,2,3,0.816406
A,Qwen2.5-3B-Instruct,r11_trunk,100,seed2,stochastic_fork,175,cd/490343,256,234,0,22,0.82299601,0.42293629,0.56421053,94-,0.74315789,2,7,0.152344
A,Qwen2.5-3B-Instruct,r11_trunk,100,seed2,stochastic_fork,175,cd/490342,256,208,0,48,1.26943537,0.65236073,0.15602837,55+,0.46572104,3,7,0.507812
A,Qwen2.5-3B-Instruct,r11_trunk,100,seed2,stochastic_fork,175,cd/490341,256,255,0,1,1.11262437,0.50637717,0.30828516,44-,0.53371869,3,9,0.761719
A,Qwen2.5-3B-Instruct,r11_trunk,100,seed2,stochastic_fork,175,cd/490340,256,186,0,70,0.41913584,0.3023426,0.7606383,96-,0.875,2,4,0.039062
A,Qwen2.5-3B-Instruct,r11_trunk,100,seed2,stochastic_fork,175,cd/490339,256,208,0,48,0.41487301,0.25777509,0.82185273,45+,0.89548694,1,5,0.988281
A,Qwen2.5-3B-Instruct,r11_trunk,100,seed2,stochastic_fork,175,cd/490338,256,256,0,0,0.60378555,0.29035947,0.60769231,92-,0.79423077,2,8,0.800781
A,Qwen2.5-3B-Instruct,r11_trunk,100,seed2,stochastic_fork,175,cd/490337,256,255,0,1,0.55229403,0.34315958,0.62524272,79-,0.80582524,2,5,0.902344
A,Qwen2.5-3B-Instruct,r11_trunk,100,seed2,stochastic_fork,175,cd/490335,256,252,0,4,0.62434439,0.32084955,0.61056751,65+,0.7925636,2,7,0.644531
A,Qwen2.5-3B-Instruct,r11_trunk,100,seed2,stochastic_fork,175,cd/490334,256,212,0,44,0.51858252,0.32221343,0.63403263,46+,0.81351981,2,5,0.976562
A,Qwen2.5-3B-Instruct,r11_trunk,100,seed2,stochastic_fork,175,cd/490333,256,43,0,213,0.76502583,0.69635652,0.31460674,82+,0.64044944,2,3,0.003906
A,Qwen2.5-3B-Instruct,r11_trunk,100,seed2,stochastic_fork,175,cd/490331,256,255,0,1,1.38178274,0.66449703,0.11969112,63-,0.42277992,3,8,0.417969
A,Qwen2.5-3B-Instruct,r11_trunk,100,seed2,stochastic_fork,175,cd/490330,256,2,0,254,0.79631164,0.72483409,0.57142857,90*,0.71428571,3,3,0.011719
A,Qwen2.5-3B-Instruct,r11_trunk,100,seed2,stochastic_fork,175,cd/490327,256,253,0,3,1.08518965,0.52186591,0.07782101,95-,0.47276265,3,8,0.558594
A,Qwen2.5-3B-Instruct,r11_trunk,100,seed2,stochastic_fork,175,cd/490325,256,213,0,43,0.33052738,0.16985747,0.89145497,90-,0.93071594,1,7,0.238281
A,Qwen2.5-3B-Instruct,r11_trunk,100,seed2,stochastic_fork,175,cd/490324,256,225,0,31,0.31758503,0.19732667,0.83956044,99-,0.91648352,1,5,0.992188
A,Qwen2.5-3B-Instruct,r11_trunk,100,seed2,stochastic_fork,175,cd/490322,256,254,0,2,0.58241941,0.36187753,0.53021442,55+,0.76218324,2,5,0.949219
A,Qwen2.5-3B-Instruct,r11_trunk,100,seed2,stochastic_fork,175,cd/490321,256,218,0,38,0.70798052,0.64443164,0.20501139,64-,0.59908884,2,3,0.0
A,Qwen2.5-3B-Instruct,r11_trunk,100,seed2,stochastic_fork,175,cd/490320,256,15,0,241,0.52532132,0.75787846,0.5625,36*,0.78125,2,2,0.261719
A,Qwen2.5-3B-Instruct,r11_trunk,100,seed2,stochastic_fork,175,cd/490317,256,254,0,2,0.67173232,0.41737076,0.55360624,47-,0.7582846,2,5,0.941406
A,Qwen2.5-3B-Instruct,r11_trunk,100,seed2,stochastic_fork,175,cd/490316,256,239,0,17,0.76654633,0.47628201,0.21532091,26-,0.59834369,2,5,0.855469
A,Qwen2.5-3B-Instruct,r11_trunk,100,seed2,stochastic_fork,175,cd/490315,256,255,0,1,0.35942313,0.22332215,0.81553398,87-,0.90291262,1,5,0.882812
A,Qwen2.5-3B-Instruct,r11_trunk,100,seed2,stochastic_fork,175,cd/490313,256,251,0,5,0.5141481,0.31945818,0.67455621,98-,0.83037475,2,5,0.90625
A,Qwen2.5-3B-Instruct,r11_trunk,100,seed2,stochastic_fork,175,cd/490312,256,228,0,28,0.48110507,0.43792071,0.64488017,90-,0.82135076,2,3,0.894531
A,Qwen2.5-3B-Instruct,r11_trunk,100,seed2,stochastic_fork,175,cd/490309,256,231,0,25,1.25607806,0.505483,0.08438819,96-,0.407173,3,12,0.003906
A,Qwen2.5-3B-Instruct,r11_trunk,100,seed2,stochastic_fork,175,cd/490308,256,2,0,254,0.45056121,0.65002242,0.66666667,3*,0.83333333,2,2,0.578125
A,Qwen2.5-3B-Instruct,r11_trunk,100,seed2,stochastic_fork,175,cd/490307,256,255,0,1,0.5613017,0.26992906,0.64092664,72-,0.81274131,2,8,0.730469
A,Qwen2.5-3B-Instruct,r11_trunk,100,seed2,stochastic_fork,175,cd/490306,256,1,0,255,0.56233514,0.81127812,0.5,50-,0.75,2,2,0.0
A,Qwen2.5-3B-Instruct,r11_trunk,100,seed2,stochastic_fork,175,cd/490305,256,2,0,254,0.45056121,0.65002242,0.66666667,15*,0.83333333,2,2,0.636719
A,Qwen2.5-3B-Instruct,r11_trunk,100,seed2,stochastic_fork,175,cd/490304,256,17,2,237,0.4033345,0.36713088,0.81081081,76-,0.89189189,1,3,0.0
A,Qwen2.5-3B-Instruct,r11_trunk,100,seed2,stochastic_fork,175,cd/490303,256,253,0,3,1.1644593,0.55998655,0.11284047,68+,0.47276265,3,8,0.511719
A,Qwen2.5-3B-Instruct,r11_trunk,100,seed2,stochastic_fork,175,cd/490297,256,244,0,12,0.7062571,0.64286291,0.01629328,22+,0.50712831,2,3,0.949219
A,Qwen2.5-3B-Instruct,r11_trunk,100,seed2,stochastic_fork,175,cd/490296,256,254,0,2,1.03064792,0.49563688,0.31007752,99-,0.5872093,3,8,0.636719
A,Qwen2.5-3B-Instruct,r11_trunk,100,seed2,stochastic_fork,175,cd/490292,256,229,0,27,0.91830787,0.39881604,0.05555556,44+,0.50213675,2,10,0.089844
A,Qwen2.5-3B-Instruct,r11_trunk,100,seed2,stochastic_fork,175,cd/490290,256,230,0,26,0.75323897,0.46801368,0.06451613,40-,0.52688172,2,5,0.960938
A,Qwen2.5-3B-Instruct,r11_trunk,100,seed2,stochastic_fork,175,cd/490288,256,54,0,202,0.25061144,0.13986891,0.94736842,24*,0.95614035,1,6,0.003906
A,Qwen2.5-3B-Instruct,r11_trunk,100,seed2,stochastic_fork,175,cd/490287,256,253,0,3,1.02502874,0.63688617,0.18395303,97-,0.51076321,3,5,0.875
A,Qwen2.5-3B-Instruct,r11_trunk,100,seed2,stochastic_fork,175,cd/490283,256,238,0,18,0.14353898,0.08918578,0.96049896,91-,0.97505198,1,5,0.867188
A,Qwen2.5-3B-Instruct,r11_trunk,100,seed2,stochastic_fork,175,cd/490282,256,251,0,5,0.7598097,0.47209631,0.12228797,78+,0.55424063,2,5,0.988281
A,Qwen2.5-3B-Instruct,r11_trunk,100,seed2,stochastic_fork,175,cd/490281,256,195,0,61,0.53002627,0.32932384,0.62278481,27-,0.80759494,2,5,0.945312
A,Qwen2.5-3B-Instruct,r11_trunk,100,seed2,stochastic_fork,175,cd/490280,256,255,0,1,0.66471563,0.41301104,0.53592233,45-,0.75533981,2,5,0.886719
A,Qwen2.5-3B-Instruct,r11_trunk,100,seed2,stochastic_fork,175,cd/490279,256,248,0,8,0.84814661,0.52698312,0.39520958,50-,0.66067864,2,5,0.894531
A,Qwen2.5-3B-Instruct,r11_trunk,100,seed2,stochastic_fork,175,cd/490276,256,256,0,0,0.3186259,0.19797341,0.83558994,83-,0.91489362,1,5,0.882812
A,Qwen2.5-3B-Instruct,r11_trunk,100,seed2,stochastic_fork,175,cd/490275,256,44,0,212,0.06104704,0.08807226,0.97777778,59-,0.98888889,1,2,0.003906
A,Qwen2.5-3B-Instruct,r11_trunk,100,seed2,stochastic_fork,175,cd/490274,256,201,0,55,0.22324226,0.16103525,0.90147783,55-,0.94827586,1,4,0.0
A,Qwen2.5-3B-Instruct,r11_trunk,100,seed2,stochastic_fork,175,cd/490271,256,245,0,11,0.63094394,0.39202751,0.61414141,95-,0.78989899,2,5,0.980469
A,Qwen2.5-3B-Instruct,r11_trunk,100,seed2,stochastic_fork,175,cd/490270,256,190,0,66,0.50969438,0.73533355,0.58638743,88-,0.79319372,2,2,0.003906
A,Qwen2.5-3B-Instruct,r11_trunk,100,seed2,stochastic_fork,175,cd/490268,256,221,0,35,0.53527475,0.48722808,0.68764045,11+,0.82921348,2,3,0.847656
A,Qwen2.5-3B-Instruct,r11_trunk,100,seed2,stochastic_fork,175,cd/490267,256,253,0,3,0.39952422,0.24823835,0.76320939,75-,0.87866928,2,5,0.976562
A,Qwen2.5-3B-Instruct,r11_trunk,100,seed2,stochastic_fork,175,cd/490266,256,227,0,29,1.03338546,0.64207848,0.2745098,92-,0.54684096,3,5,0.0
A,Qwen2.5-3B-Instruct,r11_trunk,100,seed2,stochastic_fork,175,cd/490264,256,9,0,247,0.38050622,0.34635169,0.85714286,34-,0.9047619,1,3,0.003906
A,Qwen2.5-3B-Instruct,r11_trunk,100,seed2,stochastic_fork,175,cd/490263,256,255,0,1,1.21408,0.58384906,0.40926641,32-,0.59266409,3,8,0.515625
A,Qwen2.5-3B-Instruct,r11_trunk,100,seed2,stochastic_fork,175,cd/490262,256,79,0,177,0.72029313,0.65563907,0.11180124,5*,0.55279503,2,3,0.074219
A,Qwen2.5-3B-Instruct,r11_trunk,100,seed2,stochastic_fork,175,cd/490261,256,255,0,1,0.3260889,0.20261043,0.87378641,60-,0.92621359,1,5,0.761719
A,Qwen2.5-3B-Instruct,r11_trunk,100,seed2,stochastic_fork,175,cd/490260,256,221,0,35,0.74665429,0.67963402,0.17977528,7+,0.58202247,2,3,0.652344
A,Qwen2.5-3B-Instruct,r11_trunk,100,seed2,stochastic_fork,175,cd/490259,256,193,0,63,0.13519006,0.1230553,0.9562982,74-,0.97429306,1,3,0.667969
A,Qwen2.5-3B-Instruct,r11_trunk,100,seed2,stochastic_fork,175,cd/490258,256,254,0,2,0.5686817,0.27347809,0.70542636,84-,0.83527132,2,8,0.773438
A,Qwen2.5-3B-Instruct,r11_trunk,100,seed2,stochastic_fork,175,cd/490256,256,254,0,2,0.75918561,0.47170854,0.63937622,79-,0.76218324,3,5,0.914062
A,Qwen2.5-3B-Instruct,r11_trunk,100,seed2,stochastic_fork,175,cd/490254,256,12,0,244,0.31539629,0.28708607,0.88888889,90*,0.92592593,1,3,0.171875
A,Qwen2.5-3B-Instruct,r11_trunk,100,seed2,stochastic_fork,175,cd/490249,256,250,0,6,0.78657075,0.40421741,0.60749507,96-,0.74358974,3,7,0.914062
A,Qwen2.5-3B-Instruct,r11_trunk,100,seed2,stochastic_fork,175,cd/490248,256,157,0,99,0.40930547,0.59050296,0.71518987,54-,0.85759494,2,2,0.003906
A,Qwen2.5-3B-Instruct,r11_trunk,100,seed2,stochastic_fork,175,cd/490246,256,255,0,1,0.55864748,0.34710719,0.73786408,52-,0.8407767,2,5,0.949219
A,Qwen2.5-3B-Instruct,r11_trunk,100,seed2,stochastic_fork,175,cd/490245,256,256,0,0,1.14204154,0.54920589,0.45384615,93-,0.61346154,3,8,0.765625
A,Qwen2.5-3B-Instruct,r11_trunk,100,seed2,stochastic_fork,175,cd/490243,256,250,0,6,0.83517562,0.51892379,0.44752475,72-,0.68316832,2,5,0.695312
A,Qwen2.5-3B-Instruct,r11_trunk,100,seed2,stochastic_fork,175,cd/490241,256,254,0,2,0.45025824,0.27976117,0.72904483,98-,0.85964912,2,5,0.902344
A,Qwen2.5-3B-Instruct,r11_trunk,100,seed2,stochastic_fork,175,cd/490240,256,241,0,15,0.10142269,0.06301746,0.97330595,85-,0.9835729,1,5,0.574219
A,Qwen2.5-3B-Instruct,r11_trunk,100,seed2,stochastic_fork,175,cd/490239,256,54,0,202,0.10271111,0.09349168,0.97297297,27-,0.98198198,1,3,0.0
A,Qwen2.5-3B-Instruct,r11_trunk,100,seed2,stochastic_fork,175,cd/490237,256,228,0,28,0.01555846,0.02244612,0.99563319,96-,0.99781659,1,2,0.0
A,Qwen2.5-3B-Instruct,r11_trunk,100,seed2,stochastic_fork,175,cd/490236,256,253,0,3,1.09864624,0.52833716,0.38132296,97-,0.59338521,3,8,0.671875
A,Qwen2.5-3B-Instruct,r11_trunk,100,seed2,stochastic_fork,175,cd/490235,256,255,0,1,0.86423762,0.44413028,0.46034816,90-,0.68665377,2,7,0.761719
A,Qwen2.5-3B-Instruct,r11_trunk,100,seed2,stochastic_fork,175,cd/490234,256,254,0,2,0.46862509,0.29117314,0.7251462,83-,0.85575049,2,5,0.957031
A,Qwen2.5-3B-Instruct,r11_trunk,100,seed2,stochastic_fork,175,cd/490233,256,255,0,1,0.54643416,0.33951864,0.63300971,92-,0.80970874,2,5,0.964844
A,Qwen2.5-3B-Instruct,r11_trunk,100,seed2,stochastic_fork,175,cd/490232,256,221,0,35,0.03189134,0.02902875,0.99325843,88-,0.99550562,1,3,0.0
A,Qwen2.5-3B-Instruct,r11_trunk,100,seed2,stochastic_fork,175,cd/490231,256,253,0,3,0.76043307,0.36569101,0.40077821,66-,0.68677043,2,8,0.699219
A,Qwen2.5-3B-Instruct,r11_trunk,100,seed2,stochastic_fork,175,cd/490229,256,248,0,8,1.09456701,0.52637547,0.16666667,87-,0.48214286,3,8,0.738281
A,Qwen2.5-3B-Instruct,r11_trunk,100,seed2,stochastic_fork,175,cd/490228,256,253,0,3,0.5271939,0.32756399,0.61448141,56+,0.80430528,2,5,0.976562
A,Qwen2.5-3B-Instruct,r11_trunk,100,seed2,stochastic_fork,175,cd/490227,256,255,0,1,1.09844587,0.68250279,0.12815534,43+,0.43300971,3,5,0.964844
A,Qwen2.5-3B-Instruct,r11_trunk,100,seed2,stochastic_fork,175,cd/490225,256,254,0,2,0.35371378,0.21977473,0.83430799,91-,0.91033138,1,5,0.972656
A,Qwen2.5-3B-Instruct,r11_trunk,100,seed2,stochastic_fork,175,cd/490221,256,250,0,6,0.64461133,0.40051954,0.65742574,79-,0.7980198,2,5,0.964844
A,Qwen2.5-3B-Instruct,r11_trunk,100,seed2,stochastic_fork,175,cd/490219,256,227,0,29,0.78885183,0.4901412,0.03485839,94+,0.50762527,2,5,0.910156
A,Qwen2.5-3B-Instruct,r11_trunk,100,seed2,stochastic_fork,175,cd/490217,256,228,0,28,0.63156218,0.57487267,0.38344227,74-,0.69063181,2,3,0.0
A,Qwen2.5-3B-Instruct,r11_trunk,100,seed2,stochastic_fork,175,cd/490215,256,255,0,1,0.60062965,0.37319218,0.72621359,61-,0.82912621,2,5,0.652344
A,Qwen2.5-3B-Instruct,r11_trunk,100,seed2,stochastic_fork,175,cd/490214,256,238,0,18,0.05297331,0.04821839,0.98538622,73-,0.99164927,1,3,0.859375
A,Qwen2.5-3B-Instruct,r11_trunk,100,seed2,stochastic_fork,175,cd/490213,256,251,0,5,1.15039781,0.59118753,0.20039293,34-,0.49312377,3,7,0.640625
A,Qwen2.5-3B-Instruct,r11_trunk,100,seed2,stochastic_fork,175,cd/490212,256,255,0,1,0.98660283,0.6130108,0.30679612,49+,0.57281553,3,5,0.953125
A,Qwen2.5-3B-Instruct,r11_trunk,100,seed2,stochastic_fork,175,cd/490211,256,255,0,1,0.49134064,0.3052871,0.71456311,79-,0.84854369,2,5,0.976562
A,Qwen2.5-3B-Instruct,r11_trunk,100,seed2,stochastic_fork,175,cd/490208,256,223,0,33,0.78938045,0.49046965,0.05321508,76-,0.51662971,2,5,0.984375
A,Qwen2.5-3B-Instruct,r11_trunk,100,seed2,stochastic_fork,175,cd/490207,256,222,0,34,0.92076528,0.57210363,0.24498886,80-,0.58129176,2,5,0.972656
A,Qwen2.5-3B-Instruct,r11_trunk,100,seed2,stochastic_fork,175,cd/490206,256,254,0,2,0.85718123,0.53259664,0.42495127,68-,0.66471735,2,5,0.898438
A,Qwen2.5-3B-Instruct,r11_trunk,100,seed2,stochastic_fork,175,cd/490205,256,229,0,27,0.72197198,0.44858641,0.15982721,72+,0.57667387,2,5,0.96875
A,Qwen2.5-3B-Instruct,r11_trunk,100,seed2,stochastic_fork,175,cd/490204,256,253,0,3,1.07367276,0.51632746,0.01167315,78-,0.42607004,3,8,0.574219
A,Qwen2.5-3B-Instruct,r11_trunk,100,seed2,stochastic_fork,175,cd/490203,256,213,0,43,0.63094574,0.57431156,0.38694639,38+,0.69230769,2,3,0.910156
A,Qwen2.5-3B-Instruct,r11_trunk,100,seed2,stochastic_fork,175,cd/490202,256,203,0,53,0.01718147,0.02478762,0.99509804,97-,0.99754902,1,2,0.007812
A,Qwen2.5-3B-Instruct,r11_trunk,100,seed2,stochastic_fork,175,cd/490201,256,255,0,1,0.76171404,0.47327954,0.19417476,82-,0.58834951,2,5,0.980469
A,Qwen2.5-3B-Instruct,r11_trunk,100,seed2,stochastic_fork,175,cd/490199,256,199,0,57,0.84043205,0.5221898,0.05955335,57+,0.51364764,2,5,0.992188
A,Qwen2.5-3B-Instruct,r11_trunk,100,seed3,stochastic_fork,175,cd/490363,256,256,0,0,0.90946844,0.43736187,0.50384615,83-,0.70192308,2,8,0.617188
A,Qwen2.5-3B-Instruct,r11_trunk,100,seed3,stochastic_fork,175,cd/490361,256,243,0,13,0.02940824,0.02676853,0.99386503,98-,0.99591002,1,3,0.753906
A,Qwen2.5-3B-Instruct,r11_trunk,100,seed3,stochastic_fork,175,cd/490360,256,123,0,133,0.43179332,0.22189787,0.82213439,73-,0.8972332,1,7,0.253906
A,Qwen2.5-3B-Instruct,r11_trunk,100,seed3,stochastic_fork,175,cd/490357,256,254,0,2,0.26679817,0.16577102,0.9122807,89-,0.9454191,1,5,0.984375
A,Qwen2.5-3B-Instruct,r11_trunk,100,seed3,stochastic_fork,175,cd/490356,256,230,0,26,0.07659658,0.04274937,0.98712446,79-,0.98927039,1,6,0.003906
A,Qwen2.5-3B-Instruct,r11_trunk,100,seed3,stochastic_fork,175,cd/490354,256,255,0,1,0.92547458,0.4019285,0.52692308,72-,0.70576923,2,10,0.769531
A,Qwen2.5-3B-Instruct,r11_trunk,100,seed3,stochastic_fork,175,cd/490353,256,230,0,26,0.12406601,0.07708655,0.96344086,62-,0.97849462,1,5,0.992188
A,Qwen2.5-3B-Instruct,r11_trunk,100,seed3,stochastic_fork,175,cd/490352,256,112,0,144,0.11222598,0.06972992,0.97816594,57-,0.98253275,1,5,0.0
A,Qwen2.5-3B-Instruct,r11_trunk,100,seed3,stochastic_fork,175,cd/490351,256,178,0,78,0.49863048,0.25624538,0.70523416,77+,0.84573003,2,7,0.734375
A,Qwen2.5-3B-Instruct,r11_trunk,100,seed3,stochastic_fork,175,cd/490348,256,255,0,1,0.24715519,0.15356615,0.92038835,52-,0.94951456,1,5,0.746094
A,Qwen2.5-3B-Instruct,r11_trunk,100,seed3,stochastic_fork,175,cd/490347,256,255,0,1,1.32611857,0.63772823,0.32432432,59-,0.53088803,3,8,0.339844
A,Qwen2.5-3B-Instruct,r11_trunk,100,seed3,stochastic_fork,175,cd/490344,256,251,0,5,0.24494314,0.22295685,0.87524752,88-,0.93663366,1,3,0.878906
A,Qwen2.5-3B-Instruct,r11_trunk,100,seed3,stochastic_fork,175,cd/490343,256,249,0,7,0.32339961,0.16619452,0.86336634,94-,0.92475248,1,7,0.117188
A,Qwen2.5-3B-Instruct,r11_trunk,100,seed3,stochastic_fork,175,cd/490342,256,225,0,31,1.36635728,0.70216874,0.16630197,68+,0.39606127,4,7,0.570312
A,Qwen2.5-3B-Instruct,r11_trunk,100,seed3,stochastic_fork,175,cd/490341,256,251,0,5,1.00240783,0.45621546,0.19569472,44-,0.54207436,2,9,0.730469
A,Qwen2.5-3B-Instruct,r11_trunk,100,seed3,stochastic_fork,175,cd/490340,256,228,0,28,0.2528751,0.18241082,0.89130435,96-,0.94130435,1,4,0.074219
A,Qwen2.5-3B-Instruct,r11_trunk,100,seed3,stochastic_fork,175,cd/490339,256,222,0,34,0.17609066,0.10941128,0.9532294,45+,0.9688196,1,5,0.984375
A,Qwen2.5-3B-Instruct,r11_trunk,100,seed3,stochastic_fork,175,cd/490338,256,256,0,0,0.34051117,0.16375126,0.85769231,92-,0.92115385,1,8,0.84375
A,Qwen2.5-3B-Instruct,r11_trunk,100,seed3,stochastic_fork,175,cd/490337,256,253,0,3,0.23750474,0.14756999,0.8962818,79-,0.94520548,1,5,0.921875
A,Qwen2.5-3B-Instruct,r11_trunk,100,seed3,stochastic_fork,175,cd/490335,256,254,0,2,0.79529507,0.40870082,0.2407767,65+,0.60776699,2,7,0.617188
A,Qwen2.5-3B-Instruct,r11_trunk,100,seed3,stochastic_fork,175,cd/490334,256,223,0,33,0.61773002,0.38381724,0.47450111,46+,0.73392461,2,5,0.972656
A,Qwen2.5-3B-Instruct,r11_trunk,100,seed3,stochastic_fork,175,cd/490333,256,17,0,239,0.89267062,0.81254382,0.21621622,55-,0.56756757,2,3,0.0
A,Qwen2.5-3B-Instruct,r11_trunk,100,seed3,stochastic_fork,175,cd/490331,256,255,0,1,1.15236194,0.55416895,0.40540541,63-,0.6003861,3,8,0.449219
A,Qwen2.5-3B-Instruct,r11_trunk,100,seed3,stochastic_fork,175,cd/490330,256,1,1,254,0.95027054,0.86497352,0.4,12*,0.6,3,3,0.015625
A,Qwen2.5-3B-Instruct,r11_trunk,100,seed3,stochastic_fork,175,cd/490327,256,255,0,1,0.86263521,0.41483984,0.38223938,95-,0.65830116,2,8,0.664062
A,Qwen2.5-3B-Instruct,r11_trunk,100,seed3,stochastic_fork,175,cd/490325,256,247,0,9,0.19939906,0.10247085,0.94211577,90-,0.96407186,1,7,0.183594
A,Qwen2.5-3B-Instruct,r11_trunk,100,seed3,stochastic_fork,175,cd/490324,256,246,0,10,0.25276527,0.15705189,0.89738431,99-,0.94366197,1,5,0.972656
A,Qwen2.5-3B-Instruct,r11_trunk,100,seed3,stochastic_fork,175,cd/490322,256,255,0,1,0.73122319,0.45433452,0.01165049,55+,0.50291262,2,5,0.980469
A,Qwen2.5-3B-Instruct,r11_trunk,100,seed3,stochastic_fork,175,cd/490321,256,245,0,11,0.5212154,0.47443071,0.58823529,64-,0.79310345,2,3,0.0
A,Qwen2.5-3B-Instruct,r11_trunk,100,seed3,stochastic_fork,175,cd/490320,256,15,0,241,0.43339887,0.62526241,0.6875,36*,0.84375,2,2,0.246094
A,Qwen2.5-3B-Instruct,r11_trunk,100,seed3,stochastic_fork,175,cd/490317,256,255,0,1,0.18573335,0.11540262,0.94368932,47-,0.96504854,1,5,0.960938
A,Qwen2.5-3B-Instruct,r11_trunk,100,seed3,stochastic_fork,175,cd/490316,256,245,0,11,0.61707097,0.38340775,0.53737374,26-,0.76161616,2,5,0.964844
A,Qwen2.5-3B-Instruct,r11_trunk,100,seed3,stochastic_fork,175,cd/490315,256,253,0,3,0.18819211,0.11693033,0.92759295,87-,0.96086106,1,5,0.890625
A,Qwen2.5-3B-Instruct,r11_trunk,100,seed3,stochastic_fork,175,cd/490313,256,252,0,4,0.17532656,0.10893652,0.93516699,98-,0.96463654,1,5,0.917969
A,Qwen2.5-3B-Instruct,r11_trunk,100,seed3,stochastic_fork,175,cd/490312,256,245,0,11,0.22680737,0.20644897,0.88843813,90-,0.94320487,1,3,0.917969
A,Qwen2.5-3B-Instruct,r11_trunk,100,seed3,stochastic_fork,175,cd/490309,256,246,0,10,0.97891929,0.3939461,0.42063492,96-,0.64880952,3,12,0.007812
A,Qwen2.5-3B-Instruct,r11_trunk,100,seed3,stochastic_fork,175,cd/490308,256,0,0,256,0.69314718,1.0,0.0,3*,0.5,2,2,0.746094
A,Qwen2.5-3B-Instruct,r11_trunk,100,seed3,stochastic_fork,175,cd/490307,256,254,0,2,0.27164638,0.1306343,0.91472868,72-,0.94767442,1,8,0.742188
A,Qwen2.5-3B-Instruct,r11_trunk,100,seed3,stochastic_fork,175,cd/490306,256,1,0,255,0.56233514,0.81127812,0.5,50-,0.75,2,2,0.0
A,Qwen2.5-3B-Instruct,r11_trunk,100,seed3,stochastic_fork,175,cd/490305,256,2,1,253,0.45056121,0.65002242,0.66666667,15*,0.83333333,2,2,0.742188
A,Qwen2.5-3B-Instruct,r11_trunk,100,seed3,stochastic_fork,175,cd/490304,256,13,0,243,0.29875806,0.2719413,0.89655172,76-,0.93103448,1,3,0.0
A,Qwen2.5-3B-Instruct,r11_trunk,100,seed3,stochastic_fork,175,cd/490303,256,251,0,5,1.13172003,0.54424229,0.25490196,68+,0.54313725,3,8,0.613281
A,Qwen2.5-3B-Instruct,r11_trunk,100,seed3,stochastic_fork,175,cd/490297,256,245,0,11,0.65662564,0.59768641,0.31237323,30+,0.65517241,2,3,0.980469
A,Qwen2.5-3B-Instruct,r11_trunk,100,seed3,stochastic_fork,175,cd/490296,256,254,0,2,0.64867168,0.31194514,0.6627907,99-,0.80813953,2,8,0.742188
A,Qwen2.5-3B-Instruct,r11_trunk,100,seed3,stochastic_fork,175,cd/490292,256,207,0,49,0.90135519,0.39145359,0.23113208,44+,0.59198113,2,10,0.03125
A,Qwen2.5-3B-Instruct,r11_trunk,100,seed3,stochastic_fork,175,cd/490290,256,240,0,16,0.57056138,0.35450971,0.55257732,40-,0.77319588,2,5,0.976562
A,Qwen2.5-3B-Instruct,r11_trunk,100,seed3,stochastic_fork,175,cd/490288,256,40,0,216,0.31538937,0.17602216,0.93023256,24*,0.94186047,1,6,0.003906
A,Qwen2.5-3B-Instruct,r11_trunk,100,seed3,stochastic_fork,175,cd/490287,256,254,0,2,0.75216174,0.46734437,0.40155945,97-,0.68421053,2,5,0.820312
A,Qwen2.5-3B-Instruct,r11_trunk,100,seed3,stochastic_fork,175,cd/490283,256,250,0,6,0.10126949,0.06292227,0.97821782,91-,0.98415842,1,5,0.828125
A,Qwen2.5-3B-Instruct,r11_trunk,100,seed3,stochastic_fork,175,cd/490282,256,254,0,2,0.69663403,0.43284306,0.32358674,78-,0.65692008,2,5,0.984375
A,Qwen2.5-3B-Instruct,r11_trunk,100,seed3,stochastic_fork,175,cd/490281,256,236,0,20,0.12148476,0.07548273,0.96436059,27-,0.97903564,1,5,0.910156
A,Qwen2.5-3B-Instruct,r11_trunk,100,seed3,stochastic_fork,175,cd/490280,256,255,0,1,0.2576039,0.1600583,0.89320388,45-,0.94174757,1,5,0.859375
A,Qwen2.5-3B-Instruct,r11_trunk,100,seed3,stochastic_fork,175,cd/490279,256,253,0,3,0.44550987,0.27681084,0.78277886,50-,0.87866928,1,5,0.929688
A,Qwen2.5-3B-Instruct,r11_trunk,100,seed3,stochastic_fork,175,cd/490276,256,256,0,0,0.21170633,0.13154054,0.91295938,83-,0.95357834,1,5,0.890625
A,Qwen2.5-3B-Instruct,r11_trunk,100,seed3,stochastic_fork,175,cd/490275,256,75,0,181,0.0396091,0.05714386,0.98684211,59-,0.99342105,1,2,0.015625
A,Qwen2.5-3B-Instruct,r11_trunk,100,seed3,stochastic_fork,175,cd/490274,256,221,0,35,0.13047468,0.09411759,0.95515695,55-,0.97533632,1,4,0.0
A,Qwen2.5-3B-Instruct,r11_trunk,100,seed3,stochastic_fork,175,cd/490271,256,253,0,3,0.33155337,0.20600569,0.88845401,95-,0.92563601,1,5,0.996094
A,Qwen2.5-3B-Instruct,r11_trunk,100,seed3,stochastic_fork,175,cd/490270,256,227,0,29,0.48736569,0.70312006,0.61842105,88-,0.80921053,2,2,0.0
A,Qwen2.5-3B-Instruct,r11_trunk,100,seed3,stochastic_fork,175,cd/490268,256,220,0,36,0.30309974,0.27589327,0.83069977,11+,0.91422122,1,3,0.890625
A,Qwen2.5-3B-Instruct,r11_trunk,100,seed3,stochastic_fork,175,cd/490267,256,252,0,4,0.21428066,0.13314006,0.91159136,75-,0.95284872,1,5,0.976562
A,Qwen2.5-3B-Instruct,r11_trunk,100,seed3,stochastic_fork,175,cd/490266,256,241,0,15,0.51622035,0.32074574,0.76386037,92-,0.86036961,1,5,0.0
A,Qwen2.5-3B-Instruct,r11_trunk,100,seed3,stochastic_fork,175,cd/490264,256,6,0,250,0.48509409,0.44155167,0.8,34-,0.86666667,1,3,0.0
A,Qwen2.5-3B-Instruct,r11_trunk,100,seed3,stochastic_fork,175,cd/490263,256,256,0,0,0.56001173,0.26930871,0.83076923,32-,0.875,1,8,0.566406
A,Qwen2.5-3B-Instruct,r11_trunk,100,seed3,stochastic_fork,175,cd/490262,256,33,1,222,0.68494841,0.62346691,0.37681159,5*,0.68115942,2,3,0.097656
A,Qwen2.5-3B-Instruct,r11_trunk,100,seed3,stochastic_fork,175,cd/490261,256,256,0,0,0.23045458,0.14318948,0.9245648,60-,0.95357834,1,5,0.875
A,Qwen2.5-3B-Instruct,r11_trunk,100,seed3,stochastic_fork,175,cd/490260,256,210,0,46,0.63835623,0.58105688,0.36879433,67-,0.68321513,2,3,0.804688
A,Qwen2.5-3B-Instruct,r11_trunk,100,seed3,stochastic_fork,175,cd/490259,256,243,0,13,0.07171784,0.06528039,0.97750511,74-,0.98773006,1,3,0.730469
A,Qwen2.5-3B-Instruct,r11_trunk,100,seed3,stochastic_fork,175,cd/490258,256,254,0,2,0.30596801,0.14713951,0.89147287,84-,0.93604651,1,8,0.746094
A,Qwen2.5-3B-Instruct,r11_trunk,100,seed3,stochastic_fork,175,cd/490256,256,256,0,0,0.33971871,0.2110791,0.88588008,79-,0.92649903,1,5,0.96875
A,Qwen2.5-3B-Instruct,r11_trunk,100,seed3,stochastic_fork,175,cd/490254,256,1,0,255,0.95027054,0.86497352,0.4,90*,0.6,3,3,0.207031
A,Qwen2.5-3B-Instruct,r11_trunk,100,seed3,stochastic_fork,175,cd/490249,256,254,0,2,0.37010709,0.19019742,0.8815534,96-,0.9184466,1,7,0.925781
A,Qwen2.5-3B-Instruct,r11_trunk,100,seed3,stochastic_fork,175,cd/490248,256,209,0,47,0.43088093,0.62162978,0.69047619,54-,0.8452381,2,2,0.003906
A,Qwen2.5-3B-Instruct,r11_trunk,100,seed3,stochastic_fork,175,cd/490246,256,254,0,2,0.30356382,0.18861481,0.89668616,52-,0.9337232,1,5,0.972656
A,Qwen2.5-3B-Instruct,r11_trunk,100,seed3,stochastic_fork,175,cd/490245,256,256,0,0,0.48424226,0.2328713,0.83076923,93-,0.89038462,1,8,0.742188
A,Qwen2.5-3B-Instruct,r11_trunk,100,seed3,stochastic_fork,175,cd/490243,256,254,0,2,0.63773811,0.39624897,0.66666667,72-,0.80506823,2,5,0.519531
A,Qwen2.5-3B-Instruct,r11_trunk,100,seed3,stochastic_fork,175,cd/490241,256,253,0,3,0.21363065,0.13273619,0.91193738,98-,0.95303327,1,5,0.898438
A,Qwen2.5-3B-Instruct,r11_trunk,100,seed3,stochastic_fork,175,cd/490240,256,254,0,2,0.09710002,0.06033164,0.97465887,85-,0.98440546,1,5,0.425781
A,Qwen2.5-3B-Instruct,r11_trunk,100,seed3,stochastic_fork,175,cd/490239,256,99,0,157,0.06266978,0.05704449,0.98507463,27-,0.99004975,1,3,0.0
A,Qwen2.5-3B-Instruct,r11_trunk,100,seed3,stochastic_fork,175,cd/490237,256,241,0,15,0.01483688,0.0214051,0.99586777,96-,0.99793388,1,2,0.0
A,Qwen2.5-3B-Instruct,r11_trunk,100,seed3,stochastic_fork,175,cd/490236,256,256,0,0,0.7463916,0.35893849,0.6,97-,0.76730769,2,8,0.625
A,Qwen2.5-3B-Instruct,r11_trunk,100,seed3,stochastic_fork,175,cd/490235,256,255,0,1,0.61679361,0.31696921,0.7582205,90-,0.84139265,1,7,0.769531
A,Qwen2.5-3B-Instruct,r11_trunk,100,seed3,stochastic_fork,175,cd/490234,256,255,0,1,0.26932076,0.1673384,0.87378641,83-,0.93398058,1,5,0.957031
A,Qwen2.5-3B-Instruct,r11_trunk,100,seed3,stochastic_fork,175,cd/490233,256,255,0,1,0.26896015,0.16711434,0.88543689,92-,0.93786408,1,5,0.992188
A,Qwen2.5-3B-Instruct,r11_trunk,100,seed3,stochastic_fork,175,cd/490232,256,241,0,15,0.02961684,0.02695841,0.99381443,88-,0.99587629,1,3,0.0
A,Qwen2.5-3B-Instruct,r11_trunk,100,seed3,stochastic_fork,175,cd/490231,256,255,0,1,0.50901807,0.24478595,0.68339768,66-,0.83590734,2,8,0.78125
A,Qwen2.5-3B-Instruct,r11_trunk,100,seed3,stochastic_fork,175,cd/490229,256,252,0,4,0.84708984,0.40736411,0.4296875,87-,0.67773438,2,8,0.832031
A,Qwen2.5-3B-Instruct,r11_trunk,100,seed3,stochastic_fork,175,cd/490228,256,254,0,2,0.65920034,0.4095842,0.37426901,56+,0.68421053,2,5,0.984375
A,Qwen2.5-3B-Instruct,r11_trunk,100,seed3,stochastic_fork,175,cd/490227,256,256,0,0,0.89782152,0.55784788,0.19729207,43-,0.56286267,2,5,0.96875
A,Qwen2.5-3B-Instruct,r11_trunk,100,seed3,stochastic_fork,175,cd/490225,256,254,0,2,0.2221366,0.13802123,0.91617934,91-,0.95321637,1,5,0.984375
A,Qwen2.5-3B-Instruct,r11_trunk,100,seed3,stochastic_fork,175,cd/490221,256,249,0,7,0.36099612,0.2242995,0.87475149,79-,0.91650099,1,5,0.972656
A,Qwen2.5-3B-Instruct,r11_trunk,100,seed3,stochastic_fork,175,cd/490219,256,249,0,7,0.65194334,0.40507517,0.39363817,94-,0.69383698,2,5,0.90625
A,Qwen2.5-3B-Instruct,r11_trunk,100,seed3,stochastic_fork,175,cd/490217,256,250,0,6,0.48330078,0.43991933,0.6640159,74-,0.82902584,2,3,0.003906
A,Qwen2.5-3B-Instruct,r11_trunk,100,seed3,stochastic_fork,175,cd/490215,256,253,0,3,0.20863194,0.12963031,0.93933464,61-,0.96086106,1,5,0.597656
A,Qwen2.5-3B-Instruct,r11_trunk,100,seed3,stochastic_fork,175,cd/490214,256,251,0,5,0.02860426,0.02603672,0.99405941,73-,0.9960396,1,3,0.828125
A,Qwen2.5-3B-Instruct,r11_trunk,100,seed3,stochastic_fork,175,cd/490213,256,256,0,0,0.89385433,0.45935026,0.50096339,34-,0.67630058,3,7,0.59375
A,Qwen2.5-3B-Instruct,r11_trunk,100,seed3,stochastic_fork,175,cd/490212,256,255,0,1,0.82843902,0.5147381,0.05436893,49+,0.51067961,2,5,0.980469
A,Qwen2.5-3B-Instruct,r11_trunk,100,seed3,stochastic_fork,175,cd/490211,256,253,0,3,0.23750474,0.14756999,0.8962818,79-,0.94520548,1,5,0.9375
A,Qwen2.5-3B-Instruct,r11_trunk,100,seed3,stochastic_fork,175,cd/490208,256,241,0,15,0.73642349,0.45756564,0.18069815,94-,0.58521561,2,5,0.988281
A,Qwen2.5-3B-Instruct,r11_trunk,100,seed3,stochastic_fork,175,cd/490207,256,246,0,10,0.74651823,0.46383786,0.55130785,80-,0.74245473,2,5,0.941406
A,Qwen2.5-3B-Instruct,r11_trunk,100,seed3,stochastic_fork,175,cd/490206,256,254,0,2,0.55582008,0.34535043,0.70175439,68-,0.83235867,2,5,0.914062
A,Qwen2.5-3B-Instruct,r11_trunk,100,seed3,stochastic_fork,175,cd/490205,256,244,0,12,0.7306062,0.45395116,0.06490872,72-,0.52941176,2,5,0.972656
A,Qwen2.5-3B-Instruct,r11_trunk,100,seed3,stochastic_fork,175,cd/490204,256,256,0,0,0.93399835,0.44915826,0.28076923,90-,0.60192308,2,8,0.515625
A,Qwen2.5-3B-Instruct,r11_trunk,100,seed3,stochastic_fork,175,cd/490203,256,200,0,56,0.70755619,0.6440454,0.04962779,38+,0.5235732,2,3,0.882812
A,Qwen2.5-3B-Instruct,r11_trunk,100,seed3,stochastic_fork,175,cd/490202,256,238,0,18,0.014997,0.02163609,0.9958159,97-,0.99790795,1,2,0.003906
A,Qwen2.5-3B-Instruct,r11_trunk,100,seed3,stochastic_fork,175,cd/490201,256,254,0,2,0.58398658,0.36285126,0.55750487,82-,0.77387914,2,5,0.992188
A,Qwen2.5-3B-Instruct,r11_trunk,100,seed3,stochastic_fork,175,cd/490199,256,219,0,37,0.71595474,0.44484769,0.42889391,57-,0.7020316,2,5,0.988281
A,Qwen2.5-3B-Instruct,r11_trunk,125,seed1,stochastic_fork,175,cd/490363,256,256,0,0,0.7574003,0.36423255,0.56923077,83-,0.75576923,2,8,0.714844
A,Qwen2.5-3B-Instruct,r11_trunk,125,seed1,stochastic_fork,175,cd/490361,256,235,0,21,0.03026206,0.02754572,0.99365751,98-,0.99577167,1,3,0.847656
A,Qwen2.5-3B-Instruct,r11_trunk,125,seed1,stochastic_fork,175,cd/490360,256,141,0,115,0.31055511,0.15959376,0.89965398,73-,0.93771626,1,7,0.425781
A,Qwen2.5-3B-Instruct,r11_trunk,125,seed1,stochastic_fork,175,cd/490357,256,253,0,3,0.36580164,0.22728534,0.85322896,89-,0.91389432,1,5,0.96875
A,Qwen2.5-3B-Instruct,r11_trunk,125,seed1,stochastic_fork,175,cd/490356,256,231,0,25,0.19954953,0.11137072,0.94444444,79-,0.96367521,1,6,0.011719
A,Qwen2.5-3B-Instruct,r11_trunk,125,seed1,stochastic_fork,175,cd/490354,256,256,0,0,0.59726251,0.25938781,0.70881226,72-,0.83333333,2,10,0.832031
A,Qwen2.5-3B-Instruct,r11_trunk,125,seed1,stochastic_fork,175,cd/490353,256,239,0,17,0.12023717,0.07470756,0.96480331,62-,0.97929607,1,5,0.988281
A,Qwen2.5-3B-Instruct,r11_trunk,125,seed1,stochastic_fork,175,cd/490352,256,88,0,168,0.13673735,0.08495969,0.97237569,57-,0.97790055,1,5,0.0
A,Qwen2.5-3B-Instruct,r11_trunk,125,seed1,stochastic_fork,175,cd/490351,256,189,0,67,0.53353074,0.27418056,0.65974026,77+,0.82337662,2,7,0.757812
A,Qwen2.5-3B-Instruct,r11_trunk,125,seed1,stochastic_fork,175,cd/490348,256,254,0,2,0.403632,0.25079066,0.77582846,52-,0.88304094,2,5,0.695312
A,Qwen2.5-3B-Instruct,r11_trunk,125,seed1,stochastic_fork,175,cd/490347,256,256,0,0,1.09678482,0.52744201,0.33461538,59-,0.59807692,2,8,0.414062
A,Qwen2.5-3B-Instruct,r11_trunk,125,seed1,stochastic_fork,175,cd/490344,256,252,0,4,0.19879816,0.18095389,0.90729783,88-,0.95266272,1,3,0.90625
A,Qwen2.5-3B-Instruct,r11_trunk,125,seed1,stochastic_fork,175,cd/490343,256,256,0,0,0.36656582,0.18837757,0.82851638,94-,0.90751445,1,7,0.253906
A,Qwen2.5-3B-Instruct,r11_trunk,125,seed1,stochastic_fork,175,cd/490342,256,247,0,9,1.24208884,0.6383074,0.05988024,68+,0.42115768,3,7,0.636719
A,Qwen2.5-3B-Instruct,r11_trunk,125,seed1,stochastic_fork,175,cd/490341,256,255,0,1,0.87724503,0.39925142,0.3699422,62-,0.64932563,2,9,0.757812
A,Qwen2.5-3B-Instruct,r11_trunk,125,seed1,stochastic_fork,175,cd/490340,256,233,0,23,0.25005953,0.18037982,0.88085106,96-,0.93829787,1,4,0.078125
A,Qwen2.5-3B-Instruct,r11_trunk,125,seed1,stochastic_fork,175,cd/490339,256,126,0,130,0.13979778,0.08686124,0.96498054,45+,0.9766537,1,5,0.992188
A,Qwen2.5-3B-Instruct,r11_trunk,125,seed1,stochastic_fork,175,cd/490338,256,256,0,0,0.33938779,0.16321103,0.84615385,92-,0.91730769,1,8,0.800781
A,Qwen2.5-3B-Instruct,r11_trunk,125,seed1,stochastic_fork,175,cd/490337,256,256,0,0,0.35491601,0.22052172,0.80464217,79-,0.89941973,1,5,0.964844
A,Qwen2.5-3B-Instruct,r11_trunk,125,seed1,stochastic_fork,175,cd/490335,256,255,0,1,0.67068466,0.34466373,0.40618956,65-,0.69825919,2,7,0.871094
A,Qwen2.5-3B-Instruct,r11_trunk,125,seed1,stochastic_fork,175,cd/490334,256,124,0,132,0.62645869,0.38924067,0.50592885,46+,0.74703557,2,5,0.933594
A,Qwen2.5-3B-Instruct,r11_trunk,125,seed1,stochastic_fork,175,cd/490333,256,15,0,241,0.75978577,0.69158681,0.3030303,55-,0.63636364,2,3,0.003906
A,Qwen2.5-3B-Instruct,r11_trunk,125,seed1,stochastic_fork,175,cd/490331,256,256,0,0,0.88705157,0.42658163,0.53076923,63-,0.70961538,2,8,0.398438
A,Qwen2.5-3B-Instruct,r11_trunk,125,seed1,stochastic_fork,175,cd/490330,256,3,0,253,0.68373891,0.62236597,0.66666667,90*,0.77777778,3,3,0.039062
A,Qwen2.5-3B-Instruct,r11_trunk,125,seed1,stochastic_fork,175,cd/490327,256,256,0,0,0.6561097,0.31552207,0.60769231,95-,0.78653846,2,8,0.660156
A,Qwen2.5-3B-Instruct,r11_trunk,125,seed1,stochastic_fork,175,cd/490325,256,251,0,5,0.24250103,0.12462088,0.90766208,90-,0.94891945,1,7,0.445312
A,Qwen2.5-3B-Instruct,r11_trunk,125,seed1,stochastic_fork,175,cd/490324,256,235,0,21,0.21650734,0.13452357,0.93473684,99-,0.95789474,1,5,0.996094
A,Qwen2.5-3B-Instruct,r11_trunk,125,seed1,stochastic_fork,175,cd/490322,256,256,0,0,0.50621184,0.3145271,0.64216634,55-,0.81818182,2,5,0.988281
A,Qwen2.5-3B-Instruct,r11_trunk,125,seed1,stochastic_fork,175,cd/490321,256,233,0,23,0.45440067,0.41361331,0.67803838,64-,0.83795309,2,3,0.0
A,Qwen2.5-3B-Instruct,r11_trunk,125,seed1,stochastic_fork,175,cd/490320,256,15,0,241,0.43339887,0.62526241,0.6875,36*,0.84375,2,2,0.164062
A,Qwen2.5-3B-Instruct,r11_trunk,125,seed1,stochastic_fork,175,cd/490317,256,256,0,0,0.3279853,0.20378872,0.827853,47-,0.91102515,1,5,0.957031
A,Qwen2.5-3B-Instruct,r11_trunk,125,seed1,stochastic_fork,175,cd/490316,256,256,0,0,0.72607003,0.45113267,0.10058027,13+,0.54738878,2,5,0.902344
A,Qwen2.5-3B-Instruct,r11_trunk,125,seed1,stochastic_fork,175,cd/490315,256,254,0,2,0.31242957,0.19412341,0.85380117,87-,0.92202729,1,5,0.945312
A,Qwen2.5-3B-Instruct,r11_trunk,125,seed1,stochastic_fork,175,cd/490313,256,256,0,0,0.27903532,0.17337439,0.86653772,98-,0.9303675,1,5,0.871094
A,Qwen2.5-3B-Instruct,r11_trunk,125,seed1,stochastic_fork,175,cd/490312,256,236,0,20,0.28850476,0.26260835,0.84210526,90-,0.92,1,3,0.914062
A,Qwen2.5-3B-Instruct,r11_trunk,125,seed1,stochastic_fork,175,cd/490309,256,249,0,7,0.81098177,0.32636307,0.61568627,96-,0.75490196,2,12,0.003906
A,Qwen2.5-3B-Instruct,r11_trunk,125,seed1,stochastic_fork,175,cd/490308,256,1,0,255,0.56233514,0.81127812,0.5,11*,0.75,2,2,0.613281
A,Qwen2.5-3B-Instruct,r11_trunk,125,seed1,stochastic_fork,175,cd/490307,256,256,0,0,0.28851781,0.13874774,0.91153846,72-,0.94423077,1,8,0.773438
A,Qwen2.5-3B-Instruct,r11_trunk,125,seed1,stochastic_fork,175,cd/490306,256,0,0,256,0.69314718,1.0,0.0,50-,0.5,2,2,0.0
A,Qwen2.5-3B-Instruct,r11_trunk,125,seed1,stochastic_fork,175,cd/490305,256,0,0,256,0.69314718,1.0,0.0,3*,0.5,2,2,0.8125
A,Qwen2.5-3B-Instruct,r11_trunk,125,seed1,stochastic_fork,175,cd/490304,256,12,0,244,0.50279228,0.45766126,0.74074074,76-,0.85185185,2,3,0.0
A,Qwen2.5-3B-Instruct,r11_trunk,125,seed1,stochastic_fork,175,cd/490303,256,254,0,2,1.20059649,0.57736487,0.31782946,68+,0.53682171,3,8,0.511719
A,Qwen2.5-3B-Instruct,r11_trunk,125,seed1,stochastic_fork,175,cd/490297,256,246,0,10,0.54626432,0.49723121,0.54949495,30+,0.77373737,2,3,0.949219
A,Qwen2.5-3B-Instruct,r11_trunk,125,seed1,stochastic_fork,175,cd/490296,256,256,0,0,0.51418057,0.24726858,0.76923077,99-,0.86730769,1,8,0.820312
A,Qwen2.5-3B-Instruct,r11_trunk,125,seed1,stochastic_fork,175,cd/490292,256,200,0,56,0.86960108,0.37766295,0.39512195,44+,0.66585366,2,10,0.078125
A,Qwen2.5-3B-Instruct,r11_trunk,125,seed1,stochastic_fork,175,cd/490290,256,248,0,8,0.16339941,0.10152576,0.94211577,40-,0.96806387,1,5,0.992188
A,Qwen2.5-3B-Instruct,r11_trunk,125,seed1,stochastic_fork,175,cd/490288,256,43,0,213,0.29859286,0.16664785,0.93478261,24*,0.94565217,1,6,0.023438
A,Qwen2.5-3B-Instruct,r11_trunk,125,seed1,stochastic_fork,175,cd/490287,256,256,0,0,0.78404598,0.48715516,0.34816248,97-,0.655706,2,5,0.765625
A,Qwen2.5-3B-Instruct,r11_trunk,125,seed1,stochastic_fork,175,cd/490283,256,253,0,3,0.09741843,0.06052947,0.97455969,91-,0.98434442,1,5,0.804688
A,Qwen2.5-3B-Instruct,r11_trunk,125,seed1,stochastic_fork,175,cd/490282,256,255,0,1,0.52478331,0.3260662,0.61747573,78-,0.80582524,2,5,0.980469
A,Qwen2.5-3B-Instruct,r11_trunk,125,seed1,stochastic_fork,175,cd/490281,256,210,0,46,0.06632817,0.04121201,0.98823529,27-,0.99058824,1,5,0.808594
A,Qwen2.5-3B-Instruct,r11_trunk,125,seed1,stochastic_fork,175,cd/490280,256,256,0,0,0.48965046,0.30423694,0.78916828,45-,0.8762089,1,5,0.953125
A,Qwen2.5-3B-Instruct,r11_trunk,125,seed1,stochastic_fork,175,cd/490279,256,255,0,1,0.6075333,0.37748166,0.65242718,50-,0.80582524,2,5,0.945312
A,Qwen2.5-3B-Instruct,r11_trunk,125,seed1,stochastic_fork,175,cd/490276,256,256,0,0,0.26854259,0.16685489,0.87427466,83-,0.93423598,1,5,0.957031
A,Qwen2.5-3B-Instruct,r11_trunk,125,seed1,stochastic_fork,175,cd/490275,256,126,0,130,0.02572978,0.03712022,0.99212598,59-,0.99606299,1,2,0.019531
A,Qwen2.5-3B-Instruct,r11_trunk,125,seed1,stochastic_fork,175,cd/490274,256,215,0,41,0.22609342,0.16309193,0.89861751,55-,0.94700461,1,4,0.0
A,Qwen2.5-3B-Instruct,r11_trunk,125,seed1,stochastic_fork,175,cd/490271,256,249,0,7,0.28131135,0.17478857,0.88667992,95-,0.93638171,1,5,0.9375
A,Qwen2.5-3B-Instruct,r11_trunk,125,seed1,stochastic_fork,175,cd/490270,256,229,0,27,0.32027997,0.46206633,0.80434783,88-,0.90217391,1,2,0.0
A,Qwen2.5-3B-Instruct,r11_trunk,125,seed1,stochastic_fork,175,cd/490268,256,208,0,48,0.38272387,0.34837028,0.77804296,11+,0.88544153,2,3,0.84375
A,Qwen2.5-3B-Instruct,r11_trunk,125,seed1,stochastic_fork,175,cd/490267,256,255,0,1,0.25853657,0.1606378,0.8815534,75-,0.93786408,1,5,0.980469
A,Qwen2.5-3B-Instruct,r11_trunk,125,seed1,stochastic_fork,175,cd/490266,256,242,0,14,0.61848154,0.38428418,0.68302658,92-,0.81186094,2,5,0.0
A,Qwen2.5-3B-Instruct,r11_trunk,125,seed1,stochastic_fork,175,cd/490264,256,2,0,254,0.79631164,0.72483409,0.57142857,34-,0.71428571,3,3,0.0
A,Qwen2.5-3B-Instruct,r11_trunk,125,seed1,stochastic_fork,175,cd/490263,256,256,0,0,0.85584174,0.41157288,0.66538462,32-,0.76346154,1,8,0.621094
A,Qwen2.5-3B-Instruct,r11_trunk,125,seed1,stochastic_fork,175,cd/490262,256,41,0,215,0.34742316,0.31623818,0.82352941,32*,0.90588235,1,3,0.09375
A,Qwen2.5-3B-Instruct,r11_trunk,125,seed1,stochastic_fork,175,cd/490261,256,256,0,0,0.15127747,0.09399398,0.95551257,60-,0.9729207,1,5,0.964844
A,Qwen2.5-3B-Instruct,r11_trunk,125,seed1,stochastic_fork,175,cd/490260,256,223,0,33,0.46657665,0.42469637,0.6636971,67-,0.83073497,2,3,0.902344
A,Qwen2.5-3B-Instruct,r11_trunk,125,seed1,stochastic_fork,175,cd/490259,256,238,0,18,0.07295465,0.06640619,0.97703549,74-,0.9874739,1,3,0.753906
A,Qwen2.5-3B-Instruct,r11_trunk,125,seed1,stochastic_fork,175,cd/490258,256,256,0,0,0.33986754,0.16344174,0.88846154,84-,0.92884615,1,8,0.890625
A,Qwen2.5-3B-Instruct,r11_trunk,125,seed1,stochastic_fork,175,cd/490256,256,256,0,0,0.34995744,0.21744078,0.88588008,79-,0.92263056,1,5,0.972656
A,Qwen2.5-3B-Instruct,r11_trunk,125,seed1,stochastic_fork,175,cd/490254,256,4,0,252,0.85996728,0.78277595,0.36363636,90*,0.63636364,2,3,0.269531
A,Qwen2.5-3B-Instruct,r11_trunk,125,seed1,stochastic_fork,175,cd/490249,256,254,0,2,0.25242297,0.12971975,0.93203883,96-,0.95339806,1,7,0.941406
A,Qwen2.5-3B-Instruct,r11_trunk,125,seed1,stochastic_fork,175,cd/490248,256,169,0,87,0.66377542,0.95762551,0.24117647,54-,0.62058824,2,2,0.003906
A,Qwen2.5-3B-Instruct,r11_trunk,125,seed1,stochastic_fork,175,cd/490246,256,256,0,0,0.28957612,0.17992376,0.88201161,52-,0.93423598,1,5,0.996094
A,Qwen2.5-3B-Instruct,r11_trunk,125,seed1,stochastic_fork,175,cd/490245,256,256,0,0,0.356696,0.17153452,0.89615385,93-,0.92884615,1,8,0.800781
A,Qwen2.5-3B-Instruct,r11_trunk,125,seed1,stochastic_fork,175,cd/490243,256,256,0,0,0.7662106,0.47607342,0.00773694,12+,0.49709865,2,5,0.589844
A,Qwen2.5-3B-Instruct,r11_trunk,125,seed1,stochastic_fork,175,cd/490241,256,255,0,1,0.23609598,0.14669468,0.89708738,98-,0.94563107,1,5,0.933594
A,Qwen2.5-3B-Instruct,r11_trunk,125,seed1,stochastic_fork,175,cd/490240,256,252,0,4,0.05680557,0.03529528,0.99017682,85-,0.99214145,1,5,0.5
A,Qwen2.5-3B-Instruct,r11_trunk,125,seed1,stochastic_fork,175,cd/490239,256,135,0,121,0.04839414,0.04405024,0.98901099,27-,0.99267399,1,3,0.0
A,Qwen2.5-3B-Instruct,r11_trunk,125,seed1,stochastic_fork,175,cd/490237,256,244,0,12,0.01468038,0.02117931,0.99591837,96-,0.99795918,1,2,0.003906
A,Qwen2.5-3B-Instruct,r11_trunk,125,seed1,stochastic_fork,175,cd/490236,256,254,0,2,0.5807786,0.27929547,0.72093023,97-,0.83914729,2,8,0.882812
A,Qwen2.5-3B-Instruct,r11_trunk,125,seed1,stochastic_fork,175,cd/490235,256,256,0,0,0.28783332,0.14791706,0.90558767,90-,0.94219653,1,7,0.683594
A,Qwen2.5-3B-Instruct,r11_trunk,125,seed1,stochastic_fork,175,cd/490234,256,255,0,1,0.38128606,0.23690635,0.78058252,83-,0.88737864,2,5,0.972656
A,Qwen2.5-3B-Instruct,r11_trunk,125,seed1,stochastic_fork,175,cd/490233,256,255,0,1,0.15982752,0.09930642,0.94368932,92-,0.96893204,1,5,0.996094
A,Qwen2.5-3B-Instruct,r11_trunk,125,seed1,stochastic_fork,175,cd/490232,256,247,0,9,0.0290003,0.02639721,0.99396378,88-,0.99597586,1,3,0.0
A,Qwen2.5-3B-Instruct,r11_trunk,125,seed1,stochastic_fork,175,cd/490231,256,255,0,1,0.41279471,0.19851229,0.78378378,66-,0.88610039,2,8,0.789062
A,Qwen2.5-3B-Instruct,r11_trunk,125,seed1,stochastic_fork,175,cd/490229,256,250,0,6,0.78144287,0.37579459,0.40551181,87-,0.68307087,2,8,0.761719
A,Qwen2.5-3B-Instruct,r11_trunk,125,seed1,stochastic_fork,175,cd/490228,256,255,0,1,0.70087531,0.43547832,0.24466019,56+,0.61941748,2,5,0.984375
A,Qwen2.5-3B-Instruct,r11_trunk,125,seed1,stochastic_fork,175,cd/490227,256,255,0,1,0.75922131,0.47173073,0.58640777,43-,0.74368932,2,5,0.957031
A,Qwen2.5-3B-Instruct,r11_trunk,125,seed1,stochastic_fork,175,cd/490225,256,256,0,0,0.23317851,0.14488196,0.90909091,91-,0.94970986,1,5,0.992188
A,Qwen2.5-3B-Instruct,r11_trunk,125,seed1,stochastic_fork,175,cd/490221,256,253,0,3,0.26202968,0.1628082,0.91193738,79-,0.94520548,1,5,0.976562
A,Qwen2.5-3B-Instruct,r11_trunk,125,seed1,stochastic_fork,175,cd/490219,256,252,0,4,0.349951,0.21743678,0.80943026,94-,0.90176817,1,5,0.929688
A,Qwen2.5-3B-Instruct,r11_trunk,125,seed1,stochastic_fork,175,cd/490217,256,253,0,3,0.4455101,0.40552077,0.68762279,74-,0.84282908,2,3,0.0
A,Qwen2.5-3B-Instruct,r11_trunk,125,seed1,stochastic_fork,175,cd/490215,256,256,0,0,0.15933108,0.09899797,0.94390716,61-,0.96905222,1,5,0.324219
A,Qwen2.5-3B-Instruct,r11_trunk,125,seed1,stochastic_fork,175,cd/490214,256,245,0,11,0.05170371,0.04706274,0.98580122,73-,0.99188641,1,3,0.875
A,Qwen2.5-3B-Instruct,r11_trunk,125,seed1,stochastic_fork,175,cd/490213,256,255,0,1,1.00531477,0.51662959,0.08510638,44-,0.4893617,2,7,0.714844
A,Qwen2.5-3B-Instruct,r11_trunk,125,seed1,stochastic_fork,175,cd/490212,256,256,0,0,0.84476398,0.52488137,0.34816248,49-,0.64023211,2,5,0.992188
A,Qwen2.5-3B-Instruct,r11_trunk,125,seed1,stochastic_fork,175,cd/490211,256,256,0,0,0.35722261,0.22195489,0.85106383,79-,0.91489362,1,5,0.984375
A,Qwen2.5-3B-Instruct,r11_trunk,125,seed1,stochastic_fork,175,cd/490208,256,250,0,6,0.56468332,0.35085748,0.60990099,94-,0.7980198,2,5,0.976562
A,Qwen2.5-3B-Instruct,r11_trunk,125,seed1,stochastic_fork,175,cd/490207,256,250,0,6,0.65981746,0.40996764,0.63366337,80-,0.79009901,2,5,0.972656
A,Qwen2.5-3B-Instruct,r11_trunk,125,seed1,stochastic_fork,175,cd/490206,256,252,0,4,0.72474795,0.45031122,0.38506876,68-,0.68172888,2,5,0.886719
A,Qwen2.5-3B-Instruct,r11_trunk,125,seed1,stochastic_fork,175,cd/490205,256,246,0,10,0.65887786,0.40938383,0.42253521,72-,0.70623742,2,5,0.980469
A,Qwen2.5-3B-Instruct,r11_trunk,125,seed1,stochastic_fork,175,cd/490204,256,256,0,0,0.70197133,0.33757685,0.55769231,90-,0.75961538,2,8,0.542969
A,Qwen2.5-3B-Instruct,r11_trunk,125,seed1,stochastic_fork,175,cd/490203,256,98,0,158,0.69174561,0.62965399,0.24120603,40+,0.61809045,2,3,0.800781
A,Qwen2.5-3B-Instruct,r11_trunk,125,seed1,stochastic_fork,175,cd/490202,256,235,0,21,0.01516085,0.02187248,0.99576271,97-,0.99788136,1,2,0.0
A,Qwen2.5-3B-Instruct,r11_trunk,125,seed1,stochastic_fork,175,cd/490201,256,256,0,0,0.27903532,0.17337439,0.86653772,82-,0.9303675,1,5,1.0
A,Qwen2.5-3B-Instruct,r11_trunk,125,seed1,stochastic_fork,175,cd/490199,256,192,0,64,0.4971889,0.30892083,0.77634961,57-,0.86632391,1,5,0.988281
A,Qwen2.5-3B-Instruct,r11_trunk,125,seed2,stochastic_fork,175,cd/490363,256,256,0,0,0.87553442,0.42104305,0.60769231,83-,0.73653846,2,8,0.816406
A,Qwen2.5-3B-Instruct,r11_trunk,125,seed2,stochastic_fork,175,cd/490361,256,246,0,10,0.02910115,0.02648901,0.99393939,98-,0.9959596,1,3,0.851562
A,Qwen2.5-3B-Instruct,r11_trunk,125,seed2,stochastic_fork,175,cd/490360,256,91,0,165,0.43276737,0.22239843,0.84656085,73-,0.9047619,1,7,0.304688
A,Qwen2.5-3B-Instruct,r11_trunk,125,seed2,stochastic_fork,175,cd/490357,256,256,0,0,0.23944404,0.14877495,0.91295938,89-,0.94970986,1,5,0.972656
A,Qwen2.5-3B-Instruct,r11_trunk,125,seed2,stochastic_fork,175,cd/490356,256,227,0,29,0.07745404,0.04322792,0.98695652,79-,0.98913043,1,6,0.0
A,Qwen2.5-3B-Instruct,r11_trunk,125,seed2,stochastic_fork,175,cd/490354,256,256,0,0,0.79138718,0.34369508,0.63218391,72-,0.75670498,3,10,0.808594
A,Qwen2.5-3B-Instruct,r11_trunk,125,seed2,stochastic_fork,175,cd/490353,256,237,0,19,0.16394286,0.10186343,0.95615866,62-,0.97077244,1,5,0.984375
A,Qwen2.5-3B-Instruct,r11_trunk,125,seed2,stochastic_fork,175,cd/490352,256,53,0,203,0.33633853,0.20897888,0.88288288,57-,0.92792793,1,5,0.0
A,Qwen2.5-3B-Instruct,r11_trunk,125,seed2,stochastic_fork,175,cd/490351,256,186,0,70,0.41327599,0.21238184,0.80738786,77+,0.8944591,1,7,0.789062
A,Qwen2.5-3B-Instruct,r11_trunk,125,seed2,stochastic_fork,175,cd/490348,256,255,0,1,0.29332142,0.18225084,0.88543689,52-,0.93398058,1,5,0.699219
A,Qwen2.5-3B-Instruct,r11_trunk,125,seed2,stochastic_fork,175,cd/490347,256,256,0,0,0.93482717,0.44955684,0.45384615,59-,0.66346154,3,8,0.375
A,Qwen2.5-3B-Instruct,r11_trunk,125,seed2,stochastic_fork,175,cd/490344,256,254,0,2,0.1180383,0.10744309,0.95499022,88-,0.97651663,1,3,0.839844
A,Qwen2.5-3B-Instruct,r11_trunk,125,seed2,stochastic_fork,175,cd/490343,256,254,0,2,0.40066053,0.20589878,0.78446602,94-,0.88737864,2,7,0.171875
A,Qwen2.5-3B-Instruct,r11_trunk,125,seed2,stochastic_fork,175,cd/490342,256,233,0,23,1.19619312,0.61472166,0.29175476,68+,0.52219873,3,7,0.65625
A,Qwen2.5-3B-Instruct,r11_trunk,125,seed2,stochastic_fork,175,cd/490341,256,255,0,1,1.08091957,0.49194769,0.20423892,62-,0.51830443,3,9,0.726562
A,Qwen2.5-3B-Instruct,r11_trunk,125,seed2,stochastic_fork,175,cd/490340,256,236,0,20,0.24770507,0.17868144,0.88235294,96-,0.93907563,1,4,0.027344
A,Qwen2.5-3B-Instruct,r11_trunk,125,seed2,stochastic_fork,175,cd/490339,256,176,0,80,0.32503213,0.20195382,0.85714286,45+,0.92156863,1,5,0.984375
A,Qwen2.5-3B-Instruct,r11_trunk,125,seed2,stochastic_fork,175,cd/490338,256,256,0,0,0.33938779,0.16321103,0.84615385,92-,0.91730769,1,8,0.832031
A,Qwen2.5-3B-Instruct,r11_trunk,125,seed2,stochastic_fork,175,cd/490337,256,256,0,0,0.37198491,0.23112722,0.78916828,79-,0.89168279,2,5,0.972656
A,Qwen2.5-3B-Instruct,r11_trunk,125,seed2,stochastic_fork,175,cd/490335,256,256,0,0,0.75580721,0.38840807,0.03082852,65+,0.5105973,2,7,0.839844
A,Qwen2.5-3B-Instruct,r11_trunk,125,seed2,stochastic_fork,175,cd/490334,256,165,0,91,0.55937588,0.34755977,0.59104478,46+,0.79104478,2,5,0.980469
A,Qwen2.5-3B-Instruct,r11_trunk,125,seed2,stochastic_fork,175,cd/490333,256,16,0,240,0.77593912,0.70629023,0.22857143,82+,0.6,2,3,0.003906
A,Qwen2.5-3B-Instruct,r11_trunk,125,seed2,stochastic_fork,175,cd/490331,256,256,0,0,0.82149255,0.39505441,0.59615385,63-,0.74807692,2,8,0.480469
A,Qwen2.5-3B-Instruct,r11_trunk,125,seed2,stochastic_fork,175,cd/490330,256,2,0,254,0.79631164,0.72483409,0.57142857,90*,0.71428571,3,3,0.003906
A,Qwen2.5-3B-Instruct,r11_trunk,125,seed2,stochastic_fork,175,cd/490327,256,256,0,0,0.7321259,0.35207814,0.54230769,95-,0.74807692,2,8,0.667969
A,Qwen2.5-3B-Instruct,r11_trunk,125,seed2,stochastic_fork,175,cd/490325,256,251,0,5,0.28308309,0.14547593,0.89980354,90-,0.9410609,1,7,0.28125
A,Qwen2.5-3B-Instruct,r11_trunk,125,seed2,stochastic_fork,175,cd/490324,256,245,0,11,0.17925247,0.11137582,0.93333333,99-,0.96363636,1,5,0.996094
A,Qwen2.5-3B-Instruct,r11_trunk,125,seed2,stochastic_fork,175,cd/490322,256,256,0,0,0.7292385,0.45310136,0.06189555,55-,0.52804642,2,5,0.988281
A,Qwen2.5-3B-Instruct,r11_trunk,125,seed2,stochastic_fork,175,cd/490321,256,249,0,7,0.57377091,0.52226879,0.53493014,64-,0.76447106,2,3,0.0
A,Qwen2.5-3B-Instruct,r11_trunk,125,seed2,stochastic_fork,175,cd/490320,256,13,0,243,0.56233514,0.81127812,0.5,36*,0.75,2,2,0.164062
A,Qwen2.5-3B-Instruct,r11_trunk,125,seed2,stochastic_fork,175,cd/490317,256,255,0,1,0.38568029,0.23963664,0.81553398,47-,0.89902913,1,5,0.953125
A,Qwen2.5-3B-Instruct,r11_trunk,125,seed2,stochastic_fork,175,cd/490316,256,247,0,9,0.71998234,0.44735018,0.15631263,26-,0.5751503,2,5,0.914062
A,Qwen2.5-3B-Instruct,r11_trunk,125,seed2,stochastic_fork,175,cd/490315,256,253,0,3,0.18819211,0.11693033,0.92759295,87-,0.96086106,1,5,0.933594
A,Qwen2.5-3B-Instruct,r11_trunk,125,seed2,stochastic_fork,175,cd/490313,256,256,0,0,0.35491601,0.22052172,0.80464217,98-,0.89941973,1,5,0.910156
A,Qwen2.5-3B-Instruct,r11_trunk,125,seed2,stochastic_fork,175,cd/490312,256,253,0,3,0.16050559,0.14609849,0.93123772,90-,0.96463654,1,3,0.910156
A,Qwen2.5-3B-Instruct,r11_trunk,125,seed2,stochastic_fork,175,cd/490309,256,250,0,6,0.7907276,0.31821219,0.6484375,96-,0.76757812,2,12,0.0
A,Qwen2.5-3B-Instruct,r11_trunk,125,seed2,stochastic_fork,175,cd/490308,256,1,0,255,0.56233514,0.81127812,0.5,11*,0.75,2,2,0.550781
A,Qwen2.5-3B-Instruct,r11_trunk,125,seed2,stochastic_fork,175,cd/490307,256,255,0,1,0.38089225,0.18317045,0.82625483,72-,0.90540541,1,8,0.761719
A,Qwen2.5-3B-Instruct,r11_trunk,125,seed2,stochastic_fork,175,cd/490306,256,0,0,256,0.69314718,1.0,0.0,50-,0.5,2,2,0.0
A,Qwen2.5-3B-Instruct,r11_trunk,125,seed2,stochastic_fork,175,cd/490305,256,2,0,254,0.45056121,0.65002242,0.66666667,15*,0.83333333,2,2,0.582031
A,Qwen2.5-3B-Instruct,r11_trunk,125,seed2,stochastic_fork,175,cd/490304,256,6,0,250,0.48509409,0.44155167,0.8,76-,0.86666667,1,3,0.0
A,Qwen2.5-3B-Instruct,r11_trunk,125,seed2,stochastic_fork,175,cd/490303,256,251,0,5,1.10210641,0.53000115,0.29411765,68+,0.56666667,3,8,0.5625
A,Qwen2.5-3B-Instruct,r11_trunk,125,seed2,stochastic_fork,175,cd/490297,256,245,0,11,0.54458083,0.49569884,0.60446247,30+,0.79716024,2,3,0.949219
A,Qwen2.5-3B-Instruct,r11_trunk,125,seed2,stochastic_fork,175,cd/490296,256,256,0,0,0.52083906,0.25047065,0.80769231,99-,0.875,1,8,0.886719
A,Qwen2.5-3B-Instruct,r11_trunk,125,seed2,stochastic_fork,175,cd/490292,256,203,0,53,0.74246386,0.32244796,0.42307692,44+,0.69951923,2,10,0.046875
A,Qwen2.5-3B-Instruct,r11_trunk,125,seed2,stochastic_fork,175,cd/490290,256,243,0,13,0.5220838,0.32438891,0.62321792,40-,0.80855397,2,5,0.953125
A,Qwen2.5-3B-Instruct,r11_trunk,125,seed2,stochastic_fork,175,cd/490288,256,19,0,237,0.53694181,0.29967293,0.86363636,24*,0.88636364,1,6,0.0
A,Qwen2.5-3B-Instruct,r11_trunk,125,seed2,stochastic_fork,175,cd/490287,256,255,0,1,0.79577411,0.49444225,0.54368932,97-,0.72038835,2,5,0.84375
A,Qwen2.5-3B-Instruct,r11_trunk,125,seed2,stochastic_fork,175,cd/490283,256,249,0,7,0.13265958,0.08242603,0.9582505,91-,0.97614314,1,5,0.878906
A,Qwen2.5-3B-Instruct,r11_trunk,125,seed2,stochastic_fork,175,cd/490282,256,253,0,3,0.70259349,0.43654588,0.23874755,78-,0.61643836,2,5,0.988281
A,Qwen2.5-3B-Instruct,r11_trunk,125,seed2,stochastic_fork,175,cd/490281,256,177,0,79,0.17443459,0.1083823,0.94150418,27-,0.96657382,1,5,0.859375
A,Qwen2.5-3B-Instruct,r11_trunk,125,seed2,stochastic_fork,175,cd/490280,256,256,0,0,0.30849669,0.19167977,0.86653772,45-,0.92649903,1,5,0.929688
A,Qwen2.5-3B-Instruct,r11_trunk,125,seed2,stochastic_fork,175,cd/490279,256,255,0,1,0.58495317,0.36345184,0.70679612,50-,0.82912621,2,5,0.949219
A,Qwen2.5-3B-Instruct,r11_trunk,125,seed2,stochastic_fork,175,cd/490276,256,256,0,0,0.23539848,0.1462613,0.89748549,83-,0.94584139,1,5,0.925781
A,Qwen2.5-3B-Instruct,r11_trunk,125,seed2,stochastic_fork,175,cd/490275,256,56,0,200,0.05027894,0.07253718,0.98245614,59-,0.99122807,1,2,0.015625
A,Qwen2.5-3B-Instruct,r11_trunk,125,seed2,stochastic_fork,175,cd/490274,256,219,0,37,0.07269757,0.05244021,0.98190045,55-,0.98868778,1,4,0.0
A,Qwen2.5-3B-Instruct,r11_trunk,125,seed2,stochastic_fork,175,cd/490271,256,256,0,0,0.33198216,0.20627212,0.85106383,95-,0.91876209,1,5,0.945312
A,Qwen2.5-3B-Instruct,r11_trunk,125,seed2,stochastic_fork,175,cd/490270,256,218,0,38,0.267244,0.38555159,0.84931507,88-,0.92465753,1,2,0.0
A,Qwen2.5-3B-Instruct,r11_trunk,125,seed2,stochastic_fork,175,cd/490268,256,232,0,24,0.27111954,0.24678364,0.86937901,11+,0.93147752,1,3,0.800781
A,Qwen2.5-3B-Instruct,r11_trunk,125,seed2,stochastic_fork,175,cd/490267,256,255,0,1,0.24746825,0.15376067,0.88932039,75-,0.94174757,1,5,0.980469
A,Qwen2.5-3B-Instruct,r11_trunk,125,seed2,stochastic_fork,175,cd/490266,256,237,0,19,0.4848577,0.30125902,0.78496868,92-,0.87056367,1,5,0.0
A,Qwen2.5-3B-Instruct,r11_trunk,125,seed2,stochastic_fork,175,cd/490264,256,1,0,255,0.95027054,0.86497352,0.4,34-,0.6,3,3,0.003906
A,Qwen2.5-3B-Instruct,r11_trunk,125,seed2,stochastic_fork,175,cd/490263,256,256,0,0,0.82693531,0.39767182,0.71923077,32-,0.79038462,1,8,0.558594
A,Qwen2.5-3B-Instruct,r11_trunk,125,seed2,stochastic_fork,175,cd/490262,256,32,0,224,0.60553053,0.55117764,0.53731343,32*,0.76119403,2,3,0.039062
A,Qwen2.5-3B-Instruct,r11_trunk,125,seed2,stochastic_fork,175,cd/490261,256,254,0,2,0.25334724,0.15741349,0.90448343,60-,0.9454191,1,5,0.945312
A,Qwen2.5-3B-Instruct,r11_trunk,125,seed2,stochastic_fork,175,cd/490260,256,205,0,51,0.62923303,0.57275259,0.39225182,67-,0.69491525,2,3,0.84375
A,Qwen2.5-3B-Instruct,r11_trunk,125,seed2,stochastic_fork,175,cd/490259,256,230,0,26,0.09376011,0.08534413,0.96760259,74-,0.98272138,1,3,0.660156
A,Qwen2.5-3B-Instruct,r11_trunk,125,seed2,stochastic_fork,175,cd/490258,256,256,0,0,0.28560292,0.13734597,0.89615385,84-,0.94038462,1,8,0.835938
A,Qwen2.5-3B-Instruct,r11_trunk,125,seed2,stochastic_fork,175,cd/490256,256,255,0,1,0.38569067,0.23964309,0.87378641,79-,0.91456311,1,5,0.96875
A,Qwen2.5-3B-Instruct,r11_trunk,125,seed2,stochastic_fork,175,cd/490254,256,2,0,254,0.79631164,0.72483409,0.57142857,90*,0.71428571,3,3,0.085938
A,Qwen2.5-3B-Instruct,r11_trunk,125,seed2,stochastic_fork,175,cd/490249,256,255,0,1,0.30359934,0.1560192,0.90909091,96-,0.93810445,1,7,0.925781
A,Qwen2.5-3B-Instruct,r11_trunk,125,seed2,stochastic_fork,175,cd/490248,256,171,0,85,0.5892926,0.85016951,0.44767442,54-,0.72383721,2,2,0.003906
A,Qwen2.5-3B-Instruct,r11_trunk,125,seed2,stochastic_fork,175,cd/490246,256,256,0,0,0.27468484,0.17067129,0.90909091,52-,0.94197292,1,5,0.976562
A,Qwen2.5-3B-Instruct,r11_trunk,125,seed2,stochastic_fork,175,cd/490245,256,256,0,0,0.48827968,0.23481289,0.81923077,93-,0.88653846,1,8,0.863281
A,Qwen2.5-3B-Instruct,r11_trunk,125,seed2,stochastic_fork,175,cd/490243,256,254,0,2,0.66132864,0.41090658,0.49902534,72-,0.73879142,2,5,0.507812
A,Qwen2.5-3B-Instruct,r11_trunk,125,seed2,stochastic_fork,175,cd/490241,256,256,0,0,0.28993534,0.18014695,0.87040619,98-,0.9303675,1,5,0.960938
A,Qwen2.5-3B-Instruct,r11_trunk,125,seed2,stochastic_fork,175,cd/490240,256,251,0,5,0.11551176,0.07177149,0.96646943,85-,0.98027613,1,5,0.464844
A,Qwen2.5-3B-Instruct,r11_trunk,125,seed2,stochastic_fork,175,cd/490239,256,84,0,172,0.07176366,0.0653221,0.98245614,27-,0.98830409,1,3,0.0
A,Qwen2.5-3B-Instruct,r11_trunk,125,seed2,stochastic_fork,175,cd/490237,256,249,0,7,0.01442721,0.02081407,0.996,96-,0.998,1,2,0.007812
A,Qwen2.5-3B-Instruct,r11_trunk,125,seed2,stochastic_fork,175,cd/490236,256,256,0,0,0.57408565,0.27607684,0.76923077,97-,0.85192308,1,8,0.71875
A,Qwen2.5-3B-Instruct,r11_trunk,125,seed2,stochastic_fork,175,cd/490235,256,256,0,0,0.52834688,0.27151659,0.74373796,90-,0.85356455,2,7,0.734375
A,Qwen2.5-3B-Instruct,r11_trunk,125,seed2,stochastic_fork,175,cd/490234,256,255,0,1,0.30128156,0.18719676,0.86213592,83-,0.92621359,1,5,0.953125
A,Qwen2.5-3B-Instruct,r11_trunk,125,seed2,stochastic_fork,175,cd/490233,256,256,0,0,0.24518512,0.15234208,0.90135397,92-,0.94584139,1,5,0.996094
A,Qwen2.5-3B-Instruct,r11_trunk,125,seed2,stochastic_fork,175,cd/490232,256,242,0,14,0.02951215,0.02686311,0.99383984,88-,0.99589322,1,3,0.0
A,Qwen2.5-3B-Instruct,r11_trunk,125,seed2,stochastic_fork,175,cd/490231,256,256,0,0,0.48055635,0.23109875,0.71538462,66-,0.85192308,2,8,0.8125
A,Qwen2.5-3B-Instruct,r11_trunk,125,seed2,stochastic_fork,175,cd/490229,256,255,0,1,0.93059657,0.44752235,0.28957529,87-,0.6003861,2,8,0.832031
A,Qwen2.5-3B-Instruct,r11_trunk,125,seed2,stochastic_fork,175,cd/490228,256,255,0,1,0.70087531,0.43547832,0.24466019,56+,0.61941748,2,5,0.988281
A,Qwen2.5-3B-Instruct,r11_trunk,125,seed2,stochastic_fork,175,cd/490227,256,256,0,0,0.97759325,0.60741284,0.0,43-,0.44680851,3,5,0.972656
A,Qwen2.5-3B-Instruct,r11_trunk,125,seed2,stochastic_fork,175,cd/490225,256,255,0,1,0.17370089,0.10792643,0.93592233,91-,0.96504854,1,5,0.992188
A,Qwen2.5-3B-Instruct,r11_trunk,125,seed2,stochastic_fork,175,cd/490221,256,256,0,0,0.2596388,0.16132266,0.91295938,79-,0.94584139,1,5,0.988281
A,Qwen2.5-3B-Instruct,r11_trunk,125,seed2,stochastic_fork,175,cd/490219,256,248,0,8,0.61088161,0.37956209,0.51497006,94-,0.75249501,2,5,0.96875
A,Qwen2.5-3B-Instruct,r11_trunk,125,seed2,stochastic_fork,175,cd/490217,256,242,0,14,0.5078063,0.46222521,0.60780287,74-,0.80287474,2,3,0.0
A,Qwen2.5-3B-Instruct,r11_trunk,125,seed2,stochastic_fork,175,cd/490215,256,256,0,0,0.20226442,0.12567395,0.94003868,61-,0.96131528,1,5,0.601562
A,Qwen2.5-3B-Instruct,r11_trunk,125,seed2,stochastic_fork,175,cd/490214,256,239,0,17,0.02982863,0.02715119,0.99376299,73-,0.995842,1,3,0.921875
A,Qwen2.5-3B-Instruct,r11_trunk,125,seed2,stochastic_fork,175,cd/490213,256,256,0,0,1.12853842,0.57995402,0.08092486,34-,0.42581888,3,7,0.617188
A,Qwen2.5-3B-Instruct,r11_trunk,125,seed2,stochastic_fork,175,cd/490212,256,255,0,1,0.83816976,0.52078415,0.15533981,49+,0.55728155,2,5,0.976562
A,Qwen2.5-3B-Instruct,r11_trunk,125,seed2,stochastic_fork,175,cd/490211,256,255,0,1,0.18143016,0.1127289,0.93980583,79-,0.96504854,1,5,0.980469
A,Qwen2.5-3B-Instruct,r11_trunk,125,seed2,stochastic_fork,175,cd/490208,256,245,0,11,0.49471277,0.30738233,0.65858586,94-,0.82626263,2,5,0.992188
A,Qwen2.5-3B-Instruct,r11_trunk,125,seed2,stochastic_fork,175,cd/490207,256,244,0,12,0.85066717,0.52854923,0.4137931,80-,0.663286,2,5,0.976562
A,Qwen2.5-3B-Instruct,r11_trunk,125,seed2,stochastic_fork,175,cd/490206,256,251,0,5,0.59623022,0.37045866,0.68639053,68-,0.81854043,2,5,0.894531
A,Qwen2.5-3B-Instruct,r11_trunk,125,seed2,stochastic_fork,175,cd/490205,256,250,0,6,0.71514162,0.44434247,0.18217822,72-,0.58811881,2,5,0.988281
A,Qwen2.5-3B-Instruct,r11_trunk,125,seed2,stochastic_fork,175,cd/490204,256,255,0,1,0.66257516,0.3186313,0.64864865,90-,0.7972973,2,8,0.542969
A,Qwen2.5-3B-Instruct,r11_trunk,125,seed2,stochastic_fork,175,cd/490203,256,193,0,63,0.58436552,0.53191242,0.48843188,40+,0.74293059,2,3,0.847656
A,Qwen2.5-3B-Instruct,r11_trunk,125,seed2,stochastic_fork,175,cd/490202,256,242,0,14,0.01478432,0.02132926,0.99588477,97-,0.99794239,1,2,0.0
A,Qwen2.5-3B-Instruct,r11_trunk,125,seed2,stochastic_fork,175,cd/490201,256,256,0,0,0.61839579,0.38423091,0.52611219,82-,0.75628627,2,5,1.0
A,Qwen2.5-3B-Instruct,r11_trunk,125,seed2,stochastic_fork,175,cd/490199,256,230,0,26,0.733825,0.45595111,0.27526882,57-,0.63010753,2,5,0.992188
A,Qwen2.5-3B-Instruct,r11_trunk,125,seed3,stochastic_fork,175,cd/490363,256,256,0,0,1.09662578,0.52736552,0.28076923,83-,0.55961538,3,8,0.660156
A,Qwen2.5-3B-Instruct,r11_trunk,125,seed3,stochastic_fork,175,cd/490361,256,235,0,21,0.03026206,0.02754572,0.99365751,98-,0.99577167,1,3,0.832031
A,Qwen2.5-3B-Instruct,r11_trunk,125,seed3,stochastic_fork,175,cd/490360,256,99,0,157,0.26797533,0.13771208,0.92682927,73-,0.95121951,1,7,0.207031
A,Qwen2.5-3B-Instruct,r11_trunk,125,seed3,stochastic_fork,175,cd/490357,256,255,0,1,0.58009207,0.36043147,0.58640777,89-,0.78640777,2,5,0.980469
A,Qwen2.5-3B-Instruct,r11_trunk,125,seed3,stochastic_fork,175,cd/490356,256,198,0,58,0.08694288,0.04852374,0.98507463,79-,0.98756219,1,6,0.003906
A,Qwen2.5-3B-Instruct,r11_trunk,125,seed3,stochastic_fork,175,cd/490354,256,256,0,0,1.12762701,0.48972219,0.08812261,72-,0.44252874,3,10,0.707031
A,Qwen2.5-3B-Instruct,r11_trunk,125,seed3,stochastic_fork,175,cd/490353,256,107,0,149,0.25825981,0.16046584,0.90410959,62-,0.94520548,1,5,0.988281
A,Qwen2.5-3B-Instruct,r11_trunk,125,seed3,stochastic_fork,175,cd/490352,256,80,0,176,0.14772667,0.09178774,0.96969697,57-,0.97575758,1,5,0.0
A,Qwen2.5-3B-Instruct,r11_trunk,125,seed3,stochastic_fork,175,cd/490351,256,66,0,190,0.65480329,0.33650233,0.63309353,77+,0.79856115,2,7,0.738281
A,Qwen2.5-3B-Instruct,r11_trunk,125,seed3,stochastic_fork,175,cd/490348,256,254,0,2,0.55121094,0.34248661,0.77582846,52-,0.85185185,1,5,0.429688
A,Qwen2.5-3B-Instruct,r11_trunk,125,seed3,stochastic_fork,175,cd/490347,256,256,0,0,0.6563391,0.31563239,0.77692308,59-,0.84423077,1,8,0.515625
A,Qwen2.5-3B-Instruct,r11_trunk,125,seed3,stochastic_fork,175,cd/490344,256,256,0,0,0.70477734,0.64151598,0.04660194,25+,0.5223301,2,3,0.808594
A,Qwen2.5-3B-Instruct,r11_trunk,125,seed3,stochastic_fork,175,cd/490343,256,256,0,0,0.22187338,0.11402036,0.92870906,94-,0.95761079,1,7,0.070312
A,Qwen2.5-3B-Instruct,r11_trunk,125,seed3,stochastic_fork,175,cd/490342,256,245,0,11,1.35648887,0.69709738,0.20925553,68+,0.41247485,4,7,0.511719
A,Qwen2.5-3B-Instruct,r11_trunk,125,seed3,stochastic_fork,175,cd/490341,256,252,0,4,1.09148125,0.49675452,0.24951267,44-,0.5165692,3,9,0.773438
A,Qwen2.5-3B-Instruct,r11_trunk,125,seed3,stochastic_fork,175,cd/490340,256,238,0,18,0.39378122,0.28405311,0.75833333,96-,0.87708333,2,4,0.164062
A,Qwen2.5-3B-Instruct,r11_trunk,125,seed3,stochastic_fork,175,cd/490339,256,145,0,111,0.32389342,0.2012463,0.84745763,45+,0.91864407,1,5,0.988281
A,Qwen2.5-3B-Instruct,r11_trunk,125,seed3,stochastic_fork,175,cd/490338,256,256,0,0,0.13774568,0.06624167,0.96923077,92-,0.97884615,1,8,0.882812
A,Qwen2.5-3B-Instruct,r11_trunk,125,seed3,stochastic_fork,175,cd/490337,256,256,0,0,0.50021592,0.31080163,0.64990329,79-,0.82205029,2,5,0.984375
A,Qwen2.5-3B-Instruct,r11_trunk,125,seed3,stochastic_fork,175,cd/490335,256,255,0,1,0.66727648,0.34291227,0.4139265,65+,0.70212766,2,7,0.734375
A,Qwen2.5-3B-Instruct,r11_trunk,125,seed3,stochastic_fork,175,cd/490334,256,133,0,123,0.75383747,0.46838555,0.09594096,46+,0.54243542,2,5,0.980469
A,Qwen2.5-3B-Instruct,r11_trunk,125,seed3,stochastic_fork,175,cd/490333,256,9,0,247,0.72700136,0.66174516,0.47619048,55-,0.71428571,2,3,0.011719
A,Qwen2.5-3B-Instruct,r11_trunk,125,seed3,stochastic_fork,175,cd/490331,256,256,0,0,0.88491239,0.4255529,0.55384615,63-,0.70576923,3,8,0.476562
A,Qwen2.5-3B-Instruct,r11_trunk,125,seed3,stochastic_fork,175,cd/490330,256,0,0,256,1.09861229,1.0,0.0,90*,0.33333333,3,3,0.003906
A,Qwen2.5-3B-Instruct,r11_trunk,125,seed3,stochastic_fork,175,cd/490327,256,256,0,0,0.80412794,0.3867038,0.36923077,95-,0.66346154,2,8,0.691406
A,Qwen2.5-3B-Instruct,r11_trunk,125,seed3,stochastic_fork,175,cd/490325,256,253,0,3,0.19918753,0.10236214,0.94736842,90-,0.96491228,1,7,0.148438
A,Qwen2.5-3B-Instruct,r11_trunk,125,seed3,stochastic_fork,175,cd/490324,256,254,0,2,0.16032734,0.09961698,0.94346979,99-,0.96881092,1,5,0.996094
A,Qwen2.5-3B-Instruct,r11_trunk,125,seed3,stochastic_fork,175,cd/490322,256,256,0,0,0.7106744,0.44156683,0.20116054,55-,0.59767892,2,5,0.996094
A,Qwen2.5-3B-Instruct,r11_trunk,125,seed3,stochastic_fork,175,cd/490321,256,246,0,10,0.67023542,0.61007457,0.26666667,64-,0.63232323,2,3,0.0
A,Qwen2.5-3B-Instruct,r11_trunk,125,seed3,stochastic_fork,175,cd/490320,256,1,0,255,0.56233514,0.81127812,0.5,36*,0.75,2,2,0.179688
A,Qwen2.5-3B-Instruct,r11_trunk,125,seed3,stochastic_fork,175,cd/490317,256,254,0,2,0.63937561,0.3972664,0.42105263,47-,0.70760234,2,5,0.925781
A,Qwen2.5-3B-Instruct,r11_trunk,125,seed3,stochastic_fork,175,cd/490316,256,253,0,3,0.62963193,0.39121232,0.44227006,13+,0.71819961,2,5,0.917969
A,Qwen2.5-3B-Instruct,r11_trunk,125,seed3,stochastic_fork,175,cd/490315,256,255,0,1,0.32889641,0.20435483,0.82718447,87-,0.91067961,1,5,0.957031
A,Qwen2.5-3B-Instruct,r11_trunk,125,seed3,stochastic_fork,175,cd/490313,256,255,0,1,0.11402442,0.07084736,0.96699029,98-,0.98058252,1,5,0.957031
A,Qwen2.5-3B-Instruct,r11_trunk,125,seed3,stochastic_fork,175,cd/490312,256,256,0,0,0.66390059,0.60430836,0.28737864,90-,0.64271845,2,3,0.945312
A,Qwen2.5-3B-Instruct,r11_trunk,125,seed3,stochastic_fork,175,cd/490309,256,237,0,19,1.0473063,0.42146706,0.37037037,96-,0.59876543,3,12,0.003906
A,Qwen2.5-3B-Instruct,r11_trunk,125,seed3,stochastic_fork,175,cd/490308,256,0,0,256,0.69314718,1.0,0.0,3*,0.5,2,2,0.363281
A,Qwen2.5-3B-Instruct,r11_trunk,125,seed3,stochastic_fork,175,cd/490307,256,256,0,0,0.22165454,0.1065933,0.93461538,72-,0.95961538,1,8,0.835938
A,Qwen2.5-3B-Instruct,r11_trunk,125,seed3,stochastic_fork,175,cd/490306,256,0,0,256,0.69314718,1.0,0.0,50-,0.5,2,2,0.0
A,Qwen2.5-3B-Instruct,r11_trunk,125,seed3,stochastic_fork,175,cd/490305,256,0,0,256,0.69314718,1.0,0.0,3*,0.5,2,2,0.566406
A,Qwen2.5-3B-Instruct,r11_trunk,125,seed3,stochastic_fork,175,cd/490304,256,12,0,244,0.31539629,0.28708607,0.88888889,76-,0.92592593,1,3,0.0
A,Qwen2.5-3B-Instruct,r11_trunk,125,seed3,stochastic_fork,175,cd/490303,256,256,0,0,1.17210995,0.56366574,0.16923077,16+,0.49038462,3,8,0.550781
A,Qwen2.5-3B-Instruct,r11_trunk,125,seed3,stochastic_fork,175,cd/490297,256,254,0,2,0.57859589,0.52666067,0.49315068,22+,0.74559687,2,3,0.988281
A,Qwen2.5-3B-Instruct,r11_trunk,125,seed3,stochastic_fork,175,cd/490296,256,256,0,0,0.54720809,0.26315147,0.75,99-,0.85576923,2,8,0.832031
A,Qwen2.5-3B-Instruct,r11_trunk,125,seed3,stochastic_fork,175,cd/490292,256,211,0,45,0.7088964,0.3078698,0.43981481,16+,0.71064815,2,10,0.117188
A,Qwen2.5-3B-Instruct,r11_trunk,125,seed3,stochastic_fork,175,cd/490290,256,156,0,100,0.29012553,0.18026512,0.87066246,40-,0.93059937,1,5,0.988281
A,Qwen2.5-3B-Instruct,r11_trunk,125,seed3,stochastic_fork,175,cd/490288,256,23,0,233,0.47130262,0.263039,0.88461538,24*,0.90384615,1,6,0.03125
A,Qwen2.5-3B-Instruct,r11_trunk,125,seed3,stochastic_fork,175,cd/490287,256,256,0,0,0.88804483,0.55177328,0.46808511,97-,0.66344294,3,5,0.90625
A,Qwen2.5-3B-Instruct,r11_trunk,125,seed3,stochastic_fork,175,cd/490283,256,254,0,2,0.09710002,0.06033164,0.97465887,91-,0.98440546,1,5,0.722656
A,Qwen2.5-3B-Instruct,r11_trunk,125,seed3,stochastic_fork,175,cd/490282,256,255,0,1,0.6611726,0.41080963,0.36893204,78-,0.6815534,2,5,0.996094
A,Qwen2.5-3B-Instruct,r11_trunk,125,seed3,stochastic_fork,175,cd/490281,256,120,0,136,0.60892908,0.37834891,0.53877551,27-,0.76326531,2,5,0.902344
A,Qwen2.5-3B-Instruct,r11_trunk,125,seed3,stochastic_fork,175,cd/490280,256,255,0,1,0.69010409,0.42878578,0.34174757,45-,0.66601942,2,5,0.964844
A,Qwen2.5-3B-Instruct,r11_trunk,125,seed3,stochastic_fork,175,cd/490279,256,254,0,2,0.85586595,0.53177941,0.38986355,50-,0.65302144,2,5,0.945312
A,Qwen2.5-3B-Instruct,r11_trunk,125,seed3,stochastic_fork,175,cd/490276,256,256,0,0,0.23539848,0.1462613,0.89748549,83-,0.94584139,1,5,0.988281
A,Qwen2.5-3B-Instruct,r11_trunk,125,seed3,stochastic_fork,175,cd/490275,256,50,0,206,0.05509858,0.07949044,0.98039216,59-,0.99019608,1,2,0.007812
A,Qwen2.5-3B-Instruct,r11_trunk,125,seed3,stochastic_fork,175,cd/490274,256,202,0,54,0.05152634,0.03716839,0.99019608,55-,0.99264706,1,4,0.0
A,Qwen2.5-3B-Instruct,r11_trunk,125,seed3,stochastic_fork,175,cd/490271,256,256,0,0,0.59127514,0.3673799,0.62282398,95-,0.79883946,2,5,0.972656
A,Qwen2.5-3B-Instruct,r11_trunk,125,seed3,stochastic_fork,175,cd/490270,256,208,0,48,0.5688109,0.82062067,0.48803828,88-,0.74401914,2,2,0.0
A,Qwen2.5-3B-Instruct,r11_trunk,125,seed3,stochastic_fork,175,cd/490268,256,244,0,12,0.69433769,0.6320134,0.15478615,7+,0.57637475,2,3,0.808594
A,Qwen2.5-3B-Instruct,r11_trunk,125,seed3,stochastic_fork,175,cd/490267,256,255,0,1,0.19990406,0.12420738,0.92038835,75-,0.95728155,1,5,0.992188
A,Qwen2.5-3B-Instruct,r11_trunk,125,seed3,stochastic_fork,175,cd/490266,256,217,0,39,0.49753226,0.30913417,0.76537585,92-,0.86332574,1,5,0.0
A,Qwen2.5-3B-Instruct,r11_trunk,125,seed3,stochastic_fork,175,cd/490264,256,0,0,256,1.09861229,1.0,0.0,80/,0.33333333,3,3,0.003906
A,Qwen2.5-3B-Instruct,r11_trunk,125,seed3,stochastic_fork,175,cd/490263,256,256,0,0,1.09373573,0.52597571,0.37307692,32-,0.57884615,3,8,0.628906
A,Qwen2.5-3B-Instruct,r11_trunk,125,seed3,stochastic_fork,175,cd/490262,256,85,0,171,0.40448104,0.36817451,0.75144509,5*,0.87283237,2,3,0.046875
A,Qwen2.5-3B-Instruct,r11_trunk,125,seed3,stochastic_fork,175,cd/490261,256,256,0,0,0.41053635,0.25508058,0.82011605,60-,0.89555126,1,5,0.988281
A,Qwen2.5-3B-Instruct,r11_trunk,125,seed3,stochastic_fork,175,cd/490260,256,231,0,25,0.70024438,0.6373899,0.23225806,7+,0.61290323,2,3,0.828125
A,Qwen2.5-3B-Instruct,r11_trunk,125,seed3,stochastic_fork,175,cd/490259,256,193,0,63,0.06307929,0.05741724,0.98200514,74-,0.98971722,1,3,0.582031
A,Qwen2.5-3B-Instruct,r11_trunk,125,seed3,stochastic_fork,175,cd/490258,256,256,0,0,0.27095738,0.13030295,0.91923077,84-,0.94807692,1,8,0.882812
A,Qwen2.5-3B-Instruct,r11_trunk,125,seed3,stochastic_fork,175,cd/490256,256,256,0,0,0.68364073,0.42476987,0.61508704,79-,0.77562863,2,5,0.980469
A,Qwen2.5-3B-Instruct,r11_trunk,125,seed3,stochastic_fork,175,cd/490254,256,0,0,256,1.09861229,1.0,0.0,90/,0.33333333,3,3,0.035156
A,Qwen2.5-3B-Instruct,r11_trunk,125,seed3,stochastic_fork,175,cd/490249,256,256,0,0,0.20810693,0.1069458,0.93641618,96-,0.96146435,1,7,0.964844
A,Qwen2.5-3B-Instruct,r11_trunk,125,seed3,stochastic_fork,175,cd/490248,256,177,0,79,0.39021334,0.56295885,0.73595506,54-,0.86797753,2,2,0.011719
A,Qwen2.5-3B-Instruct,r11_trunk,125,seed3,stochastic_fork,175,cd/490246,256,256,0,0,0.40958043,0.25448663,0.76982592,52-,0.88007737,2,5,0.988281
A,Qwen2.5-3B-Instruct,r11_trunk,125,seed3,stochastic_fork,175,cd/490245,256,256,0,0,0.4276899,0.20567537,0.87307692,93-,0.90961538,1,8,0.691406
A,Qwen2.5-3B-Instruct,r11_trunk,125,seed3,stochastic_fork,175,cd/490243,256,255,0,1,0.7776095,0.48315595,0.39223301,72-,0.67378641,2,5,0.425781
A,Qwen2.5-3B-Instruct,r11_trunk,125,seed3,stochastic_fork,175,cd/490241,256,255,0,1,0.07793025,0.04842078,0.98252427,98-,0.98834951,1,5,0.976562
A,Qwen2.5-3B-Instruct,r11_trunk,125,seed3,stochastic_fork,175,cd/490240,256,254,0,2,0.09993729,0.06209453,0.9785575,85-,0.98440546,1,5,0.226562
A,Qwen2.5-3B-Instruct,r11_trunk,125,seed3,stochastic_fork,175,cd/490239,256,56,0,200,0.09975975,0.09080524,0.97391304,27-,0.9826087,1,3,0.0
A,Qwen2.5-3B-Instruct,r11_trunk,125,seed3,stochastic_fork,175,cd/490237,256,253,0,3,0.01423129,0.02053141,0.99606299,96-,0.9980315,1,2,0.0
A,Qwen2.5-3B-Instruct,r11_trunk,125,seed3,stochastic_fork,175,cd/490236,256,256,0,0,0.30845257,0.14833433,0.88076923,97-,0.93269231,1,8,0.859375
A,Qwen2.5-3B-Instruct,r11_trunk,125,seed3,stochastic_fork,175,cd/490235,256,256,0,0,0.54611251,0.28064632,0.70520231,90-,0.83815029,2,7,0.800781
A,Qwen2.5-3B-Instruct,r11_trunk,125,seed3,stochastic_fork,175,cd/490234,256,255,0,1,0.35588181,0.2211218,0.8038835,83-,0.89902913,1,5,0.992188
A,Qwen2.5-3B-Instruct,r11_trunk,125,seed3,stochastic_fork,175,cd/490233,256,256,0,0,0.14488291,0.09002081,0.9516441,92-,0.9729207,1,5,0.996094
A,Qwen2.5-3B-Instruct,r11_trunk,125,seed3,stochastic_fork,175,cd/490232,256,244,0,12,0.02930511,0.02667466,0.99389002,88-,0.99592668,1,3,0.0
A,Qwen2.5-3B-Instruct,r11_trunk,125,seed3,stochastic_fork,175,cd/490231,256,256,0,0,0.72490687,0.34860651,0.29230769,66-,0.64038462,2,8,0.914062
A,Qwen2.5-3B-Instruct,r11_trunk,125,seed3,stochastic_fork,175,cd/490229,256,256,0,0,0.53686194,0.25817602,0.8,87-,0.86346154,1,8,0.722656
A,Qwen2.5-3B-Instruct,r11_trunk,125,seed3,stochastic_fork,175,cd/490228,256,256,0,0,0.67707311,0.42068917,0.32495164,56+,0.65957447,2,5,0.980469
A,Qwen2.5-3B-Instruct,r11_trunk,125,seed3,stochastic_fork,175,cd/490227,256,256,0,0,0.90396205,0.5616632,0.16634429,35+,0.54738878,2,5,0.988281
A,Qwen2.5-3B-Instruct,r11_trunk,125,seed3,stochastic_fork,175,cd/490225,256,256,0,0,0.0964699,0.05994012,0.97485493,91-,0.98452611,1,5,0.996094
A,Qwen2.5-3B-Instruct,r11_trunk,125,seed3,stochastic_fork,175,cd/490221,256,255,0,1,0.71990675,0.44730322,0.59417476,79-,0.7592233,2,5,0.984375
A,Qwen2.5-3B-Instruct,r11_trunk,125,seed3,stochastic_fork,175,cd/490219,256,256,0,0,0.18086566,0.11237815,0.94003868,94-,0.96518375,1,5,0.972656
A,Qwen2.5-3B-Instruct,r11_trunk,125,seed3,stochastic_fork,175,cd/490217,256,251,0,5,0.66585588,0.60608814,0.34059406,74-,0.66732673,2,3,0.0
A,Qwen2.5-3B-Instruct,r11_trunk,125,seed3,stochastic_fork,175,cd/490215,256,256,0,0,0.6212111,0.38598016,0.52611219,61-,0.75628627,2,5,0.875
A,Qwen2.5-3B-Instruct,r11_trunk,125,seed3,stochastic_fork,175,cd/490214,256,247,0,9,0.0290003,0.02639721,0.99396378,73-,0.99597586,1,3,0.945312
A,Qwen2.5-3B-Instruct,r11_trunk,125,seed3,stochastic_fork,175,cd/490213,256,255,0,1,1.02169885,0.52504934,0.23984526,34-,0.54352031,3,7,0.640625
A,Qwen2.5-3B-Instruct,r11_trunk,125,seed3,stochastic_fork,175,cd/490212,256,256,0,0,0.83409426,0.5182519,0.10831721,49-,0.53578337,2,5,0.976562
A,Qwen2.5-3B-Instruct,r11_trunk,125,seed3,stochastic_fork,175,cd/490211,256,256,0,0,0.36353469,0.2258768,0.79690522,79-,0.89555126,1,5,1.0
A,Qwen2.5-3B-Instruct,r11_trunk,125,seed3,stochastic_fork,175,cd/490208,256,216,0,40,0.73544948,0.45696045,0.05491991,76-,0.52402746,2,5,0.988281
A,Qwen2.5-3B-Instruct,r11_trunk,125,seed3,stochastic_fork,175,cd/490207,256,252,0,4,0.82348774,0.5116617,0.12180747,80-,0.54420432,2,5,0.988281
A,Qwen2.5-3B-Instruct,r11_trunk,125,seed3,stochastic_fork,175,cd/490206,256,252,0,4,0.78792017,0.48956233,0.5697446,68-,0.72888016,3,5,0.855469
A,Qwen2.5-3B-Instruct,r11_trunk,125,seed3,stochastic_fork,175,cd/490205,256,230,0,26,0.58887581,0.36588911,0.52473118,72-,0.75913978,2,5,0.980469
A,Qwen2.5-3B-Instruct,r11_trunk,125,seed3,stochastic_fork,175,cd/490204,256,256,0,0,0.88114169,0.42373958,0.36538462,90-,0.64423077,2,8,0.5625
A,Qwen2.5-3B-Instruct,r11_trunk,125,seed3,stochastic_fork,175,cd/490203,256,208,0,48,0.50727825,0.46174456,0.61097852,38+,0.80429594,2,3,0.886719
A,Qwen2.5-3B-Instruct,r11_trunk,125,seed3,stochastic_fork,175,cd/490202,256,256,0,0,0.01408803,0.02032474,0.99610895,97-,0.99805447,1,2,0.0
A,Qwen2.5-3B-Instruct,r11_trunk,125,seed3,stochastic_fork,175,cd/490201,256,255,0,1,0.57652762,0.35821675,0.53980583,82-,0.76699029,2,5,1.0
A,Qwen2.5-3B-Instruct,r11_trunk,125,seed3,stochastic_fork,175,cd/490199,256,93,0,163,0.48393218,0.30068397,0.72251309,57-,0.85340314,2,5,0.992188
A,Qwen2.5-3B-Instruct,r11_trunk,150,seed1,stochastic_fork,175,cd/490363,256,256,0,0,0.85922295,0.4131989,0.57307692,83-,0.73269231,2,8,0.683594
A,Qwen2.5-3B-Instruct,r11_trunk,150,seed1,stochastic_fork,175,cd/490361,256,248,0,8,0.0289002,0.02630609,0.99398798,98-,0.99599198,1,3,0.859375
A,Qwen2.5-3B-Instruct,r11_trunk,150,seed1,stochastic_fork,175,cd/490360,256,74,0,182,0.59109406,0.30376226,0.73548387,73-,0.84516129,2,7,0.316406
A,Qwen2.5-3B-Instruct,r11_trunk,150,seed1,stochastic_fork,175,cd/490357,256,254,0,2,0.29835565,0.18537879,0.9005848,89-,0.93762183,1,5,0.988281
A,Qwen2.5-3B-Instruct,r11_trunk,150,seed1,stochastic_fork,175,cd/490356,256,221,0,35,0.1035329,0.05778281,0.97767857,79-,0.984375,1,6,0.003906
A,Qwen2.5-3B-Instruct,r11_trunk,150,seed1,stochastic_fork,175,cd/490354,256,256,0,0,0.78878299,0.3425641,0.57088123,72-,0.74521073,2,10,0.816406
A,Qwen2.5-3B-Instruct,r11_trunk,150,seed1,stochastic_fork,175,cd/490353,256,243,1,12,0.17353737,0.10782483,0.94501018,62-,0.96741344,1,5,0.984375
A,Qwen2.5-3B-Instruct,r11_trunk,150,seed1,stochastic_fork,175,cd/490352,256,36,0,220,0.27622699,0.17162948,0.93506494,57-,0.94805195,1,5,0.0
A,Qwen2.5-3B-Instruct,r11_trunk,150,seed1,stochastic_fork,175,cd/490351,256,190,0,66,0.52329315,0.26891948,0.67183463,77+,0.82945736,2,7,0.800781
A,Qwen2.5-3B-Instruct,r11_trunk,150,seed1,stochastic_fork,175,cd/490348,256,253,0,3,0.24918428,0.1548269,0.93150685,52-,0.95303327,1,5,0.539062
A,Qwen2.5-3B-Instruct,r11_trunk,150,seed1,stochastic_fork,175,cd/490347,256,256,0,0,0.62276336,0.29948587,0.81538462,59-,0.85961538,1,8,0.519531
A,Qwen2.5-3B-Instruct,r11_trunk,150,seed1,stochastic_fork,175,cd/490344,256,256,0,0,0.24144526,0.21977294,0.8776699,88-,0.93786408,1,3,0.859375
A,Qwen2.5-3B-Instruct,r11_trunk,150,seed1,stochastic_fork,175,cd/490343,256,253,0,3,0.18592441,0.09554624,0.95516569,94-,0.96881092,1,7,0.125
A,Qwen2.5-3B-Instruct,r11_trunk,150,seed1,stochastic_fork,175,cd/490342,256,238,0,18,1.16905616,0.60077602,0.10766046,68+,0.46169772,3,7,0.601562
A,Qwen2.5-3B-Instruct,r11_trunk,150,seed1,stochastic_fork,175,cd/490341,256,255,0,1,0.99230289,0.45161651,0.12716763,62-,0.51830443,2,9,0.664062
A,Qwen2.5-3B-Instruct,r11_trunk,150,seed1,stochastic_fork,175,cd/490340,256,249,0,7,0.11854218,0.0855101,0.96015936,96-,0.97808765,1,4,0.085938
A,Qwen2.5-3B-Instruct,r11_trunk,150,seed1,stochastic_fork,175,cd/490339,256,212,0,44,0.47703195,0.29639661,0.72727273,45+,0.85547786,2,5,0.988281
A,Qwen2.5-3B-Instruct,r11_trunk,150,seed1,stochastic_fork,175,cd/490338,256,256,0,0,0.17079607,0.08213555,0.95384615,92-,0.97115385,1,8,0.824219
A,Qwen2.5-3B-Instruct,r11_trunk,150,seed1,stochastic_fork,175,cd/490337,256,255,0,1,0.35025776,0.21762739,0.82330097,79-,0.90679612,1,5,0.964844
A,Qwen2.5-3B-Instruct,r11_trunk,150,seed1,stochastic_fork,175,cd/490335,256,255,0,1,0.78420165,0.40299993,0.11992263,65-,0.55125725,2,7,0.777344
A,Qwen2.5-3B-Instruct,r11_trunk,150,seed1,stochastic_fork,175,cd/490334,256,218,0,38,0.73597068,0.45728429,0.03628118,46+,0.51473923,2,5,0.945312
A,Qwen2.5-3B-Instruct,r11_trunk,150,seed1,stochastic_fork,175,cd/490333,256,8,0,248,0.76593734,0.69718621,0.42105263,55-,0.68421053,2,3,0.0
A,Qwen2.5-3B-Instruct,r11_trunk,150,seed1,stochastic_fork,175,cd/490331,256,256,0,0,0.67226262,0.32328998,0.73461538,63-,0.825,1,8,0.425781
A,Qwen2.5-3B-Instruct,r11_trunk,150,seed1,stochastic_fork,175,cd/490330,256,3,0,253,0.93688831,0.85279249,0.22222222,85-,0.55555556,3,3,0.019531
A,Qwen2.5-3B-Instruct,r11_trunk,150,seed1,stochastic_fork,175,cd/490327,256,255,0,1,0.67277024,0.32353409,0.61389961,95-,0.78571429,2,8,0.746094
A,Qwen2.5-3B-Instruct,r11_trunk,150,seed1,stochastic_fork,175,cd/490325,256,252,0,4,0.2607251,0.1339862,0.91976517,90-,0.94911937,1,7,0.277344
A,Qwen2.5-3B-Instruct,r11_trunk,150,seed1,stochastic_fork,175,cd/490324,256,250,0,6,0.11589018,0.07200662,0.96633663,99-,0.98019802,1,5,0.996094
A,Qwen2.5-3B-Instruct,r11_trunk,150,seed1,stochastic_fork,175,cd/490322,256,254,0,2,0.72700766,0.45171526,0.09356725,55-,0.54385965,2,5,0.976562
A,Qwen2.5-3B-Instruct,r11_trunk,150,seed1,stochastic_fork,175,cd/490321,256,250,0,6,0.36751467,0.33452627,0.77137177,64-,0.88469185,2,3,0.0
A,Qwen2.5-3B-Instruct,r11_trunk,150,seed1,stochastic_fork,175,cd/490320,256,15,0,241,0.69119278,0.9971804,0.0625,36*,0.53125,2,2,0.101562
A,Qwen2.5-3B-Instruct,r11_trunk,150,seed1,stochastic_fork,175,cd/490317,256,255,0,1,0.20376664,0.12660733,0.94368932,47-,0.96116505,1,5,0.972656
A,Qwen2.5-3B-Instruct,r11_trunk,150,seed1,stochastic_fork,175,cd/490316,256,243,0,13,0.61690484,0.38330453,0.53360489,26-,0.75967413,2,5,0.949219
A,Qwen2.5-3B-Instruct,r11_trunk,150,seed1,stochastic_fork,175,cd/490315,256,250,0,6,0.15421204,0.09581733,0.95445545,87-,0.97227723,1,5,0.9375
A,Qwen2.5-3B-Instruct,r11_trunk,150,seed1,stochastic_fork,175,cd/490313,256,255,0,1,0.20861062,0.12961706,0.92427184,98-,0.95728155,1,5,0.980469
A,Qwen2.5-3B-Instruct,r11_trunk,150,seed1,stochastic_fork,175,cd/490312,256,254,0,2,0.14659103,0.1334329,0.93933464,90-,0.96868885,1,3,0.929688
A,Qwen2.5-3B-Instruct,r11_trunk,150,seed1,stochastic_fork,175,cd/490309,256,246,0,10,0.57514495,0.23145536,0.77380952,96-,0.85912698,1,12,0.0
A,Qwen2.5-3B-Instruct,r11_trunk,150,seed1,stochastic_fork,175,cd/490308,256,1,0,255,0.56233514,0.81127812,0.5,11*,0.75,2,2,0.558594
A,Qwen2.5-3B-Instruct,r11_trunk,150,seed1,stochastic_fork,175,cd/490307,256,256,0,0,0.29996063,0.14425057,0.91923077,72-,0.94423077,1,8,0.742188
A,Qwen2.5-3B-Instruct,r11_trunk,150,seed1,stochastic_fork,175,cd/490306,256,0,0,256,0.69314718,1.0,0.0,50-,0.5,2,2,0.0
A,Qwen2.5-3B-Instruct,r11_trunk,150,seed1,stochastic_fork,175,cd/490305,256,7,0,249,0.48257757,0.69621226,0.625,15*,0.8125,2,2,0.53125
A,Qwen2.5-3B-Instruct,r11_trunk,150,seed1,stochastic_fork,175,cd/490304,256,25,1,230,0.3100083,0.28218172,0.86792453,76-,0.9245283,1,3,0.0
A,Qwen2.5-3B-Instruct,r11_trunk,150,seed1,stochastic_fork,175,cd/490303,256,253,0,3,1.11609723,0.53672931,0.40466926,68+,0.60116732,3,8,0.613281
A,Qwen2.5-3B-Instruct,r11_trunk,150,seed1,stochastic_fork,175,cd/490297,256,244,0,12,0.49046883,0.44644397,0.65580448,30+,0.82484725,2,3,0.941406
A,Qwen2.5-3B-Instruct,r11_trunk,150,seed1,stochastic_fork,175,cd/490296,256,255,0,1,0.37768964,0.18163032,0.87644788,99-,0.92084942,1,8,0.847656
A,Qwen2.5-3B-Instruct,r11_trunk,150,seed1,stochastic_fork,175,cd/490292,256,160,0,96,0.8393341,0.36451817,0.58787879,44+,0.75454545,2,10,0.03125
A,Qwen2.5-3B-Instruct,r11_trunk,150,seed1,stochastic_fork,175,cd/490290,256,248,0,8,0.43575382,0.27074907,0.72654691,40-,0.86027944,2,5,0.980469
A,Qwen2.5-3B-Instruct,r11_trunk,150,seed1,stochastic_fork,175,cd/490288,256,48,0,208,0.27451237,0.15320827,0.94117647,24*,0.95098039,1,6,0.007812
A,Qwen2.5-3B-Instruct,r11_trunk,150,seed1,stochastic_fork,175,cd/490287,256,254,0,2,0.61366696,0.38129272,0.60818713,97-,0.78947368,2,5,0.808594
A,Qwen2.5-3B-Instruct,r11_trunk,150,seed1,stochastic_fork,175,cd/490283,256,252,0,4,0.22350423,0.13887098,0.91552063,91-,0.95284872,1,5,0.816406
A,Qwen2.5-3B-Instruct,r11_trunk,150,seed1,stochastic_fork,175,cd/490282,256,254,0,2,0.72850007,0.45264255,0.37426901,78-,0.67641326,2,5,0.988281
A,Qwen2.5-3B-Instruct,r11_trunk,150,seed1,stochastic_fork,175,cd/490281,256,221,0,35,0.10895136,0.06769529,0.97091723,27-,0.98210291,1,5,0.921875
A,Qwen2.5-3B-Instruct,r11_trunk,150,seed1,stochastic_fork,175,cd/490280,256,255,0,1,0.21685923,0.13474222,0.92815534,45-,0.95728155,1,5,0.949219
A,Qwen2.5-3B-Instruct,r11_trunk,150,seed1,stochastic_fork,175,cd/490279,256,253,1,2,0.53936123,0.33512397,0.74363992,50-,0.84735812,2,5,0.96875
A,Qwen2.5-3B-Instruct,r11_trunk,150,seed1,stochastic_fork,175,cd/490276,256,256,0,0,0.18646866,0.11585949,0.92843327,83-,0.96131528,1,5,0.96875
A,Qwen2.5-3B-Instruct,r11_trunk,150,seed1,stochastic_fork,175,cd/490275,256,124,0,132,0.02607783,0.03762236,0.992,59-,0.996,1,2,0.003906
A,Qwen2.5-3B-Instruct,r11_trunk,150,seed1,stochastic_fork,175,cd/490274,256,245,0,11,0.08566949,0.06179747,0.9757085,55-,0.98582996,1,4,0.0
A,Qwen2.5-3B-Instruct,r11_trunk,150,seed1,stochastic_fork,175,cd/490271,256,254,0,2,0.26306373,0.16345069,0.91617934,95-,0.9454191,1,5,0.949219
A,Qwen2.5-3B-Instruct,r11_trunk,150,seed1,stochastic_fork,175,cd/490270,256,238,0,18,0.29264994,0.42220461,0.82845188,88-,0.91422594,1,2,0.0
A,Qwen2.5-3B-Instruct,r11_trunk,150,seed1,stochastic_fork,175,cd/490268,256,197,0,59,0.38529555,0.35071113,0.80604534,11+,0.89420655,1,3,0.742188
A,Qwen2.5-3B-Instruct,r11_trunk,150,seed1,stochastic_fork,175,cd/490267,256,252,0,4,0.17532656,0.10893652,0.93516699,75-,0.96463654,1,5,0.988281
A,Qwen2.5-3B-Instruct,r11_trunk,150,seed1,stochastic_fork,175,cd/490266,256,229,0,27,0.16856542,0.10473558,0.95464363,92-,0.96976242,1,5,0.0
A,Qwen2.5-3B-Instruct,r11_trunk,150,seed1,stochastic_fork,175,cd/490264,256,0,0,256,1.09861229,1.0,0.0,80/,0.33333333,3,3,0.003906
A,Qwen2.5-3B-Instruct,r11_trunk,150,seed1,stochastic_fork,175,cd/490263,256,256,0,0,0.61628343,0.29636968,0.81538462,32-,0.86346154,1,8,0.539062
A,Qwen2.5-3B-Instruct,r11_trunk,150,seed1,stochastic_fork,175,cd/490262,256,25,0,231,0.85930348,0.78217173,0.1509434,32*,0.54716981,2,3,0.058594
A,Qwen2.5-3B-Instruct,r11_trunk,150,seed1,stochastic_fork,175,cd/490261,256,255,0,1,0.32008929,0.19888266,0.86990291,60-,0.92621359,1,5,0.929688
A,Qwen2.5-3B-Instruct,r11_trunk,150,seed1,stochastic_fork,175,cd/490260,256,193,0,63,0.45180484,0.41125049,0.68380463,67-,0.84061697,2,3,0.878906
A,Qwen2.5-3B-Instruct,r11_trunk,150,seed1,stochastic_fork,175,cd/490259,256,250,0,6,0.07006048,0.0637718,0.97813121,74-,0.98807157,1,3,0.609375
A,Qwen2.5-3B-Instruct,r11_trunk,150,seed1,stochastic_fork,175,cd/490258,256,256,0,0,0.21086368,0.101404,0.94615385,84-,0.96346154,1,8,0.875
A,Qwen2.5-3B-Instruct,r11_trunk,150,seed1,stochastic_fork,175,cd/490256,256,256,0,0,0.30637763,0.19036313,0.91682785,79-,0.93810445,1,5,0.960938
A,Qwen2.5-3B-Instruct,r11_trunk,150,seed1,stochastic_fork,175,cd/490254,256,2,0,254,0.79631164,0.72483409,0.57142857,90*,0.71428571,3,3,0.074219
A,Qwen2.5-3B-Instruct,r11_trunk,150,seed1,stochastic_fork,175,cd/490249,256,255,0,1,0.18191479,0.09348571,0.95551257,96-,0.96905222,1,7,0.90625
A,Qwen2.5-3B-Instruct,r11_trunk,150,seed1,stochastic_fork,175,cd/490248,256,213,0,43,0.67971238,0.98061768,0.1635514,54-,0.5817757,2,2,0.007812
A,Qwen2.5-3B-Instruct,r11_trunk,150,seed1,stochastic_fork,175,cd/490246,256,256,0,0,0.15127747,0.09399398,0.95551257,52-,0.9729207,1,5,0.996094
A,Qwen2.5-3B-Instruct,r11_trunk,150,seed1,stochastic_fork,175,cd/490245,256,256,0,0,0.34670713,0.16673089,0.88461538,93-,0.92884615,1,8,0.785156
A,Qwen2.5-3B-Instruct,r11_trunk,150,seed1,stochastic_fork,175,cd/490243,256,251,0,5,0.57410779,0.35671323,0.6469428,72-,0.81065089,2,5,0.476562
A,Qwen2.5-3B-Instruct,r11_trunk,150,seed1,stochastic_fork,175,cd/490241,256,254,0,2,0.20051287,0.12458565,0.92007797,98-,0.95711501,1,5,0.949219
A,Qwen2.5-3B-Instruct,r11_trunk,150,seed1,stochastic_fork,175,cd/490240,256,254,0,2,0.1457977,0.0905892,0.95126706,85-,0.97270955,1,5,0.378906
A,Qwen2.5-3B-Instruct,r11_trunk,150,seed1,stochastic_fork,175,cd/490239,256,88,0,168,0.11960155,0.10886602,0.96089385,27-,0.97765363,1,3,0.0
A,Qwen2.5-3B-Instruct,r11_trunk,150,seed1,stochastic_fork,175,cd/490237,256,248,0,8,0.0144771,0.02088604,0.99598394,96-,0.99799197,1,2,0.0
A,Qwen2.5-3B-Instruct,r11_trunk,150,seed1,stochastic_fork,175,cd/490236,256,252,0,4,0.4204919,0.20221386,0.79296875,97-,0.88867188,1,8,0.835938
A,Qwen2.5-3B-Instruct,r11_trunk,150,seed1,stochastic_fork,175,cd/490235,256,256,0,0,0.31034483,0.15948569,0.9132948,90-,0.93834297,1,7,0.773438
A,Qwen2.5-3B-Instruct,r11_trunk,150,seed1,stochastic_fork,175,cd/490234,256,254,0,2,0.24374438,0.1514469,0.9122807,83-,0.94931774,1,5,0.984375
A,Qwen2.5-3B-Instruct,r11_trunk,150,seed1,stochastic_fork,175,cd/490233,256,254,0,2,0.25334724,0.15741349,0.90448343,92-,0.9454191,1,5,0.964844
A,Qwen2.5-3B-Instruct,r11_trunk,150,seed1,stochastic_fork,175,cd/490232,256,240,0,16,0.02972233,0.02705443,0.99378882,88-,0.99585921,1,3,0.0
A,Qwen2.5-3B-Instruct,r11_trunk,150,seed1,stochastic_fork,175,cd/490231,256,256,0,0,0.4647309,0.22348832,0.75,66-,0.86730769,2,8,0.753906
A,Qwen2.5-3B-Instruct,r11_trunk,150,seed1,stochastic_fork,175,cd/490229,256,254,0,2,0.68444245,0.32914724,0.69379845,87-,0.8003876,2,8,0.804688
A,Qwen2.5-3B-Instruct,r11_trunk,150,seed1,stochastic_fork,175,cd/490228,256,254,0,2,0.7054752,0.43833638,0.22612086,56+,0.61013645,2,5,0.976562
A,Qwen2.5-3B-Instruct,r11_trunk,150,seed1,stochastic_fork,175,cd/490227,256,256,0,0,0.83691603,0.52000517,0.4139265,43-,0.66731141,2,5,0.972656
A,Qwen2.5-3B-Instruct,r11_trunk,150,seed1,stochastic_fork,175,cd/490225,256,256,0,0,0.19956942,0.12399945,0.93617021,91-,0.96131528,1,5,0.992188
A,Qwen2.5-3B-Instruct,r11_trunk,150,seed1,stochastic_fork,175,cd/490221,256,254,0,2,0.18199851,0.11308203,0.93957115,79-,0.96491228,1,5,0.988281
A,Qwen2.5-3B-Instruct,r11_trunk,150,seed1,stochastic_fork,175,cd/490219,256,252,0,4,0.4139933,0.2572285,0.76620825,94-,0.87819253,2,5,0.941406
A,Qwen2.5-3B-Instruct,r11_trunk,150,seed1,stochastic_fork,175,cd/490217,256,248,0,8,0.56017501,0.50989327,0.55711423,74-,0.7755511,2,3,0.0
A,Qwen2.5-3B-Instruct,r11_trunk,150,seed1,stochastic_fork,175,cd/490215,256,256,0,0,0.2397455,0.14896225,0.92843327,61-,0.95357834,1,5,0.683594
A,Qwen2.5-3B-Instruct,r11_trunk,150,seed1,stochastic_fork,175,cd/490214,256,247,0,9,0.05135288,0.04674341,0.98591549,73-,0.99195171,1,3,0.871094
A,Qwen2.5-3B-Instruct,r11_trunk,150,seed1,stochastic_fork,175,cd/490213,256,255,0,1,1.10074615,0.56567162,0.0,44-,0.41586074,3,7,0.675781
A,Qwen2.5-3B-Instruct,r11_trunk,150,seed1,stochastic_fork,175,cd/490212,256,254,0,2,0.73275058,0.45528353,0.25730994,49-,0.62183236,2,5,0.980469
A,Qwen2.5-3B-Instruct,r11_trunk,150,seed1,stochastic_fork,175,cd/490211,256,255,0,1,0.3122239,0.19399562,0.86601942,79-,0.92621359,1,5,0.992188
A,Qwen2.5-3B-Instruct,r11_trunk,150,seed1,stochastic_fork,175,cd/490208,256,244,0,12,0.52676788,0.32729929,0.61663286,94-,0.80527383,2,5,0.996094
A,Qwen2.5-3B-Instruct,r11_trunk,150,seed1,stochastic_fork,175,cd/490207,256,252,0,4,0.63550833,0.39486353,0.68762279,80-,0.80746562,2,5,0.972656
A,Qwen2.5-3B-Instruct,r11_trunk,150,seed1,stochastic_fork,175,cd/490206,256,251,1,4,0.43301217,0.26904559,0.78500986,68-,0.8816568,1,5,0.851562
A,Qwen2.5-3B-Instruct,r11_trunk,150,seed1,stochastic_fork,175,cd/490205,256,250,0,6,0.67517488,0.41950974,0.33267327,72-,0.66336634,2,5,0.984375
A,Qwen2.5-3B-Instruct,r11_trunk,150,seed1,stochastic_fork,175,cd/490204,256,252,0,4,1.01431417,0.48778201,0.30859375,90-,0.58789062,3,8,0.515625
A,Qwen2.5-3B-Instruct,r11_trunk,150,seed1,stochastic_fork,175,cd/490203,256,119,1,136,0.67902511,0.6180753,0.27385892,40+,0.63485477,2,3,0.746094
A,Qwen2.5-3B-Instruct,r11_trunk,150,seed1,stochastic_fork,175,cd/490202,256,242,0,14,0.01478432,0.02132926,0.99588477,97-,0.99794239,1,2,0.0
A,Qwen2.5-3B-Instruct,r11_trunk,150,seed1,stochastic_fork,175,cd/490201,256,255,0,1,0.72072563,0.44781201,0.4038835,82-,0.68932039,2,5,1.0
A,Qwen2.5-3B-Instruct,r11_trunk,150,seed1,stochastic_fork,175,cd/490199,256,241,0,15,0.65728473,0.40839396,0.57084189,57-,0.77002053,2,5,0.996094
A,Qwen2.5-3B-Instruct,r11_trunk,150,seed2,stochastic_fork,175,cd/490363,256,256,0,0,1.15226967,0.55412458,0.28076923,83-,0.54807692,3,8,0.476562
A,Qwen2.5-3B-Instruct,r11_trunk,150,seed2,stochastic_fork,175,cd/490361,256,232,0,24,0.03059608,0.02784975,0.99357602,98-,0.99571734,1,3,0.761719
A,Qwen2.5-3B-Instruct,r11_trunk,150,seed2,stochastic_fork,175,cd/490360,256,24,0,232,0.97190947,0.49946266,0.43636364,73-,0.67272727,2,7,0.457031
A,Qwen2.5-3B-Instruct,r11_trunk,150,seed2,stochastic_fork,175,cd/490357,256,255,0,1,0.38217767,0.23746033,0.85436893,89-,0.91067961,1,5,0.988281
A,Qwen2.5-3B-Instruct,r11_trunk,150,seed2,stochastic_fork,175,cd/490356,256,217,0,39,0.08046672,0.04490933,0.98636364,79-,0.98863636,1,6,0.0
A,Qwen2.5-3B-Instruct,r11_trunk,150,seed2,stochastic_fork,175,cd/490354,256,256,0,0,1.03684865,0.45029765,0.24904215,72-,0.55363985,3,10,0.625
A,Qwen2.5-3B-Instruct,r11_trunk,150,seed2,stochastic_fork,175,cd/490353,256,223,0,33,0.13551102,0.08419773,0.97117517,62-,0.97782705,1,5,0.988281
A,Qwen2.5-3B-Instruct,r11_trunk,150,seed2,stochastic_fork,175,cd/490352,256,14,0,242,0.5373688,0.33388601,0.84848485,57-,0.87878788,1,5,0.0
A,Qwen2.5-3B-Instruct,r11_trunk,150,seed2,stochastic_fork,175,cd/490351,256,183,0,73,0.27734091,0.14252503,0.89544236,77+,0.94101877,1,7,0.566406
A,Qwen2.5-3B-Instruct,r11_trunk,150,seed2,stochastic_fork,175,cd/490348,256,255,0,1,0.11402442,0.07084736,0.96699029,52-,0.98058252,1,5,0.671875
A,Qwen2.5-3B-Instruct,r11_trunk,150,seed2,stochastic_fork,175,cd/490347,256,256,0,0,1.14908903,0.55259502,0.50769231,59-,0.64423077,3,8,0.441406
A,Qwen2.5-3B-Instruct,r11_trunk,150,seed2,stochastic_fork,175,cd/490344,256,251,0,5,0.25560217,0.23265912,0.86732673,88-,0.93267327,1,3,0.878906
A,Qwen2.5-3B-Instruct,r11_trunk,150,seed2,stochastic_fork,175,cd/490343,256,250,0,6,0.31646422,0.16263044,0.90335306,94-,0.93688363,1,7,0.140625
A,Qwen2.5-3B-Instruct,r11_trunk,150,seed2,stochastic_fork,175,cd/490342,256,210,0,46,0.95818674,0.49241058,0.5058548,68+,0.68149883,3,7,0.53125
A,Qwen2.5-3B-Instruct,r11_trunk,150,seed2,stochastic_fork,175,cd/490341,256,251,0,5,0.97168482,0.44223282,0.44618395,44-,0.63600783,3,9,0.667969
A,Qwen2.5-3B-Instruct,r11_trunk,150,seed2,stochastic_fork,175,cd/490340,256,235,0,21,0.14037748,0.10126095,0.94936709,96-,0.97257384,1,4,0.046875
A,Qwen2.5-3B-Instruct,r11_trunk,150,seed2,stochastic_fork,175,cd/490339,256,199,0,57,0.24683825,0.15336923,0.92307692,45+,0.95037221,1,5,0.992188
A,Qwen2.5-3B-Instruct,r11_trunk,150,seed2,stochastic_fork,175,cd/490338,256,256,0,0,0.30882564,0.14851374,0.86923077,92-,0.92884615,1,8,0.804688
A,Qwen2.5-3B-Instruct,r11_trunk,150,seed2,stochastic_fork,175,cd/490337,256,256,0,0,0.35842699,0.22270321,0.81624758,79-,0.9032882,1,5,0.957031
A,Qwen2.5-3B-Instruct,r11_trunk,150,seed2,stochastic_fork,175,cd/490335,256,255,0,1,0.37375984,0.19207456,0.80851064,65+,0.89941973,1,7,0.828125
A,Qwen2.5-3B-Instruct,r11_trunk,150,seed2,stochastic_fork,175,cd/490334,256,193,0,63,0.58783476,0.36524227,0.5370844,46+,0.76470588,2,5,0.964844
A,Qwen2.5-3B-Instruct,r11_trunk,150,seed2,stochastic_fork,175,cd/490333,256,3,0,253,0.93688831,0.85279249,0.22222222,55-,0.55555556,3,3,0.0
A,Qwen2.5-3B-Instruct,r11_trunk,150,seed2,stochastic_fork,175,cd/490331,256,256,0,0,0.99562891,0.47879629,0.26153846,63-,0.58653846,2,8,0.339844
A,Qwen2.5-3B-Instruct,r11_trunk,150,seed2,stochastic_fork,175,cd/490330,256,2,0,254,1.00424247,0.91410089,0.0,90*,0.42857143,3,3,0.015625
A,Qwen2.5-3B-Instruct,r11_trunk,150,seed2,stochastic_fork,175,cd/490327,256,256,0,0,0.89589909,0.43083639,0.30769231,95-,0.61730769,2,8,0.523438
A,Qwen2.5-3B-Instruct,r11_trunk,150,seed2,stochastic_fork,175,cd/490325,256,252,0,4,0.31811802,0.16348032,0.8962818,90-,0.9334638,1,7,0.273438
A,Qwen2.5-3B-Instruct,r11_trunk,150,seed2,stochastic_fork,175,cd/490324,256,255,0,1,0.19990406,0.12420738,0.92038835,99-,0.95728155,1,5,0.992188
A,Qwen2.5-3B-Instruct,r11_trunk,150,seed2,stochastic_fork,175,cd/490322,256,255,0,1,0.48907539,0.30387962,0.66407767,55+,0.82912621,2,5,0.992188
A,Qwen2.5-3B-Instruct,r11_trunk,150,seed2,stochastic_fork,175,cd/490321,256,236,0,20,0.61366267,0.55857983,0.49684211,64-,0.74315789,2,3,0.0
A,Qwen2.5-3B-Instruct,r11_trunk,150,seed2,stochastic_fork,175,cd/490320,256,9,0,247,0.68813881,0.99277445,0.1,36*,0.55,2,2,0.230469
A,Qwen2.5-3B-Instruct,r11_trunk,150,seed2,stochastic_fork,175,cd/490317,256,254,0,2,0.2221366,0.13802123,0.91617934,47-,0.95321637,1,5,0.941406
A,Qwen2.5-3B-Instruct,r11_trunk,150,seed2,stochastic_fork,175,cd/490316,256,253,0,3,0.64005768,0.3976902,0.48923679,26-,0.73776908,2,5,0.902344
A,Qwen2.5-3B-Instruct,r11_trunk,150,seed2,stochastic_fork,175,cd/490315,256,253,0,3,0.11476288,0.07130619,0.9667319,87-,0.98043053,1,5,0.898438
A,Qwen2.5-3B-Instruct,r11_trunk,150,seed2,stochastic_fork,175,cd/490313,256,255,0,1,0.28001239,0.17398148,0.8776699,98-,0.93398058,1,5,0.929688
A,Qwen2.5-3B-Instruct,r11_trunk,150,seed2,stochastic_fork,175,cd/490312,256,251,0,5,0.1191567,0.10846111,0.95445545,90-,0.97623762,1,3,0.886719
A,Qwen2.5-3B-Instruct,r11_trunk,150,seed2,stochastic_fork,175,cd/490309,256,234,0,22,0.99141775,0.39897585,0.4375,96-,0.64375,3,12,0.0
A,Qwen2.5-3B-Instruct,r11_trunk,150,seed2,stochastic_fork,175,cd/490308,256,0,0,256,0.69314718,1.0,0.0,3*,0.5,2,2,0.714844
A,Qwen2.5-3B-Instruct,r11_trunk,150,seed2,stochastic_fork,175,cd/490307,256,256,0,0,0.26427029,0.12708714,0.9,72-,0.94423077,1,8,0.785156
A,Qwen2.5-3B-Instruct,r11_trunk,150,seed2,stochastic_fork,175,cd/490306,256,1,0,255,0.56233514,0.81127812,0.5,50-,0.75,2,2,0.0
A,Qwen2.5-3B-Instruct,r11_trunk,150,seed2,stochastic_fork,175,cd/490305,256,1,1,254,0.56233514,0.81127812,0.5,15*,0.75,2,2,0.722656
A,Qwen2.5-3B-Instruct,r11_trunk,150,seed2,stochastic_fork,175,cd/490304,256,6,0,250,0.48509409,0.44155167,0.8,76-,0.86666667,1,3,0.0
A,Qwen2.5-3B-Instruct,r11_trunk,150,seed2,stochastic_fork,175,cd/490303,256,255,0,1,1.00010244,0.48094761,0.45173745,68+,0.65830116,2,8,0.671875
A,Qwen2.5-3B-Instruct,r11_trunk,150,seed2,stochastic_fork,175,cd/490297,256,242,0,14,0.56555712,0.51479227,0.5174538,30+,0.75770021,2,3,0.960938
A,Qwen2.5-3B-Instruct,r11_trunk,150,seed2,stochastic_fork,175,cd/490296,256,256,0,0,0.66752025,0.32100939,0.73076923,99-,0.825,1,8,0.695312
A,Qwen2.5-3B-Instruct,r11_trunk,150,seed2,stochastic_fork,175,cd/490292,256,218,0,38,0.74169254,0.32211298,0.51121076,44+,0.73766816,2,10,0.042969
A,Qwen2.5-3B-Instruct,r11_trunk,150,seed2,stochastic_fork,175,cd/490290,256,249,0,7,0.65523689,0.40712157,0.38568588,40-,0.68986083,2,5,0.941406
A,Qwen2.5-3B-Instruct,r11_trunk,150,seed2,stochastic_fork,175,cd/490288,256,77,0,179,0.18935573,0.10568145,0.9625,24*,0.96875,1,6,0.027344
A,Qwen2.5-3B-Instruct,r11_trunk,150,seed2,stochastic_fork,175,cd/490287,256,256,0,0,0.87411369,0.54311737,0.35976789,97-,0.63636364,2,5,0.804688
A,Qwen2.5-3B-Instruct,r11_trunk,150,seed2,stochastic_fork,175,cd/490283,256,255,0,1,0.1705501,0.10596873,0.95145631,91-,0.96893204,1,5,0.796875
A,Qwen2.5-3B-Instruct,r11_trunk,150,seed2,stochastic_fork,175,cd/490282,256,253,0,3,0.60381459,0.3751711,0.59882583,78+,0.78864971,2,5,0.996094
A,Qwen2.5-3B-Instruct,r11_trunk,150,seed2,stochastic_fork,175,cd/490281,256,233,0,23,0.10429585,0.06480266,0.97239915,27-,0.98301486,1,5,0.875
A,Qwen2.5-3B-Instruct,r11_trunk,150,seed2,stochastic_fork,175,cd/490280,256,256,0,0,0.29685725,0.18444778,0.88588008,45-,0.93423598,1,5,0.882812
A,Qwen2.5-3B-Instruct,r11_trunk,150,seed2,stochastic_fork,175,cd/490279,256,248,0,8,0.64336403,0.39974455,0.65469062,50-,0.8003992,2,5,0.910156
A,Qwen2.5-3B-Instruct,r11_trunk,150,seed2,stochastic_fork,175,cd/490276,256,256,0,0,0.15933108,0.09899797,0.94390716,83-,0.96905222,1,5,0.929688
A,Qwen2.5-3B-Instruct,r11_trunk,150,seed2,stochastic_fork,175,cd/490275,256,60,1,195,0.04754026,0.06858609,0.98360656,59-,0.99180328,1,2,0.007812
A,Qwen2.5-3B-Instruct,r11_trunk,150,seed2,stochastic_fork,175,cd/490274,256,252,0,4,0.04268222,0.03078871,0.99212598,55-,0.99409449,1,4,0.0
A,Qwen2.5-3B-Instruct,r11_trunk,150,seed2,stochastic_fork,175,cd/490271,256,254,0,2,0.40058878,0.2488998,0.85769981,95-,0.90643275,1,5,0.992188
A,Qwen2.5-3B-Instruct,r11_trunk,150,seed2,stochastic_fork,175,cd/490270,256,236,0,20,0.43671953,0.6300531,0.6835443,88-,0.84177215,2,2,0.0
A,Qwen2.5-3B-Instruct,r11_trunk,150,seed2,stochastic_fork,175,cd/490268,256,221,0,35,0.39408186,0.35870877,0.80449438,11+,0.89213483,1,3,0.910156
A,Qwen2.5-3B-Instruct,r11_trunk,150,seed2,stochastic_fork,175,cd/490267,256,256,0,0,0.12971207,0.08059464,0.95938104,75-,0.97678917,1,5,0.984375
A,Qwen2.5-3B-Instruct,r11_trunk,150,seed2,stochastic_fork,175,cd/490266,256,215,0,41,0.31416043,0.19519885,0.89195402,92-,0.93103448,1,5,0.0
A,Qwen2.5-3B-Instruct,r11_trunk,150,seed2,stochastic_fork,175,cd/490264,256,0,0,256,1.09861229,1.0,0.0,80/,0.33333333,3,3,0.0
A,Qwen2.5-3B-Instruct,r11_trunk,150,seed2,stochastic_fork,175,cd/490263,256,256,0,0,0.67701854,0.3255771,0.78076923,32-,0.83653846,1,8,0.511719
A,Qwen2.5-3B-Instruct,r11_trunk,150,seed2,stochastic_fork,175,cd/490262,256,27,0,229,0.86025633,0.78303905,0.07017544,5*,0.50877193,2,3,0.035156
A,Qwen2.5-3B-Instruct,r11_trunk,150,seed2,stochastic_fork,175,cd/490261,256,255,0,1,0.13012442,0.08085085,0.9592233,60-,0.97669903,1,5,0.875
A,Qwen2.5-3B-Instruct,r11_trunk,150,seed2,stochastic_fork,175,cd/490260,256,206,0,50,0.56089015,0.51054422,0.56385542,67-,0.77831325,2,3,0.75
A,Qwen2.5-3B-Instruct,r11_trunk,150,seed2,stochastic_fork,175,cd/490259,256,227,0,29,0.03117064,0.02837274,0.99343545,74-,0.99562363,1,3,0.507812
A,Qwen2.5-3B-Instruct,r11_trunk,150,seed2,stochastic_fork,175,cd/490258,256,256,0,0,0.27861233,0.13398421,0.92307692,84-,0.94807692,1,8,0.742188
A,Qwen2.5-3B-Instruct,r11_trunk,150,seed2,stochastic_fork,175,cd/490256,256,256,0,0,0.13523975,0.08402918,0.96324952,79-,0.97678917,1,5,0.914062
A,Qwen2.5-3B-Instruct,r11_trunk,150,seed2,stochastic_fork,175,cd/490254,256,1,0,255,0.95027054,0.86497352,0.4,90*,0.6,3,3,0.082031
A,Qwen2.5-3B-Instruct,r11_trunk,150,seed2,stochastic_fork,175,cd/490249,256,256,0,0,0.20810693,0.1069458,0.93641618,96-,0.96146435,1,7,0.789062
A,Qwen2.5-3B-Instruct,r11_trunk,150,seed2,stochastic_fork,175,cd/490248,256,175,0,81,0.3481752,0.50231064,0.77840909,54-,0.88920455,2,2,0.0
A,Qwen2.5-3B-Instruct,r11_trunk,150,seed2,stochastic_fork,175,cd/490246,256,256,0,0,0.20226442,0.12567395,0.94003868,52-,0.96131528,1,5,0.988281
A,Qwen2.5-3B-Instruct,r11_trunk,150,seed2,stochastic_fork,175,cd/490245,256,255,0,1,0.46503034,0.22363232,0.77992278,93-,0.87837838,1,8,0.660156
A,Qwen2.5-3B-Instruct,r11_trunk,150,seed2,stochastic_fork,175,cd/490243,256,256,0,0,0.84062144,0.52230747,0.40618956,72-,0.66344294,2,5,0.671875
A,Qwen2.5-3B-Instruct,r11_trunk,150,seed2,stochastic_fork,175,cd/490241,256,256,0,0,0.30906137,0.19203063,0.84332689,98-,0.91876209,1,5,0.90625
A,Qwen2.5-3B-Instruct,r11_trunk,150,seed2,stochastic_fork,175,cd/490240,256,253,0,3,0.07844817,0.04874259,0.98238748,85-,0.98825832,1,5,0.570312
A,Qwen2.5-3B-Instruct,r11_trunk,150,seed2,stochastic_fork,175,cd/490239,256,13,0,243,0.29875806,0.2719413,0.89655172,27-,0.93103448,1,3,0.0
A,Qwen2.5-3B-Instruct,r11_trunk,150,seed2,stochastic_fork,175,cd/490237,256,252,0,4,0.01427974,0.02060131,0.99604743,96-,0.99802372,1,2,0.0
A,Qwen2.5-3B-Instruct,r11_trunk,150,seed2,stochastic_fork,175,cd/490236,256,256,0,0,0.5280863,0.25395583,0.73076923,97-,0.85192308,2,8,0.554688
A,Qwen2.5-3B-Instruct,r11_trunk,150,seed2,stochastic_fork,175,cd/490235,256,256,0,0,0.38247265,0.19655206,0.86319846,90-,0.91522158,1,7,0.753906
A,Qwen2.5-3B-Instruct,r11_trunk,150,seed2,stochastic_fork,175,cd/490234,256,256,0,0,0.12971207,0.08059464,0.95938104,83-,0.97678917,1,5,0.964844
A,Qwen2.5-3B-Instruct,r11_trunk,150,seed2,stochastic_fork,175,cd/490233,256,255,0,1,0.44169299,0.27443928,0.73786408,92-,0.86407767,2,5,0.992188
A,Qwen2.5-3B-Instruct,r11_trunk,150,seed2,stochastic_fork,175,cd/490232,256,249,0,7,0.02880083,0.02621564,0.99401198,88-,0.99600798,1,3,0.0
A,Qwen2.5-3B-Instruct,r11_trunk,150,seed2,stochastic_fork,175,cd/490231,256,256,0,0,0.66092682,0.31783861,0.48846154,66-,0.73653846,2,8,0.800781
A,Qwen2.5-3B-Instruct,r11_trunk,150,seed2,stochastic_fork,175,cd/490229,256,255,0,1,0.85667471,0.41197345,0.56370656,87-,0.70849421,3,8,0.742188
A,Qwen2.5-3B-Instruct,r11_trunk,150,seed2,stochastic_fork,175,cd/490228,256,254,0,2,0.2592939,0.16110836,0.88109162,56+,0.93762183,1,5,0.972656
A,Qwen2.5-3B-Instruct,r11_trunk,150,seed2,stochastic_fork,175,cd/490227,256,255,0,1,0.93587488,0.58149176,0.20970874,43+,0.55728155,2,5,0.992188
A,Qwen2.5-3B-Instruct,r11_trunk,150,seed2,stochastic_fork,175,cd/490225,256,254,0,2,0.17109172,0.10630527,0.95126706,91-,0.96881092,1,5,0.992188
A,Qwen2.5-3B-Instruct,r11_trunk,150,seed2,stochastic_fork,175,cd/490221,256,255,0,1,0.18143016,0.1127289,0.93980583,79-,0.96504854,1,5,0.984375
A,Qwen2.5-3B-Instruct,r11_trunk,150,seed2,stochastic_fork,175,cd/490219,256,251,0,5,0.59874466,0.37202097,0.56410256,94-,0.77514793,2,5,0.953125
A,Qwen2.5-3B-Instruct,r11_trunk,150,seed2,stochastic_fork,175,cd/490217,256,252,0,4,0.54428615,0.4954306,0.55226824,74-,0.77514793,2,3,0.0
A,Qwen2.5-3B-Instruct,r11_trunk,150,seed2,stochastic_fork,175,cd/490215,256,256,0,0,0.13964661,0.08676732,0.96711799,61-,0.97678917,1,5,0.554688
A,Qwen2.5-3B-Instruct,r11_trunk,150,seed2,stochastic_fork,175,cd/490214,256,251,0,5,0.02860426,0.02603672,0.99405941,73-,0.9960396,1,3,0.816406
A,Qwen2.5-3B-Instruct,r11_trunk,150,seed2,stochastic_fork,175,cd/490213,256,255,0,1,0.92456407,0.47513195,0.24758221,34-,0.58220503,2,7,0.652344
A,Qwen2.5-3B-Instruct,r11_trunk,150,seed2,stochastic_fork,175,cd/490212,256,256,0,0,0.74156519,0.46076036,0.40618956,49+,0.68665377,2,5,0.980469
A,Qwen2.5-3B-Instruct,r11_trunk,150,seed2,stochastic_fork,175,cd/490211,256,256,0,0,0.19929929,0.12383161,0.92069632,79-,0.95744681,1,5,0.976562
A,Qwen2.5-3B-Instruct,r11_trunk,150,seed2,stochastic_fork,175,cd/490208,256,241,0,15,0.75287531,0.46778773,0.0164271,94-,0.50308008,2,5,0.988281
A,Qwen2.5-3B-Instruct,r11_trunk,150,seed2,stochastic_fork,175,cd/490207,256,245,0,11,0.82648509,0.51352406,0.12121212,80-,0.54343434,2,5,0.96875
A,Qwen2.5-3B-Instruct,r11_trunk,150,seed2,stochastic_fork,175,cd/490206,256,252,0,4,0.57650861,0.35820494,0.62868369,68-,0.80353635,2,5,0.9375
A,Qwen2.5-3B-Instruct,r11_trunk,150,seed2,stochastic_fork,175,cd/490205,256,251,0,5,0.71288772,0.44294205,0.19329389,72+,0.59368836,2,5,0.980469
A,Qwen2.5-3B-Instruct,r11_trunk,150,seed2,stochastic_fork,175,cd/490204,256,256,0,0,1.12283507,0.53996953,0.07692308,78-,0.425,3,8,0.519531
A,Qwen2.5-3B-Instruct,r11_trunk,150,seed2,stochastic_fork,175,cd/490203,256,201,0,55,0.69001708,0.62808062,0.19259259,40+,0.59506173,2,3,0.914062
A,Qwen2.5-3B-Instruct,r11_trunk,150,seed2,stochastic_fork,175,cd/490202,256,249,0,7,0.01442721,0.02081407,0.996,97-,0.998,1,2,0.0
A,Qwen2.5-3B-Instruct,r11_trunk,150,seed2,stochastic_fork,175,cd/490201,256,256,0,0,0.69078967,0.42921176,0.4139265,82+,0.69825919,2,5,0.992188
A,Qwen2.5-3B-Instruct,r11_trunk,150,seed2,stochastic_fork,175,cd/490199,256,222,0,34,0.73835707,0.45876704,0.26726058,57+,0.62583519,2,5,0.996094
A,Qwen2.5-3B-Instruct,r11_trunk,150,seed3,stochastic_fork,175,cd/490363,256,256,0,0,0.86651195,0.41670416,0.60769231,83-,0.74423077,2,8,0.691406
A,Qwen2.5-3B-Instruct,r11_trunk,150,seed3,stochastic_fork,175,cd/490361,256,235,0,21,0.03026206,0.02754572,0.99365751,98-,0.99577167,1,3,0.75
A,Qwen2.5-3B-Instruct,r11_trunk,150,seed3,stochastic_fork,175,cd/490360,256,103,0,153,0.62029786,0.31877004,0.61032864,73-,0.79342723,2,7,0.316406
A,Qwen2.5-3B-Instruct,r11_trunk,150,seed3,stochastic_fork,175,cd/490357,256,256,0,0,0.31751832,0.19728523,0.90135397,89-,0.93423598,1,5,0.964844
A,Qwen2.5-3B-Instruct,r11_trunk,150,seed3,stochastic_fork,175,cd/490356,256,234,0,22,0.0986934,0.05508183,0.97890295,79-,0.98523207,1,6,0.007812
A,Qwen2.5-3B-Instruct,r11_trunk,150,seed3,stochastic_fork,175,cd/490354,256,255,0,1,0.93531091,0.40620037,0.54230769,72-,0.70576923,2,10,0.792969
A,Qwen2.5-3B-Instruct,r11_trunk,150,seed3,stochastic_fork,175,cd/490353,256,227,1,28,0.14917897,0.0926901,0.95860566,62-,0.97385621,1,5,0.972656
A,Qwen2.5-3B-Instruct,r11_trunk,150,seed3,stochastic_fork,175,cd/490352,256,47,0,209,0.30393208,0.18884362,0.90909091,57-,0.93939394,1,5,0.0
A,Qwen2.5-3B-Instruct,r11_trunk,150,seed3,stochastic_fork,175,cd/490351,256,202,0,54,0.60808164,0.31249215,0.61313869,77+,0.79562044,2,7,0.726562
A,Qwen2.5-3B-Instruct,r11_trunk,150,seed3,stochastic_fork,175,cd/490348,256,252,0,4,0.21131347,0.13129644,0.94302554,52-,0.96070727,1,5,0.484375
A,Qwen2.5-3B-Instruct,r11_trunk,150,seed3,stochastic_fork,175,cd/490347,256,256,0,0,0.87799898,0.42222826,0.63846154,59-,0.75961538,2,8,0.445312
A,Qwen2.5-3B-Instruct,r11_trunk,150,seed3,stochastic_fork,175,cd/490344,256,245,0,11,0.24929193,0.22691529,0.87221095,88-,0.93509128,1,3,0.699219
A,Qwen2.5-3B-Instruct,r11_trunk,150,seed3,stochastic_fork,175,cd/490343,256,253,0,3,0.23887541,0.12275768,0.93567251,94-,0.95711501,1,7,0.121094
A,Qwen2.5-3B-Instruct,r11_trunk,150,seed3,stochastic_fork,175,cd/490342,256,235,0,21,1.29902559,0.6675671,0.02096436,68-,0.37945493,4,7,0.589844
A,Qwen2.5-3B-Instruct,r11_trunk,150,seed3,stochastic_fork,175,cd/490341,256,255,0,1,1.04304811,0.47471165,0.20038536,62-,0.53757225,3,9,0.726562
A,Qwen2.5-3B-Instruct,r11_trunk,150,seed3,stochastic_fork,175,cd/490340,256,231,0,25,0.23753414,0.17134466,0.90128755,96-,0.94635193,1,4,0.078125
A,Qwen2.5-3B-Instruct,r11_trunk,150,seed3,stochastic_fork,175,cd/490339,256,218,1,37,0.43096048,0.2677708,0.81179138,45+,0.89115646,1,5,0.988281
A,Qwen2.5-3B-Instruct,r11_trunk,150,seed3,stochastic_fork,175,cd/490338,256,255,0,1,0.40751521,0.19597339,0.84169884,92-,0.90540541,1,8,0.792969
A,Qwen2.5-3B-Instruct,r11_trunk,150,seed3,stochastic_fork,175,cd/490337,256,256,0,0,0.31063787,0.19301016,0.8549323,79-,0.92263056,1,5,0.960938
A,Qwen2.5-3B-Instruct,r11_trunk,150,seed3,stochastic_fork,175,cd/490335,256,252,0,4,0.80081254,0.41153624,0.14481409,65-,0.56164384,2,7,0.746094
A,Qwen2.5-3B-Instruct,r11_trunk,150,seed3,stochastic_fork,175,cd/490334,256,216,0,40,0.7350242,0.45669621,0.21510297,46+,0.60183066,2,5,0.976562
A,Qwen2.5-3B-Instruct,r11_trunk,150,seed3,stochastic_fork,175,cd/490333,256,18,0,238,0.78921298,0.71837261,0.1025641,55-,0.53846154,2,3,0.0
A,Qwen2.5-3B-Instruct,r11_trunk,150,seed3,stochastic_fork,175,cd/490331,256,255,0,1,0.96688986,0.46497574,0.57142857,63-,0.72007722,2,8,0.472656
A,Qwen2.5-3B-Instruct,r11_trunk,150,seed3,stochastic_fork,175,cd/490330,256,2,0,254,1.00424247,0.91410089,0.0,90*,0.42857143,3,3,0.007812
A,Qwen2.5-3B-Instruct,r11_trunk,150,seed3,stochastic_fork,175,cd/490327,256,255,0,1,0.77352842,0.37198854,0.58687259,95-,0.75482625,2,8,0.648438
A,Qwen2.5-3B-Instruct,r11_trunk,150,seed3,stochastic_fork,175,cd/490325,256,246,0,10,0.4698199,0.24143967,0.81362725,90-,0.88376754,1,7,0.242188
A,Qwen2.5-3B-Instruct,r11_trunk,150,seed3,stochastic_fork,175,cd/490324,256,250,0,6,0.24967215,0.15513003,0.8990099,99-,0.94455446,1,5,0.988281
A,Qwen2.5-3B-Instruct,r11_trunk,150,seed3,stochastic_fork,175,cd/490322,256,254,1,1,0.76645629,0.47622607,0.07797271,55-,0.53216374,2,5,0.96875
A,Qwen2.5-3B-Instruct,r11_trunk,150,seed3,stochastic_fork,175,cd/490321,256,233,0,23,0.45440067,0.41361331,0.67803838,64-,0.83795309,2,3,0.0
A,Qwen2.5-3B-Instruct,r11_trunk,150,seed3,stochastic_fork,175,cd/490320,256,15,0,241,0.1390608,0.20062232,0.9375,36*,0.96875,1,2,0.195312
A,Qwen2.5-3B-Instruct,r11_trunk,150,seed3,stochastic_fork,175,cd/490317,256,252,0,4,0.34528812,0.21453957,0.85658153,47-,0.91748527,1,5,0.960938
A,Qwen2.5-3B-Instruct,r11_trunk,150,seed3,stochastic_fork,175,cd/490316,256,241,0,15,0.74327843,0.46182486,0.3613963,26-,0.66735113,2,5,0.902344
A,Qwen2.5-3B-Instruct,r11_trunk,150,seed3,stochastic_fork,175,cd/490315,256,251,0,5,0.27248394,0.16930379,0.87179487,87-,0.93293886,1,5,0.960938
A,Qwen2.5-3B-Instruct,r11_trunk,150,seed3,stochastic_fork,175,cd/490313,256,254,0,2,0.33226914,0.20645042,0.83820663,98-,0.91423002,1,5,0.964844
A,Qwen2.5-3B-Instruct,r11_trunk,150,seed3,stochastic_fork,175,cd/490312,256,245,0,11,0.1777983,0.16183899,0.92089249,90-,0.95943205,1,3,0.816406
A,Qwen2.5-3B-Instruct,r11_trunk,150,seed3,stochastic_fork,175,cd/490309,256,246,0,10,0.89930615,0.36190742,0.57539683,96-,0.7281746,2,12,0.007812
A,Qwen2.5-3B-Instruct,r11_trunk,150,seed3,stochastic_fork,175,cd/490308,256,3,0,253,0.66156324,0.954434,0.25,11*,0.625,2,2,0.554688
A,Qwen2.5-3B-Instruct,r11_trunk,150,seed3,stochastic_fork,175,cd/490307,256,255,0,1,0.41269967,0.19846659,0.83783784,72-,0.90540541,1,8,0.777344
A,Qwen2.5-3B-Instruct,r11_trunk,150,seed3,stochastic_fork,175,cd/490306,256,0,0,256,0.69314718,1.0,0.0,50-,0.5,2,2,0.0
A,Qwen2.5-3B-Instruct,r11_trunk,150,seed3,stochastic_fork,175,cd/490305,256,8,1,247,0.21455916,0.30954343,0.88888889,15*,0.94444444,1,2,0.597656
A,Qwen2.5-3B-Instruct,r11_trunk,150,seed3,stochastic_fork,175,cd/490304,256,21,0,235,0.21262682,0.19354128,0.93333333,76-,0.95555556,1,3,0.0
A,Qwen2.5-3B-Instruct,r11_trunk,150,seed3,stochastic_fork,175,cd/490303,256,253,0,3,1.16219241,0.55889641,0.40856031,68+,0.58171206,3,8,0.578125
A,Qwen2.5-3B-Instruct,r11_trunk,150,seed3,stochastic_fork,175,cd/490297,256,242,0,14,0.61369851,0.55861246,0.46406571,30+,0.72895277,2,3,0.914062
A,Qwen2.5-3B-Instruct,r11_trunk,150,seed3,stochastic_fork,175,cd/490296,256,255,0,1,0.56798689,0.27314396,0.76061776,99-,0.85521236,1,8,0.863281
A,Qwen2.5-3B-Instruct,r11_trunk,150,seed3,stochastic_fork,175,cd/490292,256,154,1,101,0.97553082,0.42366765,0.40880503,44+,0.6509434,2,10,0.058594
A,Qwen2.5-3B-Instruct,r11_trunk,150,seed3,stochastic_fork,175,cd/490290,256,237,0,19,0.55556827,0.34519397,0.63048017,40-,0.80793319,2,5,0.949219
A,Qwen2.5-3B-Instruct,r11_trunk,150,seed3,stochastic_fork,175,cd/490288,256,65,0,191,0.21669276,0.12093853,0.95588235,24*,0.96323529,1,6,0.007812
A,Qwen2.5-3B-Instruct,r11_trunk,150,seed3,stochastic_fork,175,cd/490287,256,254,0,2,0.86111368,0.53504001,0.417154,97-,0.66081871,2,5,0.792969
A,Qwen2.5-3B-Instruct,r11_trunk,150,seed3,stochastic_fork,175,cd/490283,256,246,0,10,0.21827395,0.13562123,0.90945674,91-,0.95171026,1,5,0.789062
A,Qwen2.5-3B-Instruct,r11_trunk,150,seed3,stochastic_fork,175,cd/490282,256,246,0,10,0.75730083,0.47053746,0.31790744,78-,0.64587525,2,5,0.976562
A,Qwen2.5-3B-Instruct,r11_trunk,150,seed3,stochastic_fork,175,cd/490281,256,229,0,27,0.20335117,0.12634919,0.92008639,27-,0.95680346,1,5,0.925781
A,Qwen2.5-3B-Instruct,r11_trunk,150,seed3,stochastic_fork,175,cd/490280,256,256,0,0,0.34311678,0.21319044,0.8549323,45-,0.91876209,1,5,0.878906
A,Qwen2.5-3B-Instruct,r11_trunk,150,seed3,stochastic_fork,175,cd/490279,256,249,0,7,0.73357447,0.45579545,0.58846918,50-,0.75347913,2,5,0.941406
A,Qwen2.5-3B-Instruct,r11_trunk,150,seed3,stochastic_fork,175,cd/490276,256,255,0,1,0.22439676,0.13942554,0.90485437,83-,0.94951456,1,5,0.957031
A,Qwen2.5-3B-Instruct,r11_trunk,150,seed3,stochastic_fork,175,cd/490275,256,107,0,149,0.02950444,0.04256592,0.99074074,59-,0.99537037,1,2,0.011719
A,Qwen2.5-3B-Instruct,r11_trunk,150,seed3,stochastic_fork,175,cd/490274,256,229,0,27,0.09058109,0.06534045,0.97402597,55-,0.98484848,1,4,0.0
A,Qwen2.5-3B-Instruct,r11_trunk,150,seed3,stochastic_fork,175,cd/490271,256,255,0,1,0.25727304,0.15985273,0.90873786,95-,0.94563107,1,5,0.964844
A,Qwen2.5-3B-Instruct,r11_trunk,150,seed3,stochastic_fork,175,cd/490270,256,227,0,29,0.34116351,0.4921949,0.78508772,88-,0.89254386,2,2,0.0
A,Qwen2.5-3B-Instruct,r11_trunk,150,seed3,stochastic_fork,175,cd/490268,256,205,0,51,0.39742462,0.36175148,0.8377724,11+,0.89830508,1,3,0.6875
A,Qwen2.5-3B-Instruct,r11_trunk,150,seed3,stochastic_fork,175,cd/490267,256,254,0,2,0.291631,0.18120053,0.86939571,75-,0.92982456,1,5,0.996094
A,Qwen2.5-3B-Instruct,r11_trunk,150,seed3,stochastic_fork,175,cd/490266,256,234,0,22,0.5631958,0.34993323,0.75264271,92-,0.84778013,1,5,0.0
A,Qwen2.5-3B-Instruct,r11_trunk,150,seed3,stochastic_fork,175,cd/490264,256,5,1,250,0.53596105,0.48785277,0.76923077,34-,0.84615385,1,3,0.003906
A,Qwen2.5-3B-Instruct,r11_trunk,150,seed3,stochastic_fork,175,cd/490263,256,256,0,0,0.74219638,0.35692101,0.75384615,32-,0.82115385,1,8,0.566406
A,Qwen2.5-3B-Instruct,r11_trunk,150,seed3,stochastic_fork,175,cd/490262,256,49,0,207,0.63303008,0.57620881,0.45544554,32*,0.72277228,2,3,0.070312
A,Qwen2.5-3B-Instruct,r11_trunk,150,seed3,stochastic_fork,175,cd/490261,256,251,0,5,0.45688285,0.28387727,0.79684418,60-,0.8816568,1,5,0.929688
A,Qwen2.5-3B-Instruct,r11_trunk,150,seed3,stochastic_fork,175,cd/490260,256,194,0,62,0.70942609,0.64574745,0.342711,67-,0.66240409,2,3,0.804688
A,Qwen2.5-3B-Instruct,r11_trunk,150,seed3,stochastic_fork,175,cd/490259,256,225,0,31,0.11318478,0.10302522,0.9580574,74-,0.97792494,1,3,0.511719
A,Qwen2.5-3B-Instruct,r11_trunk,150,seed3,stochastic_fork,175,cd/490258,256,254,0,2,0.36580681,0.17591589,0.87984496,84-,0.9244186,1,8,0.867188
A,Qwen2.5-3B-Instruct,r11_trunk,150,seed3,stochastic_fork,175,cd/490256,256,252,1,3,0.43158794,0.26816066,0.85658153,79-,0.90176817,1,5,0.933594
A,Qwen2.5-3B-Instruct,r11_trunk,150,seed3,stochastic_fork,175,cd/490254,256,4,0,252,0.9347699,0.85086423,0.0,90/,0.45454545,2,3,0.109375
A,Qwen2.5-3B-Instruct,r11_trunk,150,seed3,stochastic_fork,175,cd/490249,256,253,0,3,0.39432597,0.20264346,0.86159844,96-,0.91033138,1,7,0.929688
A,Qwen2.5-3B-Instruct,r11_trunk,150,seed3,stochastic_fork,175,cd/490248,256,208,0,48,0.61798595,0.89156526,0.38277512,54-,0.69138756,2,2,0.007812
A,Qwen2.5-3B-Instruct,r11_trunk,150,seed3,stochastic_fork,175,cd/490246,256,255,0,1,0.28560761,0.17745798,0.89708738,52-,0.93786408,1,5,0.976562
A,Qwen2.5-3B-Instruct,r11_trunk,150,seed3,stochastic_fork,175,cd/490245,256,255,0,1,0.5703031,0.27425782,0.82239382,93-,0.87065637,1,8,0.796875
A,Qwen2.5-3B-Instruct,r11_trunk,150,seed3,stochastic_fork,175,cd/490243,256,249,0,7,0.73675338,0.45777061,0.49701789,72-,0.72564612,2,5,0.519531
A,Qwen2.5-3B-Instruct,r11_trunk,150,seed3,stochastic_fork,175,cd/490241,256,255,0,1,0.28001239,0.17398148,0.8776699,98-,0.93398058,1,5,0.96875
A,Qwen2.5-3B-Instruct,r11_trunk,150,seed3,stochastic_fork,175,cd/490240,256,247,0,9,0.08004726,0.04973616,0.98196393,85-,0.98797595,1,5,0.402344
A,Qwen2.5-3B-Instruct,r11_trunk,150,seed3,stochastic_fork,175,cd/490239,256,104,0,152,0.06016212,0.05476192,0.98578199,27-,0.99052133,1,3,0.0
A,Qwen2.5-3B-Instruct,r11_trunk,150,seed3,stochastic_fork,175,cd/490237,256,244,1,11,0.01468038,0.02117931,0.99591837,96-,0.99795918,1,2,0.003906
A,Qwen2.5-3B-Instruct,r11_trunk,150,seed3,stochastic_fork,175,cd/490236,256,254,0,2,0.72358314,0.34796994,0.63178295,97-,0.78488372,2,8,0.785156
A,Qwen2.5-3B-Instruct,r11_trunk,150,seed3,stochastic_fork,175,cd/490235,256,255,0,1,0.53796916,0.27646146,0.82011605,90-,0.87234043,1,7,0.671875
A,Qwen2.5-3B-Instruct,r11_trunk,150,seed3,stochastic_fork,175,cd/490234,256,252,0,4,0.36463934,0.22656316,0.83693517,83-,0.90962672,1,5,0.988281
A,Qwen2.5-3B-Instruct,r11_trunk,150,seed3,stochastic_fork,175,cd/490233,256,256,0,0,0.2924504,0.18170965,0.88588008,92-,0.93423598,1,5,0.976562
A,Qwen2.5-3B-Instruct,r11_trunk,150,seed3,stochastic_fork,175,cd/490232,256,233,0,23,0.03048387,0.02774761,0.99360341,88-,0.99573561,1,3,0.0
A,Qwen2.5-3B-Instruct,r11_trunk,150,seed3,stochastic_fork,175,cd/490231,256,256,0,0,0.46621709,0.22420303,0.73076923,66-,0.85961538,2,8,0.804688
A,Qwen2.5-3B-Instruct,r11_trunk,150,seed3,stochastic_fork,175,cd/490229,256,248,0,8,0.76521317,0.36798975,0.62698413,87-,0.75992063,2,8,0.773438
A,Qwen2.5-3B-Instruct,r11_trunk,150,seed3,stochastic_fork,175,cd/490228,256,248,0,8,0.71659089,0.44524295,0.1756487,56+,0.58483034,2,5,0.96875
A,Qwen2.5-3B-Instruct,r11_trunk,150,seed3,stochastic_fork,175,cd/490227,256,255,0,1,0.96555135,0.59993079,0.22524272,43-,0.55339806,3,5,0.964844
A,Qwen2.5-3B-Instruct,r11_trunk,150,seed3,stochastic_fork,175,cd/490225,256,254,0,2,0.31015444,0.19270979,0.88109162,91-,0.92982456,1,5,0.988281
A,Qwen2.5-3B-Instruct,r11_trunk,150,seed3,stochastic_fork,175,cd/490221,256,250,0,6,0.25277182,0.15705596,0.91485149,79-,0.94851485,1,5,0.976562
A,Qwen2.5-3B-Instruct,r11_trunk,150,seed3,stochastic_fork,175,cd/490219,256,249,0,7,0.57910731,0.3598196,0.53677932,94-,0.76540755,2,5,0.9375
A,Qwen2.5-3B-Instruct,r11_trunk,150,seed3,stochastic_fork,175,cd/490217,256,249,0,7,0.57118672,0.51991656,0.50698603,74-,0.75249501,2,3,0.0
A,Qwen2.5-3B-Instruct,r11_trunk,150,seed3,stochastic_fork,175,cd/490215,256,251,0,5,0.34966434,0.21725867,0.88757396,61-,0.92504931,1,5,0.652344
A,Qwen2.5-3B-Instruct,r11_trunk,150,seed3,stochastic_fork,175,cd/490214,256,241,0,15,0.05242107,0.04771571,0.98556701,73-,0.99175258,1,3,0.859375
A,Qwen2.5-3B-Instruct,r11_trunk,150,seed3,stochastic_fork,175,cd/490213,256,254,0,2,1.22086271,0.62739933,0.1592233,34-,0.46796117,3,7,0.644531
A,Qwen2.5-3B-Instruct,r11_trunk,150,seed3,stochastic_fork,175,cd/490212,256,255,0,1,0.94049171,0.58436035,0.02718447,49+,0.47184466,2,5,0.96875
A,Qwen2.5-3B-Instruct,r11_trunk,150,seed3,stochastic_fork,175,cd/490211,256,255,0,1,0.23388328,0.14531985,0.90873786,79-,0.94951456,1,5,0.992188
A,Qwen2.5-3B-Instruct,r11_trunk,150,seed3,stochastic_fork,175,cd/490208,256,240,1,15,0.65240628,0.40536282,0.50721649,94-,0.7443299,2,5,0.996094
A,Qwen2.5-3B-Instruct,r11_trunk,150,seed3,stochastic_fork,175,cd/490207,256,245,0,11,0.7003135,0.43512924,0.56969697,80-,0.75757576,2,5,0.992188
A,Qwen2.5-3B-Instruct,r11_trunk,150,seed3,stochastic_fork,175,cd/490206,256,252,0,4,0.56011118,0.34801665,0.68762279,68-,0.82711198,2,5,0.871094
A,Qwen2.5-3B-Instruct,r11_trunk,150,seed3,stochastic_fork,175,cd/490205,256,240,0,16,0.69781158,0.43357471,0.26391753,72-,0.62886598,2,5,0.96875
A,Qwen2.5-3B-Instruct,r11_trunk,150,seed3,stochastic_fork,175,cd/490204,256,256,0,0,0.94836854,0.45606887,0.44615385,90-,0.65576923,3,8,0.425781
A,Qwen2.5-3B-Instruct,r11_trunk,150,seed3,stochastic_fork,175,cd/490203,256,166,0,90,0.70790676,0.6443645,0.08358209,40+,0.54029851,2,3,0.820312
A,Qwen2.5-3B-Instruct,r11_trunk,150,seed3,stochastic_fork,175,cd/490202,256,238,0,18,0.014997,0.02163609,0.9958159,97-,0.99790795,1,2,0.003906
A,Qwen2.5-3B-Instruct,r11_trunk,150,seed3,stochastic_fork,175,cd/490201,256,253,0,3,0.6989135,0.43425937,0.47358121,82-,0.7221135,2,5,0.996094
A,Qwen2.5-3B-Instruct,r11_trunk,150,seed3,stochastic_fork,175,cd/490199,256,229,0,27,0.68642608,0.4265005,0.47948164,57-,0.72786177,2,5,0.988281
B,Qwen2.5-3B-Instruct,r11_trunk,75,replay,same_seed_replay,175,cd/490363,256,256,0,0,0.83200644,0.40011052,0.56538462,83-,0.73653846,2,8,0.6875
B,Qwen2.5-3B-Instruct,r11_trunk,75,replay,same_seed_replay,175,cd/490361,256,239,0,17,0.02982863,0.02715119,0.99376299,98-,0.995842,1,3,0.734375
B,Qwen2.5-3B-Instruct,r11_trunk,75,replay,same_seed_replay,175,cd/490360,256,114,0,142,0.43531943,0.22370993,0.82553191,73-,0.89787234,1,7,0.339844
B,Qwen2.5-3B-Instruct,r11_trunk,75,replay,same_seed_replay,175,cd/490357,256,251,0,5,0.4329638,0.26901553,0.81656805,89-,0.89349112,1,5,0.984375
B,Qwen2.5-3B-Instruct,r11_trunk,75,replay,same_seed_replay,175,cd/490356,256,230,0,26,0.1626055,0.09075186,0.95708155,79-,0.972103,1,6,0.003906
B,Qwen2.5-3B-Instruct,r11_trunk,75,replay,same_seed_replay,175,cd/490354,256,256,0,0,0.79368084,0.34469121,0.54789272,72-,0.74137931,2,10,0.789062
B,Qwen2.5-3B-Instruct,r11_trunk,75,replay,same_seed_replay,175,cd/490353,256,225,0,31,0.10735043,0.06670057,0.97142857,62-,0.98241758,1,5,0.984375
B,Qwen2.5-3B-Instruct,r11_trunk,75,replay,same_seed_replay,175,cd/490352,256,72,0,184,0.21882806,0.13596552,0.93959732,57-,0.95973154,1,5,0.0
B,Qwen2.5-3B-Instruct,r11_trunk,75,replay,same_seed_replay,175,cd/490351,256,170,0,86,0.56736025,0.29156549,0.68011527,77+,0.82708934,2,7,0.65625
B,Qwen2.5-3B-Instruct,r11_trunk,75,replay,same_seed_replay,175,cd/490348,256,251,0,5,0.19096903,0.11865573,0.94280079,52-,0.96449704,1,5,0.597656
B,Qwen2.5-3B-Instruct,r11_trunk,75,replay,same_seed_replay,175,cd/490347,256,256,0,0,0.91525782,0.44014597,0.60384615,59-,0.73269231,2,8,0.476562
B,Qwen2.5-3B-Instruct,r11_trunk,75,replay,same_seed_replay,175,cd/490344,256,248,0,8,0.30786275,0.28022875,0.8256513,88-,0.91182365,1,3,0.824219
B,Qwen2.5-3B-Instruct,r11_trunk,75,replay,same_seed_replay,175,cd/490343,256,255,0,1,0.43983207,0.22602897,0.827853,94-,0.89555126,1,7,0.132812
B,Qwen2.5-3B-Instruct,r11_trunk,75,replay,same_seed_replay,175,cd/490342,256,224,0,32,1.37536999,0.70680036,0.15384615,68+,0.38461538,4,7,0.578125
B,Qwen2.5-3B-Instruct,r11_trunk,75,replay,same_seed_replay,175,cd/490341,256,253,0,3,1.02268749,0.46544513,0.01553398,62-,0.45631068,2,9,0.644531
B,Qwen2.5-3B-Instruct,r11_trunk,75,replay,same_seed_replay,175,cd/490340,256,215,0,41,0.4274737,0.30835709,0.74654378,96-,0.86866359,2,4,0.074219
B,Qwen2.5-3B-Instruct,r11_trunk,75,replay,same_seed_replay,175,cd/490339,256,212,0,44,0.40410726,0.25108596,0.84382284,45+,0.9020979,1,5,0.992188
B,Qwen2.5-3B-Instruct,r11_trunk,75,replay,same_seed_replay,175,cd/490338,256,253,0,3,0.28248836,0.13584818,0.90661479,92-,0.94357977,1,8,0.816406
B,Qwen2.5-3B-Instruct,r11_trunk,75,replay,same_seed_replay,175,cd/490337,256,254,0,2,0.291631,0.18120053,0.86939571,79-,0.92982456,1,5,0.902344
B,Qwen2.5-3B-Instruct,r11_trunk,75,replay,same_seed_replay,175,cd/490335,256,251,1,4,0.81025568,0.41638905,0.09430255,65+,0.53634578,2,7,0.691406
B,Qwen2.5-3B-Instruct,r11_trunk,75,replay,same_seed_replay,175,cd/490334,256,215,0,41,0.69742507,0.43333456,0.3908046,46+,0.68735632,2,5,0.976562
B,Qwen2.5-3B-Instruct,r11_trunk,75,replay,same_seed_replay,175,cd/490333,256,14,0,242,0.73366487,0.66781054,0.38709677,55-,0.67741935,2,3,0.0
B,Qwen2.5-3B-Instruct,r11_trunk,75,replay,same_seed_replay,175,cd/490331,256,256,0,0,0.99450927,0.47825786,0.54615385,63-,0.69423077,2,8,0.460938
B,Qwen2.5-3B-Instruct,r11_trunk,75,replay,same_seed_replay,175,cd/490330,256,2,0,254,1.00424247,0.91410089,0.0,90*,0.42857143,3,3,0.015625
B,Qwen2.5-3B-Instruct,r11_trunk,75,replay,same_seed_replay,175,cd/490327,256,256,0,0,0.81648601,0.39264677,0.5,95-,0.71346154,2,8,0.632812
B,Qwen2.5-3B-Instruct,r11_trunk,75,replay,same_seed_replay,175,cd/490325,256,248,0,8,0.42287132,0.21731287,0.82306163,90-,0.89662028,1,7,0.296875
B,Qwen2.5-3B-Instruct,r11_trunk,75,replay,same_seed_replay,175,cd/490324,256,243,0,13,0.20284993,0.12603775,0.9287169,99-,0.9592668,1,5,0.988281
B,Qwen2.5-3B-Instruct,r11_trunk,75,replay,same_seed_replay,175,cd/490322,256,252,0,4,0.72856244,0.45268129,0.07858546,55-,0.53634578,2,5,0.976562
B,Qwen2.5-3B-Instruct,r11_trunk,75,replay,same_seed_replay,175,cd/490321,256,230,0,26,0.59363912,0.54035362,0.46652268,64-,0.73218143,2,3,0.0
B,Qwen2.5-3B-Instruct,r11_trunk,75,replay,same_seed_replay,175,cd/490320,256,24,0,232,0.47139349,0.68007705,0.64,36*,0.82,2,2,0.15625
B,Qwen2.5-3B-Instruct,r11_trunk,75,replay,same_seed_replay,175,cd/490317,256,253,0,3,0.39781382,0.24717562,0.83757339,47-,0.90215264,1,5,0.894531
B,Qwen2.5-3B-Instruct,r11_trunk,75,replay,same_seed_replay,175,cd/490316,256,244,0,12,0.57286181,0.35593906,0.60040568,26-,0.79310345,2,5,0.902344
B,Qwen2.5-3B-Instruct,r11_trunk,75,replay,same_seed_replay,175,cd/490315,256,250,0,6,0.22489044,0.13973229,0.91485149,87-,0.95247525,1,5,0.851562
B,Qwen2.5-3B-Instruct,r11_trunk,75,replay,same_seed_replay,175,cd/490313,256,253,0,3,0.332779,0.20676722,0.86105675,98-,0.92172211,1,5,0.898438
B,Qwen2.5-3B-Instruct,r11_trunk,75,replay,same_seed_replay,175,cd/490312,256,235,0,21,0.30973166,0.28192991,0.82452431,90-,0.91120507,1,3,0.902344
B,Qwen2.5-3B-Instruct,r11_trunk,75,replay,same_seed_replay,175,cd/490309,256,251,0,5,0.88459943,0.355989,0.56809339,96-,0.72178988,3,12,0.003906
B,Qwen2.5-3B-Instruct,r11_trunk,75,replay,same_seed_replay,175,cd/490308,256,2,0,254,0.45056121,0.65002242,0.66666667,11*,0.83333333,2,2,0.609375
B,Qwen2.5-3B-Instruct,r11_trunk,75,replay,same_seed_replay,175,cd/490307,256,254,0,2,0.3304035,0.1588905,0.90310078,72-,0.93604651,1,8,0.742188
B,Qwen2.5-3B-Instruct,r11_trunk,75,replay,same_seed_replay,175,cd/490306,256,0,0,256,0.69314718,1.0,0.0,50-,0.5,2,2,0.0
B,Qwen2.5-3B-Instruct,r11_trunk,75,replay,same_seed_replay,175,cd/490305,256,5,0,251,0.28683598,0.41381685,0.83333333,15*,0.91666667,1,2,0.667969
B,Qwen2.5-3B-Instruct,r11_trunk,75,replay,same_seed_replay,175,cd/490304,256,16,0,240,0.25864093,0.23542512,0.91428571,76-,0.94285714,1,3,0.0
B,Qwen2.5-3B-Instruct,r11_trunk,75,replay,same_seed_replay,175,cd/490303,256,251,0,5,1.23175181,0.59234741,0.29019608,68+,0.51568627,3,8,0.632812
B,Qwen2.5-3B-Instruct,r11_trunk,75,replay,same_seed_replay,175,cd/490297,256,241,0,15,0.67231971,0.61197178,0.25979381,30+,0.62886598,2,3,0.957031
B,Qwen2.5-3B-Instruct,r11_trunk,75,replay,same_seed_replay,175,cd/490296,256,256,0,0,0.68398871,0.32892904,0.69230769,99-,0.81346154,2,8,0.789062
B,Qwen2.5-3B-Instruct,r11_trunk,75,replay,same_seed_replay,175,cd/490292,256,205,0,51,0.91695783,0.39822972,0.47619048,44+,0.69285714,2,10,0.089844
B,Qwen2.5-3B-Instruct,r11_trunk,75,replay,same_seed_replay,175,cd/490290,256,233,0,23,0.61594989,0.38271118,0.53927813,40-,0.76220807,2,5,0.957031
B,Qwen2.5-3B-Instruct,r11_trunk,75,replay,same_seed_replay,175,cd/490288,256,78,0,178,0.24175232,0.13492454,0.9382716,24*,0.95679012,1,6,0.007812
B,Qwen2.5-3B-Instruct,r11_trunk,75,replay,same_seed_replay,175,cd/490287,256,254,0,2,0.58917293,0.36607372,0.67446394,97-,0.81676413,2,5,0.902344
B,Qwen2.5-3B-Instruct,r11_trunk,75,replay,same_seed_replay,175,cd/490283,256,251,0,5,0.11551176,0.07177149,0.96646943,91-,0.98027613,1,5,0.8125
B,Qwen2.5-3B-Instruct,r11_trunk,75,replay,same_seed_replay,175,cd/490282,256,248,0,8,0.69509308,0.43188561,0.33133733,78-,0.66067864,2,5,0.996094
B,Qwen2.5-3B-Instruct,r11_trunk,75,replay,same_seed_replay,175,cd/490281,256,228,0,28,0.25682249,0.15957278,0.88503254,27-,0.93926247,1,5,0.902344
B,Qwen2.5-3B-Instruct,r11_trunk,75,replay,same_seed_replay,175,cd/490280,256,255,0,1,0.44371836,0.27569772,0.81553398,45-,0.89126214,1,5,0.824219
B,Qwen2.5-3B-Instruct,r11_trunk,75,replay,same_seed_replay,175,cd/490279,256,254,0,2,0.53935575,0.33512057,0.77192982,50-,0.85185185,1,5,0.953125
B,Qwen2.5-3B-Instruct,r11_trunk,75,replay,same_seed_replay,175,cd/490276,256,256,0,0,0.23317851,0.14488196,0.90909091,83-,0.94970986,1,5,0.863281
B,Qwen2.5-3B-Instruct,r11_trunk,75,replay,same_seed_replay,175,cd/490275,256,79,0,177,0.03795026,0.05475066,0.9875,59-,0.99375,1,2,0.027344
B,Qwen2.5-3B-Instruct,r11_trunk,75,replay,same_seed_replay,175,cd/490274,256,217,0,39,0.13239746,0.09550458,0.9543379,55-,0.97488584,1,4,0.0
B,Qwen2.5-3B-Instruct,r11_trunk,75,replay,same_seed_replay,175,cd/490271,256,251,0,5,0.45599239,0.283324,0.80473373,95-,0.8816568,1,5,0.976562
B,Qwen2.5-3B-Instruct,r11_trunk,75,replay,same_seed_replay,175,cd/490270,256,225,0,31,0.41962667,0.60539332,0.70353982,88-,0.85176991,2,2,0.0
B,Qwen2.5-3B-Instruct,r11_trunk,75,replay,same_seed_replay,175,cd/490268,256,228,0,28,0.31909876,0.29045621,0.83224401,11+,0.91285403,1,3,0.851562
B,Qwen2.5-3B-Instruct,r11_trunk,75,replay,same_seed_replay,175,cd/490267,256,254,0,2,0.31242957,0.19412341,0.85380117,75-,0.92202729,1,5,0.984375
B,Qwen2.5-3B-Instruct,r11_trunk,75,replay,same_seed_replay,175,cd/490266,256,248,0,8,0.53908775,0.33495405,0.73053892,92-,0.84431138,2,5,0.0
B,Qwen2.5-3B-Instruct,r11_trunk,75,replay,same_seed_replay,175,cd/490264,256,4,0,252,0.60016607,0.5462947,0.72727273,34-,0.81818182,1,3,0.0
B,Qwen2.5-3B-Instruct,r11_trunk,75,replay,same_seed_replay,175,cd/490263,256,255,1,0,0.67843,0.32625587,0.74903475,32-,0.83204633,1,8,0.609375
B,Qwen2.5-3B-Instruct,r11_trunk,75,replay,same_seed_replay,175,cd/490262,256,67,0,189,0.71301956,0.64901838,0.18978102,32*,0.59124088,2,3,0.050781
B,Qwen2.5-3B-Instruct,r11_trunk,75,replay,same_seed_replay,175,cd/490261,256,256,0,0,0.23944404,0.14877495,0.91295938,60-,0.94970986,1,5,0.863281
B,Qwen2.5-3B-Instruct,r11_trunk,75,replay,same_seed_replay,175,cd/490260,256,197,0,59,0.61402118,0.55890616,0.42821159,67-,0.71284635,2,3,0.796875
B,Qwen2.5-3B-Instruct,r11_trunk,75,replay,same_seed_replay,175,cd/490259,256,239,0,17,0.19050976,0.17340946,0.92307692,74-,0.95841996,1,3,0.667969
B,Qwen2.5-3B-Instruct,r11_trunk,75,replay,same_seed_replay,175,cd/490258,256,254,0,2,0.3311821,0.15926493,0.89922481,84-,0.93217054,1,8,0.835938
B,Qwen2.5-3B-Instruct,r11_trunk,75,replay,same_seed_replay,175,cd/490256,256,256,0,0,0.32410985,0.20138077,0.89748549,79-,0.9303675,1,5,0.949219
B,Qwen2.5-3B-Instruct,r11_trunk,75,replay,same_seed_replay,175,cd/490254,256,4,0,252,0.60016607,0.5462947,0.72727273,90*,0.81818182,1,3,0.132812
B,Qwen2.5-3B-Instruct,r11_trunk,75,replay,same_seed_replay,175,cd/490249,256,252,0,4,0.46607095,0.23951309,0.8297456,96-,0.88649706,1,7,0.933594
B,Qwen2.5-3B-Instruct,r11_trunk,75,replay,same_seed_replay,175,cd/490248,256,217,0,39,0.56731876,0.81846797,0.49082569,54-,0.74541284,2,2,0.007812
B,Qwen2.5-3B-Instruct,r11_trunk,75,replay,same_seed_replay,175,cd/490246,256,255,0,1,0.41883081,0.26023421,0.81941748,52-,0.89514563,1,5,0.96875
B,Qwen2.5-3B-Instruct,r11_trunk,75,replay,same_seed_replay,175,cd/490245,256,255,0,1,0.6241206,0.30013856,0.77992278,93-,0.84749035,1,8,0.777344
B,Qwen2.5-3B-Instruct,r11_trunk,75,replay,same_seed_replay,175,cd/490243,256,251,0,5,0.60658874,0.37689477,0.5877712,72-,0.78303748,2,5,0.644531
B,Qwen2.5-3B-Instruct,r11_trunk,75,replay,same_seed_replay,175,cd/490241,256,255,0,1,0.25853657,0.1606378,0.8815534,98-,0.93786408,1,5,0.871094
B,Qwen2.5-3B-Instruct,r11_trunk,75,replay,same_seed_replay,175,cd/490240,256,253,0,3,0.11476288,0.07130619,0.9667319,85-,0.98043053,1,5,0.535156
B,Qwen2.5-3B-Instruct,r11_trunk,75,replay,same_seed_replay,175,cd/490239,256,82,1,173,0.07319739,0.06662713,0.98203593,27-,0.98802395,1,3,0.0
B,Qwen2.5-3B-Instruct,r11_trunk,75,replay,same_seed_replay,175,cd/490237,256,235,0,21,0.01516085,0.02187248,0.99576271,96-,0.99788136,1,2,0.0
B,Qwen2.5-3B-Instruct,r11_trunk,75,replay,same_seed_replay,175,cd/490236,256,254,0,2,0.80385784,0.38657391,0.5503876,97-,0.73837209,2,8,0.789062
B,Qwen2.5-3B-Instruct,r11_trunk,75,replay,same_seed_replay,175,cd/490235,256,255,0,1,0.48646426,0.24999318,0.81237911,90-,0.88394584,1,7,0.742188
B,Qwen2.5-3B-Instruct,r11_trunk,75,replay,same_seed_replay,175,cd/490234,256,255,0,1,0.39426085,0.24496804,0.78446602,83-,0.88737864,2,5,0.96875
B,Qwen2.5-3B-Instruct,r11_trunk,75,replay,same_seed_replay,175,cd/490233,256,256,0,0,0.311312,0.19342902,0.86653772,92-,0.92649903,1,5,0.980469
B,Qwen2.5-3B-Instruct,r11_trunk,75,replay,same_seed_replay,175,cd/490232,256,242,0,14,0.02951215,0.02686311,0.99383984,88-,0.99589322,1,3,0.0
B,Qwen2.5-3B-Instruct,r11_trunk,75,replay,same_seed_replay,175,cd/490231,256,254,0,2,0.44339689,0.21322883,0.77131783,66-,0.87790698,2,8,0.800781
B,Qwen2.5-3B-Instruct,r11_trunk,75,replay,same_seed_replay,175,cd/490229,256,246,0,10,0.8770746,0.42178373,0.444,87-,0.674,2,8,0.707031
B,Qwen2.5-3B-Instruct,r11_trunk,75,replay,same_seed_replay,175,cd/490228,256,252,0,4,0.70388931,0.43735102,0.30255403,56+,0.64636542,2,5,0.953125
B,Qwen2.5-3B-Instruct,r11_trunk,75,replay,same_seed_replay,175,cd/490227,256,256,0,0,1.03406652,0.64250165,0.16247582,43-,0.50483559,3,5,0.972656
B,Qwen2.5-3B-Instruct,r11_trunk,75,replay,same_seed_replay,175,cd/490225,256,255,0,1,0.32270874,0.20051021,0.85825243,91-,0.9223301,1,5,0.96875
B,Qwen2.5-3B-Instruct,r11_trunk,75,replay,same_seed_replay,175,cd/490221,256,249,0,7,0.32217892,0.20018102,0.89065606,79-,0.92842942,1,5,0.980469
B,Qwen2.5-3B-Instruct,r11_trunk,75,replay,same_seed_replay,175,cd/490219,256,238,0,18,0.66002695,0.4100978,0.49480249,94-,0.73804574,2,5,0.886719
B,Qwen2.5-3B-Instruct,r11_trunk,75,replay,same_seed_replay,175,cd/490217,256,242,1,13,0.40590592,0.36947149,0.75154004,74-,0.87268994,2,3,0.0
B,Qwen2.5-3B-Instruct,r11_trunk,75,replay,same_seed_replay,175,cd/490215,256,253,0,3,0.24472568,0.15205662,0.93150685,61-,0.95303327,1,5,0.449219
B,Qwen2.5-3B-Instruct,r11_trunk,75,replay,same_seed_replay,175,cd/490214,256,251,0,5,0.02860426,0.02603672,0.99405941,73-,0.9960396,1,3,0.898438
B,Qwen2.5-3B-Instruct,r11_trunk,75,replay,same_seed_replay,175,cd/490213,256,250,0,6,0.97114739,0.49907103,0.27218935,34-,0.58185404,2,7,0.632812
B,Qwen2.5-3B-Instruct,r11_trunk,75,replay,same_seed_replay,175,cd/490212,256,255,0,1,0.94755755,0.58875061,0.00776699,49-,0.46019417,2,5,0.984375
B,Qwen2.5-3B-Instruct,r11_trunk,75,replay,same_seed_replay,175,cd/490211,256,255,0,1,0.30939766,0.19223957,0.86601942,79-,0.92621359,1,5,0.945312
B,Qwen2.5-3B-Instruct,r11_trunk,75,replay,same_seed_replay,175,cd/490208,256,244,0,12,0.66138812,0.41094354,0.4178499,94-,0.70385396,2,5,0.992188
B,Qwen2.5-3B-Instruct,r11_trunk,75,replay,same_seed_replay,175,cd/490207,256,236,0,20,0.76981986,0.47831597,0.53668763,80-,0.73165618,2,5,0.960938
B,Qwen2.5-3B-Instruct,r11_trunk,75,replay,same_seed_replay,175,cd/490206,256,256,0,0,0.37677261,0.23410198,0.83945841,68-,0.90715667,1,5,0.914062
B,Qwen2.5-3B-Instruct,r11_trunk,75,replay,same_seed_replay,175,cd/490205,256,235,0,21,0.70871843,0.44035152,0.22315789,72-,0.60842105,2,5,0.953125
B,Qwen2.5-3B-Instruct,r11_trunk,75,replay,same_seed_replay,175,cd/490204,256,256,0,0,0.8851672,0.42567544,0.43461538,90-,0.675,2,8,0.476562
B,Qwen2.5-3B-Instruct,r11_trunk,75,replay,same_seed_replay,175,cd/490203,256,192,0,64,0.70885112,0.6452241,0.03100775,38+,0.51421189,2,3,0.867188
B,Qwen2.5-3B-Instruct,r11_trunk,75,replay,same_seed_replay,175,cd/490202,256,236,0,20,0.01510581,0.02179307,0.99578059,97-,0.9978903,1,2,0.003906
B,Qwen2.5-3B-Instruct,r11_trunk,75,replay,same_seed_replay,175,cd/490201,256,256,0,0,0.6860134,0.42624409,0.49516441,82-,0.73307544,2,5,0.988281
B,Qwen2.5-3B-Instruct,r11_trunk,75,replay,same_seed_replay,175,cd/490199,256,227,0,29,0.7022715,0.43634582,0.41830065,57-,0.69934641,2,5,0.996094
C,Qwen2.5-7B-Instruct-RL,r8_7b,NA,seed1,existence_check,5,cd/490363,256,200,54,2,0.98917937,0.47569472,0.08333333,83-,0.50735294,2,8,0.171875
C,Qwen2.5-7B-Instruct-RL,r8_7b,NA,seed1,existence_check,5,cd/490361,256,124,57,75,0.05196381,0.0472995,0.98804781,98-,0.99203187,1,3,0.582031
C,Qwen2.5-7B-Instruct-RL,r8_7b,NA,seed1,existence_check,5,cd/490360,256,54,64,138,1.5918273,0.81803741,0.0,73-,0.28695652,4,7,0.046875
C,Qwen2.5-7B-Instruct-RL,r8_7b,NA,seed1,existence_check,5,cd/490357,256,180,59,17,0.78792872,0.48956764,0.5260274,89-,0.73150685,2,5,0.59375
C,Qwen2.5-7B-Instruct-RL,r8_7b,NA,seed1,existence_check,5,cd/490356,256,183,29,44,0.65258527,0.36421477,0.67204301,79-,0.80376344,2,6,0.207031
C,Qwen2.5-7B-Instruct-RL,r8_7b,NA,seed1,existence_check,5,cd/490354,256,154,54,48,1.26780202,0.55059942,0.01257862,72-,0.43081761,2,10,0.0625
C,Qwen2.5-7B-Instruct-RL,r8_7b,NA,seed1,existence_check,5,cd/490353,256,162,57,37,0.43673899,0.27136119,0.74164134,62-,0.8662614,2,5,0.710938
C,Qwen2.5-7B-Instruct-RL,r8_7b,NA,seed1,existence_check,5,cd/490352,256,86,72,98,0.91146757,0.56632664,0.07909605,57-,0.51412429,2,5,0.011719
C,Qwen2.5-7B-Instruct-RL,r8_7b,NA,seed1,existence_check,5,cd/490351,256,147,36,73,1.19260596,0.61287822,0.29900332,77+,0.54152824,3,7,0.144531
C,Qwen2.5-7B-Instruct-RL,r8_7b,NA,seed1,existence_check,5,cd/490348,256,143,52,61,1.02999372,0.63997108,0.45360825,52-,0.64261168,2,5,0.042969
C,Qwen2.5-7B-Instruct-RL,r8_7b,NA,seed1,existence_check,5,cd/490347,256,197,46,13,1.49063569,0.71684424,0.18905473,59-,0.41044776,4,8,0.074219
C,Qwen2.5-7B-Instruct-RL,r8_7b,NA,seed1,existence_check,5,cd/490344,256,183,31,42,0.37834464,0.34438413,0.76422764,88-,0.88075881,2,3,0.695312
C,Qwen2.5-7B-Instruct-RL,r8_7b,NA,seed1,existence_check,5,cd/490343,256,198,52,6,0.77676981,0.39918072,0.52605459,94-,0.7369727,2,7,0.058594
C,Qwen2.5-7B-Instruct-RL,r8_7b,NA,seed1,existence_check,5,cd/490342,256,109,43,104,1.27435499,0.65488892,0.53333333,68+,0.63555556,2,7,0.042969
C,Qwen2.5-7B-Instruct-RL,r8_7b,NA,seed1,existence_check,5,cd/490341,256,159,41,56,1.34486096,0.6120726,0.01223242,44-,0.35168196,3,9,0.015625
C,Qwen2.5-7B-Instruct-RL,r8_7b,NA,seed1,existence_check,5,cd/490340,256,135,59,62,0.8507745,0.61370407,0.42335766,96-,0.67518248,2,4,0.222656
C,Qwen2.5-7B-Instruct-RL,r8_7b,NA,seed1,existence_check,5,cd/490339,256,108,41,107,1.15990697,0.72069072,0.32579186,45+,0.55656109,4,5,0.714844
C,Qwen2.5-7B-Instruct-RL,r8_7b,NA,seed1,existence_check,5,cd/490338,256,186,57,13,0.37879152,0.18216022,0.90526316,92-,0.92894737,1,8,0.324219
C,Qwen2.5-7B-Instruct-RL,r8_7b,NA,seed1,existence_check,5,cd/490337,256,190,52,14,0.73403022,0.45607862,0.65454545,79-,0.78701299,2,5,0.71875
C,Qwen2.5-7B-Instruct-RL,r8_7b,NA,seed1,existence_check,5,cd/490335,256,158,52,46,0.99373995,0.51068131,0.43962848,65+,0.66563467,2,7,0.417969
C,Qwen2.5-7B-Instruct-RL,r8_7b,NA,seed1,existence_check,5,cd/490334,256,107,38,111,0.86201198,0.53559816,0.54794521,46+,0.71689498,2,5,0.675781
C,Qwen2.5-7B-Instruct-RL,r8_7b,NA,seed1,existence_check,5,cd/490333,256,5,53,198,0.898137,0.81751953,0.15384615,55-,0.53846154,2,3,0.0
C,Qwen2.5-7B-Instruct-RL,r8_7b,NA,seed1,existence_check,5,cd/490331,256,176,53,27,1.12068637,0.53893622,0.51111111,63-,0.64722222,3,8,0.101562
C,Qwen2.5-7B-Instruct-RL,r8_7b,NA,seed1,existence_check,5,cd/490330,256,49,63,144,0.38338366,0.34897084,0.83168317,85-,0.9009901,1,3,0.011719
C,Qwen2.5-7B-Instruct-RL,r8_7b,NA,seed1,existence_check,5,cd/490327,256,188,52,16,1.3093296,0.62965444,0.140625,95-,0.4296875,3,8,0.300781
C,Qwen2.5-7B-Instruct-RL,r8_7b,NA,seed1,existence_check,5,cd/490325,256,172,65,19,0.57684742,0.29644093,0.78632479,90-,0.86324786,1,7,0.027344
C,Qwen2.5-7B-Instruct-RL,r8_7b,NA,seed1,existence_check,5,cd/490324,256,159,70,27,0.47662985,0.29614678,0.78637771,99-,0.87616099,1,5,0.789062
C,Qwen2.5-7B-Instruct-RL,r8_7b,NA,seed1,existence_check,5,cd/490322,256,162,63,31,0.84325267,0.52394234,0.57142857,55+,0.72644377,2,5,0.855469
C,Qwen2.5-7B-Instruct-RL,r8_7b,NA,seed1,existence_check,5,cd/490321,256,136,59,61,0.59692985,0.54334896,0.56727273,64-,0.77454545,2,3,0.003906
C,Qwen2.5-7B-Instruct-RL,r8_7b,NA,seed1,existence_check,5,cd/490320,256,97,39,120,0.59353063,0.8562837,0.43877551,36*,0.71938776,2,2,0.199219
C,Qwen2.5-7B-Instruct-RL,r8_7b,NA,seed1,existence_check,5,cd/490317,256,188,52,16,0.96489953,0.59952578,0.48818898,47-,0.66929134,3,5,0.820312
C,Qwen2.5-7B-Instruct-RL,r8_7b,NA,seed1,existence_check,5,cd/490316,256,155,77,24,1.0125119,0.62910901,0.34920635,26-,0.61269841,2,5,0.710938
C,Qwen2.5-7B-Instruct-RL,r8_7b,NA,seed1,existence_check,5,cd/490315,256,184,61,11,0.54560503,0.33900347,0.77747989,87-,0.86058981,1,5,0.609375
C,Qwen2.5-7B-Instruct-RL,r8_7b,NA,seed1,existence_check,5,cd/490313,256,194,52,10,0.46692816,0.29011878,0.82951654,98-,0.88804071,1,5,0.890625
C,Qwen2.5-7B-Instruct-RL,r8_7b,NA,seed1,existence_check,5,cd/490312,256,183,35,38,0.38916653,0.35423464,0.75338753,90-,0.87533875,2,3,0.589844
C,Qwen2.5-7B-Instruct-RL,r8_7b,NA,seed1,existence_check,5,cd/490309,256,203,45,8,1.24325714,0.50032348,0.21052632,96-,0.52870813,2,12,0.023438
C,Qwen2.5-7B-Instruct-RL,r8_7b,NA,seed1,existence_check,5,cd/490308,256,92,43,121,0.30576006,0.44111853,0.8172043,11*,0.90860215,1,2,0.683594
C,Qwen2.5-7B-Instruct-RL,r8_7b,NA,seed1,existence_check,5,cd/490307,256,208,39,9,0.80253168,0.38593616,0.68867925,72-,0.79009434,2,8,0.242188
C,Qwen2.5-7B-Instruct-RL,r8_7b,NA,seed1,existence_check,5,cd/490306,256,4,54,198,0.6108643,0.8812909,0.4,50-,0.7,2,2,0.003906
C,Qwen2.5-7B-Instruct-RL,r8_7b,NA,seed1,existence_check,5,cd/490305,256,115,41,100,0.10401822,0.15006657,0.95689655,15*,0.97844828,1,2,0.476562
C,Qwen2.5-7B-Instruct-RL,r8_7b,NA,seed1,existence_check,5,cd/490304,256,37,99,120,0.23342391,0.2124716,0.90909091,76-,0.94805195,1,3,0.003906
C,Qwen2.5-7B-Instruct-RL,r8_7b,NA,seed1,existence_check,5,cd/490303,256,104,38,114,1.11888885,0.5380718,0.25925926,68+,0.56944444,2,8,0.164062
C,Qwen2.5-7B-Instruct-RL,r8_7b,NA,seed1,existence_check,5,cd/490297,256,49,24,183,0.38338366,0.34897084,0.83168317,22+,0.9009901,1,3,0.558594
C,Qwen2.5-7B-Instruct-RL,r8_7b,NA,seed1,existence_check,5,cd/490296,256,205,46,5,1.17864154,0.56680677,0.1291866,99-,0.49521531,2,8,0.285156
C,Qwen2.5-7B-Instruct-RL,r8_7b,NA,seed1,existence_check,5,cd/490292,256,164,51,41,1.12184657,0.48721178,0.50295858,44+,0.65384615,3,10,0.140625
C,Qwen2.5-7B-Instruct-RL,r8_7b,NA,seed1,existence_check,5,cd/490290,256,94,56,106,1.27159185,0.79008444,0.02072539,31+,0.40932642,2,5,0.449219
C,Qwen2.5-7B-Instruct-RL,r8_7b,NA,seed1,existence_check,5,cd/490288,256,212,21,23,0.40413476,0.2255519,0.79534884,24*,0.89069767,1,6,0.085938
C,Qwen2.5-7B-Instruct-RL,r8_7b,NA,seed1,existence_check,5,cd/490287,256,155,66,35,0.87854895,0.54587315,0.4952381,97-,0.6952381,2,5,0.414062
C,Qwen2.5-7B-Instruct-RL,r8_7b,NA,seed1,existence_check,5,cd/490283,256,191,47,18,0.7639383,0.47466156,0.68217054,91-,0.78294574,2,5,0.695312
C,Qwen2.5-7B-Instruct-RL,r8_7b,NA,seed1,existence_check,5,cd/490282,256,141,74,41,0.92743865,0.57625003,0.3554007,78+,0.63066202,2,5,0.777344
C,Qwen2.5-7B-Instruct-RL,r8_7b,NA,seed1,existence_check,5,cd/490281,256,183,62,11,0.28173895,0.17505425,0.90566038,27-,0.94070081,1,5,0.867188
C,Qwen2.5-7B-Instruct-RL,r8_7b,NA,seed1,existence_check,5,cd/490280,256,175,73,8,0.77281008,0.4801739,0.61971831,45-,0.76901408,2,5,0.707031
C,Qwen2.5-7B-Instruct-RL,r8_7b,NA,seed1,existence_check,5,cd/490279,256,180,62,14,1.18105962,0.7338336,0.07123288,50-,0.45205479,2,5,0.683594
C,Qwen2.5-7B-Instruct-RL,r8_7b,NA,seed1,existence_check,5,cd/490276,256,197,50,9,0.4160716,0.25851982,0.87218045,83-,0.90977444,1,5,0.769531
C,Qwen2.5-7B-Instruct-RL,r8_7b,NA,seed1,existence_check,5,cd/490275,256,17,25,214,0.61549828,0.88797632,0.38888889,39-,0.69444444,2,2,0.082031
C,Qwen2.5-7B-Instruct-RL,r8_7b,NA,seed1,existence_check,5,cd/490274,256,125,45,86,0.33602142,0.24238822,0.82677165,55-,0.90944882,1,4,0.027344
C,Qwen2.5-7B-Instruct-RL,r8_7b,NA,seed1,existence_check,5,cd/490271,256,174,63,19,0.80201854,0.49832214,0.50424929,95-,0.71671388,2,5,0.71875
C,Qwen2.5-7B-Instruct-RL,r8_7b,NA,seed1,existence_check,5,cd/490270,256,130,61,65,0.31490119,0.45430638,0.80916031,88-,0.90458015,1,2,0.035156
C,Qwen2.5-7B-Instruct-RL,r8_7b,NA,seed1,existence_check,5,cd/490268,256,33,39,184,0.6098165,0.5550789,0.63768116,7+,0.79710145,2,3,0.542969
C,Qwen2.5-7B-Instruct-RL,r8_7b,NA,seed1,existence_check,5,cd/490267,256,184,48,24,0.43824663,0.27229794,0.86327078,75-,0.90348525,1,5,0.828125
C,Qwen2.5-7B-Instruct-RL,r8_7b,NA,seed1,existence_check,5,cd/490266,256,195,38,23,0.79849411,0.49613229,0.13164557,83-,0.55443038,2,5,0.003906
C,Qwen2.5-7B-Instruct-RL,r8_7b,NA,seed1,existence_check,5,cd/490264,256,42,65,149,0.47875333,0.43578006,0.75862069,34-,0.86206897,2,3,0.042969
C,Qwen2.5-7B-Instruct-RL,r8_7b,NA,seed1,existence_check,5,cd/490263,256,184,49,23,1.12693435,0.54194087,0.48404255,32-,0.63031915,3,8,0.128906
C,Qwen2.5-7B-Instruct-RL,r8_7b,NA,seed1,existence_check,5,cd/490262,256,177,51,28,0.72928296,0.66382196,0.44817927,32*,0.70308123,2,3,0.832031
C,Qwen2.5-7B-Instruct-RL,r8_7b,NA,seed1,existence_check,5,cd/490261,256,141,57,58,0.61086773,0.37955346,0.68292683,60-,0.81881533,2,5,0.464844
C,Qwen2.5-7B-Instruct-RL,r8_7b,NA,seed1,existence_check,5,cd/490260,256,106,57,93,0.27465211,0.24999913,0.88372093,67-,0.93488372,1,3,0.539062
C,Qwen2.5-7B-Instruct-RL,r8_7b,NA,seed1,existence_check,5,cd/490259,256,113,52,91,0.13943825,0.12692217,0.96069869,74-,0.97379913,1,3,0.308594
C,Qwen2.5-7B-Instruct-RL,r8_7b,NA,seed1,existence_check,5,cd/490258,256,140,62,54,0.94137598,0.45270615,0.43055556,84-,0.67013889,2,8,0.347656
C,Qwen2.5-7B-Instruct-RL,r8_7b,NA,seed1,existence_check,5,cd/490256,256,154,78,24,0.78840895,0.48986602,0.66453674,79-,0.76996805,2,5,0.578125
C,Qwen2.5-7B-Instruct-RL,r8_7b,NA,seed1,existence_check,5,cd/490254,256,36,63,157,0.97041394,0.88330883,0.10666667,90/,0.49333333,3,3,0.515625
C,Qwen2.5-7B-Instruct-RL,r8_7b,NA,seed1,existence_check,5,cd/490249,256,192,49,15,0.82281161,0.42284152,0.68030691,96-,0.76982097,1,7,0.097656
C,Qwen2.5-7B-Instruct-RL,r8_7b,NA,seed1,existence_check,5,cd/490248,256,127,75,54,0.50999664,0.73576963,0.5859375,69-,0.79296875,2,2,0.023438
C,Qwen2.5-7B-Instruct-RL,r8_7b,NA,seed1,existence_check,5,cd/490246,256,150,71,35,0.84104488,0.52257057,0.50491803,52-,0.71147541,2,5,0.460938
C,Qwen2.5-7B-Instruct-RL,r8_7b,NA,seed1,existence_check,5,cd/490245,256,201,47,8,1.23552844,0.59416358,0.34146341,93-,0.55853659,3,8,0.152344
C,Qwen2.5-7B-Instruct-RL,r8_7b,NA,seed1,existence_check,5,cd/490243,256,124,74,58,0.84975044,0.52797963,0.6798419,72-,0.76284585,1,5,0.421875
C,Qwen2.5-7B-Instruct-RL,r8_7b,NA,seed1,existence_check,5,cd/490241,256,158,79,19,0.70490522,0.43798224,0.58566978,98-,0.7694704,2,5,0.339844
C,Qwen2.5-7B-Instruct-RL,r8_7b,NA,seed1,existence_check,5,cd/490240,256,179,60,17,0.65658921,0.40796181,0.73278237,85-,0.82369146,1,5,0.5
C,Qwen2.5-7B-Instruct-RL,r8_7b,NA,seed1,existence_check,5,cd/490239,256,16,29,211,0.41964977,0.38198168,0.8,27-,0.88571429,1,3,0.019531
C,Qwen2.5-7B-Instruct-RL,r8_7b,NA,seed1,existence_check,5,cd/490237,256,110,60,86,0.27032751,0.39000015,0.84684685,96-,0.92342342,1,2,0.015625
C,Qwen2.5-7B-Instruct-RL,r8_7b,NA,seed1,existence_check,5,cd/490236,256,157,69,30,1.10604783,0.53189657,0.39130435,97-,0.6242236,2,8,0.082031
C,Qwen2.5-7B-Instruct-RL,r8_7b,NA,seed1,existence_check,5,cd/490235,256,206,35,15,0.96232683,0.49453816,0.50596659,90-,0.6849642,2,7,0.109375
C,Qwen2.5-7B-Instruct-RL,r8_7b,NA,seed1,existence_check,5,cd/490234,256,164,71,21,0.47172299,0.29309797,0.81081081,83-,0.87987988,1,5,0.832031
C,Qwen2.5-7B-Instruct-RL,r8_7b,NA,seed1,existence_check,5,cd/490233,256,164,70,22,1.1274831,0.70054464,0.37237237,92+,0.59159159,3,5,0.871094
C,Qwen2.5-7B-Instruct-RL,r8_7b,NA,seed1,existence_check,5,cd/490232,256,95,49,112,0.19995001,0.18200234,0.93264249,88-,0.95854922,1,3,0.0
C,Qwen2.5-7B-Instruct-RL,r8_7b,NA,seed1,existence_check,5,cd/490231,256,152,49,55,0.7230506,0.34771384,0.73076923,66-,0.82371795,1,8,0.398438
C,Qwen2.5-7B-Instruct-RL,r8_7b,NA,seed1,existence_check,5,cd/490229,256,106,44,106,1.05157795,0.5057021,0.62727273,87+,0.72272727,1,8,0.132812
C,Qwen2.5-7B-Instruct-RL,r8_7b,NA,seed1,existence_check,5,cd/490228,256,106,55,95,0.66230815,0.41151519,0.70967742,56+,0.80645161,1,5,0.785156
C,Qwen2.5-7B-Instruct-RL,r8_7b,NA,seed1,existence_check,5,cd/490227,256,179,44,33,1.1110614,0.69034126,0.17630854,35+,0.50413223,3,5,0.808594
C,Qwen2.5-7B-Instruct-RL,r8_7b,NA,seed1,existence_check,5,cd/490225,256,167,67,22,0.44836523,0.27858498,0.83185841,91-,0.89380531,1,5,0.878906
C,Qwen2.5-7B-Instruct-RL,r8_7b,NA,seed1,existence_check,5,cd/490221,256,173,52,31,0.35861091,0.22281749,0.87179487,79-,0.92022792,1,5,0.75
C,Qwen2.5-7B-Instruct-RL,r8_7b,NA,seed1,existence_check,5,cd/490219,256,144,61,51,1.05924636,0.65814676,0.45733788,94+,0.62457338,3,5,0.765625
C,Qwen2.5-7B-Instruct-RL,r8_7b,NA,seed1,existence_check,5,cd/490217,256,128,58,70,0.21903856,0.19937749,0.92664093,74-,0.95366795,1,3,0.0
C,Qwen2.5-7B-Instruct-RL,r8_7b,NA,seed1,existence_check,5,cd/490215,256,179,56,21,0.49931633,0.31024268,0.69421488,61-,0.84022039,2,5,0.792969
C,Qwen2.5-7B-Instruct-RL,r8_7b,NA,seed1,existence_check,5,cd/490214,256,136,53,67,0.11486364,0.10455339,0.96,73-,0.97818182,1,3,0.449219
C,Qwen2.5-7B-Instruct-RL,r8_7b,NA,seed1,existence_check,5,cd/490213,256,172,49,35,1.45306542,0.74672791,0.01709402,17-,0.32193732,3,7,0.011719
C,Qwen2.5-7B-Instruct-RL,r8_7b,NA,seed1,existence_check,5,cd/490212,256,182,40,34,1.27304758,0.79098894,0.1897019,49+,0.46341463,4,5,0.792969
C,Qwen2.5-7B-Instruct-RL,r8_7b,NA,seed1,existence_check,5,cd/490211,256,182,55,19,0.26467654,0.16445278,0.91598916,79-,0.94579946,1,5,0.769531
C,Qwen2.5-7B-Instruct-RL,r8_7b,NA,seed1,existence_check,5,cd/490208,256,190,48,18,0.88535959,0.55010484,0.05194805,94-,0.5012987,2,5,0.476562
C,Qwen2.5-7B-Instruct-RL,r8_7b,NA,seed1,existence_check,5,cd/490207,256,132,57,67,1.05554878,0.65584933,0.47583643,80+,0.63568773,3,5,0.914062
C,Qwen2.5-7B-Instruct-RL,r8_7b,NA,seed1,existence_check,5,cd/490206,256,145,73,38,0.97962987,0.60867826,0.48813559,68-,0.67457627,2,5,0.484375
C,Qwen2.5-7B-Instruct-RL,r8_7b,NA,seed1,existence_check,5,cd/490205,256,110,62,84,0.99712652,0.61954954,0.48,72+,0.65333333,3,5,0.8125
C,Qwen2.5-7B-Instruct-RL,r8_7b,NA,seed1,existence_check,5,cd/490204,256,162,53,41,0.87086468,0.41879739,0.24096386,90-,0.59939759,2,8,0.023438
C,Qwen2.5-7B-Instruct-RL,r8_7b,NA,seed1,existence_check,5,cd/490203,256,108,52,96,0.60112641,0.54716884,0.47488584,38+,0.73515982,2,3,0.765625
C,Qwen2.5-7B-Instruct-RL,r8_7b,NA,seed1,existence_check,5,cd/490202,256,119,70,67,0.06719688,0.09694461,0.975,97-,0.9875,1,2,0.027344
C,Qwen2.5-7B-Instruct-RL,r8_7b,NA,seed1,existence_check,5,cd/490201,256,151,66,39,0.83421105,0.51832447,0.61889251,82+,0.752443,2,5,0.824219
C,Qwen2.5-7B-Instruct-RL,r8_7b,NA,seed1,existence_check,5,cd/490199,256,106,59,91,1.36010137,0.8450785,0.19354839,57+,0.44700461,3,5,0.765625
C,Qwen2.5-7B-Instruct-RL,r8_7b,NA,seed1,existence_check,10,cd/490363,256,235,18,3,0.96755873,0.4652974,0.16736402,83-,0.55020921,2,8,0.121094
C,Qwen2.5-7B-Instruct-RL,r8_7b,NA,seed1,existence_check,10,cd/490361,256,135,29,92,0.04839414,0.04405024,0.98901099,98-,0.99267399,1,3,0.53125
C,Qwen2.5-7B-Instruct-RL,r8_7b,NA,seed1,existence_check,10,cd/490360,256,81,29,146,1.58935184,0.81676528,0.07100592,73-,0.34911243,3,7,0.042969
C,Qwen2.5-7B-Instruct-RL,r8_7b,NA,seed1,existence_check,10,cd/490357,256,205,27,24,0.86495199,0.53742489,0.51084337,89-,0.71084337,2,5,0.582031
C,Qwen2.5-7B-Instruct-RL,r8_7b,NA,seed1,existence_check,10,cd/490356,256,190,9,57,0.60949535,0.34016583,0.75129534,79-,0.84196891,1,6,0.191406
C,Qwen2.5-7B-Instruct-RL,r8_7b,NA,seed1,existence_check,10,cd/490354,256,176,22,58,1.17293002,0.50939704,0.05524862,72-,0.46685083,2,10,0.023438
C,Qwen2.5-7B-Instruct-RL,r8_7b,NA,seed1,existence_check,10,cd/490353,256,183,21,52,0.52373894,0.3254173,0.7115903,62-,0.84366577,2,5,0.707031
C,Qwen2.5-7B-Instruct-RL,r8_7b,NA,seed1,existence_check,10,cd/490352,256,107,33,116,1.07288468,0.66662073,0.19178082,57-,0.53424658,2,5,0.019531
C,Qwen2.5-7B-Instruct-RL,r8_7b,NA,seed1,existence_check,10,cd/490351,256,152,15,89,1.12378734,0.57751245,0.33440514,77+,0.54983923,3,7,0.179688
C,Qwen2.5-7B-Instruct-RL,r8_7b,NA,seed1,existence_check,10,cd/490348,256,174,20,62,1.0897911,0.67712528,0.39660057,52-,0.60906516,2,5,0.046875
C,Qwen2.5-7B-Instruct-RL,r8_7b,NA,seed1,existence_check,10,cd/490347,256,202,38,16,1.4625209,0.70332388,0.22330097,59-,0.43446602,4,8,0.046875
C,Qwen2.5-7B-Instruct-RL,r8_7b,NA,seed1,existence_check,10,cd/490344,256,190,17,49,0.36906465,0.33593712,0.77284595,88-,0.88511749,2,3,0.667969
C,Qwen2.5-7B-Instruct-RL,r8_7b,NA,seed1,existence_check,10,cd/490343,256,228,22,6,0.70945407,0.36458727,0.59611231,94-,0.77537797,2,7,0.085938
C,Qwen2.5-7B-Instruct-RL,r8_7b,NA,seed1,existence_check,10,cd/490342,256,128,24,104,1.40392896,0.72147676,0.31939163,68+,0.53612167,2,7,0.019531
C,Qwen2.5-7B-Instruct-RL,r8_7b,NA,seed1,existence_check,10,cd/490341,256,175,21,60,1.38163787,0.62881049,0.06128134,29-,0.35933148,3,9,0.023438
C,Qwen2.5-7B-Instruct-RL,r8_7b,NA,seed1,existence_check,10,cd/490340,256,151,28,77,0.7264566,0.52402767,0.53594771,96-,0.74183007,2,4,0.199219
C,Qwen2.5-7B-Instruct-RL,r8_7b,NA,seed1,existence_check,10,cd/490339,256,116,27,113,1.071198,0.66557274,0.47257384,45+,0.6371308,3,5,0.71875
C,Qwen2.5-7B-Instruct-RL,r8_7b,NA,seed1,existence_check,10,cd/490338,256,221,23,12,0.41020543,0.19726711,0.88444444,92-,0.91777778,1,8,0.328125
C,Qwen2.5-7B-Instruct-RL,r8_7b,NA,seed1,existence_check,10,cd/490337,256,212,23,21,0.56016956,0.34805292,0.74592075,79-,0.85081585,2,5,0.6875
C,Qwen2.5-7B-Instruct-RL,r8_7b,NA,seed1,existence_check,10,cd/490335,256,180,22,54,0.96953466,0.49824225,0.42506812,65+,0.66212534,2,7,0.453125
C,Qwen2.5-7B-Instruct-RL,r8_7b,NA,seed1,existence_check,10,cd/490334,256,110,21,125,0.69239455,0.43020892,0.66666667,46+,0.79555556,2,5,0.722656
C,Qwen2.5-7B-Instruct-RL,r8_7b,NA,seed1,existence_check,10,cd/490333,256,9,23,224,0.59402417,0.5407041,0.66666667,55-,0.80952381,2,3,0.0
C,Qwen2.5-7B-Instruct-RL,r8_7b,NA,seed1,existence_check,10,cd/490331,256,211,18,27,1.16690598,0.56116316,0.46046512,63-,0.61162791,4,8,0.058594
C,Qwen2.5-7B-Instruct-RL,r8_7b,NA,seed1,existence_check,10,cd/490330,256,60,39,157,0.16168409,0.1471712,0.94308943,85-,0.96747967,1,3,0.003906
C,Qwen2.5-7B-Instruct-RL,r8_7b,NA,seed1,existence_check,10,cd/490327,256,221,26,9,1.31396096,0.63188166,0.08888889,95-,0.40222222,3,8,0.265625
C,Qwen2.5-7B-Instruct-RL,r8_7b,NA,seed1,existence_check,10,cd/490325,256,197,31,28,0.62376835,0.32055352,0.72319202,90-,0.83541147,2,7,0.023438
C,Qwen2.5-7B-Instruct-RL,r8_7b,NA,seed1,existence_check,10,cd/490324,256,205,19,32,0.31222493,0.19399626,0.87228916,99-,0.92771084,1,5,0.804688
C,Qwen2.5-7B-Instruct-RL,r8_7b,NA,seed1,existence_check,10,cd/490322,256,195,28,33,0.86566295,0.53786663,0.51139241,55+,0.70126582,2,5,0.84375
C,Qwen2.5-7B-Instruct-RL,r8_7b,NA,seed1,existence_check,10,cd/490321,256,152,34,70,0.61098745,0.55614474,0.56677524,64-,0.77198697,2,3,0.003906
C,Qwen2.5-7B-Instruct-RL,r8_7b,NA,seed1,existence_check,10,cd/490320,256,101,16,139,0.5828684,0.84090135,0.46078431,36*,0.73039216,2,2,0.152344
C,Qwen2.5-7B-Instruct-RL,r8_7b,NA,seed1,existence_check,10,cd/490317,256,202,34,20,0.89754452,0.55767577,0.51833741,47-,0.69682152,3,5,0.816406
C,Qwen2.5-7B-Instruct-RL,r8_7b,NA,seed1,existence_check,10,cd/490316,256,186,36,34,1.01916596,0.63324341,0.29708223,26-,0.58090186,3,5,0.789062
C,Qwen2.5-7B-Instruct-RL,r8_7b,NA,seed1,existence_check,10,cd/490315,256,225,22,9,0.48590039,0.30190688,0.80879121,87-,0.88131868,1,5,0.652344
C,Qwen2.5-7B-Instruct-RL,r8_7b,NA,seed1,existence_check,10,cd/490313,256,220,23,13,0.30147076,0.18731432,0.90337079,98-,0.93707865,1,5,0.878906
C,Qwen2.5-7B-Instruct-RL,r8_7b,NA,seed1,existence_check,10,cd/490312,256,208,18,30,0.3368855,0.3066464,0.80190931,90-,0.89976134,1,3,0.632812
C,Qwen2.5-7B-Instruct-RL,r8_7b,NA,seed1,existence_check,10,cd/490309,256,224,28,4,1.35037657,0.54343151,0.19130435,96-,0.50217391,2,12,0.011719
C,Qwen2.5-7B-Instruct-RL,r8_7b,NA,seed1,existence_check,10,cd/490308,256,104,21,131,0.20546702,0.29642624,0.8952381,11*,0.94761905,1,2,0.648438
C,Qwen2.5-7B-Instruct-RL,r8_7b,NA,seed1,existence_check,10,cd/490307,256,226,22,8,0.85212602,0.40978599,0.66956522,72-,0.7673913,1,8,0.214844
C,Qwen2.5-7B-Instruct-RL,r8_7b,NA,seed1,existence_check,10,cd/490306,256,6,22,228,0.25731864,0.37123233,0.85714286,50-,0.92857143,1,2,0.0
C,Qwen2.5-7B-Instruct-RL,r8_7b,NA,seed1,existence_check,10,cd/490305,256,115,12,129,0.10401822,0.15006657,0.95689655,15*,0.97844828,1,2,0.464844
C,Qwen2.5-7B-Instruct-RL,r8_7b,NA,seed1,existence_check,10,cd/490304,256,48,55,153,0.1919467,0.17471742,0.92929293,76-,0.95959596,1,3,0.007812
C,Qwen2.5-7B-Instruct-RL,r8_7b,NA,seed1,existence_check,10,cd/490303,256,118,17,121,1.0849647,0.52175773,0.2295082,68+,0.56147541,2,8,0.15625
C,Qwen2.5-7B-Instruct-RL,r8_7b,NA,seed1,existence_check,10,cd/490297,256,58,7,191,0.39248334,0.35725373,0.77310924,22+,0.88235294,2,3,0.582031
C,Qwen2.5-7B-Instruct-RL,r8_7b,NA,seed1,existence_check,10,cd/490296,256,228,21,7,1.14556032,0.55089807,0.02155172,99-,0.45043103,2,8,0.265625
C,Qwen2.5-7B-Instruct-RL,r8_7b,NA,seed1,existence_check,10,cd/490292,256,181,27,48,0.9923183,0.43095836,0.53225806,44+,0.7016129,2,10,0.160156
C,Qwen2.5-7B-Instruct-RL,r8_7b,NA,seed1,existence_check,10,cd/490290,256,118,23,115,1.23269111,0.76591405,0.15767635,40+,0.47717842,3,5,0.457031
C,Qwen2.5-7B-Instruct-RL,r8_7b,NA,seed1,existence_check,10,cd/490288,256,220,8,28,0.36974723,0.20635986,0.80717489,24*,0.89910314,1,6,0.042969
C,Qwen2.5-7B-Instruct-RL,r8_7b,NA,seed1,existence_check,10,cd/490287,256,189,35,32,0.91902328,0.57102127,0.44908616,97-,0.67624021,2,5,0.414062
C,Qwen2.5-7B-Instruct-RL,r8_7b,NA,seed1,existence_check,10,cd/490283,256,219,23,14,0.80578897,0.50066484,0.66365688,91-,0.76523702,2,5,0.71875
C,Qwen2.5-7B-Instruct-RL,r8_7b,NA,seed1,existence_check,10,cd/490282,256,178,41,37,0.90526632,0.56247359,0.31024931,78+,0.61772853,2,5,0.792969
C,Qwen2.5-7B-Instruct-RL,r8_7b,NA,seed1,existence_check,10,cd/490281,256,212,27,17,0.24441908,0.15186611,0.8951049,27-,0.94405594,1,5,0.894531
C,Qwen2.5-7B-Instruct-RL,r8_7b,NA,seed1,existence_check,10,cd/490280,256,216,27,13,0.85027185,0.5283036,0.59038902,45-,0.73913043,2,5,0.714844
C,Qwen2.5-7B-Instruct-RL,r8_7b,NA,seed1,existence_check,10,cd/490279,256,212,26,18,1.25412367,0.77923085,0.03263403,45-,0.41258741,3,5,0.699219
C,Qwen2.5-7B-Instruct-RL,r8_7b,NA,seed1,existence_check,10,cd/490276,256,220,28,8,0.37288295,0.23168521,0.88089888,83-,0.91910112,1,5,0.773438
C,Qwen2.5-7B-Instruct-RL,r8_7b,NA,seed1,existence_check,10,cd/490275,256,18,11,227,0.69314718,1.0,0.0,59-,0.5,2,2,0.054688
C,Qwen2.5-7B-Instruct-RL,r8_7b,NA,seed1,existence_check,10,cd/490274,256,136,8,112,0.48319291,0.34855001,0.76086957,55-,0.86594203,2,4,0.023438
C,Qwen2.5-7B-Instruct-RL,r8_7b,NA,seed1,existence_check,10,cd/490271,256,205,24,27,0.73964323,0.45956618,0.54939759,95-,0.74457831,2,5,0.726562
C,Qwen2.5-7B-Instruct-RL,r8_7b,NA,seed1,existence_check,10,cd/490270,256,150,29,77,0.33086475,0.47733694,0.79470199,88-,0.89735099,2,2,0.050781
C,Qwen2.5-7B-Instruct-RL,r8_7b,NA,seed1,existence_check,10,cd/490268,256,49,17,190,0.66992698,0.60979381,0.57425743,7+,0.76237624,2,3,0.5625
C,Qwen2.5-7B-Instruct-RL,r8_7b,NA,seed1,existence_check,10,cd/490267,256,207,18,31,0.43289494,0.26897275,0.86873508,75-,0.90453461,1,5,0.8125
C,Qwen2.5-7B-Instruct-RL,r8_7b,NA,seed1,existence_check,10,cd/490266,256,213,20,23,0.72414097,0.44993408,0.16241299,83-,0.57772622,2,5,0.003906
C,Qwen2.5-7B-Instruct-RL,r8_7b,NA,seed1,existence_check,10,cd/490264,256,44,33,179,0.57420406,0.52266306,0.7032967,34-,0.82417582,2,3,0.023438
C,Qwen2.5-7B-Instruct-RL,r8_7b,NA,seed1,existence_check,10,cd/490263,256,212,20,24,1.17856837,0.56677158,0.37037037,32-,0.57638889,3,8,0.128906
C,Qwen2.5-7B-Instruct-RL,r8_7b,NA,seed1,existence_check,10,cd/490262,256,196,24,36,0.72821964,0.66285408,0.51139241,32*,0.72658228,2,3,0.804688
C,Qwen2.5-7B-Instruct-RL,r8_7b,NA,seed1,existence_check,10,cd/490261,256,165,27,64,0.76152806,0.47316399,0.63880597,60-,0.77910448,2,5,0.457031
C,Qwen2.5-7B-Instruct-RL,r8_7b,NA,seed1,existence_check,10,cd/490260,256,135,33,88,0.34855193,0.31726564,0.82051282,67-,0.9047619,1,3,0.59375
C,Qwen2.5-7B-Instruct-RL,r8_7b,NA,seed1,existence_check,10,cd/490259,256,139,26,91,0.0826654,0.07524529,0.97508897,74-,0.98576512,1,3,0.332031
C,Qwen2.5-7B-Instruct-RL,r8_7b,NA,seed1,existence_check,10,cd/490258,256,173,23,60,0.87037329,0.41856108,0.54237288,84-,0.72033898,2,8,0.34375
C,Qwen2.5-7B-Instruct-RL,r8_7b,NA,seed1,existence_check,10,cd/490256,256,196,30,30,0.759056,0.47162801,0.68010076,79-,0.77833753,1,5,0.535156
C,Qwen2.5-7B-Instruct-RL,r8_7b,NA,seed1,existence_check,10,cd/490254,256,38,24,194,0.91369399,0.83168011,0.17721519,90/,0.5443038,2,3,0.570312
C,Qwen2.5-7B-Instruct-RL,r8_7b,NA,seed1,existence_check,10,cd/490249,256,222,15,19,0.94560909,0.48594694,0.64745011,96-,0.7383592,1,7,0.152344
C,Qwen2.5-7B-Instruct-RL,r8_7b,NA,seed1,existence_check,10,cd/490248,256,161,28,67,0.57549615,0.83026545,0.47530864,69-,0.73765432,2,2,0.011719
C,Qwen2.5-7B-Instruct-RL,r8_7b,NA,seed1,existence_check,10,cd/490246,256,183,28,45,0.87375277,0.54289312,0.39892183,52-,0.66576819,2,5,0.585938
C,Qwen2.5-7B-Instruct-RL,r8_7b,NA,seed1,existence_check,10,cd/490245,256,220,25,11,1.0468211,0.50341453,0.48214286,93-,0.65401786,2,8,0.15625
C,Qwen2.5-7B-Instruct-RL,r8_7b,NA,seed1,existence_check,10,cd/490243,256,167,34,55,0.80494895,0.50014291,0.69026549,72-,0.78171091,1,5,0.429688
C,Qwen2.5-7B-Instruct-RL,r8_7b,NA,seed1,existence_check,10,cd/490241,256,183,48,25,0.66870548,0.41549008,0.51752022,98-,0.74663073,2,5,0.40625
C,Qwen2.5-7B-Instruct-RL,r8_7b,NA,seed1,existence_check,10,cd/490240,256,203,34,19,0.64013755,0.39773982,0.74939173,85-,0.83454988,1,5,0.484375
C,Qwen2.5-7B-Instruct-RL,r8_7b,NA,seed1,existence_check,10,cd/490239,256,15,5,236,0.43749496,0.39822507,0.78787879,27-,0.87878788,1,3,0.019531
C,Qwen2.5-7B-Instruct-RL,r8_7b,NA,seed1,existence_check,10,cd/490237,256,141,31,84,0.16389449,0.23644977,0.92253521,96-,0.96126761,1,2,0.007812
C,Qwen2.5-7B-Instruct-RL,r8_7b,NA,seed1,existence_check,10,cd/490236,256,192,31,33,1.15695439,0.55637745,0.25,97-,0.55357143,2,8,0.050781
C,Qwen2.5-7B-Instruct-RL,r8_7b,NA,seed1,existence_check,10,cd/490235,256,225,14,17,0.9379782,0.48202544,0.50328228,90-,0.69365427,2,7,0.082031
C,Qwen2.5-7B-Instruct-RL,r8_7b,NA,seed1,existence_check,10,cd/490234,256,193,40,23,0.37110272,0.23057908,0.85933504,83-,0.91304348,1,5,0.828125
C,Qwen2.5-7B-Instruct-RL,r8_7b,NA,seed1,existence_check,10,cd/490233,256,190,38,28,1.04537654,0.64952896,0.44155844,92+,0.64675325,2,5,0.875
C,Qwen2.5-7B-Instruct-RL,r8_7b,NA,seed1,existence_check,10,cd/490232,256,103,19,134,0.17685264,0.16097821,0.92822967,88-,0.96172249,1,3,0.0
C,Qwen2.5-7B-Instruct-RL,r8_7b,NA,seed1,existence_check,10,cd/490231,256,183,22,51,0.60256833,0.28977411,0.81283422,66-,0.86898396,1,8,0.335938
C,Qwen2.5-7B-Instruct-RL,r8_7b,NA,seed1,existence_check,10,cd/490229,256,124,26,106,1.15641566,0.55611838,0.4609375,87+,0.64453125,2,8,0.109375
C,Qwen2.5-7B-Instruct-RL,r8_7b,NA,seed1,existence_check,10,cd/490228,256,120,34,102,0.59264906,0.36823357,0.71020408,56+,0.82857143,2,5,0.894531
C,Qwen2.5-7B-Instruct-RL,r8_7b,NA,seed1,existence_check,10,cd/490227,256,187,15,54,1.09573629,0.68081924,0.19525066,35+,0.51978892,3,5,0.828125
C,Qwen2.5-7B-Instruct-RL,r8_7b,NA,seed1,existence_check,10,cd/490225,256,196,32,28,0.37871774,0.23531056,0.86146096,91-,0.91435768,1,5,0.863281
C,Qwen2.5-7B-Instruct-RL,r8_7b,NA,seed1,existence_check,10,cd/490221,256,204,19,33,0.32677532,0.20303692,0.86198547,79-,0.92251816,1,5,0.78125
C,Qwen2.5-7B-Instruct-RL,r8_7b,NA,seed1,existence_check,10,cd/490219,256,181,29,46,1.10515976,0.68667437,0.44141689,94+,0.60217984,3,5,0.773438
C,Qwen2.5-7B-Instruct-RL,r8_7b,NA,seed1,existence_check,10,cd/490217,256,155,33,68,0.33458304,0.30455061,0.85623003,74-,0.91693291,1,3,0.0
C,Qwen2.5-7B-Instruct-RL,r8_7b,NA,seed1,existence_check,10,cd/490215,256,213,22,21,0.46998718,0.29201946,0.73781903,61-,0.86078886,2,5,0.835938
C,Qwen2.5-7B-Instruct-RL,r8_7b,NA,seed1,existence_check,10,cd/490214,256,171,22,63,0.06972482,0.06346626,0.97971014,73-,0.9884058,1,3,0.449219
C,Qwen2.5-7B-Instruct-RL,r8_7b,NA,seed1,existence_check,10,cd/490213,256,197,18,41,1.48054376,0.76084898,0.01995012,34-,0.32668329,3,7,0.015625
C,Qwen2.5-7B-Instruct-RL,r8_7b,NA,seed1,existence_check,10,cd/490212,256,197,20,39,1.25047634,0.77696464,0.15538847,49+,0.44862155,3,5,0.820312
C,Qwen2.5-7B-Instruct-RL,r8_7b,NA,seed1,existence_check,10,cd/490211,256,200,25,31,0.35799556,0.22243514,0.87901235,79-,0.92098765,1,5,0.816406
C,Qwen2.5-7B-Instruct-RL,r8_7b,NA,seed1,existence_check,10,cd/490208,256,208,24,24,0.85903375,0.53374768,0.07125891,94-,0.51543943,2,5,0.5
C,Qwen2.5-7B-Instruct-RL,r8_7b,NA,seed1,existence_check,10,cd/490207,256,170,15,71,1.14834505,0.7135069,0.45217391,80+,0.6173913,3,5,0.914062
C,Qwen2.5-7B-Instruct-RL,r8_7b,NA,seed1,existence_check,10,cd/490206,256,184,33,39,0.89141463,0.55386705,0.45576408,68-,0.68364611,2,5,0.511719
C,Qwen2.5-7B-Instruct-RL,r8_7b,NA,seed1,existence_check,10,cd/490205,256,114,22,120,0.89303073,0.55487119,0.48927039,72+,0.67381974,3,5,0.824219
C,Qwen2.5-7B-Instruct-RL,r8_7b,NA,seed1,existence_check,10,cd/490204,256,184,27,45,0.91505063,0.44004634,0.14361702,90-,0.54521277,2,8,0.046875
C,Qwen2.5-7B-Instruct-RL,r8_7b,NA,seed1,existence_check,10,cd/490203,256,121,15,120,0.54774925,0.49858285,0.56326531,38+,0.77959184,2,3,0.667969
C,Qwen2.5-7B-Instruct-RL,r8_7b,NA,seed1,existence_check,10,cd/490202,256,146,36,74,0.11251593,0.16232618,0.95238095,97-,0.97619048,1,2,0.03125
C,Qwen2.5-7B-Instruct-RL,r8_7b,NA,seed1,existence_check,10,cd/490201,256,195,25,36,0.77543569,0.48180528,0.64303797,82+,0.7721519,2,5,0.832031
C,Qwen2.5-7B-Instruct-RL,r8_7b,NA,seed1,existence_check,10,cd/490199,256,116,25,115,1.30901557,0.81333711,0.35443038,57+,0.52742616,3,5,0.789062
C,Qwen2.5-7B-Instruct-RL,r8_7b,NA,seed1,existence_check,15,cd/490363,256,245,5,6,1.03501606,0.49773751,0.00401606,83-,0.45983936,2,8,0.144531
C,Qwen2.5-7B-Instruct-RL,r8_7b,NA,seed1,existence_check,15,cd/490361,256,160,5,91,0.04194768,0.03818242,0.99071207,98-,0.99380805,1,3,0.582031
C,Qwen2.5-7B-Instruct-RL,r8_7b,NA,seed1,existence_check,15,cd/490360,256,79,6,171,1.56943777,0.80653147,0.13333333,73-,0.39393939,3,7,0.054688
C,Qwen2.5-7B-Instruct-RL,r8_7b,NA,seed1,existence_check,15,cd/490357,256,229,6,21,0.98634101,0.61284813,0.46220302,89-,0.65442765,3,5,0.699219
C,Qwen2.5-7B-Instruct-RL,r8_7b,NA,seed1,existence_check,15,cd/490356,256,197,7,52,0.63202586,0.35274035,0.635,79-,0.7975,2,6,0.203125
C,Qwen2.5-7B-Instruct-RL,r8_7b,NA,seed1,existence_check,15,cd/490354,256,222,4,30,1.22830848,0.5334476,0.18502203,39-,0.51321586,2,10,0.046875
C,Qwen2.5-7B-Instruct-RL,r8_7b,NA,seed1,existence_check,15,cd/490353,256,189,3,64,0.50887351,0.31618089,0.70496084,62-,0.84334204,2,5,0.878906
C,Qwen2.5-7B-Instruct-RL,r8_7b,NA,seed1,existence_check,15,cd/490352,256,96,3,157,1.02986812,0.63989304,0.29441624,57-,0.58375635,2,5,0.0
C,Qwen2.5-7B-Instruct-RL,r8_7b,NA,seed1,existence_check,15,cd/490351,256,117,4,135,1.17524019,0.60395399,0.30705394,77+,0.56016598,3,7,0.199219
C,Qwen2.5-7B-Instruct-RL,r8_7b,NA,seed1,existence_check,15,cd/490348,256,195,1,60,1.04525433,0.64945303,0.40506329,52-,0.62025316,2,5,0.089844
C,Qwen2.5-7B-Instruct-RL,r8_7b,NA,seed1,existence_check,15,cd/490347,256,241,12,3,1.45854702,0.70141285,0.12244898,59-,0.36530612,4,8,0.035156
C,Qwen2.5-7B-Instruct-RL,r8_7b,NA,seed1,existence_check,15,cd/490344,256,216,5,35,0.37736785,0.34349502,0.76321839,88-,0.88045977,2,3,0.777344
C,Qwen2.5-7B-Instruct-RL,r8_7b,NA,seed1,existence_check,15,cd/490343,256,246,3,7,0.83302105,0.42808814,0.6012024,94-,0.75551102,2,7,0.101562
C,Qwen2.5-7B-Instruct-RL,r8_7b,NA,seed1,existence_check,15,cd/490342,256,109,14,133,1.5023969,0.77207928,0.31111111,68+,0.47555556,3,7,0.050781
C,Qwen2.5-7B-Instruct-RL,r8_7b,NA,seed1,existence_check,15,cd/490341,256,192,7,57,1.27693965,0.58116028,0.09669211,44-,0.41475827,3,9,0.03125
C,Qwen2.5-7B-Instruct-RL,r8_7b,NA,seed1,existence_check,15,cd/490340,256,158,12,86,0.55976832,0.40378749,0.69375,96-,0.828125,2,4,0.265625
C,Qwen2.5-7B-Instruct-RL,r8_7b,NA,seed1,existence_check,15,cd/490339,256,153,2,101,1.01683325,0.63179402,0.54019293,45+,0.66559486,3,5,0.890625
C,Qwen2.5-7B-Instruct-RL,r8_7b,NA,seed1,existence_check,15,cd/490338,256,235,5,16,0.36537474,0.17570811,0.90376569,92-,0.93096234,1,8,0.347656
C,Qwen2.5-7B-Instruct-RL,r8_7b,NA,seed1,existence_check,15,cd/490337,256,231,6,19,0.61029695,0.37919881,0.69807281,79-,0.82441113,2,5,0.789062
C,Qwen2.5-7B-Instruct-RL,r8_7b,NA,seed1,existence_check,15,cd/490335,256,162,5,89,0.95616885,0.49137359,0.42296073,65+,0.66767372,2,7,0.507812
C,Qwen2.5-7B-Instruct-RL,r8_7b,NA,seed1,existence_check,15,cd/490334,256,114,3,139,0.68367438,0.42479078,0.69527897,46+,0.8111588,2,5,0.875
C,Qwen2.5-7B-Instruct-RL,r8_7b,NA,seed1,existence_check,15,cd/490333,256,13,5,238,0.29875806,0.2719413,0.89655172,55-,0.93103448,1,3,0.003906
C,Qwen2.5-7B-Instruct-RL,r8_7b,NA,seed1,existence_check,15,cd/490331,256,223,8,25,1.23797306,0.5953392,0.42731278,63-,0.5969163,3,8,0.074219
C,Qwen2.5-7B-Instruct-RL,r8_7b,NA,seed1,existence_check,15,cd/490330,256,51,14,191,0.34545248,0.3144444,0.81904762,85-,0.9047619,1,3,0.0
C,Qwen2.5-7B-Instruct-RL,r8_7b,NA,seed1,existence_check,15,cd/490327,256,234,7,15,1.24194794,0.59725071,0.01260504,95-,0.40966387,3,8,0.300781
C,Qwen2.5-7B-Instruct-RL,r8_7b,NA,seed1,existence_check,15,cd/490325,256,230,9,17,0.73741736,0.37895756,0.67237687,90-,0.7987152,2,7,0.035156
C,Qwen2.5-7B-Instruct-RL,r8_7b,NA,seed1,existence_check,15,cd/490324,256,213,4,39,0.50294545,0.31249758,0.76566125,99-,0.86542923,1,5,0.875
C,Qwen2.5-7B-Instruct-RL,r8_7b,NA,seed1,existence_check,15,cd/490322,256,214,9,33,0.81745052,0.50791056,0.54503464,55+,0.72748268,2,5,0.910156
C,Qwen2.5-7B-Instruct-RL,r8_7b,NA,seed1,existence_check,15,cd/490321,256,168,9,79,0.48914884,0.44524246,0.71386431,64-,0.84660767,2,3,0.003906
C,Qwen2.5-7B-Instruct-RL,r8_7b,NA,seed1,existence_check,15,cd/490320,256,81,4,171,0.57534045,0.83004081,0.47560976,36*,0.73780488,2,2,0.179688
C,Qwen2.5-7B-Instruct-RL,r8_7b,NA,seed1,existence_check,15,cd/490317,256,236,1,19,0.77110329,0.47911341,0.65828092,47-,0.77358491,2,5,0.878906
C,Qwen2.5-7B-Instruct-RL,r8_7b,NA,seed1,existence_check,15,cd/490316,256,236,1,19,0.97648463,0.60672401,0.32704403,26-,0.60587002,2,5,0.847656
C,Qwen2.5-7B-Instruct-RL,r8_7b,NA,seed1,existence_check,15,cd/490315,256,232,7,17,0.44429673,0.27605708,0.82729211,87-,0.89339019,1,5,0.75
C,Qwen2.5-7B-Instruct-RL,r8_7b,NA,seed1,existence_check,15,cd/490313,256,234,8,14,0.44374605,0.27571493,0.85412262,98-,0.89852008,1,5,0.933594
C,Qwen2.5-7B-Instruct-RL,r8_7b,NA,seed1,existence_check,15,cd/490312,256,225,3,28,0.32926717,0.2997119,0.80794702,90-,0.90286976,1,3,0.726562
C,Qwen2.5-7B-Instruct-RL,r8_7b,NA,seed1,existence_check,15,cd/490309,256,243,4,9,1.21613753,0.48940974,0.08835341,96-,0.47991968,2,12,0.019531
C,Qwen2.5-7B-Instruct-RL,r8_7b,NA,seed1,existence_check,15,cd/490308,256,98,4,154,0.1849074,0.26676499,0.90909091,11*,0.95454545,1,2,0.652344
C,Qwen2.5-7B-Instruct-RL,r8_7b,NA,seed1,existence_check,15,cd/490307,256,235,5,16,0.8785175,0.42247762,0.69037657,72-,0.77615063,1,8,0.316406
C,Qwen2.5-7B-Instruct-RL,r8_7b,NA,seed1,existence_check,15,cd/490306,256,9,14,233,0.64744664,0.93406806,0.3,50-,0.65,2,2,0.0
C,Qwen2.5-7B-Instruct-RL,r8_7b,NA,seed1,existence_check,15,cd/490305,256,103,1,152,0.07545691,0.10886131,0.97115385,15*,0.98557692,1,2,0.421875
C,Qwen2.5-7B-Instruct-RL,r8_7b,NA,seed1,existence_check,15,cd/490304,256,56,13,187,0.22837466,0.20787557,0.90434783,76-,0.94782609,1,3,0.023438
C,Qwen2.5-7B-Instruct-RL,r8_7b,NA,seed1,existence_check,15,cd/490303,256,89,9,158,1.17966911,0.56730093,0.24731183,68+,0.55376344,2,8,0.257812
C,Qwen2.5-7B-Instruct-RL,r8_7b,NA,seed1,existence_check,15,cd/490297,256,109,3,144,0.36238215,0.32985445,0.78733032,22+,0.89140271,2,3,0.628906
C,Qwen2.5-7B-Instruct-RL,r8_7b,NA,seed1,existence_check,15,cd/490296,256,241,2,13,1.01962575,0.49033634,0.15102041,80-,0.53265306,2,8,0.339844
C,Qwen2.5-7B-Instruct-RL,r8_7b,NA,seed1,existence_check,15,cd/490292,256,200,1,55,1.13055243,0.49099268,0.39512195,44+,0.61219512,2,10,0.171875
C,Qwen2.5-7B-Instruct-RL,r8_7b,NA,seed1,existence_check,15,cd/490290,256,87,3,166,1.32212927,0.8214851,0.3575419,40+,0.51955307,4,5,0.488281
C,Qwen2.5-7B-Instruct-RL,r8_7b,NA,seed1,existence_check,15,cd/490288,256,225,0,31,0.28552137,0.15935251,0.88596491,24*,0.93640351,1,6,0.089844
C,Qwen2.5-7B-Instruct-RL,r8_7b,NA,seed1,existence_check,15,cd/490287,256,219,16,21,0.93204815,0.57911408,0.37020316,97-,0.62979684,2,5,0.511719
C,Qwen2.5-7B-Instruct-RL,r8_7b,NA,seed1,existence_check,15,cd/490283,256,226,9,21,0.60713888,0.3772366,0.76586433,91-,0.84245077,1,5,0.75
C,Qwen2.5-7B-Instruct-RL,r8_7b,NA,seed1,existence_check,15,cd/490282,256,213,5,38,0.95476221,0.59322712,0.2412993,78+,0.57308585,2,5,0.894531
C,Qwen2.5-7B-Instruct-RL,r8_7b,NA,seed1,existence_check,15,cd/490281,256,232,3,21,0.31991952,0.19877717,0.87420043,27-,0.92750533,1,5,0.925781
C,Qwen2.5-7B-Instruct-RL,r8_7b,NA,seed1,existence_check,15,cd/490280,256,234,10,12,1.02188995,0.63493593,0.38900634,45-,0.62790698,2,5,0.796875
C,Qwen2.5-7B-Instruct-RL,r8_7b,NA,seed1,existence_check,15,cd/490279,256,234,6,16,1.15194563,0.71574406,0.03382664,45-,0.41226216,3,5,0.765625
C,Qwen2.5-7B-Instruct-RL,r8_7b,NA,seed1,existence_check,15,cd/490276,256,250,4,2,0.2835404,0.17617356,0.91881188,83-,0.94455446,1,5,0.832031
C,Qwen2.5-7B-Instruct-RL,r8_7b,NA,seed1,existence_check,15,cd/490275,256,14,5,237,0.68423177,0.98713777,0.13333333,59-,0.56666667,2,2,0.058594
C,Qwen2.5-7B-Instruct-RL,r8_7b,NA,seed1,existence_check,15,cd/490274,256,106,2,148,0.50720634,0.36587204,0.75,55-,0.85648148,2,4,0.027344
C,Qwen2.5-7B-Instruct-RL,r8_7b,NA,seed1,existence_check,15,cd/490271,256,231,5,20,0.89001507,0.55299746,0.50107066,95-,0.70021413,2,5,0.875
C,Qwen2.5-7B-Instruct-RL,r8_7b,NA,seed1,existence_check,15,cd/490270,256,162,14,80,0.20478977,0.29544919,0.89570552,88-,0.94785276,1,2,0.019531
C,Qwen2.5-7B-Instruct-RL,r8_7b,NA,seed1,existence_check,15,cd/490268,256,54,2,200,0.4033345,0.36713088,0.81081081,7+,0.89189189,1,3,0.613281
C,Qwen2.5-7B-Instruct-RL,r8_7b,NA,seed1,existence_check,15,cd/490267,256,221,11,24,0.40321359,0.25053069,0.85458613,75-,0.90604027,1,5,0.90625
C,Qwen2.5-7B-Instruct-RL,r8_7b,NA,seed1,existence_check,15,cd/490266,256,235,3,18,0.78549364,0.48805464,0.37052632,83-,0.66736842,2,5,0.007812
C,Qwen2.5-7B-Instruct-RL,r8_7b,NA,seed1,existence_check,15,cd/490264,256,31,11,214,0.45443421,0.41364385,0.8,34-,0.87692308,1,3,0.066406
C,Qwen2.5-7B-Instruct-RL,r8_7b,NA,seed1,existence_check,15,cd/490263,256,236,6,14,1.34533754,0.6469706,0.12083333,32-,0.41041667,3,8,0.144531
C,Qwen2.5-7B-Instruct-RL,r8_7b,NA,seed1,existence_check,15,cd/490262,256,216,2,38,0.66310899,0.60358781,0.59310345,32*,0.77011494,2,3,0.804688
C,Qwen2.5-7B-Instruct-RL,r8_7b,NA,seed1,existence_check,15,cd/490261,256,197,5,54,0.4694596,0.29169165,0.80701754,60-,0.88471178,1,5,0.597656
C,Qwen2.5-7B-Instruct-RL,r8_7b,NA,seed1,existence_check,15,cd/490260,256,147,5,104,0.5302294,0.48263559,0.65319865,67-,0.81818182,2,3,0.644531
C,Qwen2.5-7B-Instruct-RL,r8_7b,NA,seed1,existence_check,15,cd/490259,256,157,10,89,0.10695455,0.09735423,0.97160883,74-,0.98107256,1,3,0.484375
C,Qwen2.5-7B-Instruct-RL,r8_7b,NA,seed1,existence_check,15,cd/490258,256,195,8,53,0.84191596,0.40487599,0.59798995,84-,0.75125628,2,8,0.363281
C,Qwen2.5-7B-Instruct-RL,r8_7b,NA,seed1,existence_check,15,cd/490256,256,227,9,20,0.93113871,0.57854901,0.50108932,79-,0.68627451,2,5,0.675781
C,Qwen2.5-7B-Instruct-RL,r8_7b,NA,seed1,existence_check,15,cd/490254,256,28,8,220,0.98631116,0.89777911,0.30508475,90/,0.55932203,3,3,0.488281
C,Qwen2.5-7B-Instruct-RL,r8_7b,NA,seed1,existence_check,15,cd/490249,256,241,3,12,0.82840354,0.42571521,0.64212679,96-,0.76687117,2,7,0.128906
C,Qwen2.5-7B-Instruct-RL,r8_7b,NA,seed1,existence_check,15,cd/490248,256,178,3,75,0.63190055,0.91163979,0.34636872,69-,0.67318436,2,2,0.035156
C,Qwen2.5-7B-Instruct-RL,r8_7b,NA,seed1,existence_check,15,cd/490246,256,230,5,21,0.85960473,0.53410245,0.31397849,52-,0.62580645,2,5,0.6875
C,Qwen2.5-7B-Instruct-RL,r8_7b,NA,seed1,existence_check,15,cd/490245,256,244,7,5,1.03023744,0.49543948,0.5,93-,0.66330645,2,8,0.144531
C,Qwen2.5-7B-Instruct-RL,r8_7b,NA,seed1,existence_check,15,cd/490243,256,198,2,56,0.67420631,0.41890793,0.74314214,72-,0.82543641,1,5,0.53125
C,Qwen2.5-7B-Instruct-RL,r8_7b,NA,seed1,existence_check,15,cd/490241,256,229,4,23,0.66056913,0.41043467,0.53563715,98-,0.7537797,2,5,0.472656
C,Qwen2.5-7B-Instruct-RL,r8_7b,NA,seed1,existence_check,15,cd/490240,256,224,10,22,0.54086077,0.33605569,0.78587196,85-,0.86313466,1,5,0.605469
C,Qwen2.5-7B-Instruct-RL,r8_7b,NA,seed1,existence_check,15,cd/490239,256,21,0,235,0.58561829,0.53305274,0.71111111,27-,0.82222222,2,3,0.011719
C,Qwen2.5-7B-Instruct-RL,r8_7b,NA,seed1,existence_check,15,cd/490237,256,167,9,80,0.07738386,0.11164132,0.9702381,96-,0.98511905,1,2,0.003906
C,Qwen2.5-7B-Instruct-RL,r8_7b,NA,seed1,existence_check,15,cd/490236,256,217,16,23,1.24967687,0.60096754,0.24434389,97-,0.5361991,2,8,0.074219
C,Qwen2.5-7B-Instruct-RL,r8_7b,NA,seed1,existence_check,15,cd/490235,256,240,4,12,0.95405727,0.49028845,0.52156057,90-,0.69609856,2,7,0.125
C,Qwen2.5-7B-Instruct-RL,r8_7b,NA,seed1,existence_check,15,cd/490234,256,231,11,14,0.44984022,0.27950144,0.83940043,83-,0.89293362,1,5,0.898438
C,Qwen2.5-7B-Instruct-RL,r8_7b,NA,seed1,existence_check,15,cd/490233,256,225,6,25,0.98496435,0.61199276,0.52307692,92+,0.68351648,2,5,0.910156
C,Qwen2.5-7B-Instruct-RL,r8_7b,NA,seed1,existence_check,15,cd/490232,256,126,10,120,0.16023631,0.14585337,0.94901961,88-,0.96862745,1,3,0.0
C,Qwen2.5-7B-Instruct-RL,r8_7b,NA,seed1,existence_check,15,cd/490231,256,203,6,47,0.56531821,0.27186059,0.80193237,66-,0.87198068,1,8,0.386719
C,Qwen2.5-7B-Instruct-RL,r8_7b,NA,seed1,existence_check,15,cd/490229,256,142,7,107,1.23392267,0.59339137,0.34931507,87+,0.58561644,2,8,0.15625
C,Qwen2.5-7B-Instruct-RL,r8_7b,NA,seed1,existence_check,15,cd/490228,256,149,5,102,0.58874895,0.36581029,0.74587459,56+,0.8349835,1,5,0.882812
C,Qwen2.5-7B-Instruct-RL,r8_7b,NA,seed1,existence_check,15,cd/490227,256,227,3,26,1.0142047,0.63016081,0.41830065,35+,0.62962963,3,5,0.851562
C,Qwen2.5-7B-Instruct-RL,r8_7b,NA,seed1,existence_check,15,cd/490225,256,229,7,20,0.36270926,0.22536393,0.88984881,91-,0.92224622,1,5,0.949219
C,Qwen2.5-7B-Instruct-RL,r8_7b,NA,seed1,existence_check,15,cd/490221,256,217,5,34,0.32456992,0.20166663,0.86104784,79-,0.92255125,1,5,0.890625
C,Qwen2.5-7B-Instruct-RL,r8_7b,NA,seed1,existence_check,15,cd/490219,256,193,3,60,1.04340279,0.6483026,0.44501279,94+,0.63171355,3,5,0.777344
C,Qwen2.5-7B-Instruct-RL,r8_7b,NA,seed1,existence_check,15,cd/490217,256,168,8,80,0.2491375,0.22677472,0.89085546,74-,0.94100295,1,3,0.0
C,Qwen2.5-7B-Instruct-RL,r8_7b,NA,seed1,existence_check,15,cd/490215,256,239,4,13,0.52361631,0.32534111,0.72049689,61-,0.84679089,2,5,0.839844
C,Qwen2.5-7B-Instruct-RL,r8_7b,NA,seed1,existence_check,15,cd/490214,256,166,2,88,0.12177726,0.11084644,0.95522388,73-,0.9761194,1,3,0.472656
C,Qwen2.5-7B-Instruct-RL,r8_7b,NA,seed1,existence_check,15,cd/490213,256,202,1,53,1.42129622,0.73040177,0.08272506,34-,0.35766423,4,7,0.039062
C,Qwen2.5-7B-Instruct-RL,r8_7b,NA,seed1,existence_check,15,cd/490212,256,221,8,27,1.20822459,0.75071215,0.00447427,42+,0.40044743,3,5,0.894531
C,Qwen2.5-7B-Instruct-RL,r8_7b,NA,seed1,existence_check,15,cd/490211,256,224,9,23,0.29780212,0.18503486,0.88741722,79-,0.93377483,1,5,0.890625
C,Qwen2.5-7B-Instruct-RL,r8_7b,NA,seed1,existence_check,15,cd/490208,256,233,8,15,0.7724279,0.47993644,0.07218684,76-,0.52866242,2,5,0.699219
C,Qwen2.5-7B-Instruct-RL,r8_7b,NA,seed1,existence_check,15,cd/490207,256,174,3,79,1.07543132,0.66820305,0.45325779,80+,0.63172805,3,5,0.972656
C,Qwen2.5-7B-Instruct-RL,r8_7b,NA,seed1,existence_check,15,cd/490206,256,208,7,41,0.97813584,0.60774997,0.43230404,68-,0.65795724,2,5,0.601562
C,Qwen2.5-7B-Instruct-RL,r8_7b,NA,seed1,existence_check,15,cd/490205,256,152,4,100,0.9014289,0.56008927,0.44660194,72+,0.66990291,2,5,0.890625
C,Qwen2.5-7B-Instruct-RL,r8_7b,NA,seed1,existence_check,15,cd/490204,256,216,7,33,0.8876097,0.42685004,0.15,90-,0.55227273,2,8,0.019531
C,Qwen2.5-7B-Instruct-RL,r8_7b,NA,seed1,existence_check,15,cd/490203,256,136,1,119,0.67158758,0.61130536,0.29090909,38+,0.64363636,2,3,0.757812
C,Qwen2.5-7B-Instruct-RL,r8_7b,NA,seed1,existence_check,15,cd/490202,256,156,15,85,0.10683366,0.15412839,0.95541401,97-,0.97770701,1,2,0.011719
C,Qwen2.5-7B-Instruct-RL,r8_7b,NA,seed1,existence_check,15,cd/490201,256,222,5,29,0.68588993,0.42616737,0.68596882,82+,0.80846325,2,5,0.863281
C,Qwen2.5-7B-Instruct-RL,r8_7b,NA,seed1,existence_check,15,cd/490199,256,100,4,152,1.27199263,0.79033346,0.3902439,57+,0.55121951,4,5,0.855469
C,Qwen2.5-7B-Instruct-RL,r8_7b,NA,seed1,existence_check,20,cd/490363,256,251,1,4,1.07391429,0.51644361,0.1254902,83-,0.50784314,2,8,0.316406
C,Qwen2.5-7B-Instruct-RL,r8_7b,NA,seed1,existence_check,20,cd/490361,256,143,12,101,0.08076837,0.07351854,0.97577855,98-,0.98615917,1,3,0.773438
C,Qwen2.5-7B-Instruct-RL,r8_7b,NA,seed1,existence_check,20,cd/490360,256,85,2,169,1.60322162,0.82389293,0.04519774,73-,0.33333333,3,7,0.128906
C,Qwen2.5-7B-Instruct-RL,r8_7b,NA,seed1,existence_check,20,cd/490357,256,244,4,8,0.96533383,0.59979563,0.37728195,89-,0.62677485,3,5,0.664062
C,Qwen2.5-7B-Instruct-RL,r8_7b,NA,seed1,existence_check,20,cd/490356,256,201,1,54,0.67409101,0.37621736,0.67156863,79-,0.80637255,2,6,0.210938
C,Qwen2.5-7B-Instruct-RL,r8_7b,NA,seed1,existence_check,20,cd/490354,256,210,0,46,1.08567112,0.47150098,0.09302326,39-,0.5,2,10,0.074219
C,Qwen2.5-7B-Instruct-RL,r8_7b,NA,seed1,existence_check,20,cd/490353,256,186,6,64,0.37529052,0.23318111,0.79575597,62-,0.8938992,1,5,0.925781
C,Qwen2.5-7B-Instruct-RL,r8_7b,NA,seed1,existence_check,20,cd/490352,256,81,2,173,0.83469855,0.51862737,0.5748503,57-,0.73652695,2,5,0.003906
C,Qwen2.5-7B-Instruct-RL,r8_7b,NA,seed1,existence_check,20,cd/490351,256,120,3,133,0.91312156,0.46925165,0.43724696,77+,0.67611336,2,7,0.246094
C,Qwen2.5-7B-Instruct-RL,r8_7b,NA,seed1,existence_check,20,cd/490348,256,205,3,48,1.11444491,0.69244356,0.4,52-,0.6,3,5,0.078125
C,Qwen2.5-7B-Instruct-RL,r8_7b,NA,seed1,existence_check,20,cd/490347,256,240,7,9,1.42536351,0.68545496,0.16393443,59-,0.40368852,4,8,0.148438
C,Qwen2.5-7B-Instruct-RL,r8_7b,NA,seed1,existence_check,20,cd/490344,256,221,2,33,0.39837927,0.36262044,0.74157303,88-,0.86966292,2,3,0.894531
C,Qwen2.5-7B-Instruct-RL,r8_7b,NA,seed1,existence_check,20,cd/490343,256,250,0,6,0.80217832,0.41223811,0.57593688,94-,0.74753452,2,7,0.171875
C,Qwen2.5-7B-Instruct-RL,r8_7b,NA,seed1,existence_check,20,cd/490342,256,116,2,138,1.44240707,0.7412506,0.25104603,68+,0.46443515,4,7,0.054688
C,Qwen2.5-7B-Instruct-RL,r8_7b,NA,seed1,existence_check,20,cd/490341,256,216,1,39,1.25781879,0.572458,0.14512472,44-,0.43310658,3,9,0.042969
C,Qwen2.5-7B-Instruct-RL,r8_7b,NA,seed1,existence_check,20,cd/490340,256,163,6,87,0.49783501,0.35911205,0.76363636,96-,0.86363636,2,4,0.339844
C,Qwen2.5-7B-Instruct-RL,r8_7b,NA,seed1,existence_check,20,cd/490339,256,151,3,102,1.00695696,0.62565754,0.46905537,45+,0.65472313,2,5,0.957031
C,Qwen2.5-7B-Instruct-RL,r8_7b,NA,seed1,existence_check,20,cd/490338,256,243,2,11,0.50808538,0.24433742,0.82995951,92-,0.88866397,1,8,0.542969
C,Qwen2.5-7B-Instruct-RL,r8_7b,NA,seed1,existence_check,20,cd/490337,256,233,5,18,0.56902396,0.35355446,0.75583864,79-,0.85138004,1,5,0.824219
C,Qwen2.5-7B-Instruct-RL,r8_7b,NA,seed1,existence_check,20,cd/490335,256,168,2,86,0.94908226,0.4877318,0.40816327,65+,0.65014577,2,7,0.640625
C,Qwen2.5-7B-Instruct-RL,r8_7b,NA,seed1,existence_check,20,cd/490334,256,113,1,142,0.75295057,0.46783449,0.65800866,46+,0.78354978,2,5,0.9375
C,Qwen2.5-7B-Instruct-RL,r8_7b,NA,seed1,existence_check,20,cd/490333,256,21,3,232,0.83563259,0.76062556,0.53333333,55-,0.68888889,3,3,0.003906
C,Qwen2.5-7B-Instruct-RL,r8_7b,NA,seed1,existence_check,20,cd/490331,256,235,2,19,1.04096776,0.50059967,0.46025105,63-,0.65481172,2,8,0.183594
C,Qwen2.5-7B-Instruct-RL,r8_7b,NA,seed1,existence_check,20,cd/490330,256,36,3,217,0.23820667,0.21682506,0.90666667,85-,0.94666667,1,3,0.003906
C,Qwen2.5-7B-Instruct-RL,r8_7b,NA,seed1,existence_check,20,cd/490327,256,246,2,8,1.28077186,0.61592107,0.016,50-,0.414,2,8,0.429688
C,Qwen2.5-7B-Instruct-RL,r8_7b,NA,seed1,existence_check,20,cd/490325,256,239,2,15,0.65695888,0.33761008,0.61443299,90-,0.78969072,2,7,0.066406
C,Qwen2.5-7B-Instruct-RL,r8_7b,NA,seed1,existence_check,20,cd/490324,256,217,4,35,0.42445274,0.26372732,0.82004556,99-,0.8952164,1,5,0.898438
C,Qwen2.5-7B-Instruct-RL,r8_7b,NA,seed1,existence_check,20,cd/490322,256,225,4,27,0.80658946,0.50116221,0.61538462,55+,0.75824176,2,5,0.945312
C,Qwen2.5-7B-Instruct-RL,r8_7b,NA,seed1,existence_check,20,cd/490321,256,192,2,62,0.57654455,0.52479346,0.63565891,64-,0.80361757,2,3,0.003906
C,Qwen2.5-7B-Instruct-RL,r8_7b,NA,seed1,existence_check,20,cd/490320,256,53,0,203,0.67225366,0.96985702,0.2037037,36*,0.60185185,2,2,0.144531
C,Qwen2.5-7B-Instruct-RL,r8_7b,NA,seed1,existence_check,20,cd/490317,256,241,1,14,0.83824695,0.52083211,0.49691992,47-,0.70841889,2,5,0.929688
C,Qwen2.5-7B-Instruct-RL,r8_7b,NA,seed1,existence_check,20,cd/490316,256,233,1,22,0.92438795,0.57435453,0.36518047,26-,0.62632696,3,5,0.914062
C,Qwen2.5-7B-Instruct-RL,r8_7b,NA,seed1,existence_check,20,cd/490315,256,239,2,15,0.33652665,0.20909576,0.86542443,87-,0.92132505,1,5,0.808594
C,Qwen2.5-7B-Instruct-RL,r8_7b,NA,seed1,existence_check,20,cd/490313,256,229,8,19,0.42033289,0.26116751,0.85097192,98-,0.90064795,1,5,0.933594
C,Qwen2.5-7B-Instruct-RL,r8_7b,NA,seed1,existence_check,20,cd/490312,256,224,2,30,0.28846785,0.26257476,0.84257206,90-,0.92017738,1,3,0.894531
C,Qwen2.5-7B-Instruct-RL,r8_7b,NA,seed1,existence_check,20,cd/490309,256,248,1,7,1.18540187,0.47704081,0.13385827,96-,0.50590551,2,12,0.027344
C,Qwen2.5-7B-Instruct-RL,r8_7b,NA,seed1,existence_check,20,cd/490308,256,91,0,165,0.22636894,0.32658135,0.88043478,11*,0.94021739,1,2,0.6875
C,Qwen2.5-7B-Instruct-RL,r8_7b,NA,seed1,existence_check,20,cd/490307,256,245,2,9,0.74950264,0.36043458,0.72690763,72-,0.80923695,1,8,0.414062
C,Qwen2.5-7B-Instruct-RL,r8_7b,NA,seed1,existence_check,20,cd/490306,256,9,3,244,0.56233514,0.81127812,0.5,50-,0.75,2,2,0.011719
C,Qwen2.5-7B-Instruct-RL,r8_7b,NA,seed1,existence_check,20,cd/490305,256,105,1,150,0.17566252,0.25342745,0.91509434,15*,0.95754717,1,2,0.53125
C,Qwen2.5-7B-Instruct-RL,r8_7b,NA,seed1,existence_check,20,cd/490304,256,51,6,199,0.18326503,0.16681502,0.93333333,76-,0.96190476,1,3,0.015625
C,Qwen2.5-7B-Instruct-RL,r8_7b,NA,seed1,existence_check,20,cd/490303,256,98,1,157,1.24952853,0.6008962,0.00980392,68+,0.41666667,3,8,0.390625
C,Qwen2.5-7B-Instruct-RL,r8_7b,NA,seed1,existence_check,20,cd/490297,256,114,0,142,0.4373273,0.39807247,0.70995671,22+,0.85281385,2,3,0.8125
C,Qwen2.5-7B-Instruct-RL,r8_7b,NA,seed1,existence_check,20,cd/490296,256,249,4,3,0.94965727,0.45668861,0.09881423,80-,0.51581028,2,8,0.464844
C,Qwen2.5-7B-Instruct-RL,r8_7b,NA,seed1,existence_check,20,cd/490292,256,170,1,85,1.12227056,0.48739591,0.42285714,44+,0.62571429,2,10,0.21875
C,Qwen2.5-7B-Instruct-RL,r8_7b,NA,seed1,existence_check,20,cd/490290,256,95,5,156,1.33318378,0.82835366,0.27692308,40+,0.48717949,4,5,0.542969
C,Qwen2.5-7B-Instruct-RL,r8_7b,NA,seed1,existence_check,20,cd/490288,256,220,0,36,0.31130742,0.17374398,0.87892377,24*,0.93049327,1,6,0.089844
C,Qwen2.5-7B-Instruct-RL,r8_7b,NA,seed1,existence_check,20,cd/490287,256,215,5,36,0.96463629,0.59936223,0.36321839,97-,0.62758621,2,5,0.527344
C,Qwen2.5-7B-Instruct-RL,r8_7b,NA,seed1,existence_check,20,cd/490283,256,234,4,18,0.5092032,0.31638574,0.81183932,91-,0.87315011,1,5,0.761719
C,Qwen2.5-7B-Instruct-RL,r8_7b,NA,seed1,existence_check,20,cd/490282,256,214,4,38,0.93986428,0.58397051,0.20323326,78+,0.56581986,2,5,0.886719
C,Qwen2.5-7B-Instruct-RL,r8_7b,NA,seed1,existence_check,20,cd/490281,256,237,4,15,0.26138562,0.16240802,0.88100209,27-,0.93736952,1,5,0.953125
C,Qwen2.5-7B-Instruct-RL,r8_7b,NA,seed1,existence_check,20,cd/490280,256,234,5,17,0.98364934,0.6111757,0.51162791,45-,0.6744186,3,5,0.796875
C,Qwen2.5-7B-Instruct-RL,r8_7b,NA,seed1,existence_check,20,cd/490279,256,243,4,9,1.14105062,0.70897461,0.0407332,50-,0.42158859,3,5,0.773438
C,Qwen2.5-7B-Instruct-RL,r8_7b,NA,seed1,existence_check,20,cd/490276,256,245,2,9,0.3624723,0.2252167,0.88888889,83-,0.92323232,1,5,0.894531
C,Qwen2.5-7B-Instruct-RL,r8_7b,NA,seed1,existence_check,20,cd/490275,256,14,1,241,0.68423177,0.98713777,0.13333333,39-,0.56666667,2,2,0.070312
C,Qwen2.5-7B-Instruct-RL,r8_7b,NA,seed1,existence_check,20,cd/490274,256,107,2,147,0.42945518,0.30978643,0.82568807,55-,0.89449541,1,4,0.007812
C,Qwen2.5-7B-Instruct-RL,r8_7b,NA,seed1,existence_check,20,cd/490271,256,239,2,15,0.90414297,0.56177561,0.48861284,95-,0.68944099,2,5,0.945312
C,Qwen2.5-7B-Instruct-RL,r8_7b,NA,seed1,existence_check,20,cd/490270,256,168,8,80,0.2637752,0.38054718,0.85207101,88-,0.9260355,1,2,0.046875
C,Qwen2.5-7B-Instruct-RL,r8_7b,NA,seed1,existence_check,20,cd/490268,256,50,1,205,0.50084565,0.45588936,0.66019417,7+,0.82524272,2,3,0.6875
C,Qwen2.5-7B-Instruct-RL,r8_7b,NA,seed1,existence_check,20,cd/490267,256,232,5,19,0.40127817,0.24932814,0.86993603,75-,0.91044776,1,5,0.914062
C,Qwen2.5-7B-Instruct-RL,r8_7b,NA,seed1,existence_check,20,cd/490266,256,229,1,26,0.77099746,0.47904765,0.27213823,83-,0.62419006,2,5,0.019531
C,Qwen2.5-7B-Instruct-RL,r8_7b,NA,seed1,existence_check,20,cd/490264,256,20,2,234,0.85668102,0.77978467,0.51162791,34-,0.6744186,3,3,0.054688
C,Qwen2.5-7B-Instruct-RL,r8_7b,NA,seed1,existence_check,20,cd/490263,256,245,0,11,1.26223379,0.60700614,0.26907631,32-,0.51204819,3,8,0.1875
C,Qwen2.5-7B-Instruct-RL,r8_7b,NA,seed1,existence_check,20,cd/490262,256,212,5,39,0.65105155,0.59261266,0.59953162,32*,0.77517564,2,3,0.8125
C,Qwen2.5-7B-Instruct-RL,r8_7b,NA,seed1,existence_check,20,cd/490261,256,200,4,52,0.6583231,0.40903914,0.6617284,60-,0.80246914,2,5,0.683594
C,Qwen2.5-7B-Instruct-RL,r8_7b,NA,seed1,existence_check,20,cd/490260,256,176,4,76,0.54265579,0.49394659,0.69859155,67-,0.83098592,2,3,0.816406
C,Qwen2.5-7B-Instruct-RL,r8_7b,NA,seed1,existence_check,20,cd/490259,256,154,6,96,0.12923854,0.11763798,0.95176849,74-,0.97427653,1,3,0.546875
C,Qwen2.5-7B-Instruct-RL,r8_7b,NA,seed1,existence_check,20,cd/490258,256,212,5,39,0.96387916,0.46352789,0.56018519,84-,0.70601852,2,8,0.421875
C,Qwen2.5-7B-Instruct-RL,r8_7b,NA,seed1,existence_check,20,cd/490256,256,222,3,31,0.97870496,0.60810358,0.49888641,79-,0.66592428,3,5,0.714844
C,Qwen2.5-7B-Instruct-RL,r8_7b,NA,seed1,existence_check,20,cd/490254,256,28,4,224,1.00982425,0.91918165,0.23728814,90/,0.52542373,3,3,0.457031
C,Qwen2.5-7B-Instruct-RL,r8_7b,NA,seed1,existence_check,20,cd/490249,256,242,1,13,0.82248565,0.42267401,0.58248473,96-,0.74745418,2,7,0.222656
C,Qwen2.5-7B-Instruct-RL,r8_7b,NA,seed1,existence_check,20,cd/490248,256,182,1,73,0.57259917,0.82608598,0.48087432,69-,0.74043716,2,2,0.050781
C,Qwen2.5-7B-Instruct-RL,r8_7b,NA,seed1,existence_check,20,cd/490246,256,228,7,21,0.84477085,0.52488564,0.42516269,52-,0.67895879,2,5,0.796875
C,Qwen2.5-7B-Instruct-RL,r8_7b,NA,seed1,existence_check,20,cd/490245,256,246,2,8,1.03438192,0.49743255,0.516,93-,0.67,2,8,0.238281
C,Qwen2.5-7B-Instruct-RL,r8_7b,NA,seed1,existence_check,20,cd/490243,256,200,1,55,0.82181615,0.51062308,0.61234568,72-,0.74814815,2,5,0.585938
C,Qwen2.5-7B-Instruct-RL,r8_7b,NA,seed1,existence_check,20,cd/490241,256,226,2,28,0.61342627,0.38114317,0.55142232,98-,0.76805252,2,5,0.539062
C,Qwen2.5-7B-Instruct-RL,r8_7b,NA,seed1,existence_check,20,cd/490240,256,226,5,25,0.558076,0.34675212,0.77899344,85-,0.85557987,1,5,0.6875
C,Qwen2.5-7B-Instruct-RL,r8_7b,NA,seed1,existence_check,20,cd/490239,256,20,0,236,0.67211985,0.61178985,0.46511628,27-,0.72093023,2,3,0.015625
C,Qwen2.5-7B-Instruct-RL,r8_7b,NA,seed1,existence_check,20,cd/490237,256,172,0,84,0.01978321,0.02854115,0.99421965,96-,0.99710983,1,2,0.011719
C,Qwen2.5-7B-Instruct-RL,r8_7b,NA,seed1,existence_check,20,cd/490236,256,226,5,25,1.36354909,0.6557285,0.20869565,97-,0.48043478,3,8,0.085938
C,Qwen2.5-7B-Instruct-RL,r8_7b,NA,seed1,existence_check,20,cd/490235,256,246,2,8,1.01616402,0.52220501,0.39679359,90-,0.63527054,2,7,0.15625
C,Qwen2.5-7B-Instruct-RL,r8_7b,NA,seed1,existence_check,20,cd/490234,256,232,4,20,0.43600054,0.27090237,0.84008529,83-,0.89765458,1,5,0.964844
C,Qwen2.5-7B-Instruct-RL,r8_7b,NA,seed1,existence_check,20,cd/490233,256,230,2,24,0.99976329,0.62118786,0.47741935,92+,0.66451613,2,5,0.957031
C,Qwen2.5-7B-Instruct-RL,r8_7b,NA,seed1,existence_check,20,cd/490232,256,140,2,114,0.19935128,0.18145736,0.92579505,88-,0.95759717,1,3,0.0
C,Qwen2.5-7B-Instruct-RL,r8_7b,NA,seed1,existence_check,20,cd/490231,256,217,4,35,0.6212944,0.29877945,0.77375566,66-,0.85294118,1,8,0.421875
C,Qwen2.5-7B-Instruct-RL,r8_7b,NA,seed1,existence_check,20,cd/490229,256,175,1,80,1.17558847,0.56533855,0.31284916,87+,0.58379888,2,8,0.261719
C,Qwen2.5-7B-Instruct-RL,r8_7b,NA,seed1,existence_check,20,cd/490228,256,153,3,100,0.69209167,0.43002073,0.67524116,56+,0.79421222,2,5,0.929688
C,Qwen2.5-7B-Instruct-RL,r8_7b,NA,seed1,existence_check,20,cd/490227,256,210,2,44,0.97203973,0.60396224,0.42823529,35+,0.64705882,2,5,0.882812
C,Qwen2.5-7B-Instruct-RL,r8_7b,NA,seed1,existence_check,20,cd/490225,256,233,3,20,0.33286349,0.20681971,0.9044586,91-,0.93205945,1,5,0.925781
C,Qwen2.5-7B-Instruct-RL,r8_7b,NA,seed1,existence_check,20,cd/490221,256,226,2,28,0.30077798,0.18688387,0.88840263,79-,0.93435449,1,5,0.925781
C,Qwen2.5-7B-Instruct-RL,r8_7b,NA,seed1,existence_check,20,cd/490219,256,208,1,47,0.94272438,0.58574759,0.51781473,94+,0.68646081,2,5,0.84375
C,Qwen2.5-7B-Instruct-RL,r8_7b,NA,seed1,existence_check,20,cd/490217,256,182,11,63,0.18183076,0.16550949,0.93188011,74-,0.96185286,1,3,0.0
C,Qwen2.5-7B-Instruct-RL,r8_7b,NA,seed1,existence_check,20,cd/490215,256,238,3,15,0.62372287,0.38754081,0.63617464,61-,0.8004158,2,5,0.941406
C,Qwen2.5-7B-Instruct-RL,r8_7b,NA,seed1,existence_check,20,cd/490214,256,160,2,94,0.1569749,0.14288471,0.94736842,73-,0.96904025,1,3,0.65625
C,Qwen2.5-7B-Instruct-RL,r8_7b,NA,seed1,existence_check,20,cd/490213,256,206,2,48,1.35313463,0.69537364,0.00954654,34-,0.35083532,3,7,0.050781
C,Qwen2.5-7B-Instruct-RL,r8_7b,NA,seed1,existence_check,20,cd/490212,256,220,4,32,1.22423387,0.76065927,0.13033708,42+,0.44269663,3,5,0.929688
C,Qwen2.5-7B-Instruct-RL,r8_7b,NA,seed1,existence_check,20,cd/490211,256,229,6,21,0.32633,0.20276023,0.8812095,79-,0.92656587,1,5,0.933594
C,Qwen2.5-7B-Instruct-RL,r8_7b,NA,seed1,existence_check,20,cd/490208,256,232,5,19,0.7851539,0.48784354,0.07249467,94-,0.52665245,2,5,0.835938
C,Qwen2.5-7B-Instruct-RL,r8_7b,NA,seed1,existence_check,20,cd/490207,256,160,6,90,1.10977242,0.68954037,0.19692308,80+,0.52615385,2,5,0.976562
C,Qwen2.5-7B-Instruct-RL,r8_7b,NA,seed1,existence_check,20,cd/490206,256,221,5,30,0.84968859,0.5279412,0.53243848,68-,0.71812081,2,5,0.632812
C,Qwen2.5-7B-Instruct-RL,r8_7b,NA,seed1,existence_check,20,cd/490205,256,148,2,106,0.90156732,0.56017527,0.43189369,72+,0.66112957,2,5,0.972656
C,Qwen2.5-7B-Instruct-RL,r8_7b,NA,seed1,existence_check,20,cd/490204,256,211,4,41,0.96183305,0.46254392,0.34418605,90-,0.63023256,2,8,0.117188
C,Qwen2.5-7B-Instruct-RL,r8_7b,NA,seed1,existence_check,20,cd/490203,256,150,1,105,0.67394361,0.61344991,0.27722772,38+,0.6369637,2,3,0.867188
C,Qwen2.5-7B-Instruct-RL,r8_7b,NA,seed1,existence_check,20,cd/490202,256,174,4,78,0.09803911,0.14144054,0.96,97-,0.98,1,2,0.035156
C,Qwen2.5-7B-Instruct-RL,r8_7b,NA,seed1,existence_check,20,cd/490201,256,220,3,33,0.75418361,0.46860062,0.69662921,82+,0.79775281,2,5,0.960938
C,Qwen2.5-7B-Instruct-RL,r8_7b,NA,seed1,existence_check,20,cd/490199,256,87,2,167,1.26035873,0.78310491,0.34636872,57+,0.53072626,3,5,0.90625
C,Qwen2.5-7B-Instruct-RL,r8_7b,NA,seed1,existence_check,25,cd/490363,256,250,0,6,1.06380781,0.51158342,0.38188976,83-,0.62401575,2,8,0.425781
C,Qwen2.5-7B-Instruct-RL,r8_7b,NA,seed1,existence_check,25,cd/490361,256,137,14,105,0.16708461,0.15208696,0.93140794,98-,0.96389892,1,3,0.839844
C,Qwen2.5-7B-Instruct-RL,r8_7b,NA,seed1,existence_check,25,cd/490360,256,101,0,155,1.41159109,0.72541432,0.09569378,73-,0.41626794,3,7,0.238281
C,Qwen2.5-7B-Instruct-RL,r8_7b,NA,seed1,existence_check,25,cd/490357,256,230,3,23,0.97593265,0.60638105,0.35698925,89-,0.6172043,2,5,0.714844
C,Qwen2.5-7B-Instruct-RL,r8_7b,NA,seed1,existence_check,25,cd/490356,256,204,0,52,0.82616145,0.46108949,0.51207729,79-,0.72222222,2,6,0.261719
C,Qwen2.5-7B-Instruct-RL,r8_7b,NA,seed1,existence_check,25,cd/490354,256,227,1,28,1.15045694,0.4996371,0.01293103,39-,0.45474138,2,10,0.148438
C,Qwen2.5-7B-Instruct-RL,r8_7b,NA,seed1,existence_check,25,cd/490353,256,199,7,50,0.55287635,0.34352139,0.67493797,62-,0.82630273,2,5,0.925781
C,Qwen2.5-7B-Instruct-RL,r8_7b,NA,seed1,existence_check,25,cd/490352,256,85,0,171,0.81554554,0.50672694,0.65142857,57-,0.76,2,5,0.007812
C,Qwen2.5-7B-Instruct-RL,r8_7b,NA,seed1,existence_check,25,cd/490351,256,160,0,96,1.07556444,0.55273079,0.3058104,77+,0.59021407,2,7,0.34375
C,Qwen2.5-7B-Instruct-RL,r8_7b,NA,seed1,existence_check,25,cd/490348,256,216,5,35,0.97692445,0.60699729,0.53089245,52-,0.67963387,2,5,0.105469
C,Qwen2.5-7B-Instruct-RL,r8_7b,NA,seed1,existence_check,25,cd/490347,256,240,0,16,1.43703107,0.69106587,0.20901639,59-,0.42827869,4,8,0.199219
C,Qwen2.5-7B-Instruct-RL,r8_7b,NA,seed1,existence_check,25,cd/490344,256,223,4,29,0.35081917,0.31932937,0.78841871,88-,0.89309577,2,3,0.953125
C,Qwen2.5-7B-Instruct-RL,r8_7b,NA,seed1,existence_check,25,cd/490343,256,250,0,6,0.9344543,0.48021451,0.43786982,94-,0.6765286,2,7,0.253906
C,Qwen2.5-7B-Instruct-RL,r8_7b,NA,seed1,existence_check,25,cd/490342,256,125,0,131,1.59846757,0.82144983,0.14785992,68+,0.3618677,4,7,0.132812
C,Qwen2.5-7B-Instruct-RL,r8_7b,NA,seed1,existence_check,25,cd/490341,256,229,1,26,1.31819339,0.59993567,0.04710921,44-,0.40899358,3,9,0.070312
C,Qwen2.5-7B-Instruct-RL,r8_7b,NA,seed1,existence_check,25,cd/490340,256,159,0,97,0.50566373,0.36475928,0.77639752,96-,0.86645963,1,4,0.402344
C,Qwen2.5-7B-Instruct-RL,r8_7b,NA,seed1,existence_check,25,cd/490339,256,146,1,109,1.10861499,0.68882122,0.3030303,45+,0.56228956,3,5,0.960938
C,Qwen2.5-7B-Instruct-RL,r8_7b,NA,seed1,existence_check,25,cd/490338,256,241,0,15,0.82081266,0.39472745,0.70204082,92-,0.79795918,1,8,0.601562
C,Qwen2.5-7B-Instruct-RL,r8_7b,NA,seed1,existence_check,25,cd/490337,256,225,6,25,0.76140068,0.47308484,0.45274725,79-,0.70549451,2,5,0.855469
C,Qwen2.5-7B-Instruct-RL,r8_7b,NA,seed1,existence_check,25,cd/490335,256,188,3,65,1.08037759,0.55520425,0.38642298,65+,0.61879896,2,7,0.71875
C,Qwen2.5-7B-Instruct-RL,r8_7b,NA,seed1,existence_check,25,cd/490334,256,134,3,119,0.78295051,0.48647451,0.62271062,46+,0.75824176,2,5,0.960938
C,Qwen2.5-7B-Instruct-RL,r8_7b,NA,seed1,existence_check,25,cd/490333,256,30,1,225,0.59402417,0.5407041,0.66666667,55-,0.80952381,2,3,0.003906
C,Qwen2.5-7B-Instruct-RL,r8_7b,NA,seed1,existence_check,25,cd/490331,256,239,1,16,1.16892733,0.56213522,0.48971193,63-,0.63580247,3,8,0.3125
C,Qwen2.5-7B-Instruct-RL,r8_7b,NA,seed1,existence_check,25,cd/490330,256,41,0,215,0.75122557,0.68379498,0.61176471,85-,0.74117647,3,3,0.03125
C,Qwen2.5-7B-Instruct-RL,r8_7b,NA,seed1,existence_check,25,cd/490327,256,249,0,7,1.31459473,0.63218643,0.02766798,50-,0.40118577,3,8,0.523438
C,Qwen2.5-7B-Instruct-RL,r8_7b,NA,seed1,existence_check,25,cd/490325,256,237,0,19,0.77891534,0.4002833,0.53222453,90-,0.73804574,2,7,0.164062
C,Qwen2.5-7B-Instruct-RL,r8_7b,NA,seed1,existence_check,25,cd/490324,256,219,5,32,0.49248037,0.30599526,0.74943567,99-,0.86004515,2,5,0.886719
C,Qwen2.5-7B-Instruct-RL,r8_7b,NA,seed1,existence_check,25,cd/490322,256,206,7,43,1.01413938,0.63012022,0.39808153,55+,0.63069544,2,5,0.933594
C,Qwen2.5-7B-Instruct-RL,r8_7b,NA,seed1,existence_check,25,cd/490321,256,204,0,52,0.67812729,0.61725806,0.49635036,64-,0.7323601,2,3,0.011719
C,Qwen2.5-7B-Instruct-RL,r8_7b,NA,seed1,existence_check,25,cd/490320,256,46,2,208,0.55641565,0.8027381,0.5106383,36*,0.75531915,2,2,0.148438
C,Qwen2.5-7B-Instruct-RL,r8_7b,NA,seed1,existence_check,25,cd/490317,256,225,7,24,0.9438421,0.58644207,0.43076923,47-,0.66153846,2,5,0.925781
C,Qwen2.5-7B-Instruct-RL,r8_7b,NA,seed1,existence_check,25,cd/490316,256,231,5,20,1.05431995,0.65508582,0.39400428,26-,0.60171306,3,5,0.902344
C,Qwen2.5-7B-Instruct-RL,r8_7b,NA,seed1,existence_check,25,cd/490315,256,244,1,11,0.60545507,0.37619039,0.74239351,87-,0.84178499,1,5,0.851562
C,Qwen2.5-7B-Instruct-RL,r8_7b,NA,seed1,existence_check,25,cd/490313,256,228,5,23,0.56493989,0.35101689,0.79826464,98-,0.86117137,1,5,0.945312
C,Qwen2.5-7B-Instruct-RL,r8_7b,NA,seed1,existence_check,25,cd/490312,256,218,3,35,0.33645503,0.30625457,0.80182232,90-,0.89977221,1,3,0.9375
C,Qwen2.5-7B-Instruct-RL,r8_7b,NA,seed1,existence_check,25,cd/490309,256,248,1,7,1.12597769,0.45312676,0.29527559,96-,0.58464567,2,12,0.0625
C,Qwen2.5-7B-Instruct-RL,r8_7b,NA,seed1,existence_check,25,cd/490308,256,99,1,156,0.43128494,0.62221264,0.69,11*,0.845,2,2,0.640625
C,Qwen2.5-7B-Instruct-RL,r8_7b,NA,seed1,existence_check,25,cd/490307,256,248,1,7,0.9698063,0.46637825,0.55952381,72-,0.70436508,3,8,0.441406
C,Qwen2.5-7B-Instruct-RL,r8_7b,NA,seed1,existence_check,25,cd/490306,256,8,1,247,0.69314718,1.0,0.0,50-,0.5,2,2,0.0
C,Qwen2.5-7B-Instruct-RL,r8_7b,NA,seed1,existence_check,25,cd/490305,256,102,0,154,0.11422823,0.1647965,0.95145631,15*,0.97572816,1,2,0.492188
C,Qwen2.5-7B-Instruct-RL,r8_7b,NA,seed1,existence_check,25,cd/490304,256,59,12,185,0.43368397,0.39475616,0.80991736,76-,0.88429752,1,3,0.007812
C,Qwen2.5-7B-Instruct-RL,r8_7b,NA,seed1,existence_check,25,cd/490303,256,140,0,116,1.40449698,0.67542028,0.07638889,68+,0.42013889,3,8,0.535156
C,Qwen2.5-7B-Instruct-RL,r8_7b,NA,seed1,existence_check,25,cd/490297,256,111,2,143,0.59317201,0.53992843,0.48888889,22+,0.74222222,2,3,0.832031
C,Qwen2.5-7B-Instruct-RL,r8_7b,NA,seed1,existence_check,25,cd/490296,256,245,0,11,1.05089452,0.50537344,0.05220884,80-,0.47991968,2,8,0.546875
C,Qwen2.5-7B-Instruct-RL,r8_7b,NA,seed1,existence_check,25,cd/490292,256,169,0,87,1.11181889,0.48285681,0.38505747,44+,0.62356322,2,10,0.167969
C,Qwen2.5-7B-Instruct-RL,r8_7b,NA,seed1,existence_check,25,cd/490290,256,115,8,133,1.29956418,0.80746463,0.23829787,40+,0.48085106,4,5,0.597656
C,Qwen2.5-7B-Instruct-RL,r8_7b,NA,seed1,existence_check,25,cd/490288,256,187,0,69,0.52022629,0.29034382,0.65789474,24*,0.82368421,2,6,0.101562
C,Qwen2.5-7B-Instruct-RL,r8_7b,NA,seed1,existence_check,25,cd/490287,256,229,2,25,0.9829617,0.61074844,0.33693305,97-,0.61555076,2,5,0.578125
C,Qwen2.5-7B-Instruct-RL,r8_7b,NA,seed1,existence_check,25,cd/490283,256,234,3,19,0.70270188,0.43661323,0.68498943,91-,0.8012685,2,5,0.78125
C,Qwen2.5-7B-Instruct-RL,r8_7b,NA,seed1,existence_check,25,cd/490282,256,213,5,38,0.96865097,0.60185669,0.0324826,78+,0.47099768,2,5,0.9375
C,Qwen2.5-7B-Instruct-RL,r8_7b,NA,seed1,existence_check,25,cd/490281,256,237,4,15,0.49366743,0.30673282,0.75156576,27-,0.86221294,2,5,0.976562
C,Qwen2.5-7B-Instruct-RL,r8_7b,NA,seed1,existence_check,25,cd/490280,256,228,7,21,0.99067066,0.61553829,0.46420824,45-,0.64859002,3,5,0.769531
C,Qwen2.5-7B-Instruct-RL,r8_7b,NA,seed1,existence_check,25,cd/490279,256,238,2,16,1.02379028,0.63611666,0.004158,45-,0.44698545,2,5,0.859375
C,Qwen2.5-7B-Instruct-RL,r8_7b,NA,seed1,existence_check,25,cd/490276,256,237,7,12,0.62075263,0.3856953,0.78914405,83-,0.84968685,1,5,0.855469
C,Qwen2.5-7B-Instruct-RL,r8_7b,NA,seed1,existence_check,25,cd/490275,256,16,1,239,0.66520426,0.95968689,0.23529412,39-,0.61764706,2,2,0.089844
C,Qwen2.5-7B-Instruct-RL,r8_7b,NA,seed1,existence_check,25,cd/490274,256,141,2,113,0.4663035,0.33636687,0.74825175,55-,0.86363636,2,4,0.019531
C,Qwen2.5-7B-Instruct-RL,r8_7b,NA,seed1,existence_check,25,cd/490271,256,235,2,19,0.88148708,0.54769872,0.53052632,95-,0.70526316,2,5,0.929688
C,Qwen2.5-7B-Instruct-RL,r8_7b,NA,seed1,existence_check,25,cd/490270,256,176,0,80,0.52374362,0.75560232,0.56497175,88-,0.78248588,2,2,0.054688
C,Qwen2.5-7B-Instruct-RL,r8_7b,NA,seed1,existence_check,25,cd/490268,256,61,1,194,0.78439354,0.71398577,0.304,7+,0.632,2,3,0.722656
C,Qwen2.5-7B-Instruct-RL,r8_7b,NA,seed1,existence_check,25,cd/490267,256,238,3,15,0.53391476,0.3317399,0.80665281,75-,0.86694387,1,5,0.914062
C,Qwen2.5-7B-Instruct-RL,r8_7b,NA,seed1,existence_check,25,cd/490266,256,223,0,33,0.9381983,0.58293538,0.07538803,83-,0.50776053,2,5,0.027344
C,Qwen2.5-7B-Instruct-RL,r8_7b,NA,seed1,existence_check,25,cd/490264,256,21,1,234,0.48509409,0.44155167,0.8,34-,0.86666667,1,3,0.066406
C,Qwen2.5-7B-Instruct-RL,r8_7b,NA,seed1,existence_check,25,cd/490263,256,243,0,13,1.1216021,0.5393766,0.44534413,32-,0.62550607,3,8,0.25
C,Qwen2.5-7B-Instruct-RL,r8_7b,NA,seed1,existence_check,25,cd/490262,256,207,3,46,0.67274993,0.61236338,0.54196643,32*,0.75059952,2,3,0.714844
C,Qwen2.5-7B-Instruct-RL,r8_7b,NA,seed1,existence_check,25,cd/490261,256,198,7,51,0.72172378,0.4484322,0.55860349,60-,0.75561097,2,5,0.730469
C,Qwen2.5-7B-Instruct-RL,r8_7b,NA,seed1,existence_check,25,cd/490260,256,169,1,86,0.35157283,0.32001539,0.85043988,67-,0.91202346,1,3,0.878906
C,Qwen2.5-7B-Instruct-RL,r8_7b,NA,seed1,existence_check,25,cd/490259,256,160,4,92,0.22105035,0.2012087,0.91021672,74-,0.9504644,1,3,0.703125
C,Qwen2.5-7B-Instruct-RL,r8_7b,NA,seed1,existence_check,25,cd/490258,256,223,0,33,0.90352677,0.43450453,0.56828194,84-,0.72026432,2,8,0.683594
C,Qwen2.5-7B-Instruct-RL,r8_7b,NA,seed1,existence_check,25,cd/490256,256,229,2,25,0.84528215,0.52520333,0.53563715,79-,0.71058315,3,5,0.769531
C,Qwen2.5-7B-Instruct-RL,r8_7b,NA,seed1,existence_check,25,cd/490254,256,23,4,229,0.91215406,0.8302784,0.44897959,5*,0.63265306,3,3,0.402344
C,Qwen2.5-7B-Instruct-RL,r8_7b,NA,seed1,existence_check,25,cd/490249,256,226,0,30,0.7823544,0.40205063,0.68409586,96-,0.79084967,2,7,0.316406
C,Qwen2.5-7B-Instruct-RL,r8_7b,NA,seed1,existence_check,25,cd/490248,256,184,7,65,0.61974787,0.89410718,0.37837838,69-,0.68918919,2,2,0.066406
C,Qwen2.5-7B-Instruct-RL,r8_7b,NA,seed1,existence_check,25,cd/490246,256,228,2,26,0.79699412,0.49520029,0.55531453,52-,0.73969631,2,5,0.898438
C,Qwen2.5-7B-Instruct-RL,r8_7b,NA,seed1,existence_check,25,cd/490245,256,239,2,15,1.21018822,0.58197751,0.3744856,93-,0.54938272,3,8,0.445312
C,Qwen2.5-7B-Instruct-RL,r8_7b,NA,seed1,existence_check,25,cd/490243,256,210,2,44,0.76489184,0.47525402,0.72470588,72-,0.79764706,1,5,0.527344
C,Qwen2.5-7B-Instruct-RL,r8_7b,NA,seed1,existence_check,25,cd/490241,256,219,2,35,0.77242334,0.47993361,0.43792325,98-,0.69751693,2,5,0.457031
C,Qwen2.5-7B-Instruct-RL,r8_7b,NA,seed1,existence_check,25,cd/490240,256,233,1,22,0.78565555,0.48815524,0.6029724,85-,0.74946921,2,5,0.738281
C,Qwen2.5-7B-Instruct-RL,r8_7b,NA,seed1,existence_check,25,cd/490239,256,46,0,210,0.49274917,0.44851963,0.67368421,27-,0.83157895,2,3,0.046875
C,Qwen2.5-7B-Instruct-RL,r8_7b,NA,seed1,existence_check,25,cd/490237,256,161,0,95,0.07968441,0.1149603,0.9691358,96-,0.9845679,1,2,0.007812
C,Qwen2.5-7B-Instruct-RL,r8_7b,NA,seed1,existence_check,25,cd/490236,256,217,4,35,1.28829653,0.61953967,0.14027149,97-,0.47285068,2,8,0.175781
C,Qwen2.5-7B-Instruct-RL,r8_7b,NA,seed1,existence_check,25,cd/490235,256,240,4,12,1.09917484,0.56486413,0.3613963,90-,0.60164271,2,7,0.222656
C,Qwen2.5-7B-Instruct-RL,r8_7b,NA,seed1,existence_check,25,cd/490234,256,237,3,16,0.59126183,0.36737163,0.78079332,83-,0.84968685,1,5,0.925781
C,Qwen2.5-7B-Instruct-RL,r8_7b,NA,seed1,existence_check,25,cd/490233,256,217,4,35,1.15536782,0.71787039,0.32801822,92+,0.54897494,3,5,0.9375
C,Qwen2.5-7B-Instruct-RL,r8_7b,NA,seed1,existence_check,25,cd/490232,256,139,0,117,0.11287694,0.10274502,0.96085409,88-,0.97864769,1,3,0.0
C,Qwen2.5-7B-Instruct-RL,r8_7b,NA,seed1,existence_check,25,cd/490231,256,232,0,24,0.76185284,0.36637377,0.70762712,66-,0.80720339,1,8,0.527344
C,Qwen2.5-7B-Instruct-RL,r8_7b,NA,seed1,existence_check,25,cd/490229,256,209,0,47,1.41518203,0.6805587,0.22535211,87+,0.49061033,2,8,0.339844
C,Qwen2.5-7B-Instruct-RL,r8_7b,NA,seed1,existence_check,25,cd/490228,256,161,7,88,0.61682092,0.38325238,0.73394495,56+,0.82262997,1,5,0.960938
C,Qwen2.5-7B-Instruct-RL,r8_7b,NA,seed1,existence_check,25,cd/490227,256,218,6,32,1.09468997,0.68016912,0.33106576,35+,0.57369615,3,5,0.9375
C,Qwen2.5-7B-Instruct-RL,r8_7b,NA,seed1,existence_check,25,cd/490225,256,226,1,29,0.45630052,0.28351545,0.82713348,91-,0.89059081,1,5,0.910156
C,Qwen2.5-7B-Instruct-RL,r8_7b,NA,seed1,existence_check,25,cd/490221,256,233,3,20,0.44830546,0.27854785,0.76433121,79-,0.87261146,2,5,0.921875
C,Qwen2.5-7B-Instruct-RL,r8_7b,NA,seed1,existence_check,25,cd/490219,256,212,3,41,1.11767762,0.69445215,0.35431235,94+,0.59440559,2,5,0.820312
C,Qwen2.5-7B-Instruct-RL,r8_7b,NA,seed1,existence_check,25,cd/490217,256,183,2,71,0.32099442,0.29218172,0.88346883,74-,0.92411924,1,3,0.0
C,Qwen2.5-7B-Instruct-RL,r8_7b,NA,seed1,existence_check,25,cd/490215,256,223,17,16,0.58365598,0.36264585,0.64745011,61-,0.80931264,2,5,0.921875
C,Qwen2.5-7B-Instruct-RL,r8_7b,NA,seed1,existence_check,25,cd/490214,256,177,3,76,0.11571485,0.1053282,0.95798319,73-,0.97759104,1,3,0.757812
C,Qwen2.5-7B-Instruct-RL,r8_7b,NA,seed1,existence_check,25,cd/490213,256,202,3,51,1.25690462,0.6459212,0.25790754,44-,0.48905109,3,7,0.074219
C,Qwen2.5-7B-Instruct-RL,r8_7b,NA,seed1,existence_check,25,cd/490212,256,210,7,39,1.36183161,0.84615356,0.01411765,42+,0.34117647,4,5,0.933594
C,Qwen2.5-7B-Instruct-RL,r8_7b,NA,seed1,existence_check,25,cd/490211,256,232,5,19,0.60744318,0.37742567,0.72921109,79-,0.8336887,2,5,0.945312
C,Qwen2.5-7B-Instruct-RL,r8_7b,NA,seed1,existence_check,25,cd/490208,256,242,0,14,0.76387628,0.47462302,0.10633947,94-,0.54601227,2,5,0.90625
C,Qwen2.5-7B-Instruct-RL,r8_7b,NA,seed1,existence_check,25,cd/490207,256,155,2,99,1.12645161,0.69990374,0.13333333,80+,0.4984127,2,5,0.980469
C,Qwen2.5-7B-Instruct-RL,r8_7b,NA,seed1,existence_check,25,cd/490206,256,223,4,29,0.78134104,0.48547448,0.54545455,68-,0.7383592,2,5,0.6875
C,Qwen2.5-7B-Instruct-RL,r8_7b,NA,seed1,existence_check,25,cd/490205,256,164,5,87,0.78724627,0.48914361,0.57057057,72+,0.74774775,2,5,0.96875
C,Qwen2.5-7B-Instruct-RL,r8_7b,NA,seed1,existence_check,25,cd/490204,256,217,2,37,1.05669679,0.50816374,0.31221719,90-,0.59954751,2,8,0.152344
C,Qwen2.5-7B-Instruct-RL,r8_7b,NA,seed1,existence_check,25,cd/490203,256,169,3,84,0.66557851,0.60583567,0.29912023,38+,0.64809384,2,3,0.871094
C,Qwen2.5-7B-Instruct-RL,r8_7b,NA,seed1,existence_check,25,cd/490202,256,183,0,73,0.11490968,0.16577963,0.95108696,97-,0.97554348,1,2,0.039062
C,Qwen2.5-7B-Instruct-RL,r8_7b,NA,seed1,existence_check,25,cd/490201,256,206,2,48,0.87621949,0.54442578,0.50359712,82+,0.70743405,2,5,0.933594
C,Qwen2.5-7B-Instruct-RL,r8_7b,NA,seed1,existence_check,25,cd/490199,256,136,6,114,1.21661089,0.75592285,0.29602888,57+,0.51624549,3,5,0.90625
C,Qwen2.5-7B-Instruct-RL,r8_7b,NA,seed2,existence_check,5,cd/490363,256,198,58,0,0.95051169,0.4570995,0.13366337,83-,0.53712871,2,8,0.167969
C,Qwen2.5-7B-Instruct-RL,r8_7b,NA,seed2,existence_check,5,cd/490361,256,113,75,68,0.09783367,0.08905205,0.96943231,98-,0.98253275,1,3,0.5625
C,Qwen2.5-7B-Instruct-RL,r8_7b,NA,seed2,existence_check,5,cd/490360,256,56,49,151,1.5887,0.81643029,0.01680672,63+,0.32773109,4,7,0.078125
C,Qwen2.5-7B-Instruct-RL,r8_7b,NA,seed2,existence_check,5,cd/490357,256,186,50,20,0.84032716,0.52212462,0.53580902,89-,0.72413793,2,5,0.570312
C,Qwen2.5-7B-Instruct-RL,r8_7b,NA,seed2,existence_check,5,cd/490356,256,165,41,50,0.62504764,0.34884573,0.70238095,79-,0.82440476,2,6,0.1875
C,Qwen2.5-7B-Instruct-RL,r8_7b,NA,seed2,existence_check,5,cd/490354,256,163,47,46,1.26510925,0.54942997,0.13095238,39-,0.48511905,2,10,0.054688
C,Qwen2.5-7B-Instruct-RL,r8_7b,NA,seed2,existence_check,5,cd/490353,256,161,56,39,0.44530165,0.27668147,0.77675841,62-,0.87767584,2,5,0.652344
C,Qwen2.5-7B-Instruct-RL,r8_7b,NA,seed2,existence_check,5,cd/490352,256,94,73,89,0.98515347,0.61211027,0.12435233,57-,0.52331606,2,5,0.023438
C,Qwen2.5-7B-Instruct-RL,r8_7b,NA,seed2,existence_check,5,cd/490351,256,148,41,67,1.1862029,0.6095877,0.25082508,77+,0.52475248,3,7,0.152344
C,Qwen2.5-7B-Instruct-RL,r8_7b,NA,seed2,existence_check,5,cd/490348,256,136,56,64,1.01077813,0.62803177,0.46931408,52-,0.6534296,2,5,0.035156
C,Qwen2.5-7B-Instruct-RL,r8_7b,NA,seed2,existence_check,5,cd/490347,256,189,58,9,1.48088749,0.71215634,0.15544041,59-,0.39637306,4,8,0.054688
C,Qwen2.5-7B-Instruct-RL,r8_7b,NA,seed2,existence_check,5,cd/490344,256,183,40,33,0.36723721,0.33427372,0.77506775,88-,0.88617886,2,3,0.699219
C,Qwen2.5-7B-Instruct-RL,r8_7b,NA,seed2,existence_check,5,cd/490343,256,210,41,5,0.76386153,0.39254717,0.59484778,94-,0.76580796,2,7,0.070312
C,Qwen2.5-7B-Instruct-RL,r8_7b,NA,seed2,existence_check,5,cd/490342,256,101,46,109,1.43133819,0.73556232,0.41148325,68+,0.55980861,2,7,0.027344
C,Qwen2.5-7B-Instruct-RL,r8_7b,NA,seed2,existence_check,5,cd/490341,256,145,47,64,1.38347627,0.62964719,0.0735786,29-,0.39130435,3,9,0.015625
C,Qwen2.5-7B-Instruct-RL,r8_7b,NA,seed2,existence_check,5,cd/490340,256,134,53,69,0.7263836,0.52397501,0.50735294,96-,0.73161765,2,4,0.175781
C,Qwen2.5-7B-Instruct-RL,r8_7b,NA,seed2,existence_check,5,cd/490339,256,117,36,103,1.17917689,0.7326638,0.32635983,45+,0.54811715,4,5,0.722656
C,Qwen2.5-7B-Instruct-RL,r8_7b,NA,seed2,existence_check,5,cd/490338,256,184,62,10,0.46036002,0.22138637,0.87234043,92-,0.90691489,1,8,0.347656
C,Qwen2.5-7B-Instruct-RL,r8_7b,NA,seed2,existence_check,5,cd/490337,256,185,52,19,0.67539597,0.41964711,0.67733333,79-,0.80266667,2,5,0.742188
C,Qwen2.5-7B-Instruct-RL,r8_7b,NA,seed2,existence_check,5,cd/490335,256,161,44,51,0.85314299,0.43842877,0.54711246,65+,0.7325228,2,7,0.417969
C,Qwen2.5-7B-Instruct-RL,r8_7b,NA,seed2,existence_check,5,cd/490334,256,110,31,115,0.8192225,0.50901156,0.53333333,46+,0.71555556,2,5,0.710938
C,Qwen2.5-7B-Instruct-RL,r8_7b,NA,seed2,existence_check,5,cd/490333,256,8,54,194,0.83926956,0.76393607,0.21052632,55-,0.57894737,2,3,0.0
C,Qwen2.5-7B-Instruct-RL,r8_7b,NA,seed2,existence_check,5,cd/490331,256,169,57,30,1.14735547,0.55176135,0.51445087,63-,0.64450867,3,8,0.140625
C,Qwen2.5-7B-Instruct-RL,r8_7b,NA,seed2,existence_check,5,cd/490330,256,45,63,148,0.20158365,0.18348934,0.92473118,85-,0.95698925,1,3,0.003906
C,Qwen2.5-7B-Instruct-RL,r8_7b,NA,seed2,existence_check,5,cd/490327,256,192,48,16,1.25966649,0.60577153,0.14795918,95-,0.44642857,3,8,0.273438
C,Qwen2.5-7B-Instruct-RL,r8_7b,NA,seed2,existence_check,5,cd/490325,256,178,55,23,0.62012346,0.31868042,0.73829201,90-,0.84022039,2,7,0.050781
C,Qwen2.5-7B-Instruct-RL,r8_7b,NA,seed2,existence_check,5,cd/490324,256,158,70,28,0.44114011,0.27409576,0.82242991,99-,0.894081,1,5,0.789062
C,Qwen2.5-7B-Instruct-RL,r8_7b,NA,seed2,existence_check,5,cd/490322,256,170,57,29,0.81967045,0.50928988,0.63188406,55+,0.75072464,2,5,0.871094
C,Qwen2.5-7B-Instruct-RL,r8_7b,NA,seed2,existence_check,5,cd/490321,256,145,64,47,0.55707009,0.50706705,0.58703072,64-,0.7883959,2,3,0.0
C,Qwen2.5-7B-Instruct-RL,r8_7b,NA,seed2,existence_check,5,cd/490320,256,106,36,114,0.66332734,0.95697907,0.24299065,36*,0.62149533,2,2,0.1875
C,Qwen2.5-7B-Instruct-RL,r8_7b,NA,seed2,existence_check,5,cd/490317,256,183,53,20,0.96449954,0.59927726,0.44743935,47-,0.63881402,3,5,0.828125
C,Qwen2.5-7B-Instruct-RL,r8_7b,NA,seed2,existence_check,5,cd/490316,256,154,72,30,0.96640949,0.60046398,0.43450479,26-,0.6485623,3,5,0.730469
C,Qwen2.5-7B-Instruct-RL,r8_7b,NA,seed2,existence_check,5,cd/490315,256,188,62,6,0.4843582,0.30094867,0.81364829,87-,0.87926509,1,5,0.628906
C,Qwen2.5-7B-Instruct-RL,r8_7b,NA,seed2,existence_check,5,cd/490313,256,186,59,11,0.46076516,0.28628949,0.81697613,98-,0.88328912,1,5,0.820312
C,Qwen2.5-7B-Instruct-RL,r8_7b,NA,seed2,existence_check,5,cd/490312,256,186,37,33,0.35195901,0.32036689,0.78933333,90-,0.89333333,2,3,0.632812
C,Qwen2.5-7B-Instruct-RL,r8_7b,NA,seed2,existence_check,5,cd/490309,256,196,52,8,1.19527343,0.48101341,0.20792079,96-,0.53217822,2,12,0.003906
C,Qwen2.5-7B-Instruct-RL,r8_7b,NA,seed2,existence_check,5,cd/490308,256,95,43,118,0.18920898,0.27297086,0.90625,11*,0.953125,1,2,0.640625
C,Qwen2.5-7B-Instruct-RL,r8_7b,NA,seed2,existence_check,5,cd/490307,256,207,42,7,0.89843033,0.43205366,0.65402844,72-,0.75592417,2,8,0.183594
C,Qwen2.5-7B-Instruct-RL,r8_7b,NA,seed2,existence_check,5,cd/490306,256,7,49,200,0.62108637,0.89603823,0.375,50-,0.6875,2,2,0.003906
C,Qwen2.5-7B-Instruct-RL,r8_7b,NA,seed2,existence_check,5,cd/490305,256,111,33,112,0.07106661,0.10252745,0.97321429,15*,0.98660714,1,2,0.484375
C,Qwen2.5-7B-Instruct-RL,r8_7b,NA,seed2,existence_check,5,cd/490304,256,35,94,127,0.32112252,0.29229832,0.84931507,76-,0.91780822,1,3,0.011719
C,Qwen2.5-7B-Instruct-RL,r8_7b,NA,seed2,existence_check,5,cd/490303,256,111,37,108,0.93581392,0.45003136,0.34782609,68+,0.63913043,2,8,0.15625
C,Qwen2.5-7B-Instruct-RL,r8_7b,NA,seed2,existence_check,5,cd/490297,256,47,26,183,0.44382217,0.40398434,0.78350515,22+,0.87628866,1,3,0.550781
C,Qwen2.5-7B-Instruct-RL,r8_7b,NA,seed2,existence_check,5,cd/490296,256,203,45,8,1.10000278,0.52898952,0.12077295,99-,0.50483092,2,8,0.292969
C,Qwen2.5-7B-Instruct-RL,r8_7b,NA,seed2,existence_check,5,cd/490292,256,164,54,38,1.0223531,0.44400231,0.50887574,44+,0.68934911,2,10,0.164062
C,Qwen2.5-7B-Instruct-RL,r8_7b,NA,seed2,existence_check,5,cd/490290,256,97,53,106,1.30928732,0.81350595,0.07035176,40+,0.41708543,3,5,0.496094
C,Qwen2.5-7B-Instruct-RL,r8_7b,NA,seed2,existence_check,5,cd/490288,256,213,27,16,0.3458692,0.19303328,0.8287037,24*,0.90972222,1,6,0.066406
C,Qwen2.5-7B-Instruct-RL,r8_7b,NA,seed2,existence_check,5,cd/490287,256,166,65,25,0.89441863,0.55573354,0.45697329,97-,0.67952522,2,5,0.398438
C,Qwen2.5-7B-Instruct-RL,r8_7b,NA,seed2,existence_check,5,cd/490283,256,192,49,15,0.79129819,0.49166121,0.6066838,91-,0.75835476,2,5,0.664062
C,Qwen2.5-7B-Instruct-RL,r8_7b,NA,seed2,existence_check,5,cd/490282,256,130,89,37,0.9363163,0.58176602,0.39245283,78+,0.64528302,2,5,0.808594
C,Qwen2.5-7B-Instruct-RL,r8_7b,NA,seed2,existence_check,5,cd/490281,256,180,63,13,0.26075795,0.16201802,0.88767123,27-,0.93972603,1,5,0.871094
C,Qwen2.5-7B-Instruct-RL,r8_7b,NA,seed2,existence_check,5,cd/490280,256,182,62,12,0.7263135,0.45128395,0.68834688,45-,0.79403794,2,5,0.703125
C,Qwen2.5-7B-Instruct-RL,r8_7b,NA,seed2,existence_check,5,cd/490279,256,181,62,13,1.21495287,0.75489266,0.10899183,50-,0.45504087,3,5,0.738281
C,Qwen2.5-7B-Instruct-RL,r8_7b,NA,seed2,existence_check,5,cd/490276,256,193,56,7,0.3630507,0.22557608,0.89514066,83-,0.92327366,1,5,0.773438
C,Qwen2.5-7B-Instruct-RL,r8_7b,NA,seed2,existence_check,5,cd/490275,256,12,25,219,0.68126573,0.98285869,0.15384615,39-,0.57692308,2,2,0.101562
C,Qwen2.5-7B-Instruct-RL,r8_7b,NA,seed2,existence_check,5,cd/490274,256,124,47,85,0.29825216,0.21514345,0.85714286,55-,0.92460317,1,4,0.015625
C,Qwen2.5-7B-Instruct-RL,r8_7b,NA,seed2,existence_check,5,cd/490271,256,173,57,26,0.76852695,0.47751265,0.59259259,95-,0.76068376,2,5,0.785156
C,Qwen2.5-7B-Instruct-RL,r8_7b,NA,seed2,existence_check,5,cd/490270,256,118,68,70,0.33602224,0.48477762,0.78991597,88-,0.89495798,2,2,0.035156
C,Qwen2.5-7B-Instruct-RL,r8_7b,NA,seed2,existence_check,5,cd/490268,256,34,49,173,0.62498786,0.56888847,0.67605634,7+,0.8028169,2,3,0.554688
C,Qwen2.5-7B-Instruct-RL,r8_7b,NA,seed2,existence_check,5,cd/490267,256,177,51,28,0.48924844,0.30398715,0.82451253,75-,0.88300836,1,5,0.839844
C,Qwen2.5-7B-Instruct-RL,r8_7b,NA,seed2,existence_check,5,cd/490266,256,199,37,20,0.77952421,0.48434563,0.11414392,83-,0.5483871,2,5,0.003906
C,Qwen2.5-7B-Instruct-RL,r8_7b,NA,seed2,existence_check,5,cd/490264,256,39,58,159,0.50279228,0.45766126,0.74074074,34-,0.85185185,2,3,0.054688
C,Qwen2.5-7B-Instruct-RL,r8_7b,NA,seed2,existence_check,5,cd/490263,256,180,54,22,1.14847223,0.5522984,0.38586957,32-,0.58967391,3,8,0.101562
C,Qwen2.5-7B-Instruct-RL,r8_7b,NA,seed2,existence_check,5,cd/490262,256,180,44,32,0.7584117,0.69033608,0.43526171,32*,0.69146006,2,3,0.804688
C,Qwen2.5-7B-Instruct-RL,r8_7b,NA,seed2,existence_check,5,cd/490261,256,136,57,63,0.60869195,0.37820158,0.69314079,60-,0.81949458,2,5,0.457031
C,Qwen2.5-7B-Instruct-RL,r8_7b,NA,seed2,existence_check,5,cd/490260,256,111,51,94,0.3499449,0.31853357,0.84444444,67-,0.91111111,1,3,0.519531
C,Qwen2.5-7B-Instruct-RL,r8_7b,NA,seed2,existence_check,5,cd/490259,256,107,58,91,0.05875829,0.0534841,0.98617512,74-,0.99078341,1,3,0.28125
C,Qwen2.5-7B-Instruct-RL,r8_7b,NA,seed2,existence_check,5,cd/490258,256,138,63,55,0.93206284,0.44822748,0.50704225,84-,0.70070423,2,8,0.308594
C,Qwen2.5-7B-Instruct-RL,r8_7b,NA,seed2,existence_check,5,cd/490256,256,152,70,34,0.74541994,0.46315545,0.69255663,79-,0.79288026,2,5,0.546875
C,Qwen2.5-7B-Instruct-RL,r8_7b,NA,seed2,existence_check,5,cd/490254,256,30,68,158,1.03462141,0.94175299,0.03174603,90/,0.42857143,3,3,0.511719
C,Qwen2.5-7B-Instruct-RL,r8_7b,NA,seed2,existence_check,5,cd/490249,256,194,45,17,0.93596299,0.48098983,0.63797468,96-,0.73670886,1,7,0.097656
C,Qwen2.5-7B-Instruct-RL,r8_7b,NA,seed2,existence_check,5,cd/490248,256,140,55,61,0.56427467,0.81407627,0.4964539,69-,0.74822695,2,2,0.015625
C,Qwen2.5-7B-Instruct-RL,r8_7b,NA,seed2,existence_check,5,cd/490246,256,151,76,29,0.73296608,0.45541743,0.58631922,52-,0.76547231,2,5,0.570312
C,Qwen2.5-7B-Instruct-RL,r8_7b,NA,seed2,existence_check,5,cd/490245,256,199,47,10,1.04857795,0.5042594,0.45812808,93-,0.64778325,2,8,0.132812
C,Qwen2.5-7B-Instruct-RL,r8_7b,NA,seed2,existence_check,5,cd/490243,256,118,74,64,0.92537582,0.57496833,0.60580913,72-,0.72614108,2,5,0.421875
C,Qwen2.5-7B-Instruct-RL,r8_7b,NA,seed2,existence_check,5,cd/490241,256,157,75,24,0.82771673,0.51428932,0.53918495,98-,0.73040752,2,5,0.390625
C,Qwen2.5-7B-Instruct-RL,r8_7b,NA,seed2,existence_check,5,cd/490240,256,185,53,18,0.56383372,0.35032959,0.8,85-,0.86133333,1,5,0.480469
C,Qwen2.5-7B-Instruct-RL,r8_7b,NA,seed2,existence_check,5,cd/490239,256,12,30,214,0.50279228,0.45766126,0.74074074,27-,0.85185185,2,3,0.003906
C,Qwen2.5-7B-Instruct-RL,r8_7b,NA,seed2,existence_check,5,cd/490237,256,118,61,77,0.10193811,0.14706561,0.95798319,96-,0.9789916,1,2,0.007812
C,Qwen2.5-7B-Instruct-RL,r8_7b,NA,seed2,existence_check,5,cd/490236,256,171,59,26,1.22514285,0.58916917,0.33142857,97-,0.57428571,2,8,0.039062
C,Qwen2.5-7B-Instruct-RL,r8_7b,NA,seed2,existence_check,5,cd/490235,256,209,31,16,0.89442149,0.45964172,0.51294118,90-,0.70823529,2,7,0.109375
C,Qwen2.5-7B-Instruct-RL,r8_7b,NA,seed2,existence_check,5,cd/490234,256,169,65,22,0.5214799,0.32401368,0.7755102,83-,0.86005831,1,5,0.785156
C,Qwen2.5-7B-Instruct-RL,r8_7b,NA,seed2,existence_check,5,cd/490233,256,164,72,20,1.08158864,0.67202881,0.33033033,92+,0.59159159,2,5,0.878906
C,Qwen2.5-7B-Instruct-RL,r8_7b,NA,seed2,existence_check,5,cd/490232,256,94,40,122,0.15377596,0.13997291,0.94240838,88-,0.96858639,1,3,0.0
C,Qwen2.5-7B-Instruct-RL,r8_7b,NA,seed2,existence_check,5,cd/490231,256,160,44,52,0.69875347,0.33602939,0.76829268,66-,0.83841463,1,8,0.398438
C,Qwen2.5-7B-Instruct-RL,r8_7b,NA,seed2,existence_check,5,cd/490229,256,117,47,92,1.28748046,0.61914723,0.33057851,87+,0.5661157,2,8,0.121094
C,Qwen2.5-7B-Instruct-RL,r8_7b,NA,seed2,existence_check,5,cd/490228,256,95,54,107,0.70549617,0.43834942,0.71794872,56+,0.80512821,1,5,0.859375
C,Qwen2.5-7B-Instruct-RL,r8_7b,NA,seed2,existence_check,5,cd/490227,256,170,45,41,1.13540303,0.70546557,0.20869565,35+,0.51304348,3,5,0.84375
C,Qwen2.5-7B-Instruct-RL,r8_7b,NA,seed2,existence_check,5,cd/490225,256,173,61,22,0.35861091,0.22281749,0.87179487,91-,0.92022792,1,5,0.890625
C,Qwen2.5-7B-Instruct-RL,r8_7b,NA,seed2,existence_check,5,cd/490221,256,187,44,25,0.24623544,0.15299468,0.92875989,79-,0.9525066,1,5,0.738281
C,Qwen2.5-7B-Instruct-RL,r8_7b,NA,seed2,existence_check,5,cd/490219,256,147,62,47,0.92086667,0.57216663,0.55518395,94+,0.69899666,3,5,0.6875
C,Qwen2.5-7B-Instruct-RL,r8_7b,NA,seed2,existence_check,5,cd/490217,256,120,68,68,0.2244633,0.2043153,0.91358025,74-,0.95061728,1,3,0.0
C,Qwen2.5-7B-Instruct-RL,r8_7b,NA,seed2,existence_check,5,cd/490215,256,180,56,20,0.50703638,0.31503942,0.68493151,61-,0.83561644,2,5,0.8125
C,Qwen2.5-7B-Instruct-RL,r8_7b,NA,seed2,existence_check,5,cd/490214,256,143,52,61,0.11034135,0.10043703,0.96193772,73-,0.97923875,1,3,0.433594
C,Qwen2.5-7B-Instruct-RL,r8_7b,NA,seed2,existence_check,5,cd/490213,256,176,44,36,1.44174355,0.74090962,0.03342618,17-,0.35376045,3,7,0.011719
C,Qwen2.5-7B-Instruct-RL,r8_7b,NA,seed2,existence_check,5,cd/490212,256,191,34,31,1.27040544,0.78934728,0.2118863,49+,0.4625323,4,5,0.765625
C,Qwen2.5-7B-Instruct-RL,r8_7b,NA,seed2,existence_check,5,cd/490211,256,183,55,18,0.32120472,0.19957571,0.89487871,79-,0.92991914,1,5,0.75
C,Qwen2.5-7B-Instruct-RL,r8_7b,NA,seed2,existence_check,5,cd/490208,256,195,38,23,0.79525788,0.4941215,0.11139241,94-,0.5443038,2,5,0.527344
C,Qwen2.5-7B-Instruct-RL,r8_7b,NA,seed2,existence_check,5,cd/490207,256,133,56,67,1.01740453,0.63214898,0.49446494,80+,0.65313653,3,5,0.90625
C,Qwen2.5-7B-Instruct-RL,r8_7b,NA,seed2,existence_check,5,cd/490206,256,157,66,33,0.88214874,0.54810983,0.52037618,68-,0.70532915,2,5,0.480469
C,Qwen2.5-7B-Instruct-RL,r8_7b,NA,seed2,existence_check,5,cd/490205,256,107,59,90,0.83768944,0.52048571,0.57534247,72+,0.7260274,3,5,0.804688
C,Qwen2.5-7B-Instruct-RL,r8_7b,NA,seed2,existence_check,5,cd/490204,256,163,49,44,1.04474453,0.50241592,0.19760479,90-,0.55389222,2,8,0.035156
C,Qwen2.5-7B-Instruct-RL,r8_7b,NA,seed2,existence_check,5,cd/490203,256,112,44,100,0.66465584,0.60499582,0.41409692,38+,0.70044053,2,3,0.667969
C,Qwen2.5-7B-Instruct-RL,r8_7b,NA,seed2,existence_check,5,cd/490202,256,123,73,60,0.15596983,0.22501691,0.92741935,97-,0.96370968,1,2,0.023438
C,Qwen2.5-7B-Instruct-RL,r8_7b,NA,seed2,existence_check,5,cd/490201,256,154,63,39,0.88455692,0.54960611,0.63258786,82+,0.73801917,2,5,0.855469
C,Qwen2.5-7B-Instruct-RL,r8_7b,NA,seed2,existence_check,5,cd/490199,256,104,57,95,1.30460415,0.81059613,0.25352113,57+,0.48356808,3,5,0.738281
C,Qwen2.5-7B-Instruct-RL,r8_7b,NA,seed2,existence_check,10,cd/490363,256,230,23,3,1.01632433,0.48874869,0.02991453,83-,0.47649573,2,8,0.15625
C,Qwen2.5-7B-Instruct-RL,r8_7b,NA,seed2,existence_check,10,cd/490361,256,141,27,88,0.04665945,0.04247127,0.98947368,98-,0.99298246,1,3,0.574219
C,Qwen2.5-7B-Instruct-RL,r8_7b,NA,seed2,existence_check,10,cd/490360,256,67,33,156,1.64082601,0.84321777,0.04255319,73-,0.33333333,5,7,0.054688
C,Qwen2.5-7B-Instruct-RL,r8_7b,NA,seed2,existence_check,10,cd/490357,256,205,27,24,0.82827486,0.51463611,0.56385542,89-,0.73493976,2,5,0.589844
C,Qwen2.5-7B-Instruct-RL,r8_7b,NA,seed2,existence_check,10,cd/490356,256,182,20,54,0.61549938,0.34351675,0.72432432,79-,0.82972973,2,6,0.21875
C,Qwen2.5-7B-Instruct-RL,r8_7b,NA,seed2,existence_check,10,cd/490354,256,174,30,52,1.26020087,0.54729828,0.03351955,39-,0.44413408,2,10,0.011719
C,Qwen2.5-7B-Instruct-RL,r8_7b,NA,seed2,existence_check,10,cd/490353,256,180,23,53,0.63612392,0.39524602,0.6739726,62-,0.81369863,2,5,0.691406
C,Qwen2.5-7B-Instruct-RL,r8_7b,NA,seed2,existence_check,10,cd/490352,256,100,39,117,1.00812103,0.62638082,0.11707317,57-,0.51219512,2,5,0.015625
C,Qwen2.5-7B-Instruct-RL,r8_7b,NA,seed2,existence_check,10,cd/490351,256,148,15,93,1.21538392,0.62458378,0.27722772,77+,0.51155116,3,7,0.183594
C,Qwen2.5-7B-Instruct-RL,r8_7b,NA,seed2,existence_check,10,cd/490348,256,149,31,76,0.9599764,0.59646687,0.52145215,52-,0.68316832,2,5,0.0625
C,Qwen2.5-7B-Instruct-RL,r8_7b,NA,seed2,existence_check,10,cd/490347,256,206,39,11,1.37489628,0.66118535,0.22857143,59-,0.45,4,8,0.046875
C,Qwen2.5-7B-Instruct-RL,r8_7b,NA,seed2,existence_check,10,cd/490344,256,195,17,44,0.31785832,0.28932711,0.81933842,88-,0.90839695,1,3,0.6875
C,Qwen2.5-7B-Instruct-RL,r8_7b,NA,seed2,existence_check,10,cd/490343,256,228,23,5,0.72925251,0.37476165,0.60907127,94-,0.77537797,2,7,0.097656
C,Qwen2.5-7B-Instruct-RL,r8_7b,NA,seed2,existence_check,10,cd/490342,256,122,20,114,1.49077416,0.76610637,0.37450199,68+,0.52988048,2,7,0.039062
C,Qwen2.5-7B-Instruct-RL,r8_7b,NA,seed2,existence_check,10,cd/490341,256,166,22,68,1.34011352,0.60991195,0.06451613,44-,0.38416422,3,9,0.015625
C,Qwen2.5-7B-Instruct-RL,r8_7b,NA,seed2,existence_check,10,cd/490340,256,152,37,67,0.73619634,0.5310534,0.49350649,96-,0.72402597,2,4,0.152344
C,Qwen2.5-7B-Instruct-RL,r8_7b,NA,seed2,existence_check,10,cd/490339,256,114,27,115,1.12960388,0.70186235,0.42918455,45+,0.59656652,4,5,0.734375
C,Qwen2.5-7B-Instruct-RL,r8_7b,NA,seed2,existence_check,10,cd/490338,256,217,25,14,0.40246836,0.19354637,0.88687783,92-,0.92081448,1,8,0.34375
C,Qwen2.5-7B-Instruct-RL,r8_7b,NA,seed2,existence_check,10,cd/490337,256,208,28,20,0.62181406,0.3863548,0.71258907,79-,0.82897862,2,5,0.671875
C,Qwen2.5-7B-Instruct-RL,r8_7b,NA,seed2,existence_check,10,cd/490335,256,170,25,61,1.05954869,0.54450031,0.45533141,65+,0.65417867,2,7,0.476562
C,Qwen2.5-7B-Instruct-RL,r8_7b,NA,seed2,existence_check,10,cd/490334,256,109,18,129,0.7511988,0.46674606,0.60986547,46+,0.75784753,2,5,0.664062
C,Qwen2.5-7B-Instruct-RL,r8_7b,NA,seed2,existence_check,10,cd/490333,256,8,29,219,0.76593734,0.69718621,0.42105263,55-,0.68421053,2,3,0.003906
C,Qwen2.5-7B-Instruct-RL,r8_7b,NA,seed2,existence_check,10,cd/490331,256,209,21,26,1.14019885,0.54831974,0.46478873,63-,0.62676056,3,8,0.089844
C,Qwen2.5-7B-Instruct-RL,r8_7b,NA,seed2,existence_check,10,cd/490330,256,59,35,162,0.33566608,0.30553643,0.85950413,85-,0.91735537,1,3,0.003906
C,Qwen2.5-7B-Instruct-RL,r8_7b,NA,seed2,existence_check,10,cd/490327,256,217,28,11,1.41073016,0.6784178,0.01809955,95-,0.34615385,3,8,0.273438
C,Qwen2.5-7B-Instruct-RL,r8_7b,NA,seed2,existence_check,10,cd/490325,256,199,30,27,0.5816907,0.29892989,0.74567901,90-,0.84691358,2,7,0.023438
C,Qwen2.5-7B-Instruct-RL,r8_7b,NA,seed2,existence_check,10,cd/490324,256,203,23,30,0.47110568,0.29271442,0.80291971,99-,0.88321168,1,5,0.84375
C,Qwen2.5-7B-Instruct-RL,r8_7b,NA,seed2,existence_check,10,cd/490322,256,197,26,33,0.85806753,0.53314734,0.48621554,55+,0.69924812,2,5,0.886719
C,Qwen2.5-7B-Instruct-RL,r8_7b,NA,seed2,existence_check,10,cd/490321,256,160,32,64,0.55271977,0.50310722,0.58823529,64-,0.78947368,2,3,0.003906
C,Qwen2.5-7B-Instruct-RL,r8_7b,NA,seed2,existence_check,10,cd/490320,256,115,20,121,0.59311608,0.85568563,0.43965517,36*,0.71982759,2,2,0.160156
C,Qwen2.5-7B-Instruct-RL,r8_7b,NA,seed2,existence_check,10,cd/490317,256,201,35,20,0.93292391,0.57965822,0.51597052,47-,0.68550369,3,5,0.824219
C,Qwen2.5-7B-Instruct-RL,r8_7b,NA,seed2,existence_check,10,cd/490316,256,184,38,34,1.02870737,0.63917183,0.38069705,26-,0.61930295,2,5,0.792969
C,Qwen2.5-7B-Instruct-RL,r8_7b,NA,seed2,existence_check,10,cd/490315,256,225,22,9,0.45931338,0.28538745,0.82197802,87-,0.89010989,1,5,0.605469
C,Qwen2.5-7B-Instruct-RL,r8_7b,NA,seed2,existence_check,10,cd/490313,256,212,31,13,0.44501416,0.27650284,0.83916084,98-,0.89277389,1,5,0.855469
C,Qwen2.5-7B-Instruct-RL,r8_7b,NA,seed2,existence_check,10,cd/490312,256,211,11,34,0.28938469,0.26340929,0.84235294,90-,0.92,1,3,0.613281
C,Qwen2.5-7B-Instruct-RL,r8_7b,NA,seed2,existence_check,10,cd/490309,256,217,30,9,1.27865672,0.51456932,0.14349776,96-,0.49103139,2,12,0.015625
C,Qwen2.5-7B-Instruct-RL,r8_7b,NA,seed2,existence_check,10,cd/490308,256,107,23,126,0.22747676,0.3281796,0.87962963,11*,0.93981481,1,2,0.652344
C,Qwen2.5-7B-Instruct-RL,r8_7b,NA,seed2,existence_check,10,cd/490307,256,217,24,15,0.78074833,0.37546058,0.70588235,72-,0.78959276,1,8,0.195312
C,Qwen2.5-7B-Instruct-RL,r8_7b,NA,seed2,existence_check,10,cd/490306,256,7,18,231,0.62108637,0.89603823,0.375,50-,0.6875,2,2,0.0
C,Qwen2.5-7B-Instruct-RL,r8_7b,NA,seed2,existence_check,10,cd/490305,256,120,14,122,0.10060118,0.14513683,0.95867769,15*,0.97933884,1,2,0.417969
C,Qwen2.5-7B-Instruct-RL,r8_7b,NA,seed2,existence_check,10,cd/490304,256,40,60,156,0.13028179,0.1185876,0.96385542,76-,0.97590361,1,3,0.003906
C,Qwen2.5-7B-Instruct-RL,r8_7b,NA,seed2,existence_check,10,cd/490303,256,114,25,117,1.03516419,0.49780875,0.1779661,68+,0.54661017,2,8,0.140625
C,Qwen2.5-7B-Instruct-RL,r8_7b,NA,seed2,existence_check,10,cd/490297,256,67,13,176,0.44821242,0.40798052,0.75912409,22+,0.86861314,2,3,0.542969
C,Qwen2.5-7B-Instruct-RL,r8_7b,NA,seed2,existence_check,10,cd/490296,256,229,21,6,1.0701099,0.51461408,0.01287554,80-,0.45708155,2,8,0.3125
C,Qwen2.5-7B-Instruct-RL,r8_7b,NA,seed2,existence_check,10,cd/490292,256,187,26,43,1.07281612,0.46591812,0.48958333,44+,0.66927083,2,10,0.195312
C,Qwen2.5-7B-Instruct-RL,r8_7b,NA,seed2,existence_check,10,cd/490290,256,109,27,120,1.21466481,0.75471368,0.16143498,40+,0.47085202,3,5,0.472656
C,Qwen2.5-7B-Instruct-RL,r8_7b,NA,seed2,existence_check,10,cd/490288,256,218,14,24,0.35318314,0.19711526,0.83710407,24*,0.91176471,1,6,0.054688
C,Qwen2.5-7B-Instruct-RL,r8_7b,NA,seed2,existence_check,10,cd/490287,256,182,35,39,0.97428949,0.60536009,0.35230352,97-,0.62059621,2,5,0.433594
C,Qwen2.5-7B-Instruct-RL,r8_7b,NA,seed2,existence_check,10,cd/490283,256,216,23,17,0.75963014,0.47198474,0.68649886,91-,0.78947368,2,5,0.71875
C,Qwen2.5-7B-Instruct-RL,r8_7b,NA,seed2,existence_check,10,cd/490282,256,179,37,40,0.90557045,0.56266256,0.31404959,78+,0.61983471,2,5,0.804688
C,Qwen2.5-7B-Instruct-RL,r8_7b,NA,seed2,existence_check,10,cd/490281,256,208,32,16,0.30027562,0.18657173,0.86935867,27-,0.92874109,1,5,0.910156
C,Qwen2.5-7B-Instruct-RL,r8_7b,NA,seed2,existence_check,10,cd/490280,256,209,32,15,0.83745168,0.52033799,0.60992908,45-,0.74940898,2,5,0.730469
C,Qwen2.5-7B-Instruct-RL,r8_7b,NA,seed2,existence_check,10,cd/490279,256,204,34,18,1.27774178,0.7939056,0.00484262,45-,0.38983051,3,5,0.691406
C,Qwen2.5-7B-Instruct-RL,r8_7b,NA,seed2,existence_check,10,cd/490276,256,222,28,6,0.50125678,0.31144835,0.85523385,83-,0.88864143,1,5,0.75
C,Qwen2.5-7B-Instruct-RL,r8_7b,NA,seed2,existence_check,10,cd/490275,256,15,14,227,0.64349155,0.92836207,0.3125,39-,0.65625,2,2,0.046875
C,Qwen2.5-7B-Instruct-RL,r8_7b,NA,seed2,existence_check,10,cd/490274,256,132,14,110,0.44401069,0.32028601,0.79850746,55-,0.88432836,1,4,0.027344
C,Qwen2.5-7B-Instruct-RL,r8_7b,NA,seed2,existence_check,10,cd/490271,256,197,33,26,0.72782421,0.45222261,0.53634085,95-,0.7443609,2,5,0.734375
C,Qwen2.5-7B-Instruct-RL,r8_7b,NA,seed2,existence_check,10,cd/490270,256,138,42,76,0.40548553,0.58499196,0.71942446,88-,0.85971223,2,2,0.019531
C,Qwen2.5-7B-Instruct-RL,r8_7b,NA,seed2,existence_check,10,cd/490268,256,34,15,207,0.73558565,0.66955891,0.5915493,7+,0.74647887,2,3,0.597656
C,Qwen2.5-7B-Instruct-RL,r8_7b,NA,seed2,existence_check,10,cd/490267,256,197,39,20,0.43385069,0.26956659,0.85714286,75-,0.89974937,1,5,0.828125
C,Qwen2.5-7B-Instruct-RL,r8_7b,NA,seed2,existence_check,10,cd/490266,256,211,18,27,0.72717771,0.45182091,0.14519906,83-,0.56908665,2,5,0.015625
C,Qwen2.5-7B-Instruct-RL,r8_7b,NA,seed2,existence_check,10,cd/490264,256,47,38,171,0.51278817,0.46675991,0.78350515,34-,0.8556701,1,3,0.046875
C,Qwen2.5-7B-Instruct-RL,r8_7b,NA,seed2,existence_check,10,cd/490263,256,215,25,16,1.21357783,0.58360757,0.38356164,32-,0.56849315,3,8,0.117188
C,Qwen2.5-7B-Instruct-RL,r8_7b,NA,seed2,existence_check,10,cd/490262,256,189,25,42,0.75859549,0.69050337,0.44619423,32*,0.69553806,2,3,0.859375
C,Qwen2.5-7B-Instruct-RL,r8_7b,NA,seed2,existence_check,10,cd/490261,256,166,21,69,0.67966782,0.42230136,0.67062315,60-,0.8041543,2,5,0.460938
C,Qwen2.5-7B-Instruct-RL,r8_7b,NA,seed2,existence_check,10,cd/490260,256,132,27,97,0.35653732,0.32453425,0.84644195,67-,0.91011236,1,3,0.558594
C,Qwen2.5-7B-Instruct-RL,r8_7b,NA,seed2,existence_check,10,cd/490259,256,144,30,82,0.08030872,0.07310015,0.97594502,74-,0.9862543,1,3,0.328125
C,Qwen2.5-7B-Instruct-RL,r8_7b,NA,seed2,existence_check,10,cd/490258,256,162,25,69,0.77861969,0.37443692,0.58433735,84-,0.7560241,2,8,0.320312
C,Qwen2.5-7B-Instruct-RL,r8_7b,NA,seed2,existence_check,10,cd/490256,256,188,41,27,0.96277236,0.5982041,0.52493438,79-,0.67979003,3,5,0.554688
C,Qwen2.5-7B-Instruct-RL,r8_7b,NA,seed2,existence_check,10,cd/490254,256,30,22,204,1.07101854,0.97488309,0.0952381,90/,0.42857143,3,3,0.503906
C,Qwen2.5-7B-Instruct-RL,r8_7b,NA,seed2,existence_check,10,cd/490249,256,213,23,20,0.87324142,0.44875732,0.64203233,96-,0.75057737,2,7,0.097656
C,Qwen2.5-7B-Instruct-RL,r8_7b,NA,seed2,existence_check,10,cd/490248,256,140,31,85,0.61206136,0.88301788,0.39716312,69-,0.69858156,2,2,0.015625
C,Qwen2.5-7B-Instruct-RL,r8_7b,NA,seed2,existence_check,10,cd/490246,256,191,33,32,0.82582141,0.51311169,0.48578811,52-,0.71059432,2,5,0.546875
C,Qwen2.5-7B-Instruct-RL,r8_7b,NA,seed2,existence_check,10,cd/490245,256,217,26,13,1.09844506,0.52824041,0.43891403,93-,0.63574661,2,8,0.117188
C,Qwen2.5-7B-Instruct-RL,r8_7b,NA,seed2,existence_check,10,cd/490243,256,155,33,68,0.69207241,0.43000877,0.72380952,72-,0.81587302,1,5,0.480469
C,Qwen2.5-7B-Instruct-RL,r8_7b,NA,seed2,existence_check,10,cd/490241,256,183,52,21,0.77581723,0.48204235,0.46361186,98-,0.70889488,2,5,0.34375
C,Qwen2.5-7B-Instruct-RL,r8_7b,NA,seed2,existence_check,10,cd/490240,256,215,25,16,0.56944371,0.35381527,0.77241379,85-,0.85287356,1,5,0.496094
C,Qwen2.5-7B-Instruct-RL,r8_7b,NA,seed2,existence_check,10,cd/490239,256,11,14,231,0.65921462,0.600043,0.56,27-,0.76,2,3,0.003906
C,Qwen2.5-7B-Instruct-RL,r8_7b,NA,seed2,existence_check,10,cd/490237,256,149,27,80,0.19851524,0.28639696,0.9,96-,0.95,1,2,0.007812
C,Qwen2.5-7B-Instruct-RL,r8_7b,NA,seed2,existence_check,10,cd/490236,256,186,38,32,1.22055084,0.58696088,0.3,97-,0.55526316,2,8,0.035156
C,Qwen2.5-7B-Instruct-RL,r8_7b,NA,seed2,existence_check,10,cd/490235,256,223,9,24,0.99865399,0.51320663,0.46799117,90-,0.66887417,2,7,0.09375
C,Qwen2.5-7B-Instruct-RL,r8_7b,NA,seed2,existence_check,10,cd/490234,256,184,40,32,0.42700498,0.26531311,0.82037534,83-,0.89276139,1,5,0.800781
C,Qwen2.5-7B-Instruct-RL,r8_7b,NA,seed2,existence_check,10,cd/490233,256,186,36,34,0.96284554,0.59824957,0.4668435,92+,0.67108753,2,5,0.90625
C,Qwen2.5-7B-Instruct-RL,r8_7b,NA,seed2,existence_check,10,cd/490232,256,107,26,123,0.13893304,0.1264623,0.94930876,88-,0.97235023,1,3,0.0
C,Qwen2.5-7B-Instruct-RL,r8_7b,NA,seed2,existence_check,10,cd/490231,256,175,30,51,0.59927431,0.28819003,0.7877095,66-,0.86312849,1,8,0.359375
C,Qwen2.5-7B-Instruct-RL,r8_7b,NA,seed2,existence_check,10,cd/490229,256,111,26,119,1.16780401,0.56159502,0.44347826,87+,0.63913043,2,8,0.09375
C,Qwen2.5-7B-Instruct-RL,r8_7b,NA,seed2,existence_check,10,cd/490228,256,121,24,111,0.62497232,0.38831714,0.73684211,56+,0.82186235,1,5,0.792969
C,Qwen2.5-7B-Instruct-RL,r8_7b,NA,seed2,existence_check,10,cd/490227,256,194,13,49,1.15336768,0.71662763,0.2086514,35+,0.50127226,3,5,0.820312
C,Qwen2.5-7B-Instruct-RL,r8_7b,NA,seed2,existence_check,10,cd/490225,256,199,28,29,0.41129005,0.25554888,0.85359801,91-,0.9057072,1,5,0.863281
C,Qwen2.5-7B-Instruct-RL,r8_7b,NA,seed2,existence_check,10,cd/490221,256,194,21,41,0.21598994,0.1342021,0.93638677,79-,0.95928753,1,5,0.800781
C,Qwen2.5-7B-Instruct-RL,r8_7b,NA,seed2,existence_check,10,cd/490219,256,156,41,59,1.10477162,0.6864332,0.42902208,94+,0.60252366,3,5,0.734375
C,Qwen2.5-7B-Instruct-RL,r8_7b,NA,seed2,existence_check,10,cd/490217,256,156,40,60,0.33300748,0.30311647,0.85714286,74-,0.91746032,1,3,0.0
C,Qwen2.5-7B-Instruct-RL,r8_7b,NA,seed2,existence_check,10,cd/490215,256,204,33,19,0.49372643,0.30676948,0.69249395,61-,0.8401937,2,5,0.816406
C,Qwen2.5-7B-Instruct-RL,r8_7b,NA,seed2,existence_check,10,cd/490214,256,167,23,66,0.09738747,0.08864589,0.96735905,73-,0.98219585,1,3,0.4375
C,Qwen2.5-7B-Instruct-RL,r8_7b,NA,seed2,existence_check,10,cd/490213,256,199,18,39,1.47136526,0.75613217,0.01975309,17-,0.33333333,3,7,0.011719
C,Qwen2.5-7B-Instruct-RL,r8_7b,NA,seed2,existence_check,10,cd/490212,256,205,18,33,1.24177968,0.7715611,0.19277108,49+,0.46987952,4,5,0.828125
C,Qwen2.5-7B-Instruct-RL,r8_7b,NA,seed2,existence_check,10,cd/490211,256,198,29,29,0.42354621,0.26316405,0.8478803,79-,0.90024938,1,5,0.835938
C,Qwen2.5-7B-Instruct-RL,r8_7b,NA,seed2,existence_check,10,cd/490208,256,206,21,29,0.88398776,0.54925248,0.04796163,94-,0.50119904,2,5,0.5
C,Qwen2.5-7B-Instruct-RL,r8_7b,NA,seed2,existence_check,10,cd/490207,256,156,19,81,1.03270144,0.64165348,0.52996845,80+,0.67192429,3,5,0.917969
C,Qwen2.5-7B-Instruct-RL,r8_7b,NA,seed2,existence_check,10,cd/490206,256,174,34,48,0.99756778,0.61982371,0.38526912,68-,0.63172805,2,5,0.457031
C,Qwen2.5-7B-Instruct-RL,r8_7b,NA,seed2,existence_check,10,cd/490205,256,131,18,107,0.91404359,0.56792722,0.47940075,72+,0.67041199,3,5,0.835938
C,Qwen2.5-7B-Instruct-RL,r8_7b,NA,seed2,existence_check,10,cd/490204,256,176,29,51,0.95424877,0.45889665,0.2,90-,0.56944444,2,8,0.042969
C,Qwen2.5-7B-Instruct-RL,r8_7b,NA,seed2,existence_check,10,cd/490203,256,126,22,108,0.59214449,0.53899315,0.48627451,38+,0.74117647,2,3,0.742188
C,Qwen2.5-7B-Instruct-RL,r8_7b,NA,seed2,existence_check,10,cd/490202,256,145,42,69,0.16047123,0.23151105,0.92465753,97-,0.96232877,1,2,0.023438
C,Qwen2.5-7B-Instruct-RL,r8_7b,NA,seed2,existence_check,10,cd/490201,256,186,32,38,0.85744582,0.53276104,0.60477454,82+,0.74005305,2,5,0.890625
C,Qwen2.5-7B-Instruct-RL,r8_7b,NA,seed2,existence_check,10,cd/490199,256,113,33,110,1.3487567,0.83802966,0.18181818,57+,0.42857143,3,5,0.839844
C,Qwen2.5-7B-Instruct-RL,r8_7b,NA,seed2,existence_check,15,cd/490363,256,241,7,8,0.98401851,0.47321287,0.06530612,83-,0.49591837,2,8,0.144531
C,Qwen2.5-7B-Instruct-RL,r8_7b,NA,seed2,existence_check,15,cd/490361,256,149,2,105,0.04454339,0.04054514,0.99003322,98-,0.99335548,1,3,0.636719
C,Qwen2.5-7B-Instruct-RL,r8_7b,NA,seed2,existence_check,15,cd/490360,256,73,9,174,1.36852821,0.70328438,0.26143791,73-,0.50326797,3,7,0.042969
C,Qwen2.5-7B-Instruct-RL,r8_7b,NA,seed2,existence_check,15,cd/490357,256,231,3,22,0.89085859,0.55352157,0.50535332,89-,0.68736617,3,5,0.675781
C,Qwen2.5-7B-Instruct-RL,r8_7b,NA,seed2,existence_check,15,cd/490356,256,198,3,55,0.61197206,0.34154811,0.62686567,79-,0.79850746,2,6,0.171875
C,Qwen2.5-7B-Instruct-RL,r8_7b,NA,seed2,existence_check,15,cd/490354,256,218,2,36,1.13780989,0.49414456,0.23318386,39-,0.54932735,2,10,0.027344
C,Qwen2.5-7B-Instruct-RL,r8_7b,NA,seed2,existence_check,15,cd/490353,256,179,4,73,0.42533754,0.26427707,0.77134986,62-,0.87878788,2,5,0.84375
C,Qwen2.5-7B-Instruct-RL,r8_7b,NA,seed2,existence_check,15,cd/490352,256,102,5,149,0.81119877,0.50402614,0.42105263,57-,0.68421053,2,5,0.007812
C,Qwen2.5-7B-Instruct-RL,r8_7b,NA,seed2,existence_check,15,cd/490351,256,123,5,128,1.10391884,0.56730206,0.42687747,77+,0.62055336,3,7,0.226562
C,Qwen2.5-7B-Instruct-RL,r8_7b,NA,seed2,existence_check,15,cd/490348,256,191,2,63,1.03378862,0.64232899,0.37209302,52-,0.6124031,2,5,0.085938
C,Qwen2.5-7B-Instruct-RL,r8_7b,NA,seed2,existence_check,15,cd/490347,256,237,7,12,1.44360323,0.69422641,0.07883817,59-,0.35477178,4,8,0.109375
C,Qwen2.5-7B-Instruct-RL,r8_7b,NA,seed2,existence_check,15,cd/490344,256,222,4,30,0.37966676,0.34558758,0.7606264,88-,0.87919463,2,3,0.742188
C,Qwen2.5-7B-Instruct-RL,r8_7b,NA,seed2,existence_check,15,cd/490343,256,246,3,7,0.78978173,0.40586752,0.59318637,94-,0.75951904,2,7,0.121094
C,Qwen2.5-7B-Instruct-RL,r8_7b,NA,seed2,existence_check,15,cd/490342,256,126,12,118,1.5679731,0.80577878,0.21621622,68+,0.42857143,4,7,0.0625
C,Qwen2.5-7B-Instruct-RL,r8_7b,NA,seed2,existence_check,15,cd/490341,256,190,7,59,1.29012795,0.58716253,0.09254499,44-,0.41902314,3,9,0.03125
C,Qwen2.5-7B-Instruct-RL,r8_7b,NA,seed2,existence_check,15,cd/490340,256,161,18,77,0.72416253,0.52237284,0.58895706,96-,0.76380368,2,4,0.226562
C,Qwen2.5-7B-Instruct-RL,r8_7b,NA,seed2,existence_check,15,cd/490339,256,141,4,111,1.0381219,0.6450214,0.5087108,45+,0.65156794,3,5,0.828125
C,Qwen2.5-7B-Instruct-RL,r8_7b,NA,seed2,existence_check,15,cd/490338,256,234,6,16,0.36436177,0.17522097,0.89915966,92-,0.93067227,1,8,0.371094
C,Qwen2.5-7B-Instruct-RL,r8_7b,NA,seed2,existence_check,15,cd/490337,256,237,3,16,0.65028667,0.40404583,0.72651357,79-,0.82463466,1,5,0.792969
C,Qwen2.5-7B-Instruct-RL,r8_7b,NA,seed2,existence_check,15,cd/490335,256,177,5,74,1.00289123,0.51538414,0.48199446,65+,0.67867036,2,7,0.484375
C,Qwen2.5-7B-Instruct-RL,r8_7b,NA,seed2,existence_check,15,cd/490334,256,109,5,142,0.73161353,0.45457704,0.69955157,46+,0.79372197,1,5,0.84375
C,Qwen2.5-7B-Instruct-RL,r8_7b,NA,seed2,existence_check,15,cd/490333,256,14,8,234,0.82585239,0.75172325,0.4516129,55-,0.67741935,2,3,0.0
C,Qwen2.5-7B-Instruct-RL,r8_7b,NA,seed2,existence_check,15,cd/490331,256,221,9,26,1.25503327,0.60354342,0.35111111,63-,0.54444444,4,8,0.085938
C,Qwen2.5-7B-Instruct-RL,r8_7b,NA,seed2,existence_check,15,cd/490330,256,53,15,188,0.31088734,0.28298186,0.88073394,85-,0.9266055,1,3,0.0
C,Qwen2.5-7B-Instruct-RL,r8_7b,NA,seed2,existence_check,15,cd/490327,256,237,10,9,1.30005904,0.62519624,0.0,95-,0.3879668,3,8,0.328125
C,Qwen2.5-7B-Instruct-RL,r8_7b,NA,seed2,existence_check,15,cd/490325,256,226,11,19,0.73315073,0.37676494,0.70588235,90-,0.81263617,2,7,0.058594
C,Qwen2.5-7B-Instruct-RL,r8_7b,NA,seed2,existence_check,15,cd/490324,256,212,6,38,0.36726075,0.22819193,0.81585082,99-,0.9020979,1,5,0.859375
C,Qwen2.5-7B-Instruct-RL,r8_7b,NA,seed2,existence_check,15,cd/490322,256,219,5,32,0.86275613,0.53606053,0.49209932,55+,0.69751693,2,5,0.941406
C,Qwen2.5-7B-Instruct-RL,r8_7b,NA,seed2,existence_check,15,cd/490321,256,177,6,73,0.51214237,0.46617207,0.71708683,64-,0.84313725,2,3,0.003906
C,Qwen2.5-7B-Instruct-RL,r8_7b,NA,seed2,existence_check,15,cd/490320,256,82,4,170,0.44403916,0.6406131,0.6746988,36*,0.8373494,2,2,0.132812
C,Qwen2.5-7B-Instruct-RL,r8_7b,NA,seed2,existence_check,15,cd/490317,256,233,2,21,0.84971345,0.52795665,0.61146497,47-,0.74522293,2,5,0.886719
C,Qwen2.5-7B-Instruct-RL,r8_7b,NA,seed2,existence_check,15,cd/490316,256,229,1,26,0.95274829,0.59197579,0.25485961,26-,0.58099352,2,5,0.863281
C,Qwen2.5-7B-Instruct-RL,r8_7b,NA,seed2,existence_check,15,cd/490315,256,240,2,14,0.34606611,0.21502296,0.86597938,87-,0.92164948,1,5,0.691406
C,Qwen2.5-7B-Instruct-RL,r8_7b,NA,seed2,existence_check,15,cd/490313,256,231,12,13,0.43320598,0.26916601,0.85224839,98-,0.90149893,1,5,0.882812
C,Qwen2.5-7B-Instruct-RL,r8_7b,NA,seed2,existence_check,15,cd/490312,256,225,1,30,0.36732338,0.33435215,0.77262693,90-,0.88520971,2,3,0.660156
C,Qwen2.5-7B-Instruct-RL,r8_7b,NA,seed2,existence_check,15,cd/490309,256,248,2,6,1.34386492,0.54081103,0.08661417,96-,0.4507874,2,12,0.03125
C,Qwen2.5-7B-Instruct-RL,r8_7b,NA,seed2,existence_check,15,cd/490308,256,93,1,162,0.22284967,0.32150412,0.88297872,11*,0.94148936,1,2,0.691406
C,Qwen2.5-7B-Instruct-RL,r8_7b,NA,seed2,existence_check,15,cd/490307,256,240,8,8,0.79056061,0.38017929,0.70491803,72-,0.79303279,1,8,0.269531
C,Qwen2.5-7B-Instruct-RL,r8_7b,NA,seed2,existence_check,15,cd/490306,256,6,6,244,0.65175656,0.94028596,0.28571429,48-,0.64285714,2,2,0.003906
C,Qwen2.5-7B-Instruct-RL,r8_7b,NA,seed2,existence_check,15,cd/490305,256,98,3,155,0.07851576,0.1132743,0.96969697,15*,0.98484848,1,2,0.535156
C,Qwen2.5-7B-Instruct-RL,r8_7b,NA,seed2,existence_check,15,cd/490304,256,39,16,201,0.29742696,0.27072968,0.86419753,76-,0.92592593,1,3,0.015625
C,Qwen2.5-7B-Instruct-RL,r8_7b,NA,seed2,existence_check,15,cd/490303,256,99,10,147,1.18243841,0.56863268,0.42718447,68+,0.62621359,2,8,0.171875
C,Qwen2.5-7B-Instruct-RL,r8_7b,NA,seed2,existence_check,15,cd/490297,256,100,0,156,0.38385413,0.34939908,0.76847291,22+,0.8817734,2,3,0.671875
C,Qwen2.5-7B-Instruct-RL,r8_7b,NA,seed2,existence_check,15,cd/490296,256,240,6,10,0.99875869,0.4803014,0.15163934,80-,0.53893443,2,8,0.28125
C,Qwen2.5-7B-Instruct-RL,r8_7b,NA,seed2,existence_check,15,cd/490292,256,188,2,66,1.1935095,0.51833459,0.44041451,44+,0.61917098,2,10,0.1875
C,Qwen2.5-7B-Instruct-RL,r8_7b,NA,seed2,existence_check,15,cd/490290,256,72,7,177,1.14389424,0.71074145,0.4295302,40+,0.59731544,3,5,0.535156
C,Qwen2.5-7B-Instruct-RL,r8_7b,NA,seed2,existence_check,15,cd/490288,256,228,1,27,0.40188325,0.22429531,0.81818182,24*,0.8982684,1,6,0.109375
C,Qwen2.5-7B-Instruct-RL,r8_7b,NA,seed2,existence_check,15,cd/490287,256,220,7,29,0.97410793,0.60524729,0.32359551,97-,0.61348315,2,5,0.515625
C,Qwen2.5-7B-Instruct-RL,r8_7b,NA,seed2,existence_check,15,cd/490283,256,232,4,20,0.5617607,0.34904155,0.78891258,91-,0.85927505,1,5,0.765625
C,Qwen2.5-7B-Instruct-RL,r8_7b,NA,seed2,existence_check,15,cd/490282,256,198,8,50,0.92394028,0.57407637,0.34912718,78+,0.62593516,2,5,0.871094
C,Qwen2.5-7B-Instruct-RL,r8_7b,NA,seed2,existence_check,15,cd/490281,256,236,2,18,0.26807113,0.16656196,0.89727463,27-,0.94129979,1,5,0.933594
C,Qwen2.5-7B-Instruct-RL,r8_7b,NA,seed2,existence_check,15,cd/490280,256,239,10,7,0.95619507,0.5941174,0.45962733,45-,0.66873706,2,5,0.8125
C,Qwen2.5-7B-Instruct-RL,r8_7b,NA,seed2,existence_check,15,cd/490279,256,235,4,17,1.23031923,0.76444032,0.08,45-,0.42315789,3,5,0.773438
C,Qwen2.5-7B-Instruct-RL,r8_7b,NA,seed2,existence_check,15,cd/490276,256,249,3,4,0.34385885,0.21365152,0.89065606,83-,0.92842942,1,5,0.863281
C,Qwen2.5-7B-Instruct-RL,r8_7b,NA,seed2,existence_check,15,cd/490275,256,17,4,235,0.67919327,0.97986876,0.16666667,59-,0.58333333,2,2,0.058594
C,Qwen2.5-7B-Instruct-RL,r8_7b,NA,seed2,existence_check,15,cd/490274,256,109,3,144,0.36923256,0.26634499,0.82882883,55-,0.90540541,1,4,0.019531
C,Qwen2.5-7B-Instruct-RL,r8_7b,NA,seed2,existence_check,15,cd/490271,256,237,5,14,0.97130784,0.60350749,0.48016701,95-,0.6743215,2,5,0.796875
C,Qwen2.5-7B-Instruct-RL,r8_7b,NA,seed2,existence_check,15,cd/490270,256,168,14,74,0.18161852,0.26202014,0.9112426,88-,0.9556213,1,2,0.019531
C,Qwen2.5-7B-Instruct-RL,r8_7b,NA,seed2,existence_check,15,cd/490268,256,56,3,197,0.52348235,0.47649417,0.62608696,7+,0.80869565,2,3,0.589844
C,Qwen2.5-7B-Instruct-RL,r8_7b,NA,seed2,existence_check,15,cd/490267,256,221,8,27,0.31712148,0.19703865,0.89932886,75-,0.93288591,1,5,0.90625
C,Qwen2.5-7B-Instruct-RL,r8_7b,NA,seed2,existence_check,15,cd/490266,256,229,3,24,0.80782534,0.50193011,0.31965443,83-,0.64146868,2,5,0.003906
C,Qwen2.5-7B-Instruct-RL,r8_7b,NA,seed2,existence_check,15,cd/490264,256,40,6,210,0.45139581,0.41087817,0.81927711,34-,0.87951807,1,3,0.046875
C,Qwen2.5-7B-Instruct-RL,r8_7b,NA,seed2,existence_check,15,cd/490263,256,238,4,14,1.34257194,0.64564062,0.19421488,32-,0.44421488,3,8,0.152344
C,Qwen2.5-7B-Instruct-RL,r8_7b,NA,seed2,existence_check,15,cd/490262,256,213,4,39,0.74657614,0.67956289,0.48018648,32*,0.71095571,2,3,0.800781
C,Qwen2.5-7B-Instruct-RL,r8_7b,NA,seed2,existence_check,15,cd/490261,256,193,7,56,0.64156402,0.39862614,0.68542199,60-,0.81585678,2,5,0.5
C,Qwen2.5-7B-Instruct-RL,r8_7b,NA,seed2,existence_check,15,cd/490260,256,146,7,103,0.45836187,0.41721895,0.71186441,67-,0.85084746,2,3,0.632812
C,Qwen2.5-7B-Instruct-RL,r8_7b,NA,seed2,existence_check,15,cd/490259,256,143,9,104,0.04611044,0.04197153,0.98961938,74-,0.99307958,1,3,0.410156
C,Qwen2.5-7B-Instruct-RL,r8_7b,NA,seed2,existence_check,15,cd/490258,256,195,10,51,0.92824226,0.44639017,0.52261307,84-,0.70603015,2,8,0.320312
C,Qwen2.5-7B-Instruct-RL,r8_7b,NA,seed2,existence_check,15,cd/490256,256,223,5,28,0.95656505,0.59434728,0.5232816,79-,0.68957871,2,5,0.617188
C,Qwen2.5-7B-Instruct-RL,r8_7b,NA,seed2,existence_check,15,cd/490254,256,48,11,197,0.99088186,0.90193953,0.3030303,90/,0.55555556,3,3,0.609375
C,Qwen2.5-7B-Instruct-RL,r8_7b,NA,seed2,existence_check,15,cd/490249,256,232,3,21,0.71031849,0.3650315,0.69214437,96-,0.80467091,2,7,0.15625
C,Qwen2.5-7B-Instruct-RL,r8_7b,NA,seed2,existence_check,15,cd/490248,256,168,5,83,0.61482199,0.88700063,0.39053254,69-,0.69526627,2,2,0.039062
C,Qwen2.5-7B-Instruct-RL,r8_7b,NA,seed2,existence_check,15,cd/490246,256,219,15,22,0.84109256,0.52260019,0.32505643,52-,0.63882619,2,5,0.664062
C,Qwen2.5-7B-Instruct-RL,r8_7b,NA,seed2,existence_check,15,cd/490245,256,232,12,12,1.02158978,0.49128084,0.45762712,93-,0.65466102,2,8,0.148438
C,Qwen2.5-7B-Instruct-RL,r8_7b,NA,seed2,existence_check,15,cd/490243,256,184,5,67,0.68602132,0.42624901,0.75603217,72-,0.81769437,1,5,0.554688
C,Qwen2.5-7B-Instruct-RL,r8_7b,NA,seed2,existence_check,15,cd/490241,256,221,8,27,0.69664117,0.43284749,0.53243848,98-,0.74944072,2,5,0.417969
C,Qwen2.5-7B-Instruct-RL,r8_7b,NA,seed2,existence_check,15,cd/490240,256,226,8,22,0.58566026,0.36389118,0.75273523,85-,0.84682713,1,5,0.613281
C,Qwen2.5-7B-Instruct-RL,r8_7b,NA,seed2,existence_check,15,cd/490239,256,17,0,239,0.60354088,0.54936659,0.59459459,27-,0.78378378,2,3,0.011719
C,Qwen2.5-7B-Instruct-RL,r8_7b,NA,seed2,existence_check,15,cd/490237,256,158,15,83,0.10577161,0.15259618,0.95597484,96-,0.97798742,1,2,0.015625
C,Qwen2.5-7B-Instruct-RL,r8_7b,NA,seed2,existence_check,15,cd/490236,256,216,13,27,1.26710816,0.60935022,0.25,97-,0.52954545,2,8,0.066406
C,Qwen2.5-7B-Instruct-RL,r8_7b,NA,seed2,existence_check,15,cd/490235,256,241,3,12,0.94885798,0.48761655,0.46625767,90-,0.67280164,2,7,0.113281
C,Qwen2.5-7B-Instruct-RL,r8_7b,NA,seed2,existence_check,15,cd/490234,256,229,8,19,0.44574744,0.27695846,0.83801296,83-,0.89200864,1,5,0.910156
C,Qwen2.5-7B-Instruct-RL,r8_7b,NA,seed2,existence_check,15,cd/490233,256,224,1,31,0.98063479,0.60930265,0.51214128,92+,0.68211921,2,5,0.933594
C,Qwen2.5-7B-Instruct-RL,r8_7b,NA,seed2,existence_check,15,cd/490232,256,123,8,125,0.30223192,0.27510335,0.87550201,88-,0.92771084,1,3,0.0
C,Qwen2.5-7B-Instruct-RL,r8_7b,NA,seed2,existence_check,15,cd/490231,256,214,5,37,0.40686353,0.19566,0.8853211,66-,0.91972477,1,8,0.382812
C,Qwen2.5-7B-Instruct-RL,r8_7b,NA,seed2,existence_check,15,cd/490229,256,146,6,104,1.2888052,0.61978429,0.26,87+,0.53666667,2,8,0.1875
C,Qwen2.5-7B-Instruct-RL,r8_7b,NA,seed2,existence_check,15,cd/490228,256,150,7,99,0.56934624,0.35375471,0.75409836,56+,0.84262295,1,5,0.863281
C,Qwen2.5-7B-Instruct-RL,r8_7b,NA,seed2,existence_check,15,cd/490227,256,223,7,26,0.89604929,0.55674673,0.50110865,35+,0.6940133,2,5,0.84375
C,Qwen2.5-7B-Instruct-RL,r8_7b,NA,seed2,existence_check,15,cd/490225,256,234,9,13,0.32693608,0.20313681,0.90486258,91-,0.93234672,1,5,0.921875
C,Qwen2.5-7B-Instruct-RL,r8_7b,NA,seed2,existence_check,15,cd/490221,256,217,3,36,0.33646027,0.20905452,0.86560364,79-,0.92255125,1,5,0.875
C,Qwen2.5-7B-Instruct-RL,r8_7b,NA,seed2,existence_check,15,cd/490219,256,196,0,60,0.98968208,0.61492405,0.5440806,94+,0.67758186,2,5,0.761719
C,Qwen2.5-7B-Instruct-RL,r8_7b,NA,seed2,existence_check,15,cd/490217,256,170,8,78,0.2600412,0.2366997,0.90379009,74-,0.94169096,1,3,0.0
C,Qwen2.5-7B-Instruct-RL,r8_7b,NA,seed2,existence_check,15,cd/490215,256,240,3,13,0.56032785,0.34815127,0.71752577,61-,0.83917526,2,5,0.859375
C,Qwen2.5-7B-Instruct-RL,r8_7b,NA,seed2,existence_check,15,cd/490214,256,170,5,81,0.07006318,0.06377425,0.97959184,73-,0.98833819,1,3,0.441406
C,Qwen2.5-7B-Instruct-RL,r8_7b,NA,seed2,existence_check,15,cd/490213,256,199,2,55,1.40361486,0.72131535,0.11851852,34-,0.39259259,4,7,0.035156
C,Qwen2.5-7B-Instruct-RL,r8_7b,NA,seed2,existence_check,15,cd/490212,256,218,4,34,1.2570512,0.78104982,0.03174603,42+,0.40136054,3,5,0.886719
C,Qwen2.5-7B-Instruct-RL,r8_7b,NA,seed2,existence_check,15,cd/490211,256,226,9,21,0.37035331,0.23011345,0.87527352,79-,0.91684902,1,5,0.871094
C,Qwen2.5-7B-Instruct-RL,r8_7b,NA,seed2,existence_check,15,cd/490208,256,240,6,10,0.80508656,0.50022841,0.01649485,76-,0.49690722,2,5,0.714844
C,Qwen2.5-7B-Instruct-RL,r8_7b,NA,seed2,existence_check,15,cd/490207,256,164,3,89,1.08980152,0.67713175,0.48648649,80+,0.63963964,3,5,0.9375
C,Qwen2.5-7B-Instruct-RL,r8_7b,NA,seed2,existence_check,15,cd/490206,256,203,5,48,0.97710479,0.60710934,0.39416058,68-,0.63990268,2,5,0.554688
C,Qwen2.5-7B-Instruct-RL,r8_7b,NA,seed2,existence_check,15,cd/490205,256,144,10,102,0.9032404,0.56121481,0.4778157,72+,0.67918089,2,5,0.890625
C,Qwen2.5-7B-Instruct-RL,r8_7b,NA,seed2,existence_check,15,cd/490204,256,202,6,48,0.97081133,0.46686156,0.10194175,90-,0.51699029,2,8,0.039062
C,Qwen2.5-7B-Instruct-RL,r8_7b,NA,seed2,existence_check,15,cd/490203,256,147,5,104,0.64284808,0.58514554,0.37037037,38+,0.68350168,2,3,0.792969
C,Qwen2.5-7B-Instruct-RL,r8_7b,NA,seed2,existence_check,15,cd/490202,256,155,14,87,0.13070812,0.18857196,0.94230769,97-,0.97115385,1,2,0.027344
C,Qwen2.5-7B-Instruct-RL,r8_7b,NA,seed2,existence_check,15,cd/490201,256,217,3,36,0.69146101,0.42962888,0.66514806,82+,0.79954442,2,5,0.890625
C,Qwen2.5-7B-Instruct-RL,r8_7b,NA,seed2,existence_check,15,cd/490199,256,106,5,145,1.36147912,0.84593454,0.17511521,57+,0.43778802,4,5,0.863281
C,Qwen2.5-7B-Instruct-RL,r8_7b,NA,seed2,existence_check,20,cd/490363,256,247,2,7,1.05246718,0.50612973,0.15139442,83-,0.52788845,2,8,0.261719
C,Qwen2.5-7B-Instruct-RL,r8_7b,NA,seed2,existence_check,20,cd/490361,256,153,14,89,0.0764127,0.06955384,0.97734628,98-,0.98705502,1,3,0.757812
C,Qwen2.5-7B-Instruct-RL,r8_7b,NA,seed2,existence_check,20,cd/490360,256,74,1,181,1.51048288,0.77623465,0.0516129,73-,0.34193548,3,7,0.085938
C,Qwen2.5-7B-Instruct-RL,r8_7b,NA,seed2,existence_check,20,cd/490357,256,232,4,20,0.92933258,0.5774268,0.46481876,89-,0.67164179,2,5,0.734375
C,Qwen2.5-7B-Instruct-RL,r8_7b,NA,seed2,existence_check,20,cd/490356,256,200,1,55,0.7212828,0.4025556,0.61083744,79-,0.77586207,2,6,0.234375
C,Qwen2.5-7B-Instruct-RL,r8_7b,NA,seed2,existence_check,20,cd/490354,256,211,2,43,1.12194548,0.48725473,0.01388889,39-,0.45601852,2,10,0.082031
C,Qwen2.5-7B-Instruct-RL,r8_7b,NA,seed2,existence_check,20,cd/490353,256,180,5,71,0.37482217,0.23289011,0.81643836,62-,0.90136986,1,5,0.929688
C,Qwen2.5-7B-Instruct-RL,r8_7b,NA,seed2,existence_check,20,cd/490352,256,73,2,181,0.80556553,0.500526,0.62251656,57-,0.7615894,2,5,0.0
C,Qwen2.5-7B-Instruct-RL,r8_7b,NA,seed2,existence_check,20,cd/490351,256,122,2,132,1.02548428,0.52699467,0.43824701,77+,0.64940239,2,7,0.300781
C,Qwen2.5-7B-Instruct-RL,r8_7b,NA,seed2,existence_check,20,cd/490348,256,210,0,46,1.13432469,0.70479556,0.31058824,52-,0.54823529,3,5,0.109375
C,Qwen2.5-7B-Instruct-RL,r8_7b,NA,seed2,existence_check,20,cd/490347,256,248,2,6,1.44813419,0.69640534,0.13888889,59-,0.38293651,4,8,0.078125
C,Qwen2.5-7B-Instruct-RL,r8_7b,NA,seed2,existence_check,20,cd/490344,256,221,1,34,0.43141946,0.39269492,0.70561798,88-,0.85168539,2,3,0.875
C,Qwen2.5-7B-Instruct-RL,r8_7b,NA,seed2,existence_check,20,cd/490343,256,248,2,6,0.76546864,0.39337307,0.61630219,94-,0.7693837,2,7,0.128906
C,Qwen2.5-7B-Instruct-RL,r8_7b,NA,seed2,existence_check,20,cd/490342,256,137,2,117,1.51876157,0.78048905,0.14946619,68+,0.40213523,4,7,0.070312
C,Qwen2.5-7B-Instruct-RL,r8_7b,NA,seed2,existence_check,20,cd/490341,256,207,0,49,1.2206933,0.55556146,0.13238771,44-,0.42316785,3,9,0.039062
C,Qwen2.5-7B-Instruct-RL,r8_7b,NA,seed2,existence_check,20,cd/490340,256,164,2,90,0.61576628,0.44418148,0.68072289,96-,0.81626506,2,4,0.320312
C,Qwen2.5-7B-Instruct-RL,r8_7b,NA,seed2,existence_check,20,cd/490339,256,151,3,102,1.01393265,0.62999177,0.45602606,45+,0.64820847,2,5,0.957031
C,Qwen2.5-7B-Instruct-RL,r8_7b,NA,seed2,existence_check,20,cd/490338,256,236,6,14,0.43427155,0.20884047,0.89166667,92-,0.91458333,1,8,0.457031
C,Qwen2.5-7B-Instruct-RL,r8_7b,NA,seed2,existence_check,20,cd/490337,256,234,5,17,0.63279259,0.39317615,0.71035941,79-,0.82663848,2,5,0.820312
C,Qwen2.5-7B-Instruct-RL,r8_7b,NA,seed2,existence_check,20,cd/490335,256,191,3,62,0.88412262,0.45434915,0.46272494,65+,0.68637532,2,7,0.59375
C,Qwen2.5-7B-Instruct-RL,r8_7b,NA,seed2,existence_check,20,cd/490334,256,112,0,144,0.63678617,0.3956575,0.71615721,46+,0.81659389,2,5,0.933594
C,Qwen2.5-7B-Instruct-RL,r8_7b,NA,seed2,existence_check,20,cd/490333,256,18,3,235,0.65262318,0.59404322,0.51282051,55-,0.74358974,2,3,0.003906
C,Qwen2.5-7B-Instruct-RL,r8_7b,NA,seed2,existence_check,20,cd/490331,256,235,1,20,1.15716947,0.55648088,0.43514644,63-,0.62552301,2,8,0.195312
C,Qwen2.5-7B-Instruct-RL,r8_7b,NA,seed2,existence_check,20,cd/490330,256,42,4,210,0.34168109,0.31101153,0.82758621,85-,0.90804598,1,3,0.007812
C,Qwen2.5-7B-Instruct-RL,r8_7b,NA,seed2,existence_check,20,cd/490327,256,249,1,6,1.15954207,0.55762187,0.06719368,50-,0.46047431,2,8,0.398438
C,Qwen2.5-7B-Instruct-RL,r8_7b,NA,seed2,existence_check,20,cd/490325,256,233,5,18,0.62999658,0.3237542,0.68921776,90-,0.82241015,2,7,0.085938
C,Qwen2.5-7B-Instruct-RL,r8_7b,NA,seed2,existence_check,20,cd/490324,256,208,1,47,0.35084676,0.21799335,0.8456057,99-,0.91448931,1,5,0.875
C,Qwen2.5-7B-Instruct-RL,r8_7b,NA,seed2,existence_check,20,cd/490322,256,221,1,34,0.82304866,0.51138888,0.55928412,55+,0.7360179,2,5,0.925781
C,Qwen2.5-7B-Instruct-RL,r8_7b,NA,seed2,existence_check,20,cd/490321,256,187,5,64,0.5141102,0.46796327,0.67904509,64-,0.83023873,2,3,0.003906
C,Qwen2.5-7B-Instruct-RL,r8_7b,NA,seed2,existence_check,20,cd/490320,256,55,6,195,0.57193325,0.82512526,0.48214286,36*,0.74107143,2,2,0.191406
C,Qwen2.5-7B-Instruct-RL,r8_7b,NA,seed2,existence_check,20,cd/490317,256,241,1,14,0.78689775,0.48892706,0.61601643,47-,0.76180698,2,5,0.875
C,Qwen2.5-7B-Instruct-RL,r8_7b,NA,seed2,existence_check,20,cd/490316,256,230,2,24,1.04080896,0.64669097,0.26666667,26-,0.57419355,2,5,0.933594
C,Qwen2.5-7B-Instruct-RL,r8_7b,NA,seed2,existence_check,20,cd/490315,256,239,0,17,0.40396077,0.25099494,0.84886128,87-,0.9047619,1,5,0.84375
C,Qwen2.5-7B-Instruct-RL,r8_7b,NA,seed2,existence_check,20,cd/490313,256,228,5,23,0.38016045,0.23620697,0.85900217,98-,0.9132321,1,5,0.902344
C,Qwen2.5-7B-Instruct-RL,r8_7b,NA,seed2,existence_check,20,cd/490312,256,221,5,30,0.29122781,0.26508697,0.84044944,90-,0.91910112,1,3,0.835938
C,Qwen2.5-7B-Instruct-RL,r8_7b,NA,seed2,existence_check,20,cd/490309,256,251,1,4,1.23647732,0.49759508,0.06614786,96-,0.46498054,2,12,0.023438
C,Qwen2.5-7B-Instruct-RL,r8_7b,NA,seed2,existence_check,20,cd/490308,256,78,3,175,0.18138854,0.26168834,0.91139241,11*,0.9556962,1,2,0.703125
C,Qwen2.5-7B-Instruct-RL,r8_7b,NA,seed2,existence_check,20,cd/490307,256,242,4,10,0.75889438,0.36495105,0.72357724,72-,0.80691057,1,8,0.367188
C,Qwen2.5-7B-Instruct-RL,r8_7b,NA,seed2,existence_check,20,cd/490306,256,9,3,244,0.64744664,0.93406806,0.3,50-,0.65,2,2,0.007812
C,Qwen2.5-7B-Instruct-RL,r8_7b,NA,seed2,existence_check,20,cd/490305,256,90,2,164,0.12584354,0.18155386,0.94505495,15*,0.97252747,1,2,0.480469
C,Qwen2.5-7B-Instruct-RL,r8_7b,NA,seed2,existence_check,20,cd/490304,256,42,9,205,0.28202799,0.25671294,0.87356322,76-,0.93103448,1,3,0.007812
C,Qwen2.5-7B-Instruct-RL,r8_7b,NA,seed2,existence_check,20,cd/490303,256,105,1,150,1.35326649,0.65078362,0.09174312,68+,0.43577982,3,8,0.367188
C,Qwen2.5-7B-Instruct-RL,r8_7b,NA,seed2,existence_check,20,cd/490297,256,121,1,134,0.3375426,0.30724452,0.80816327,22+,0.90204082,1,3,0.78125
C,Qwen2.5-7B-Instruct-RL,r8_7b,NA,seed2,existence_check,20,cd/490296,256,249,2,5,0.95737736,0.46040119,0.20158103,80-,0.56719368,2,8,0.417969
C,Qwen2.5-7B-Instruct-RL,r8_7b,NA,seed2,existence_check,20,cd/490292,256,187,1,68,1.23672041,0.53710085,0.35416667,44+,0.55989583,3,10,0.207031
C,Qwen2.5-7B-Instruct-RL,r8_7b,NA,seed2,existence_check,20,cd/490290,256,92,4,160,1.35122515,0.83956339,0.26455026,40+,0.47089947,4,5,0.578125
C,Qwen2.5-7B-Instruct-RL,r8_7b,NA,seed2,existence_check,20,cd/490288,256,214,0,42,0.32221051,0.17982911,0.86175115,24*,0.92396313,1,6,0.0625
C,Qwen2.5-7B-Instruct-RL,r8_7b,NA,seed2,existence_check,20,cd/490287,256,235,1,20,0.90212308,0.56052058,0.41263158,97-,0.65473684,2,5,0.550781
C,Qwen2.5-7B-Instruct-RL,r8_7b,NA,seed2,existence_check,20,cd/490283,256,230,6,20,0.51912316,0.32254935,0.81290323,91-,0.87096774,1,5,0.804688
C,Qwen2.5-7B-Instruct-RL,r8_7b,NA,seed2,existence_check,20,cd/490282,256,224,5,27,0.86334057,0.53642365,0.18984547,78+,0.57174393,2,5,0.917969
C,Qwen2.5-7B-Instruct-RL,r8_7b,NA,seed2,existence_check,20,cd/490281,256,234,3,19,0.23669908,0.14706941,0.90909091,27-,0.94926004,1,5,0.976562
C,Qwen2.5-7B-Instruct-RL,r8_7b,NA,seed2,existence_check,20,cd/490280,256,233,5,18,0.87622754,0.54443078,0.52229299,45-,0.70276008,2,5,0.824219
C,Qwen2.5-7B-Instruct-RL,r8_7b,NA,seed2,existence_check,20,cd/490279,256,239,6,11,1.2256012,0.76150884,0.04968944,45-,0.40372671,3,5,0.820312
C,Qwen2.5-7B-Instruct-RL,r8_7b,NA,seed2,existence_check,20,cd/490276,256,245,3,8,0.31753994,0.19729866,0.9010101,83-,0.93535354,1,5,0.886719
C,Qwen2.5-7B-Instruct-RL,r8_7b,NA,seed2,existence_check,20,cd/490275,256,21,1,234,0.69211377,0.9985091,0.04545455,39-,0.52272727,2,2,0.054688
C,Qwen2.5-7B-Instruct-RL,r8_7b,NA,seed2,existence_check,20,cd/490274,256,103,2,151,0.50395922,0.36352974,0.73333333,55-,0.85238095,2,4,0.007812
C,Qwen2.5-7B-Instruct-RL,r8_7b,NA,seed2,existence_check,20,cd/490271,256,232,2,22,0.92562392,0.57512247,0.54584222,95-,0.69296375,3,5,0.933594
C,Qwen2.5-7B-Instruct-RL,r8_7b,NA,seed2,existence_check,20,cd/490270,256,157,11,88,0.19099239,0.27554378,0.90506329,88-,0.95253165,1,2,0.03125
C,Qwen2.5-7B-Instruct-RL,r8_7b,NA,seed2,existence_check,20,cd/490268,256,55,1,200,0.54161599,0.49300012,0.67256637,7+,0.82300885,2,3,0.667969
C,Qwen2.5-7B-Instruct-RL,r8_7b,NA,seed2,existence_check,20,cd/490267,256,244,2,10,0.44447906,0.27617037,0.84381339,75-,0.89452333,1,5,0.910156
C,Qwen2.5-7B-Instruct-RL,r8_7b,NA,seed2,existence_check,20,cd/490266,256,232,2,22,0.71378506,0.4434996,0.3880597,83-,0.68443497,2,5,0.035156
C,Qwen2.5-7B-Instruct-RL,r8_7b,NA,seed2,existence_check,20,cd/490264,256,18,2,236,0.74699862,0.67994744,0.61538462,34-,0.74358974,3,3,0.070312
C,Qwen2.5-7B-Instruct-RL,r8_7b,NA,seed2,existence_check,20,cd/490263,256,248,1,7,1.27252215,0.6119538,0.17857143,32-,0.47420635,3,8,0.230469
C,Qwen2.5-7B-Instruct-RL,r8_7b,NA,seed2,existence_check,20,cd/490262,256,214,1,41,0.66752723,0.60760947,0.57540603,32*,0.76334107,2,3,0.757812
C,Qwen2.5-7B-Instruct-RL,r8_7b,NA,seed2,existence_check,20,cd/490261,256,201,7,48,0.56585633,0.3515863,0.76167076,60-,0.85257985,1,5,0.628906
C,Qwen2.5-7B-Instruct-RL,r8_7b,NA,seed2,existence_check,20,cd/490260,256,168,1,87,0.54580069,0.4968092,0.59587021,67-,0.79351032,2,3,0.777344
C,Qwen2.5-7B-Instruct-RL,r8_7b,NA,seed2,existence_check,20,cd/490259,256,163,2,91,0.07253489,0.0660241,0.9787234,74-,0.98784195,1,3,0.484375
C,Qwen2.5-7B-Instruct-RL,r8_7b,NA,seed2,existence_check,20,cd/490258,256,212,2,42,0.80076986,0.3850889,0.61111111,84-,0.76157407,2,8,0.417969
C,Qwen2.5-7B-Instruct-RL,r8_7b,NA,seed2,existence_check,20,cd/490256,256,227,0,29,1.05010639,0.65246778,0.43137255,79-,0.63398693,2,5,0.742188
C,Qwen2.5-7B-Instruct-RL,r8_7b,NA,seed2,existence_check,20,cd/490254,256,27,5,224,1.0837274,0.98645119,0.07017544,90/,0.40350877,3,3,0.496094
C,Qwen2.5-7B-Instruct-RL,r8_7b,NA,seed2,existence_check,20,cd/490249,256,238,1,17,0.79382418,0.40794493,0.563147,96-,0.74741201,2,7,0.167969
C,Qwen2.5-7B-Instruct-RL,r8_7b,NA,seed2,existence_check,20,cd/490248,256,181,2,73,0.59055034,0.85198405,0.44505495,69-,0.72252747,2,2,0.054688
C,Qwen2.5-7B-Instruct-RL,r8_7b,NA,seed2,existence_check,20,cd/490246,256,230,8,18,0.91743138,0.57003217,0.29247312,52-,0.61290323,2,5,0.785156
C,Qwen2.5-7B-Instruct-RL,r8_7b,NA,seed2,existence_check,20,cd/490245,256,241,3,12,1.14195753,0.54916549,0.42857143,93-,0.60612245,3,8,0.230469
C,Qwen2.5-7B-Instruct-RL,r8_7b,NA,seed2,existence_check,20,cd/490243,256,201,1,54,0.8405183,0.52224338,0.63882064,72-,0.74938575,2,5,0.597656
C,Qwen2.5-7B-Instruct-RL,r8_7b,NA,seed2,existence_check,20,cd/490241,256,237,1,18,0.69127539,0.42951355,0.55114823,98-,0.75782881,2,5,0.558594
C,Qwen2.5-7B-Instruct-RL,r8_7b,NA,seed2,existence_check,20,cd/490240,256,221,0,35,0.62357768,0.3874506,0.72035794,85-,0.82550336,2,5,0.648438
C,Qwen2.5-7B-Instruct-RL,r8_7b,NA,seed2,existence_check,20,cd/490239,256,16,3,237,0.62366331,0.56768281,0.57142857,27-,0.77142857,2,3,0.007812
C,Qwen2.5-7B-Instruct-RL,r8_7b,NA,seed2,existence_check,20,cd/490237,256,175,0,81,0.09759653,0.14080203,0.96022727,96-,0.98011364,1,2,0.023438
C,Qwen2.5-7B-Instruct-RL,r8_7b,NA,seed2,existence_check,20,cd/490236,256,230,2,24,1.33260802,0.640849,0.21367521,97-,0.48504274,3,8,0.128906
C,Qwen2.5-7B-Instruct-RL,r8_7b,NA,seed2,existence_check,20,cd/490235,256,246,0,10,1.02444281,0.52645946,0.38877756,90-,0.62324649,2,7,0.148438
C,Qwen2.5-7B-Instruct-RL,r8_7b,NA,seed2,existence_check,20,cd/490234,256,239,5,12,0.5094492,0.31653858,0.79089027,83-,0.86749482,1,5,0.9375
C,Qwen2.5-7B-Instruct-RL,r8_7b,NA,seed2,existence_check,20,cd/490233,256,225,2,29,0.92251534,0.57319101,0.54065934,92+,0.7010989,2,5,0.921875
C,Qwen2.5-7B-Instruct-RL,r8_7b,NA,seed2,existence_check,20,cd/490232,256,145,2,109,0.07985469,0.07268687,0.97610922,88-,0.98634812,1,3,0.0
C,Qwen2.5-7B-Instruct-RL,r8_7b,NA,seed2,existence_check,20,cd/490231,256,222,4,30,0.48242117,0.23199554,0.81415929,66-,0.88716814,1,8,0.46875
C,Qwen2.5-7B-Instruct-RL,r8_7b,NA,seed2,existence_check,20,cd/490229,256,179,1,76,1.23424068,0.5935443,0.26229508,87+,0.54371585,2,8,0.226562
C,Qwen2.5-7B-Instruct-RL,r8_7b,NA,seed2,existence_check,20,cd/490228,256,161,8,87,0.56969956,0.35397424,0.78899083,56+,0.85321101,1,5,0.945312
C,Qwen2.5-7B-Instruct-RL,r8_7b,NA,seed2,existence_check,20,cd/490227,256,223,2,31,0.85204888,0.52940773,0.54988914,35+,0.72062084,2,5,0.921875
C,Qwen2.5-7B-Instruct-RL,r8_7b,NA,seed2,existence_check,20,cd/490225,256,230,3,23,0.25917646,0.16103539,0.92043011,91-,0.9483871,1,5,0.933594
C,Qwen2.5-7B-Instruct-RL,r8_7b,NA,seed2,existence_check,20,cd/490221,256,227,2,27,0.36894781,0.22924016,0.8671024,79-,0.91721133,1,5,0.929688
C,Qwen2.5-7B-Instruct-RL,r8_7b,NA,seed2,existence_check,20,cd/490219,256,198,0,58,1.04204182,0.64745699,0.44887781,94+,0.64089776,2,5,0.859375
C,Qwen2.5-7B-Instruct-RL,r8_7b,NA,seed2,existence_check,20,cd/490217,256,179,6,71,0.23142709,0.21065402,0.91966759,74-,0.9501385,1,3,0.0
C,Qwen2.5-7B-Instruct-RL,r8_7b,NA,seed2,existence_check,20,cd/490215,256,241,3,12,0.53475907,0.33226449,0.73921971,61-,0.85215606,2,5,0.902344
C,Qwen2.5-7B-Instruct-RL,r8_7b,NA,seed2,existence_check,20,cd/490214,256,178,4,74,0.16525399,0.15042066,0.94150418,73-,0.96657382,1,3,0.683594
C,Qwen2.5-7B-Instruct-RL,r8_7b,NA,seed2,existence_check,20,cd/490213,256,194,0,62,1.4661986,0.75347703,0.05063291,34-,0.35696203,3,7,0.046875
C,Qwen2.5-7B-Instruct-RL,r8_7b,NA,seed2,existence_check,20,cd/490212,256,229,3,24,1.18360279,0.73541376,0.13390929,42+,0.46436285,3,5,0.90625
C,Qwen2.5-7B-Instruct-RL,r8_7b,NA,seed2,existence_check,20,cd/490211,256,231,11,14,0.3382008,0.21013597,0.88650964,79-,0.92719486,1,5,0.9375
C,Qwen2.5-7B-Instruct-RL,r8_7b,NA,seed2,existence_check,20,cd/490208,256,235,0,21,0.79164299,0.49187544,0.00842105,76-,0.49473684,2,5,0.863281
C,Qwen2.5-7B-Instruct-RL,r8_7b,NA,seed2,existence_check,20,cd/490207,256,139,2,115,1.04631066,0.65010937,0.35335689,80+,0.61130742,2,5,0.972656
C,Qwen2.5-7B-Instruct-RL,r8_7b,NA,seed2,existence_check,20,cd/490206,256,218,6,32,0.89550294,0.55640726,0.430839,68-,0.66893424,2,5,0.675781
C,Qwen2.5-7B-Instruct-RL,r8_7b,NA,seed2,existence_check,20,cd/490205,256,148,3,105,0.74581595,0.4634015,0.57807309,72+,0.75415282,2,5,0.964844
C,Qwen2.5-7B-Instruct-RL,r8_7b,NA,seed2,existence_check,20,cd/490204,256,220,3,33,0.95845752,0.46092064,0.27232143,90-,0.60044643,2,8,0.097656
C,Qwen2.5-7B-Instruct-RL,r8_7b,NA,seed2,existence_check,20,cd/490203,256,153,3,100,0.6210586,0.5653119,0.42071197,38+,0.70873786,2,3,0.890625
C,Qwen2.5-7B-Instruct-RL,r8_7b,NA,seed2,existence_check,20,cd/490202,256,163,8,85,0.12572403,0.18138143,0.94512195,97-,0.97256098,1,2,0.039062
C,Qwen2.5-7B-Instruct-RL,r8_7b,NA,seed2,existence_check,20,cd/490201,256,228,1,27,0.71217362,0.44249835,0.72451193,82+,0.81344902,1,5,0.96875
C,Qwen2.5-7B-Instruct-RL,r8_7b,NA,seed2,existence_check,20,cd/490199,256,83,1,172,1.31558188,0.81741698,0.25730994,57+,0.48538012,3,5,0.878906
C,Qwen2.5-7B-Instruct-RL,r8_7b,NA,seed2,existence_check,25,cd/490363,256,248,0,8,1.04060299,0.50042426,0.28174603,83-,0.58531746,2,8,0.457031
C,Qwen2.5-7B-Instruct-RL,r8_7b,NA,seed2,existence_check,25,cd/490361,256,128,11,117,0.12055497,0.10973386,0.95752896,98-,0.97683398,1,3,0.894531
C,Qwen2.5-7B-Instruct-RL,r8_7b,NA,seed2,existence_check,25,cd/490360,256,109,1,146,1.51968239,0.78096226,0.17777778,73-,0.42222222,3,7,0.230469
C,Qwen2.5-7B-Instruct-RL,r8_7b,NA,seed2,existence_check,25,cd/490357,256,223,3,30,0.91951406,0.57132621,0.3902439,89-,0.64079823,2,5,0.746094
C,Qwen2.5-7B-Instruct-RL,r8_7b,NA,seed2,existence_check,25,cd/490356,256,206,0,50,0.88361063,0.49315248,0.48325359,79-,0.70095694,2,6,0.324219
C,Qwen2.5-7B-Instruct-RL,r8_7b,NA,seed2,existence_check,25,cd/490354,256,224,0,32,1.20184825,0.52195606,0.00436681,72-,0.44323144,2,10,0.199219
C,Qwen2.5-7B-Instruct-RL,r8_7b,NA,seed2,existence_check,25,cd/490353,256,189,4,63,0.52669372,0.32725321,0.65796345,62-,0.82245431,2,5,0.925781
C,Qwen2.5-7B-Instruct-RL,r8_7b,NA,seed2,existence_check,25,cd/490352,256,80,1,175,0.62643504,0.38922597,0.72727273,57-,0.83030303,2,5,0.011719
C,Qwen2.5-7B-Instruct-RL,r8_7b,NA,seed2,existence_check,25,cd/490351,256,144,0,112,1.11602553,0.57352367,0.25084746,77+,0.55254237,2,7,0.34375
C,Qwen2.5-7B-Instruct-RL,r8_7b,NA,seed2,existence_check,25,cd/490348,256,211,6,39,0.93239047,0.57932677,0.57142857,52-,0.70491803,2,5,0.101562
C,Qwen2.5-7B-Instruct-RL,r8_7b,NA,seed2,existence_check,25,cd/490347,256,245,1,10,1.43117993,0.68825206,0.22088353,59-,0.43172691,4,8,0.199219
C,Qwen2.5-7B-Instruct-RL,r8_7b,NA,seed2,existence_check,25,cd/490344,256,209,6,41,0.36637229,0.33348643,0.77434679,88-,0.88598575,2,3,0.929688
C,Qwen2.5-7B-Instruct-RL,r8_7b,NA,seed2,existence_check,25,cd/490343,256,249,0,7,0.84235996,0.43288739,0.4990099,94-,0.71089109,2,7,0.253906
C,Qwen2.5-7B-Instruct-RL,r8_7b,NA,seed2,existence_check,25,cd/490342,256,115,0,141,1.58173207,0.81284949,0.16877637,68+,0.35864979,4,7,0.128906
C,Qwen2.5-7B-Instruct-RL,r8_7b,NA,seed2,existence_check,25,cd/490341,256,225,3,28,1.27521721,0.58037636,0.15250545,44-,0.44662309,3,9,0.082031
C,Qwen2.5-7B-Instruct-RL,r8_7b,NA,seed2,existence_check,25,cd/490340,256,157,1,98,0.69205844,0.49921464,0.5408805,96-,0.75157233,2,4,0.417969
C,Qwen2.5-7B-Instruct-RL,r8_7b,NA,seed2,existence_check,25,cd/490339,256,150,2,104,1.23252191,0.76580892,0.24262295,45+,0.49508197,4,5,0.957031
C,Qwen2.5-7B-Instruct-RL,r8_7b,NA,seed2,existence_check,25,cd/490338,256,230,2,24,0.79582828,0.3827125,0.70940171,92-,0.80128205,1,8,0.546875
C,Qwen2.5-7B-Instruct-RL,r8_7b,NA,seed2,existence_check,25,cd/490337,256,230,4,22,0.76184968,0.47336382,0.56344086,79-,0.75053763,2,5,0.839844
C,Qwen2.5-7B-Instruct-RL,r8_7b,NA,seed2,existence_check,25,cd/490335,256,176,3,77,1.03418881,0.53146791,0.36211699,65+,0.62116992,2,7,0.695312
C,Qwen2.5-7B-Instruct-RL,r8_7b,NA,seed2,existence_check,25,cd/490334,256,117,2,137,0.85100956,0.52876197,0.51882845,46+,0.70711297,2,5,0.9375
C,Qwen2.5-7B-Instruct-RL,r8_7b,NA,seed2,existence_check,25,cd/490333,256,34,1,221,0.62498786,0.56888847,0.67605634,55-,0.8028169,2,3,0.0
C,Qwen2.5-7B-Instruct-RL,r8_7b,NA,seed2,existence_check,25,cd/490331,256,229,0,27,1.19749909,0.57587533,0.4806867,63-,0.62875536,3,8,0.324219
C,Qwen2.5-7B-Instruct-RL,r8_7b,NA,seed2,existence_check,25,cd/490330,256,41,1,214,0.78989249,0.71899113,0.56470588,85-,0.71764706,3,3,0.003906
C,Qwen2.5-7B-Instruct-RL,r8_7b,NA,seed2,existence_check,25,cd/490327,256,244,0,12,1.33379856,0.64142152,0.02016129,50-,0.39717742,3,8,0.542969
C,Qwen2.5-7B-Instruct-RL,r8_7b,NA,seed2,existence_check,25,cd/490325,256,234,1,21,0.76980959,0.39560387,0.56842105,90-,0.75578947,2,7,0.144531
C,Qwen2.5-7B-Instruct-RL,r8_7b,NA,seed2,existence_check,25,cd/490324,256,220,3,33,0.37542809,0.23326659,0.83146067,99-,0.90561798,1,5,0.898438
C,Qwen2.5-7B-Instruct-RL,r8_7b,NA,seed2,existence_check,25,cd/490322,256,215,2,39,0.96916062,0.60217335,0.45517241,55+,0.66436782,2,5,0.953125
C,Qwen2.5-7B-Instruct-RL,r8_7b,NA,seed2,existence_check,25,cd/490321,256,188,0,68,0.7318736,0.66618006,0.49604222,64-,0.72031662,2,3,0.015625
C,Qwen2.5-7B-Instruct-RL,r8_7b,NA,seed2,existence_check,25,cd/490320,256,53,2,201,0.59947733,0.86486297,0.42592593,36*,0.71296296,2,2,0.144531
C,Qwen2.5-7B-Instruct-RL,r8_7b,NA,seed2,existence_check,25,cd/490317,256,234,3,19,0.92994903,0.57780982,0.53276956,47-,0.70401691,2,5,0.957031
C,Qwen2.5-7B-Instruct-RL,r8_7b,NA,seed2,existence_check,25,cd/490316,256,228,6,22,1.0924644,0.6787863,0.32104121,26-,0.57049892,3,5,0.886719
C,Qwen2.5-7B-Instruct-RL,r8_7b,NA,seed2,existence_check,25,cd/490315,256,233,2,21,0.42649654,0.2649972,0.81953291,87-,0.89384289,1,5,0.84375
C,Qwen2.5-7B-Instruct-RL,r8_7b,NA,seed2,existence_check,25,cd/490313,256,228,5,23,0.57453686,0.35697982,0.80694143,98-,0.86117137,1,5,0.945312
C,Qwen2.5-7B-Instruct-RL,r8_7b,NA,seed2,existence_check,25,cd/490312,256,211,4,41,0.32296543,0.29397581,0.81411765,90-,0.90588235,1,3,0.941406
C,Qwen2.5-7B-Instruct-RL,r8_7b,NA,seed2,existence_check,25,cd/490309,256,251,0,5,1.23910212,0.49865137,0.19455253,96-,0.51945525,2,12,0.042969
C,Qwen2.5-7B-Instruct-RL,r8_7b,NA,seed2,existence_check,25,cd/490308,256,89,3,164,0.25934958,0.37416236,0.85555556,11*,0.92777778,1,2,0.632812
C,Qwen2.5-7B-Instruct-RL,r8_7b,NA,seed2,existence_check,25,cd/490307,256,245,1,10,1.00128832,0.4815179,0.61044177,72-,0.71686747,3,8,0.472656
C,Qwen2.5-7B-Instruct-RL,r8_7b,NA,seed2,existence_check,25,cd/490306,256,12,2,242,0.35762716,0.51594693,0.76923077,50-,0.88461538,2,2,0.007812
C,Qwen2.5-7B-Instruct-RL,r8_7b,NA,seed2,existence_check,25,cd/490305,256,94,1,161,0.0328652,0.04741446,0.98947368,15*,0.99473684,1,2,0.488281
C,Qwen2.5-7B-Instruct-RL,r8_7b,NA,seed2,existence_check,25,cd/490304,256,53,12,191,0.23791416,0.2165588,0.89908257,76-,0.94495413,1,3,0.023438
C,Qwen2.5-7B-Instruct-RL,r8_7b,NA,seed2,existence_check,25,cd/490303,256,148,1,107,1.27996717,0.6155341,0.02631579,37-,0.41776316,2,8,0.511719
C,Qwen2.5-7B-Instruct-RL,r8_7b,NA,seed2,existence_check,25,cd/490297,256,124,1,131,0.56684705,0.51596642,0.58167331,22+,0.78486056,2,3,0.828125
C,Qwen2.5-7B-Instruct-RL,r8_7b,NA,seed2,existence_check,25,cd/490296,256,242,1,13,1.16075176,0.5582036,0.02845528,99-,0.44512195,2,8,0.546875
C,Qwen2.5-7B-Instruct-RL,r8_7b,NA,seed2,existence_check,25,cd/490292,256,180,1,75,1.18768822,0.51580644,0.35675676,44+,0.58648649,2,10,0.222656
C,Qwen2.5-7B-Instruct-RL,r8_7b,NA,seed2,existence_check,25,cd/490290,256,101,4,151,1.3295137,0.82607331,0.18357488,40+,0.4589372,3,5,0.558594
C,Qwen2.5-7B-Instruct-RL,r8_7b,NA,seed2,existence_check,25,cd/490288,256,183,1,72,0.60884647,0.33980369,0.6344086,24*,0.80376344,2,6,0.109375
C,Qwen2.5-7B-Instruct-RL,r8_7b,NA,seed2,existence_check,25,cd/490287,256,228,2,26,0.88866917,0.5521612,0.48590022,97-,0.69197397,2,5,0.613281
C,Qwen2.5-7B-Instruct-RL,r8_7b,NA,seed2,existence_check,25,cd/490283,256,229,6,21,0.69515438,0.4319237,0.72138229,91-,0.80993521,1,5,0.835938
C,Qwen2.5-7B-Instruct-RL,r8_7b,NA,seed2,existence_check,25,cd/490282,256,214,6,36,1.04105061,0.64684112,0.09699769,78+,0.49191686,2,5,0.917969
C,Qwen2.5-7B-Instruct-RL,r8_7b,NA,seed2,existence_check,25,cd/490281,256,227,3,26,0.38282844,0.23786468,0.82788671,27-,0.90413943,1,5,0.984375
C,Qwen2.5-7B-Instruct-RL,r8_7b,NA,seed2,existence_check,25,cd/490280,256,233,8,15,0.92871229,0.57704139,0.53503185,45-,0.69002123,3,5,0.792969
C,Qwen2.5-7B-Instruct-RL,r8_7b,NA,seed2,existence_check,25,cd/490279,256,241,1,14,1.15067783,0.71495633,0.06160164,50-,0.44969199,3,5,0.84375
C,Qwen2.5-7B-Instruct-RL,r8_7b,NA,seed2,existence_check,25,cd/490276,256,239,4,13,0.69467555,0.43162619,0.74534161,83-,0.82194617,1,5,0.882812
C,Qwen2.5-7B-Instruct-RL,r8_7b,NA,seed2,existence_check,25,cd/490275,256,12,0,244,0.64503315,0.93058613,0.30769231,39-,0.65384615,2,2,0.125
C,Qwen2.5-7B-Instruct-RL,r8_7b,NA,seed2,existence_check,25,cd/490274,256,138,3,115,0.57193246,0.41256206,0.70714286,55-,0.83214286,2,4,0.023438
C,Qwen2.5-7B-Instruct-RL,r8_7b,NA,seed2,existence_check,25,cd/490271,256,230,5,21,0.98398336,0.61138324,0.44731183,95-,0.6516129,3,5,0.921875
C,Qwen2.5-7B-Instruct-RL,r8_7b,NA,seed2,existence_check,25,cd/490270,256,170,1,85,0.52601834,0.75888405,0.56140351,88-,0.78070175,2,2,0.035156
C,Qwen2.5-7B-Instruct-RL,r8_7b,NA,seed2,existence_check,25,cd/490268,256,58,4,194,0.53765566,0.48939528,0.60504202,7+,0.79831933,2,3,0.730469
C,Qwen2.5-7B-Instruct-RL,r8_7b,NA,seed2,existence_check,25,cd/490267,256,236,5,15,0.55738953,0.34632559,0.80922432,75-,0.86582809,1,5,0.910156
C,Qwen2.5-7B-Instruct-RL,r8_7b,NA,seed2,existence_check,25,cd/490266,256,223,0,33,0.8328306,0.51746674,0.11973392,83-,0.54323725,2,5,0.03125
C,Qwen2.5-7B-Instruct-RL,r8_7b,NA,seed2,existence_check,25,cd/490264,256,32,2,222,0.52486723,0.47775474,0.7761194,34-,0.85074627,1,3,0.066406
C,Qwen2.5-7B-Instruct-RL,r8_7b,NA,seed2,existence_check,25,cd/490263,256,244,2,10,1.2772086,0.6142075,0.36693548,32-,0.55443548,4,8,0.300781
C,Qwen2.5-7B-Instruct-RL,r8_7b,NA,seed2,existence_check,25,cd/490262,256,208,7,41,0.58395451,0.5315383,0.67303103,32*,0.81384248,2,3,0.765625
C,Qwen2.5-7B-Instruct-RL,r8_7b,NA,seed2,existence_check,25,cd/490261,256,191,2,63,0.61078141,0.37949983,0.65116279,60-,0.80878553,2,5,0.761719
C,Qwen2.5-7B-Instruct-RL,r8_7b,NA,seed2,existence_check,25,cd/490260,256,157,3,96,0.39978157,0.36389686,0.76971609,67-,0.88012618,2,3,0.917969
C,Qwen2.5-7B-Instruct-RL,r8_7b,NA,seed2,existence_check,25,cd/490259,256,159,5,92,0.22901393,0.20845746,0.91588785,74-,0.95015576,1,3,0.738281
C,Qwen2.5-7B-Instruct-RL,r8_7b,NA,seed2,existence_check,25,cd/490258,256,209,1,46,1.02710037,0.49393087,0.58685446,84-,0.71126761,2,8,0.679688
C,Qwen2.5-7B-Instruct-RL,r8_7b,NA,seed2,existence_check,25,cd/490256,256,221,3,32,0.96393892,0.59892893,0.45637584,79-,0.65100671,3,5,0.742188
C,Qwen2.5-7B-Instruct-RL,r8_7b,NA,seed2,existence_check,25,cd/490254,256,21,2,233,1.0317722,0.93915953,0.26666667,5*,0.51111111,3,3,0.421875
C,Qwen2.5-7B-Instruct-RL,r8_7b,NA,seed2,existence_check,25,cd/490249,256,221,0,35,0.90953181,0.46740689,0.61024499,96-,0.74610245,2,7,0.289062
C,Qwen2.5-7B-Instruct-RL,r8_7b,NA,seed2,existence_check,25,cd/490248,256,179,4,73,0.58270549,0.84066632,0.46111111,69-,0.73055556,2,2,0.0625
C,Qwen2.5-7B-Instruct-RL,r8_7b,NA,seed2,existence_check,25,cd/490246,256,225,3,28,0.8931464,0.55494306,0.45274725,52-,0.68351648,2,5,0.820312
C,Qwen2.5-7B-Instruct-RL,r8_7b,NA,seed2,existence_check,25,cd/490245,256,238,1,17,1.15309087,0.55451949,0.36363636,93-,0.59297521,2,8,0.4375
C,Qwen2.5-7B-Instruct-RL,r8_7b,NA,seed2,existence_check,25,cd/490243,256,211,2,43,0.77653735,0.48248978,0.69320843,72-,0.78454333,1,5,0.539062
C,Qwen2.5-7B-Instruct-RL,r8_7b,NA,seed2,existence_check,25,cd/490241,256,218,1,37,0.72520056,0.45059244,0.48072562,98-,0.72335601,2,5,0.542969
C,Qwen2.5-7B-Instruct-RL,r8_7b,NA,seed2,existence_check,25,cd/490240,256,222,2,32,0.82010898,0.50956236,0.61024499,85-,0.74610245,2,5,0.769531
C,Qwen2.5-7B-Instruct-RL,r8_7b,NA,seed2,existence_check,25,cd/490239,256,42,0,214,0.39409158,0.35871762,0.7816092,27-,0.88505747,2,3,0.050781
C,Qwen2.5-7B-Instruct-RL,r8_7b,NA,seed2,existence_check,25,cd/490237,256,160,1,95,0.08008244,0.11553454,0.9689441,96-,0.98447205,1,2,0.042969
C,Qwen2.5-7B-Instruct-RL,r8_7b,NA,seed2,existence_check,25,cd/490236,256,223,2,31,1.33359526,0.64132376,0.25991189,97-,0.52202643,2,8,0.214844
C,Qwen2.5-7B-Instruct-RL,r8_7b,NA,seed2,existence_check,25,cd/490235,256,238,2,16,1.09518744,0.56281501,0.43478261,90-,0.63146998,2,7,0.179688
C,Qwen2.5-7B-Instruct-RL,r8_7b,NA,seed2,existence_check,25,cd/490234,256,228,7,21,0.49471002,0.30738062,0.79826464,83-,0.86984816,1,5,0.925781
C,Qwen2.5-7B-Instruct-RL,r8_7b,NA,seed2,existence_check,25,cd/490233,256,221,2,33,1.1330877,0.70402697,0.32662192,92+,0.56599553,3,5,0.910156
C,Qwen2.5-7B-Instruct-RL,r8_7b,NA,seed2,existence_check,25,cd/490232,256,162,1,93,0.13112534,0.11935543,0.96024465,88-,0.97553517,1,3,0.0
C,Qwen2.5-7B-Instruct-RL,r8_7b,NA,seed2,existence_check,25,cd/490231,256,227,1,28,0.92646303,0.44553454,0.65367965,66-,0.75974026,2,8,0.511719
C,Qwen2.5-7B-Instruct-RL,r8_7b,NA,seed2,existence_check,25,cd/490229,256,200,2,54,1.34322456,0.64595447,0.29411765,87+,0.54166667,2,8,0.304688
C,Qwen2.5-7B-Instruct-RL,r8_7b,NA,seed2,existence_check,25,cd/490228,256,172,4,80,0.67872971,0.42171848,0.70487106,56+,0.81088825,2,5,0.976562
C,Qwen2.5-7B-Instruct-RL,r8_7b,NA,seed2,existence_check,25,cd/490227,256,223,2,31,1.06227622,0.66002932,0.3902439,35+,0.6097561,3,5,0.90625
C,Qwen2.5-7B-Instruct-RL,r8_7b,NA,seed2,existence_check,25,cd/490225,256,225,2,29,0.48466229,0.30113761,0.82637363,91-,0.88131868,1,5,0.867188
C,Qwen2.5-7B-Instruct-RL,r8_7b,NA,seed2,existence_check,25,cd/490221,256,219,4,33,0.56014448,0.34803733,0.75395034,79-,0.8510158,1,5,0.949219
C,Qwen2.5-7B-Instruct-RL,r8_7b,NA,seed2,existence_check,25,cd/490219,256,197,3,56,1.04266236,0.64784255,0.43609023,94+,0.63909774,2,5,0.835938
C,Qwen2.5-7B-Instruct-RL,r8_7b,NA,seed2,existence_check,25,cd/490217,256,194,3,59,0.35017843,0.31874615,0.85421995,74-,0.91304348,1,3,0.0
C,Qwen2.5-7B-Instruct-RL,r8_7b,NA,seed2,existence_check,25,cd/490215,256,225,14,17,0.67190505,0.41747808,0.59340659,61-,0.77582418,2,5,0.929688
C,Qwen2.5-7B-Instruct-RL,r8_7b,NA,seed2,existence_check,25,cd/490214,256,164,3,89,0.17623674,0.1604176,0.93655589,73-,0.96374622,1,3,0.753906
C,Qwen2.5-7B-Instruct-RL,r8_7b,NA,seed2,existence_check,25,cd/490213,256,211,2,43,1.26396478,0.64954941,0.09324009,44-,0.41258741,3,7,0.074219
C,Qwen2.5-7B-Instruct-RL,r8_7b,NA,seed2,existence_check,25,cd/490212,256,212,7,37,1.26660103,0.78698347,0.15384615,42+,0.44988345,3,5,0.953125
C,Qwen2.5-7B-Instruct-RL,r8_7b,NA,seed2,existence_check,25,cd/490211,256,226,4,26,0.58673186,0.364557,0.71772429,79-,0.83369803,2,5,0.941406
C,Qwen2.5-7B-Instruct-RL,r8_7b,NA,seed2,existence_check,25,cd/490208,256,225,5,26,0.87555423,0.54401243,0.09230769,94-,0.52527473,2,5,0.902344
C,Qwen2.5-7B-Instruct-RL,r8_7b,NA,seed2,existence_check,25,cd/490207,256,155,5,96,1.28753403,0.79998987,0.06984127,80+,0.42857143,2,5,0.964844
C,Qwen2.5-7B-Instruct-RL,r8_7b,NA,seed2,existence_check,25,cd/490206,256,215,4,37,0.92509549,0.57479415,0.51954023,68-,0.69655172,2,5,0.695312
C,Qwen2.5-7B-Instruct-RL,r8_7b,NA,seed2,existence_check,25,cd/490205,256,166,3,87,0.8536624,0.53041027,0.54005935,72+,0.71513353,2,5,0.957031
C,Qwen2.5-7B-Instruct-RL,r8_7b,NA,seed2,existence_check,25,cd/490204,256,217,2,37,1.09938596,0.52869289,0.18099548,90-,0.5361991,2,8,0.132812
C,Qwen2.5-7B-Instruct-RL,r8_7b,NA,seed2,existence_check,25,cd/490203,256,157,6,93,0.66353991,0.60398006,0.30914826,38+,0.65299685,2,3,0.890625
C,Qwen2.5-7B-Instruct-RL,r8_7b,NA,seed2,existence_check,25,cd/490202,256,173,0,83,0.09848611,0.14208543,0.95977011,97-,0.97988506,1,2,0.050781
C,Qwen2.5-7B-Instruct-RL,r8_7b,NA,seed2,existence_check,25,cd/490201,256,207,4,45,0.85014861,0.52822703,0.60143198,82+,0.74701671,2,5,0.917969
C,Qwen2.5-7B-Instruct-RL,r8_7b,NA,seed2,existence_check,25,cd/490199,256,121,4,131,1.26234325,0.78433796,0.16194332,57+,0.47368421,3,5,0.941406
D,philschmid-qwen2.5-3b-r1-countdown,public_ckpt100,100,base,public_root,100,cd/490363,256,231,1,24,1.18014616,0.56753034,0.34468085,83-,0.59361702,2,8,0.417969
D,philschmid-qwen2.5-3b-r1-countdown,public_ckpt100,100,base,public_root,100,cd/490361,256,216,4,36,0.08234214,0.07495105,0.97931034,98-,0.9862069,1,3,0.753906
D,philschmid-qwen2.5-3b-r1-countdown,public_ckpt100,100,base,public_root,100,cd/490360,256,124,3,129,1.12714637,0.57923865,0.54901961,73-,0.67058824,2,7,0.125
D,philschmid-qwen2.5-3b-r1-countdown,public_ckpt100,100,base,public_root,100,cd/490357,256,230,5,21,0.84736362,0.52649662,0.58064516,89-,0.73333333,2,5,0.6875
D,philschmid-qwen2.5-3b-r1-countdown,public_ckpt100,100,base,public_root,100,cd/490356,256,199,3,54,0.86515592,0.48285271,0.63366337,79-,0.7549505,2,6,0.0
D,philschmid-qwen2.5-3b-r1-countdown,public_ckpt100,100,base,public_root,100,cd/490354,256,226,6,24,1.42187199,0.61751116,0.18614719,72-,0.47402597,3,10,0.308594
D,philschmid-qwen2.5-3b-r1-countdown,public_ckpt100,100,base,public_root,100,cd/490353,256,191,5,60,0.70147029,0.435848,0.55297158,62-,0.75710594,2,5,0.5625
D,philschmid-qwen2.5-3b-r1-countdown,public_ckpt100,100,base,public_root,100,cd/490352,256,70,5,181,0.75039738,0.46624811,0.74482759,57-,0.80689655,1,5,0.0
D,philschmid-qwen2.5-3b-r1-countdown,public_ckpt100,100,base,public_root,100,cd/490351,256,150,2,104,1.20999747,0.62181569,0.06514658,77-,0.45276873,2,7,0.359375
D,philschmid-qwen2.5-3b-r1-countdown,public_ckpt100,100,base,public_root,100,cd/490348,256,224,5,27,0.65393499,0.40631265,0.76379691,52-,0.83222958,1,5,0.082031
D,philschmid-qwen2.5-3b-r1-countdown,public_ckpt100,100,base,public_root,100,cd/490347,256,230,6,20,1.16969932,0.56250647,0.33760684,59-,0.57478632,2,8,0.25
D,philschmid-qwen2.5-3b-r1-countdown,public_ckpt100,100,base,public_root,100,cd/490344,256,202,8,46,0.3646246,0.33189561,0.77641278,88-,0.88697789,2,3,0.824219
D,philschmid-qwen2.5-3b-r1-countdown,public_ckpt100,100,base,public_root,100,cd/490343,256,229,3,24,0.90696118,0.46608585,0.56774194,94-,0.72903226,2,7,0.050781
D,philschmid-qwen2.5-3b-r1-countdown,public_ckpt100,100,base,public_root,100,cd/490342,256,182,2,72,1.5616635,0.80253628,0.03773585,55+,0.28301887,4,7,0.136719
D,philschmid-qwen2.5-3b-r1-countdown,public_ckpt100,100,base,public_root,100,cd/490341,256,224,6,26,1.19769664,0.54509523,0.27133479,62-,0.55798687,2,9,0.113281
D,philschmid-qwen2.5-3b-r1-countdown,public_ckpt100,100,base,public_root,100,cd/490340,256,189,1,66,0.64743967,0.467029,0.60209424,96-,0.78272251,2,4,0.128906
D,philschmid-qwen2.5-3b-r1-countdown,public_ckpt100,100,base,public_root,100,cd/490339,256,197,7,52,1.03507768,0.64312992,0.37593985,45+,0.61403509,3,5,0.875
D,philschmid-qwen2.5-3b-r1-countdown,public_ckpt100,100,base,public_root,100,cd/490338,256,215,4,37,0.93905624,0.45159059,0.65753425,92-,0.75570776,1,8,0.316406
D,philschmid-qwen2.5-3b-r1-countdown,public_ckpt100,100,base,public_root,100,cd/490337,256,236,4,16,0.90112362,0.55989959,0.60796646,79-,0.73584906,2,5,0.726562
D,philschmid-qwen2.5-3b-r1-countdown,public_ckpt100,100,base,public_root,100,cd/490335,256,213,0,43,1.51780569,0.77999783,0.02309469,65+,0.35796767,2,7,0.40625
D,philschmid-qwen2.5-3b-r1-countdown,public_ckpt100,100,base,public_root,100,cd/490334,256,190,6,60,0.85776063,0.53295665,0.41038961,46+,0.67272727,2,5,0.867188
D,philschmid-qwen2.5-3b-r1-countdown,public_ckpt100,100,base,public_root,100,cd/490333,256,50,9,197,0.65227748,0.59372855,0.6407767,55-,0.78640777,2,3,0.0
D,philschmid-qwen2.5-3b-r1-countdown,public_ckpt100,100,base,public_root,100,cd/490331,256,233,2,21,1.33273837,0.64091168,0.27004219,63-,0.52531646,2,8,0.394531
D,philschmid-qwen2.5-3b-r1-countdown,public_ckpt100,100,base,public_root,100,cd/490330,256,18,2,236,0.9317564,0.84812123,0.30769231,85-,0.58974359,3,3,0.0
D,philschmid-qwen2.5-3b-r1-countdown,public_ckpt100,100,base,public_root,100,cd/490327,256,219,4,33,1.20974257,0.5817632,0.28251121,95-,0.56278027,2,8,0.222656
D,philschmid-qwen2.5-3b-r1-countdown,public_ckpt100,100,base,public_root,100,cd/490325,256,192,3,61,0.80093184,0.41159754,0.62404092,90-,0.76982097,2,7,0.015625
D,philschmid-qwen2.5-3b-r1-countdown,public_ckpt100,100,base,public_root,100,cd/490324,256,213,4,39,0.64988389,0.40379557,0.72389791,99-,0.81902552,1,5,0.640625
D,philschmid-qwen2.5-3b-r1-countdown,public_ckpt100,100,base,public_root,100,cd/490322,256,221,8,27,0.82362926,0.51174963,0.29530201,55-,0.62863535,2,5,0.585938
D,philschmid-qwen2.5-3b-r1-countdown,public_ckpt100,100,base,public_root,100,cd/490321,256,151,0,105,0.4637022,0.42207993,0.72786885,64-,0.8557377,2,3,0.0
D,philschmid-qwen2.5-3b-r1-countdown,public_ckpt100,100,base,public_root,100,cd/490320,256,61,3,192,0.67732474,0.97717304,0.17741935,36*,0.58870968,2,2,0.066406
D,philschmid-qwen2.5-3b-r1-countdown,public_ckpt100,100,base,public_root,100,cd/490317,256,232,2,22,0.69908043,0.43436309,0.69936034,47-,0.80383795,2,5,0.472656
D,philschmid-qwen2.5-3b-r1-countdown,public_ckpt100,100,base,public_root,100,cd/490316,256,209,6,41,0.98997672,0.61510712,0.28841608,26-,0.59338061,2,5,0.601562
D,philschmid-qwen2.5-3b-r1-countdown,public_ckpt100,100,base,public_root,100,cd/490315,256,222,7,27,0.75457194,0.46884191,0.70378619,87-,0.79955457,1,5,0.753906
D,philschmid-qwen2.5-3b-r1-countdown,public_ckpt100,100,base,public_root,100,cd/490313,256,233,4,19,0.85254268,0.52971455,0.53078556,98-,0.71125265,2,5,0.722656
D,philschmid-qwen2.5-3b-r1-countdown,public_ckpt100,100,base,public_root,100,cd/490312,256,192,1,63,0.32128478,0.29244601,0.81653747,90-,0.90697674,1,3,0.828125
D,philschmid-qwen2.5-3b-r1-countdown,public_ckpt100,100,base,public_root,100,cd/490309,256,223,3,30,1.04456397,0.42036346,0.43668122,96-,0.66157205,2,12,0.007812
D,philschmid-qwen2.5-3b-r1-countdown,public_ckpt100,100,base,public_root,100,cd/490308,256,31,2,223,0.63284283,0.91299921,0.34375,11*,0.671875,2,2,0.082031
D,philschmid-qwen2.5-3b-r1-countdown,public_ckpt100,100,base,public_root,100,cd/490307,256,228,3,25,1.04244963,0.50131231,0.57327586,72-,0.70043103,3,8,0.386719
D,philschmid-qwen2.5-3b-r1-countdown,public_ckpt100,100,base,public_root,100,cd/490306,256,13,0,243,0.34049978,0.49123734,0.78571429,50-,0.89285714,2,2,0.0
D,philschmid-qwen2.5-3b-r1-countdown,public_ckpt100,100,base,public_root,100,cd/490305,256,32,4,220,0.45056121,0.65002242,0.66666667,15*,0.83333333,2,2,0.136719
D,philschmid-qwen2.5-3b-r1-countdown,public_ckpt100,100,base,public_root,100,cd/490304,256,53,12,191,0.46712297,0.42519365,0.78899083,76-,0.87155963,1,3,0.003906
D,philschmid-qwen2.5-3b-r1-countdown,public_ckpt100,100,base,public_root,100,cd/490303,256,207,4,45,1.69068637,0.81304828,0.07582938,68+,0.29620853,4,8,0.234375
D,philschmid-qwen2.5-3b-r1-countdown,public_ckpt100,100,base,public_root,100,cd/490297,256,180,7,69,0.77463208,0.70510051,0.02754821,30+,0.50413223,2,3,0.71875
D,philschmid-qwen2.5-3b-r1-countdown,public_ckpt100,100,base,public_root,100,cd/490296,256,215,3,38,1.12275295,0.53993004,0.36073059,99-,0.61415525,2,8,0.300781
D,philschmid-qwen2.5-3b-r1-countdown,public_ckpt100,100,base,public_root,100,cd/490292,256,167,0,89,1.48541052,0.64510559,0.05232558,16+,0.39825581,2,10,0.078125
D,philschmid-qwen2.5-3b-r1-countdown,public_ckpt100,100,base,public_root,100,cd/490290,256,194,6,56,1.07974366,0.67088246,0.17811705,40-,0.51653944,3,5,0.578125
D,philschmid-qwen2.5-3b-r1-countdown,public_ckpt100,100,base,public_root,100,cd/490288,256,77,1,178,0.8896455,0.49652061,0.675,24*,0.75625,1,6,0.0
D,philschmid-qwen2.5-3b-r1-countdown,public_ckpt100,100,base,public_root,100,cd/490287,256,235,4,17,1.0879868,0.67600421,0.45052632,97-,0.63789474,2,5,0.433594
D,philschmid-qwen2.5-3b-r1-countdown,public_ckpt100,100,base,public_root,100,cd/490283,256,210,5,41,0.59318925,0.3685692,0.8,91-,0.85882353,1,5,0.433594
D,philschmid-qwen2.5-3b-r1-countdown,public_ckpt100,100,base,public_root,100,cd/490282,256,224,3,29,0.87344443,0.54270154,0.47682119,78-,0.69536424,2,5,0.816406
D,philschmid-qwen2.5-3b-r1-countdown,public_ckpt100,100,base,public_root,100,cd/490281,256,184,4,68,0.76346036,0.47436459,0.55764075,27-,0.73726542,2,5,0.742188
D,philschmid-qwen2.5-3b-r1-countdown,public_ckpt100,100,base,public_root,100,cd/490280,256,236,2,18,0.7844259,0.48739121,0.57023061,45-,0.74842767,2,5,0.71875
D,philschmid-qwen2.5-3b-r1-countdown,public_ckpt100,100,base,public_root,100,cd/490279,256,219,13,24,0.88462928,0.54965107,0.59142212,50-,0.72460497,3,5,0.589844
D,philschmid-qwen2.5-3b-r1-countdown,public_ckpt100,100,base,public_root,100,cd/490276,256,229,5,22,0.68969644,0.42853249,0.64362851,83-,0.79265659,2,5,0.84375
D,philschmid-qwen2.5-3b-r1-countdown,public_ckpt100,100,base,public_root,100,cd/490275,256,61,0,195,0.33558645,0.48414891,0.79032258,59-,0.89516129,2,2,0.015625
D,philschmid-qwen2.5-3b-r1-countdown,public_ckpt100,100,base,public_root,100,cd/490274,256,185,2,69,0.52851057,0.38123979,0.81818182,55-,0.86898396,1,4,0.0
D,philschmid-qwen2.5-3b-r1-countdown,public_ckpt100,100,base,public_root,100,cd/490271,256,224,5,27,0.76562857,0.47571178,0.63576159,95-,0.76600442,2,5,0.6875
D,philschmid-qwen2.5-3b-r1-countdown,public_ckpt100,100,base,public_root,100,cd/490270,256,150,8,98,0.58800821,0.84831653,0.45033113,88-,0.72516556,2,2,0.003906
D,philschmid-qwen2.5-3b-r1-countdown,public_ckpt100,100,base,public_root,100,cd/490268,256,144,4,108,0.76385546,0.6952912,0.54295533,11+,0.72508591,2,3,0.527344
D,philschmid-qwen2.5-3b-r1-countdown,public_ckpt100,100,base,public_root,100,cd/490267,256,208,8,40,0.71188657,0.44232,0.59857482,75-,0.7672209,2,5,0.707031
D,philschmid-qwen2.5-3b-r1-countdown,public_ckpt100,100,base,public_root,100,cd/490266,256,221,5,30,0.91546931,0.56881307,0.44295302,92-,0.67337808,2,5,0.0
D,philschmid-qwen2.5-3b-r1-countdown,public_ckpt100,100,base,public_root,100,cd/490264,256,40,4,212,0.75760364,0.68960055,0.57831325,34-,0.73493976,3,3,0.007812
D,philschmid-qwen2.5-3b-r1-countdown,public_ckpt100,100,base,public_root,100,cd/490263,256,230,5,21,1.47119537,0.70749542,0.34615385,32-,0.53632479,2,8,0.289062
D,philschmid-qwen2.5-3b-r1-countdown,public_ckpt100,100,base,public_root,100,cd/490262,256,123,0,133,0.74658867,0.67957429,0.45783133,32*,0.70281124,2,3,0.023438
D,philschmid-qwen2.5-3b-r1-countdown,public_ckpt100,100,base,public_root,100,cd/490261,256,230,6,20,0.68503173,0.42563414,0.71827957,60-,0.80645161,1,5,0.773438
D,philschmid-qwen2.5-3b-r1-countdown,public_ckpt100,100,base,public_root,100,cd/490260,256,157,10,89,0.66843304,0.60843397,0.49842271,67-,0.73501577,2,3,0.734375
D,philschmid-qwen2.5-3b-r1-countdown,public_ckpt100,100,base,public_root,100,cd/490259,256,168,4,84,0.20067289,0.18266034,0.9380531,74-,0.95870206,1,3,0.65625
D,philschmid-qwen2.5-3b-r1-countdown,public_ckpt100,100,base,public_root,100,cd/490258,256,220,9,27,1.0756175,0.51726268,0.61607143,84-,0.70758929,1,8,0.5
D,philschmid-qwen2.5-3b-r1-countdown,public_ckpt100,100,base,public_root,100,cd/490256,256,239,6,11,0.85753306,0.53281525,0.64182195,79-,0.75569358,2,5,0.800781
D,philschmid-qwen2.5-3b-r1-countdown,public_ckpt100,100,base,public_root,100,cd/490254,256,36,2,218,0.82407618,0.75010647,0.13333333,90*,0.54666667,2,3,0.039062
D,philschmid-qwen2.5-3b-r1-countdown,public_ckpt100,100,base,public_root,100,cd/490249,256,219,3,34,1.02907463,0.52883975,0.59325843,96-,0.70786517,2,7,0.589844
D,philschmid-qwen2.5-3b-r1-countdown,public_ckpt100,100,base,public_root,100,cd/490248,256,199,2,55,0.68652003,0.99043904,0.115,54-,0.5575,2,2,0.015625
D,philschmid-qwen2.5-3b-r1-countdown,public_ckpt100,100,base,public_root,100,cd/490246,256,239,3,14,0.99175971,0.61621495,0.60455487,52-,0.71014493,2,5,0.691406
D,philschmid-qwen2.5-3b-r1-countdown,public_ckpt100,100,base,public_root,100,cd/490245,256,233,2,21,1.11908038,0.5381639,0.59493671,93-,0.68565401,1,8,0.429688
D,philschmid-qwen2.5-3b-r1-countdown,public_ckpt100,100,base,public_root,100,cd/490243,256,214,6,36,0.83859615,0.52104908,0.61431871,72-,0.75057737,2,5,0.257812
D,philschmid-qwen2.5-3b-r1-countdown,public_ckpt100,100,base,public_root,100,cd/490241,256,237,1,18,0.71551201,0.44457261,0.69728601,98-,0.7954071,1,5,0.632812
D,philschmid-qwen2.5-3b-r1-countdown,public_ckpt100,100,base,public_root,100,cd/490240,256,221,4,31,0.57663895,0.35828593,0.72483221,85-,0.83892617,2,5,0.261719
D,philschmid-qwen2.5-3b-r1-countdown,public_ckpt100,100,base,public_root,100,cd/490239,256,80,4,172,0.28401951,0.25852569,0.85889571,27-,0.92638037,1,3,0.0
D,philschmid-qwen2.5-3b-r1-countdown,public_ckpt100,100,base,public_root,100,cd/490237,256,157,4,95,0.12942171,0.18671606,0.94303797,96-,0.97151899,1,2,0.039062
D,philschmid-qwen2.5-3b-r1-countdown,public_ckpt100,100,base,public_root,100,cd/490236,256,230,5,21,1.07622262,0.51755368,0.46153846,97-,0.66025641,2,8,0.59375
D,philschmid-qwen2.5-3b-r1-countdown,public_ckpt100,100,base,public_root,100,cd/490235,256,223,4,29,0.95807318,0.49235222,0.65342163,90-,0.73951435,1,7,0.160156
D,philschmid-qwen2.5-3b-r1-countdown,public_ckpt100,100,base,public_root,100,cd/490234,256,230,4,22,0.8675002,0.53900818,0.57634409,83-,0.72903226,2,5,0.765625
D,philschmid-qwen2.5-3b-r1-countdown,public_ckpt100,100,base,public_root,100,cd/490233,256,212,8,36,0.71077395,0.44162869,0.71794872,92-,0.8041958,1,5,0.5
D,philschmid-qwen2.5-3b-r1-countdown,public_ckpt100,100,base,public_root,100,cd/490232,256,145,7,104,0.0455751,0.04148424,0.98976109,88-,0.99317406,1,3,0.0
D,philschmid-qwen2.5-3b-r1-countdown,public_ckpt100,100,base,public_root,100,cd/490231,256,224,3,29,1.01900672,0.49003865,0.59210526,66-,0.70833333,2,8,0.34375
D,philschmid-qwen2.5-3b-r1-countdown,public_ckpt100,100,base,public_root,100,cd/490229,256,202,2,52,1.21278042,0.5832241,0.4368932,87-,0.60436893,3,8,0.308594
D,philschmid-qwen2.5-3b-r1-countdown,public_ckpt100,100,base,public_root,100,cd/490228,256,222,5,29,0.8789883,0.54614614,0.18262806,56+,0.56792873,2,5,0.671875
D,philschmid-qwen2.5-3b-r1-countdown,public_ckpt100,100,base,public_root,100,cd/490227,256,226,6,24,1.23951012,0.77015094,0.04376368,43-,0.3654267,3,5,0.644531
D,philschmid-qwen2.5-3b-r1-countdown,public_ckpt100,100,base,public_root,100,cd/490225,256,218,4,34,0.71189246,0.44232365,0.67120181,91-,0.79591837,2,5,0.714844
D,philschmid-qwen2.5-3b-r1-countdown,public_ckpt100,100,base,public_root,100,cd/490221,256,219,8,29,0.39314974,0.24427767,0.85327314,79-,0.90970655,1,5,0.789062
D,philschmid-qwen2.5-3b-r1-countdown,public_ckpt100,100,base,public_root,100,cd/490219,256,182,5,69,1.26834339,0.78806606,0.1897019,94-,0.48509485,2,5,0.542969
D,philschmid-qwen2.5-3b-r1-countdown,public_ckpt100,100,base,public_root,100,cd/490217,256,224,0,32,0.35918857,0.32694752,0.7804878,74-,0.88913525,2,3,0.0
D,philschmid-qwen2.5-3b-r1-countdown,public_ckpt100,100,base,public_root,100,cd/490215,256,221,2,33,0.46807893,0.29083379,0.84563758,61-,0.89261745,1,5,0.722656
D,philschmid-qwen2.5-3b-r1-countdown,public_ckpt100,100,base,public_root,100,cd/490214,256,208,4,44,0.05927564,0.05395501,0.98329356,73-,0.99045346,1,3,0.921875
D,philschmid-qwen2.5-3b-r1-countdown,public_ckpt100,100,base,public_root,100,cd/490213,256,225,6,25,1.60631905,0.8254847,0.02188184,34-,0.33041575,4,7,0.160156
D,philschmid-qwen2.5-3b-r1-countdown,public_ckpt100,100,base,public_root,100,cd/490212,256,236,6,14,1.2030557,0.74750053,0.13417191,49-,0.45073375,3,5,0.816406
D,philschmid-qwen2.5-3b-r1-countdown,public_ckpt100,100,base,public_root,100,cd/490211,256,215,8,33,0.70999868,0.44114698,0.67586207,79-,0.79770115,2,5,0.796875
D,philschmid-qwen2.5-3b-r1-countdown,public_ckpt100,100,base,public_root,100,cd/490208,256,207,5,44,0.80247369,0.49860494,0.45346062,94-,0.69928401,2,5,0.757812
D,philschmid-qwen2.5-3b-r1-countdown,public_ckpt100,100,base,public_root,100,cd/490207,256,189,8,59,1.03118947,0.64071404,0.51697128,80-,0.65535248,3,5,0.746094
D,philschmid-qwen2.5-3b-r1-countdown,public_ckpt100,100,base,public_root,100,cd/490206,256,216,8,32,0.95173188,0.59134426,0.56750572,68-,0.71167048,2,5,0.425781
D,philschmid-qwen2.5-3b-r1-countdown,public_ckpt100,100,base,public_root,100,cd/490205,256,179,6,71,1.00744521,0.62596091,0.03305785,72-,0.47107438,2,5,0.617188
D,philschmid-qwen2.5-3b-r1-countdown,public_ckpt100,100,base,public_root,100,cd/490204,256,222,7,27,1.33940055,0.64411551,0.2300885,90-,0.51106195,2,8,0.121094
D,philschmid-qwen2.5-3b-r1-countdown,public_ckpt100,100,base,public_root,100,cd/490203,256,178,3,75,0.69505171,0.63266333,0.3454039,38+,0.66573816,2,3,0.628906
D,philschmid-qwen2.5-3b-r1-countdown,public_ckpt100,100,base,public_root,100,cd/490202,256,173,8,75,0.14029215,0.20239879,0.93678161,97-,0.9683908,1,2,0.003906
D,philschmid-qwen2.5-3b-r1-countdown,public_ckpt100,100,base,public_root,100,cd/490201,256,222,8,26,0.85165652,0.52916395,0.3830735,82-,0.66146993,2,5,0.847656
D,philschmid-qwen2.5-3b-r1-countdown,public_ckpt100,100,base,public_root,100,cd/490199,256,155,6,95,1.13786295,0.706994,0.37460317,57-,0.58095238,3,5,0.859375
D,philschmid-qwen2.5-3b-r1-countdown,public_ckpt100,100,seed1,public_lineage_fork,105,cd/490363,1024,942,14,68,1.14928617,0.55268982,0.42071882,83-,0.62526427,2,8,0.474609
D,philschmid-qwen2.5-3b-r1-countdown,public_ckpt100,100,seed1,public_lineage_fork,105,cd/490361,1024,818,39,167,0.03268689,0.02975289,0.99084808,98-,0.99511897,1,3,0.667969
D,philschmid-qwen2.5-3b-r1-countdown,public_ckpt100,100,seed1,public_lineage_fork,105,cd/490360,1024,474,12,538,1.05074825,0.53997778,0.58219895,73-,0.70052356,2,7,0.155273
D,philschmid-qwen2.5-3b-r1-countdown,public_ckpt100,100,seed1,public_lineage_fork,105,cd/490357,1024,936,21,67,0.77002032,0.47844053,0.67234949,89-,0.77943527,2,5,0.775391
D,philschmid-qwen2.5-3b-r1-countdown,public_ckpt100,100,seed1,public_lineage_fork,105,cd/490356,1024,795,11,218,0.72162025,0.40274393,0.69298246,79-,0.80639098,2,6,0.003906
D,philschmid-qwen2.5-3b-r1-countdown,public_ckpt100,100,seed1,public_lineage_fork,105,cd/490354,1024,947,19,58,1.29010124,0.56028385,0.17962185,72-,0.49212185,3,10,0.422852
D,philschmid-qwen2.5-3b-r1-countdown,public_ckpt100,100,seed1,public_lineage_fork,105,cd/490353,1024,761,12,251,0.56980698,0.35404098,0.681074,62-,0.82580223,2,5,0.643555
D,philschmid-qwen2.5-3b-r1-countdown,public_ckpt100,100,seed1,public_lineage_fork,105,cd/490352,1024,210,21,793,0.5570602,0.34612096,0.81882353,57-,0.86823529,1,5,0.0
D,philschmid-qwen2.5-3b-r1-countdown,public_ckpt100,100,seed1,public_lineage_fork,105,cd/490351,1024,584,11,429,1.08642736,0.55831322,0.2212766,77+,0.54723404,2,7,0.43457
D,philschmid-qwen2.5-3b-r1-countdown,public_ckpt100,100,seed1,public_lineage_fork,105,cd/490348,1024,925,20,79,0.52614209,0.32691046,0.81940701,52-,0.87385445,1,5,0.130859
D,philschmid-qwen2.5-3b-r1-countdown,public_ckpt100,100,seed1,public_lineage_fork,105,cd/490347,1024,944,13,67,1.06004739,0.50977504,0.51371308,59-,0.67457806,2,8,0.258789
D,philschmid-qwen2.5-3b-r1-countdown,public_ckpt100,100,seed1,public_lineage_fork,105,cd/490344,1024,838,37,149,0.47021701,0.42800997,0.67063728,88-,0.83323407,2,3,0.799805
D,philschmid-qwen2.5-3b-r1-countdown,public_ckpt100,100,seed1,public_lineage_fork,105,cd/490343,1024,932,11,81,0.84928963,0.43644853,0.64885088,94-,0.76696954,2,7,0.070312
D,philschmid-qwen2.5-3b-r1-countdown,public_ckpt100,100,seed1,public_lineage_fork,105,cd/490342,1024,800,7,217,1.50799476,0.77495601,0.01369011,55+,0.2881145,4,7,0.168945
D,philschmid-qwen2.5-3b-r1-countdown,public_ckpt100,100,seed1,public_lineage_fork,105,cd/490341,1024,910,20,94,1.2831444,0.58398418,0.22088573,62-,0.51886277,2,9,0.177734
D,philschmid-qwen2.5-3b-r1-countdown,public_ckpt100,100,seed1,public_lineage_fork,105,cd/490340,1024,757,7,260,0.51674932,0.37275584,0.66007905,96-,0.82411067,2,4,0.116211
D,philschmid-qwen2.5-3b-r1-countdown,public_ckpt100,100,seed1,public_lineage_fork,105,cd/490339,1024,779,15,230,0.92775299,0.57644534,0.52079335,45+,0.69417786,2,5,0.876953
D,philschmid-qwen2.5-3b-r1-countdown,public_ckpt100,100,seed1,public_lineage_fork,105,cd/490338,1024,911,10,103,0.9490616,0.45640215,0.58688525,92-,0.73497268,2,8,0.307617
D,philschmid-qwen2.5-3b-r1-countdown,public_ckpt100,100,seed1,public_lineage_fork,105,cd/490337,1024,926,20,78,0.87304397,0.54245272,0.54927302,79-,0.72213247,2,5,0.762695
D,philschmid-qwen2.5-3b-r1-countdown,public_ckpt100,100,seed1,public_lineage_fork,105,cd/490335,1024,875,7,142,1.338151,0.68767358,0.25611838,65+,0.51622083,2,7,0.458008
D,philschmid-qwen2.5-3b-r1-countdown,public_ckpt100,100,seed1,public_lineage_fork,105,cd/490334,1024,756,31,237,0.76564422,0.4757215,0.44034278,46+,0.69940672,2,5,0.883789
D,philschmid-qwen2.5-3b-r1-countdown,public_ckpt100,100,seed1,public_lineage_fork,105,cd/490333,1024,202,8,814,0.75030631,0.68295823,0.4029484,55-,0.68058968,2,3,0.003906
D,philschmid-qwen2.5-3b-r1-countdown,public_ckpt100,100,seed1,public_lineage_fork,105,cd/490331,1024,944,17,63,1.34606738,0.64732158,0.19831224,63-,0.48575949,3,8,0.345703
D,philschmid-qwen2.5-3b-r1-countdown,public_ckpt100,100,seed1,public_lineage_fork,105,cd/490330,1024,54,1,969,0.97259844,0.88529726,0.1981982,85-,0.53153153,3,3,0.001953
D,philschmid-qwen2.5-3b-r1-countdown,public_ckpt100,100,seed1,public_lineage_fork,105,cd/490327,1024,916,25,83,1.21690142,0.58520588,0.25326087,95-,0.54945652,2,8,0.269531
D,philschmid-qwen2.5-3b-r1-countdown,public_ckpt100,100,seed1,public_lineage_fork,105,cd/490325,1024,796,10,218,0.54039197,0.27770654,0.79299562,90-,0.86866792,1,7,0.088867
D,philschmid-qwen2.5-3b-r1-countdown,public_ckpt100,100,seed1,public_lineage_fork,105,cd/490324,1024,865,22,137,0.63361259,0.39368564,0.75043228,99-,0.83170029,1,5,0.743164
D,philschmid-qwen2.5-3b-r1-countdown,public_ckpt100,100,seed1,public_lineage_fork,105,cd/490322,1024,892,31,101,0.88744042,0.55139774,0.18446059,55-,0.56735606,2,5,0.708984
D,philschmid-qwen2.5-3b-r1-countdown,public_ckpt100,100,seed1,public_lineage_fork,105,cd/490321,1024,635,4,385,0.54656964,0.49750912,0.6787117,64-,0.82403771,2,3,0.0
D,philschmid-qwen2.5-3b-r1-countdown,public_ckpt100,100,seed1,public_lineage_fork,105,cd/490320,1024,226,39,759,0.5968219,0.861032,0.43171806,36*,0.71585903,2,2,0.076172
D,philschmid-qwen2.5-3b-r1-countdown,public_ckpt100,100,seed1,public_lineage_fork,105,cd/490317,1024,939,11,74,0.77706705,0.4828189,0.67764206,47-,0.77588954,1,5,0.635742
D,philschmid-qwen2.5-3b-r1-countdown,public_ckpt100,100,seed1,public_lineage_fork,105,cd/490316,1024,845,15,164,0.93518437,0.58106272,0.15457227,26-,0.53982301,2,5,0.672852
D,philschmid-qwen2.5-3b-r1-countdown,public_ckpt100,100,seed1,public_lineage_fork,105,cd/490315,1024,929,17,78,0.66482492,0.41307895,0.70316694,87-,0.8185722,2,5,0.820312
D,philschmid-qwen2.5-3b-r1-countdown,public_ckpt100,100,seed1,public_lineage_fork,105,cd/490313,1024,940,15,69,0.8007957,0.49756234,0.55915119,98-,0.73793103,2,5,0.823242
D,philschmid-qwen2.5-3b-r1-countdown,public_ckpt100,100,seed1,public_lineage_fork,105,cd/490312,1024,820,12,192,0.36876242,0.33566202,0.78027998,90-,0.88800974,2,3,0.842773
D,philschmid-qwen2.5-3b-r1-countdown,public_ckpt100,100,seed1,public_lineage_fork,105,cd/490309,1024,925,15,84,1.03511609,0.41656136,0.50805585,96-,0.6858217,2,12,0.009766
D,philschmid-qwen2.5-3b-r1-countdown,public_ckpt100,100,seed1,public_lineage_fork,105,cd/490308,1024,78,6,940,0.59743911,0.86192244,0.43037975,11*,0.71518987,2,2,0.167969
D,philschmid-qwen2.5-3b-r1-countdown,public_ckpt100,100,seed1,public_lineage_fork,105,cd/490307,1024,895,33,96,0.95021024,0.45695453,0.61290323,72-,0.73248053,2,8,0.359375
D,philschmid-qwen2.5-3b-r1-countdown,public_ckpt100,100,seed1,public_lineage_fork,105,cd/490306,1024,76,5,943,0.37359912,0.5389896,0.75324675,50-,0.87662338,2,2,0.0
D,philschmid-qwen2.5-3b-r1-countdown,public_ckpt100,100,seed1,public_lineage_fork,105,cd/490305,1024,83,23,918,0.59272831,0.85512619,0.44047619,15*,0.7202381,2,2,0.142578
D,philschmid-qwen2.5-3b-r1-countdown,public_ckpt100,100,seed1,public_lineage_fork,105,cd/490304,1024,208,48,768,0.44483535,0.40490658,0.80668258,76-,0.88066826,1,3,0.0
D,philschmid-qwen2.5-3b-r1-countdown,public_ckpt100,100,seed1,public_lineage_fork,105,cd/490303,1024,857,11,156,1.58898825,0.76414182,0.17189315,68+,0.37688734,4,8,0.297852
D,philschmid-qwen2.5-3b-r1-countdown,public_ckpt100,100,seed1,public_lineage_fork,105,cd/490297,1024,783,20,221,0.74070035,0.67421451,0.16698534,22+,0.57680051,2,3,0.793945
D,philschmid-qwen2.5-3b-r1-countdown,public_ckpt100,100,seed1,public_lineage_fork,105,cd/490296,1024,895,13,116,1.05813996,0.50885776,0.42380423,99-,0.64571746,2,8,0.398438
D,philschmid-qwen2.5-3b-r1-countdown,public_ckpt100,100,seed1,public_lineage_fork,105,cd/490292,1024,735,7,282,1.33503785,0.57979957,0.09189189,44+,0.43175676,3,10,0.049805
D,philschmid-qwen2.5-3b-r1-countdown,public_ckpt100,100,seed1,public_lineage_fork,105,cd/490290,1024,760,16,248,1.06639471,0.66258829,0.08393443,40-,0.48327869,2,5,0.650391
D,philschmid-qwen2.5-3b-r1-countdown,public_ckpt100,100,seed1,public_lineage_fork,105,cd/490288,1024,343,2,679,0.56802962,0.31702336,0.82080925,24*,0.87138728,1,6,0.00293
D,philschmid-qwen2.5-3b-r1-countdown,public_ckpt100,100,seed1,public_lineage_fork,105,cd/490287,1024,943,20,61,0.97915599,0.60838382,0.5383395,97-,0.69434162,2,5,0.472656
D,philschmid-qwen2.5-3b-r1-countdown,public_ckpt100,100,seed1,public_lineage_fork,105,cd/490283,1024,878,23,123,0.46420891,0.28842921,0.86428166,91-,0.89892107,1,5,0.52832
D,philschmid-qwen2.5-3b-r1-countdown,public_ckpt100,100,seed1,public_lineage_fork,105,cd/490282,1024,937,12,75,0.82606012,0.51326001,0.35231506,78-,0.65300692,2,5,0.84668
D,philschmid-qwen2.5-3b-r1-countdown,public_ckpt100,100,seed1,public_lineage_fork,105,cd/490281,1024,719,14,291,0.67445635,0.41906329,0.61954262,27-,0.77823978,2,5,0.8125
D,philschmid-qwen2.5-3b-r1-countdown,public_ckpt100,100,seed1,public_lineage_fork,105,cd/490280,1024,956,27,41,0.83652441,0.51976184,0.56651017,45-,0.7381325,2,5,0.740234
D,philschmid-qwen2.5-3b-r1-countdown,public_ckpt100,100,seed1,public_lineage_fork,105,cd/490279,1024,928,30,66,0.92761833,0.57636168,0.52874798,50-,0.68726491,3,5,0.636719
D,philschmid-qwen2.5-3b-r1-countdown,public_ckpt100,100,seed1,public_lineage_fork,105,cd/490276,1024,955,15,54,0.58182614,0.36150891,0.72375979,83-,0.83916449,2,5,0.861328
D,philschmid-qwen2.5-3b-r1-countdown,public_ckpt100,100,seed1,public_lineage_fork,105,cd/490275,1024,236,3,785,0.18138854,0.26168834,0.91139241,59-,0.9556962,1,2,0.017578
D,philschmid-qwen2.5-3b-r1-countdown,public_ckpt100,100,seed1,public_lineage_fork,105,cd/490274,1024,770,14,240,0.42176164,0.30423671,0.85621762,55-,0.90220207,1,4,0.0
D,philschmid-qwen2.5-3b-r1-countdown,public_ckpt100,100,seed1,public_lineage_fork,105,cd/490271,1024,930,12,82,0.78473577,0.48758375,0.57158177,95-,0.74262735,2,5,0.751953
D,philschmid-qwen2.5-3b-r1-countdown,public_ckpt100,100,seed1,public_lineage_fork,105,cd/490270,1024,682,11,331,0.57897493,0.83528426,0.46852123,88-,0.73426061,2,2,0.0
D,philschmid-qwen2.5-3b-r1-countdown,public_ckpt100,100,seed1,public_lineage_fork,105,cd/490268,1024,664,15,345,0.70083106,0.63792392,0.50939144,11+,0.73253193,2,3,0.619141
D,philschmid-qwen2.5-3b-r1-countdown,public_ckpt100,100,seed1,public_lineage_fork,105,cd/490267,1024,876,27,121,0.68978482,0.42858741,0.59760956,75-,0.77347752,2,5,0.779297
D,philschmid-qwen2.5-3b-r1-countdown,public_ckpt100,100,seed1,public_lineage_fork,105,cd/490266,1024,873,33,118,0.81977578,0.50935533,0.56996002,92-,0.72587093,3,5,0.0
D,philschmid-qwen2.5-3b-r1-countdown,public_ckpt100,100,seed1,public_lineage_fork,105,cd/490264,1024,130,12,882,0.65420311,0.59548133,0.64638783,34-,0.78707224,2,3,0.010742
D,philschmid-qwen2.5-3b-r1-countdown,public_ckpt100,100,seed1,public_lineage_fork,105,cd/490263,1024,942,14,68,1.3927159,0.66975477,0.49154334,32-,0.60200846,2,8,0.302734
D,philschmid-qwen2.5-3b-r1-countdown,public_ckpt100,100,seed1,public_lineage_fork,105,cd/490262,1024,512,8,504,0.66912682,0.60906548,0.51411879,32*,0.74099318,2,3,0.03418
D,philschmid-qwen2.5-3b-r1-countdown,public_ckpt100,100,seed1,public_lineage_fork,105,cd/490261,1024,922,12,90,0.70862406,0.44029289,0.72255273,60-,0.81070849,1,5,0.794922
D,philschmid-qwen2.5-3b-r1-countdown,public_ckpt100,100,seed1,public_lineage_fork,105,cd/490260,1024,653,49,322,0.7077897,0.64425795,0.43850267,67-,0.70359053,2,3,0.737305
D,philschmid-qwen2.5-3b-r1-countdown,public_ckpt100,100,seed1,public_lineage_fork,105,cd/490259,1024,711,21,292,0.27023521,0.24597869,0.88280702,74-,0.9354386,1,3,0.549805
D,philschmid-qwen2.5-3b-r1-countdown,public_ckpt100,100,seed1,public_lineage_fork,105,cd/490258,1024,931,13,80,0.80383103,0.38656101,0.72620321,84-,0.8026738,1,8,0.53418
D,philschmid-qwen2.5-3b-r1-countdown,public_ckpt100,100,seed1,public_lineage_fork,105,cd/490256,1024,940,30,54,0.87419698,0.54316912,0.64403183,79-,0.75172414,2,5,0.803711
D,philschmid-qwen2.5-3b-r1-countdown,public_ckpt100,100,seed1,public_lineage_fork,105,cd/490254,1024,105,5,914,0.8143409,0.74124503,0.21596244,90*,0.58685446,2,3,0.041992
D,philschmid-qwen2.5-3b-r1-countdown,public_ckpt100,100,seed1,public_lineage_fork,105,cd/490249,1024,909,6,109,0.87157557,0.44790124,0.64438356,96-,0.75890411,2,7,0.648438
D,philschmid-qwen2.5-3b-r1-countdown,public_ckpt100,100,seed1,public_lineage_fork,105,cd/490248,1024,741,14,269,0.6552414,0.94531352,0.27358491,54-,0.63679245,2,2,0.013672
D,philschmid-qwen2.5-3b-r1-countdown,public_ckpt100,100,seed1,public_lineage_fork,105,cd/490246,1024,948,13,63,0.88332476,0.54884053,0.62283009,52-,0.73698054,2,5,0.743164
D,philschmid-qwen2.5-3b-r1-countdown,public_ckpt100,100,seed1,public_lineage_fork,105,cd/490245,1024,951,6,67,1.06544669,0.51237155,0.57382199,93-,0.6895288,2,8,0.500977
D,philschmid-qwen2.5-3b-r1-countdown,public_ckpt100,100,seed1,public_lineage_fork,105,cd/490243,1024,891,10,123,0.79867817,0.49624665,0.63234471,72-,0.75825406,2,5,0.308594
D,philschmid-qwen2.5-3b-r1-countdown,public_ckpt100,100,seed1,public_lineage_fork,105,cd/490241,1024,942,17,65,0.68698261,0.4268463,0.68713605,98-,0.80412917,2,5,0.717773
D,philschmid-qwen2.5-3b-r1-countdown,public_ckpt100,100,seed1,public_lineage_fork,105,cd/490240,1024,901,9,114,0.36225119,0.22507932,0.84781406,85-,0.91256226,1,5,0.277344
D,philschmid-qwen2.5-3b-r1-countdown,public_ckpt100,100,seed1,public_lineage_fork,105,cd/490239,1024,332,10,682,0.25469469,0.2318331,0.89055472,27-,0.94002999,1,3,0.0
D,philschmid-qwen2.5-3b-r1-countdown,public_ckpt100,100,seed1,public_lineage_fork,105,cd/490237,1024,689,15,320,0.09634216,0.13899236,0.96086957,96-,0.98043478,1,2,0.026367
D,philschmid-qwen2.5-3b-r1-countdown,public_ckpt100,100,seed1,public_lineage_fork,105,cd/490236,1024,921,21,82,0.94885947,0.45630495,0.47351351,97-,0.68918919,2,8,0.59668
D,philschmid-qwen2.5-3b-r1-countdown,public_ckpt100,100,seed1,public_lineage_fork,105,cd/490235,1024,933,18,73,0.89845778,0.46171596,0.68766684,90-,0.76721837,1,7,0.21582
D,philschmid-qwen2.5-3b-r1-countdown,public_ckpt100,100,seed1,public_lineage_fork,105,cd/490234,1024,922,8,94,0.820039,0.50951888,0.48891293,83-,0.70795024,2,5,0.844727
D,philschmid-qwen2.5-3b-r1-countdown,public_ckpt100,100,seed1,public_lineage_fork,105,cd/490233,1024,848,36,140,0.62281241,0.38697511,0.7654321,92-,0.8436214,1,5,0.615234
D,philschmid-qwen2.5-3b-r1-countdown,public_ckpt100,100,seed1,public_lineage_fork,105,cd/490232,1024,645,26,353,0.02270445,0.02066648,0.99458623,88-,0.99690642,1,3,0.0
D,philschmid-qwen2.5-3b-r1-countdown,public_ckpt100,100,seed1,public_lineage_fork,105,cd/490231,1024,942,14,68,0.89925139,0.43244851,0.59725159,66-,0.74154334,2,8,0.416992
D,philschmid-qwen2.5-3b-r1-countdown,public_ckpt100,100,seed1,public_lineage_fork,105,cd/490229,1024,887,4,133,1.22714629,0.59013262,0.36924804,87-,0.55948373,3,8,0.369141
D,philschmid-qwen2.5-3b-r1-countdown,public_ckpt100,100,seed1,public_lineage_fork,105,cd/490228,1024,891,27,106,0.77259756,0.48004185,0.20145495,56+,0.59037493,2,5,0.731445
D,philschmid-qwen2.5-3b-r1-countdown,public_ckpt100,100,seed1,public_lineage_fork,105,cd/490227,1024,947,29,48,1.25965413,0.78266712,0.00526593,35+,0.3206951,3,5,0.723633
D,philschmid-qwen2.5-3b-r1-countdown,public_ckpt100,100,seed1,public_lineage_fork,105,cd/490225,1024,932,19,73,0.60766209,0.37756168,0.70411985,91-,0.82343499,2,5,0.805664
D,philschmid-qwen2.5-3b-r1-countdown,public_ckpt100,100,seed1,public_lineage_fork,105,cd/490221,1024,881,15,128,0.54642746,0.33951447,0.81041313,79-,0.86644029,1,5,0.80957
D,philschmid-qwen2.5-3b-r1-countdown,public_ckpt100,100,seed1,public_lineage_fork,105,cd/490219,1024,803,17,204,1.00758203,0.62604591,0.13904407,94-,0.52327747,2,5,0.610352
D,philschmid-qwen2.5-3b-r1-countdown,public_ckpt100,100,seed1,public_lineage_fork,105,cd/490217,1024,882,3,139,0.50235543,0.45726362,0.62818336,74-,0.81211092,2,3,0.0
D,philschmid-qwen2.5-3b-r1-countdown,public_ckpt100,100,seed1,public_lineage_fork,105,cd/490215,1024,923,19,82,0.67859817,0.42163675,0.73149649,61-,0.81631551,1,5,0.801758
D,philschmid-qwen2.5-3b-r1-countdown,public_ckpt100,100,seed1,public_lineage_fork,105,cd/490214,1024,867,22,135,0.07995386,0.07277714,0.97524467,73-,0.98618307,1,3,0.9375
D,philschmid-qwen2.5-3b-r1-countdown,public_ckpt100,100,seed1,public_lineage_fork,105,cd/490213,1024,912,19,93,1.55907361,0.80120534,0.02075369,44-,0.34134353,4,7,0.231445
D,philschmid-qwen2.5-3b-r1-countdown,public_ckpt100,100,seed1,public_lineage_fork,105,cd/490212,1024,953,24,47,1.2279594,0.76297407,0.04709576,49-,0.3992674,3,5,0.868164
D,philschmid-qwen2.5-3b-r1-countdown,public_ckpt100,100,seed1,public_lineage_fork,105,cd/490211,1024,881,24,119,0.68751871,0.42717939,0.64402943,79-,0.79173741,2,5,0.836914
D,philschmid-qwen2.5-3b-r1-countdown,public_ckpt100,100,seed1,public_lineage_fork,105,cd/490208,1024,831,22,171,0.671911,0.41748178,0.54589082,94-,0.75764847,2,5,0.826172
D,philschmid-qwen2.5-3b-r1-countdown,public_ckpt100,100,seed1,public_lineage_fork,105,cd/490207,1024,765,25,234,1.09372342,0.67956857,0.41954397,80-,0.60651466,3,5,0.770508
D,philschmid-qwen2.5-3b-r1-countdown,public_ckpt100,100,seed1,public_lineage_fork,105,cd/490206,1024,916,23,85,0.74158934,0.46077537,0.6782798,68-,0.79096353,2,5,0.525391
D,philschmid-qwen2.5-3b-r1-countdown,public_ckpt100,100,seed1,public_lineage_fork,105,cd/490205,1024,760,15,249,0.88741431,0.55138151,0.03016393,72+,0.49114754,2,5,0.748047
D,philschmid-qwen2.5-3b-r1-countdown,public_ckpt100,100,seed1,public_lineage_fork,105,cd/490204,1024,896,19,109,1.25444427,0.60326017,0.30888889,90-,0.56277778,2,8,0.148438
D,philschmid-qwen2.5-3b-r1-countdown,public_ckpt100,100,seed1,public_lineage_fork,105,cd/490203,1024,738,15,271,0.71486221,0.65069563,0.23394185,38+,0.61189993,2,3,0.710938
D,philschmid-qwen2.5-3b-r1-countdown,public_ckpt100,100,seed1,public_lineage_fork,105,cd/490202,1024,760,14,250,0.07834949,0.11303442,0.96977661,97-,0.9848883,1,2,0.000977
D,philschmid-qwen2.5-3b-r1-countdown,public_ckpt100,100,seed1,public_lineage_fork,105,cd/490201,1024,931,25,68,0.82785531,0.51437542,0.30101768,82-,0.6293519,2,5,0.878906
D,philschmid-qwen2.5-3b-r1-countdown,public_ckpt100,100,seed1,public_lineage_fork,105,cd/490199,1024,662,18,344,1.11623439,0.69355542,0.38224229,57-,0.59367946,3,5,0.911133
D,philschmid-qwen2.5-3b-r1-countdown,public_ckpt100,100,seed1,public_lineage_fork,110,cd/490363,1024,987,7,30,1.00244579,0.48207452,0.54894046,83-,0.69979818,2,8,0.491211
D,philschmid-qwen2.5-3b-r1-countdown,public_ckpt100,100,seed1,public_lineage_fork,110,cd/490361,1024,851,29,144,0.06560129,0.05971287,0.9829912,98-,0.98944282,1,3,0.589844
D,philschmid-qwen2.5-3b-r1-countdown,public_ckpt100,100,seed1,public_lineage_fork,110,cd/490360,1024,425,9,590,0.95287276,0.48967973,0.5134189,73-,0.69894982,2,7,0.25
D,philschmid-qwen2.5-3b-r1-countdown,public_ckpt100,100,seed1,public_lineage_fork,110,cd/490357,1024,964,15,45,0.62046415,0.38551605,0.73667874,89-,0.83341956,1,5,0.842773
D,philschmid-qwen2.5-3b-r1-countdown,public_ckpt100,100,seed1,public_lineage_fork,110,cd/490356,1024,815,4,205,0.51352229,0.28660225,0.78850856,79-,0.87224939,1,6,0.001953
D,philschmid-qwen2.5-3b-r1-countdown,public_ckpt100,100,seed1,public_lineage_fork,110,cd/490354,1024,984,7,33,1.10927581,0.48175236,0.36501517,72-,0.59706775,3,10,0.489258
D,philschmid-qwen2.5-3b-r1-countdown,public_ckpt100,100,seed1,public_lineage_fork,110,cd/490353,1024,782,14,228,0.36330686,0.22573525,0.84130019,62-,0.91077119,1,5,0.828125
D,philschmid-qwen2.5-3b-r1-countdown,public_ckpt100,100,seed1,public_lineage_fork,110,cd/490352,1024,169,9,846,0.50639236,0.31463927,0.82798834,57-,0.88338192,1,5,0.0
D,philschmid-qwen2.5-3b-r1-countdown,public_ckpt100,100,seed1,public_lineage_fork,110,cd/490351,1024,644,12,368,0.77486202,0.39820031,0.54980695,77+,0.74517375,2,7,0.50293
D,philschmid-qwen2.5-3b-r1-countdown,public_ckpt100,100,seed1,public_lineage_fork,110,cd/490348,1024,964,15,45,0.52422249,0.32571774,0.81531298,52-,0.87377134,1,5,0.21582
D,philschmid-qwen2.5-3b-r1-countdown,public_ckpt100,100,seed1,public_lineage_fork,110,cd/490347,1024,979,9,36,0.90896011,0.43711741,0.63072228,59-,0.74516785,2,8,0.244141
D,philschmid-qwen2.5-3b-r1-countdown,public_ckpt100,100,seed1,public_lineage_fork,110,cd/490344,1024,907,21,96,0.44450985,0.4046103,0.67914144,88-,0.83929554,2,3,0.757812
D,philschmid-qwen2.5-3b-r1-countdown,public_ckpt100,100,seed1,public_lineage_fork,110,cd/490343,1024,963,3,58,0.6915312,0.35537674,0.76151061,94-,0.83031557,1,7,0.076172
D,philschmid-qwen2.5-3b-r1-countdown,public_ckpt100,100,seed1,public_lineage_fork,110,cd/490342,1024,838,6,180,1.4482658,0.7442614,0.03089721,68+,0.33095663,4,7,0.267578
D,philschmid-qwen2.5-3b-r1-countdown,public_ckpt100,100,seed1,public_lineage_fork,110,cd/490341,1024,954,18,52,1.18303513,0.53842249,0.1971831,62-,0.51486698,3,9,0.304688
D,philschmid-qwen2.5-3b-r1-countdown,public_ckpt100,100,seed1,public_lineage_fork,110,cd/490340,1024,803,4,217,0.37870157,0.27317544,0.78757764,96-,0.89006211,2,4,0.084961
D,philschmid-qwen2.5-3b-r1-countdown,public_ckpt100,100,seed1,public_lineage_fork,110,cd/490339,1024,722,21,281,0.5921098,0.3678985,0.75914424,45+,0.84126984,1,5,0.90332
D,philschmid-qwen2.5-3b-r1-countdown,public_ckpt100,100,seed1,public_lineage_fork,110,cd/490338,1024,961,13,50,0.69693136,0.33515314,0.62487047,92-,0.79015544,2,8,0.438477
D,philschmid-qwen2.5-3b-r1-countdown,public_ckpt100,100,seed1,public_lineage_fork,110,cd/490337,1024,985,12,27,0.68939052,0.42834241,0.63594937,79-,0.78835443,2,5,0.856445
D,philschmid-qwen2.5-3b-r1-countdown,public_ckpt100,100,seed1,public_lineage_fork,110,cd/490335,1024,919,8,97,1.08606377,0.55812637,0.38482385,65+,0.62710027,2,7,0.553711
D,philschmid-qwen2.5-3b-r1-countdown,public_ckpt100,100,seed1,public_lineage_fork,110,cd/490334,1024,714,27,283,0.60131979,0.37362099,0.6140963,46+,0.79483601,2,5,0.90918
D,philschmid-qwen2.5-3b-r1-countdown,public_ckpt100,100,seed1,public_lineage_fork,110,cd/490333,1024,216,12,796,0.72907899,0.6636363,0.26206897,55-,0.62298851,2,3,0.004883
D,philschmid-qwen2.5-3b-r1-countdown,public_ckpt100,100,seed1,public_lineage_fork,110,cd/490331,1024,989,4,31,1.32309935,0.63627629,0.28902316,63-,0.51812689,3,8,0.290039
D,philschmid-qwen2.5-3b-r1-countdown,public_ckpt100,100,seed1,public_lineage_fork,110,cd/490330,1024,55,6,963,0.97451732,0.88704389,0.17699115,85-,0.52212389,3,3,0.009766
D,philschmid-qwen2.5-3b-r1-countdown,public_ckpt100,100,seed1,public_lineage_fork,110,cd/490327,1024,964,15,45,1.04816603,0.50406131,0.37603306,95-,0.6286157,2,8,0.34375
D,philschmid-qwen2.5-3b-r1-countdown,public_ckpt100,100,seed1,public_lineage_fork,110,cd/490325,1024,888,5,131,0.50358798,0.25879303,0.79977566,90-,0.87773416,1,7,0.150391
D,philschmid-qwen2.5-3b-r1-countdown,public_ckpt100,100,seed1,public_lineage_fork,110,cd/490324,1024,919,12,93,0.44467868,0.2762944,0.83233858,99-,0.89039609,1,5,0.883789
D,philschmid-qwen2.5-3b-r1-countdown,public_ckpt100,100,seed1,public_lineage_fork,110,cd/490322,1024,945,33,46,0.84266305,0.52357599,0.09076517,55+,0.52823219,2,5,0.819336
D,philschmid-qwen2.5-3b-r1-countdown,public_ckpt100,100,seed1,public_lineage_fork,110,cd/490321,1024,792,2,230,0.63194387,0.5752201,0.47258979,64-,0.73030876,2,3,0.0
D,philschmid-qwen2.5-3b-r1-countdown,public_ckpt100,100,seed1,public_lineage_fork,110,cd/490320,1024,162,21,841,0.58622594,0.84574525,0.45398773,36*,0.72699387,2,2,0.09668
D,philschmid-qwen2.5-3b-r1-countdown,public_ckpt100,100,seed1,public_lineage_fork,110,cd/490317,1024,958,12,54,0.57788953,0.35906295,0.75377408,47-,0.84383134,1,5,0.729492
D,philschmid-qwen2.5-3b-r1-countdown,public_ckpt100,100,seed1,public_lineage_fork,110,cd/490316,1024,895,14,115,0.80898002,0.50264755,0.15376045,26-,0.5632312,2,5,0.757812
D,philschmid-qwen2.5-3b-r1-countdown,public_ckpt100,100,seed1,public_lineage_fork,110,cd/490315,1024,978,5,41,0.44847253,0.27865165,0.82202958,87-,0.89291178,1,5,0.829102
D,philschmid-qwen2.5-3b-r1-countdown,public_ckpt100,100,seed1,public_lineage_fork,110,cd/490313,1024,979,19,26,0.60427725,0.37545857,0.64493123,98-,0.80438105,2,5,0.853516
D,philschmid-qwen2.5-3b-r1-countdown,public_ckpt100,100,seed1,public_lineage_fork,110,cd/490312,1024,902,6,116,0.38360109,0.34916876,0.75926951,90-,0.87825125,2,3,0.847656
D,philschmid-qwen2.5-3b-r1-countdown,public_ckpt100,100,seed1,public_lineage_fork,110,cd/490309,1024,943,8,73,0.86510034,0.34814199,0.60484721,96-,0.74341412,2,12,0.009766
D,philschmid-qwen2.5-3b-r1-countdown,public_ckpt100,100,seed1,public_lineage_fork,110,cd/490308,1024,56,10,958,0.52601834,0.75888405,0.56140351,11*,0.78070175,2,2,0.337891
D,philschmid-qwen2.5-3b-r1-countdown,public_ckpt100,100,seed1,public_lineage_fork,110,cd/490307,1024,941,19,64,0.80659154,0.38788854,0.63280423,72-,0.76984127,2,8,0.442383
D,philschmid-qwen2.5-3b-r1-countdown,public_ckpt100,100,seed1,public_lineage_fork,110,cd/490306,1024,44,6,974,0.37132936,0.53571502,0.75555556,50-,0.87777778,2,2,0.0
D,philschmid-qwen2.5-3b-r1-countdown,public_ckpt100,100,seed1,public_lineage_fork,110,cd/490305,1024,55,20,949,0.45531947,0.65688713,0.66071429,15*,0.83035714,2,2,0.288086
D,philschmid-qwen2.5-3b-r1-countdown,public_ckpt100,100,seed1,public_lineage_fork,110,cd/490304,1024,202,45,777,0.4360411,0.39690171,0.8009828,76-,0.88206388,1,3,0.0
D,philschmid-qwen2.5-3b-r1-countdown,public_ckpt100,100,seed1,public_lineage_fork,110,cd/490303,1024,920,5,99,1.40709176,0.6766681,0.16666667,68+,0.4280303,4,8,0.382812
D,philschmid-qwen2.5-3b-r1-countdown,public_ckpt100,100,seed1,public_lineage_fork,110,cd/490297,1024,859,17,148,0.73936444,0.67299852,0.06856479,30+,0.5293434,2,3,0.854492
D,philschmid-qwen2.5-3b-r1-countdown,public_ckpt100,100,seed1,public_lineage_fork,110,cd/490296,1024,963,7,54,0.85109856,0.40929189,0.57290589,99-,0.73578077,2,8,0.550781
D,philschmid-qwen2.5-3b-r1-countdown,public_ckpt100,100,seed1,public_lineage_fork,110,cd/490292,1024,830,14,180,1.12881102,0.4902364,0.12215569,44+,0.49041916,3,10,0.0625
D,philschmid-qwen2.5-3b-r1-countdown,public_ckpt100,100,seed1,public_lineage_fork,110,cd/490290,1024,818,26,180,0.91166202,0.56644746,0.21206581,40-,0.57343083,2,5,0.735352
D,philschmid-qwen2.5-3b-r1-countdown,public_ckpt100,100,seed1,public_lineage_fork,110,cd/490288,1024,333,4,687,0.24605802,0.1373276,0.93452381,24*,0.95386905,1,6,0.001953
D,philschmid-qwen2.5-3b-r1-countdown,public_ckpt100,100,seed1,public_lineage_fork,110,cd/490287,1024,974,8,42,0.84131395,0.52273775,0.60112647,97-,0.74295955,2,5,0.552734
D,philschmid-qwen2.5-3b-r1-countdown,public_ckpt100,100,seed1,public_lineage_fork,110,cd/490283,1024,931,8,85,0.29163423,0.18120254,0.91912159,91-,0.94322442,1,5,0.643555
D,philschmid-qwen2.5-3b-r1-countdown,public_ckpt100,100,seed1,public_lineage_fork,110,cd/490282,1024,962,17,45,0.77413855,0.48099932,0.25609124,78-,0.61638154,2,5,0.891602
D,philschmid-qwen2.5-3b-r1-countdown,public_ckpt100,100,seed1,public_lineage_fork,110,cd/490281,1024,731,13,280,0.45191408,0.28079001,0.75937287,27-,0.86912065,2,5,0.859375
D,philschmid-qwen2.5-3b-r1-countdown,public_ckpt100,100,seed1,public_lineage_fork,110,cd/490280,1024,999,9,16,0.66067734,0.41050191,0.64503245,45-,0.79930105,2,5,0.800781
D,philschmid-qwen2.5-3b-r1-countdown,public_ckpt100,100,seed1,public_lineage_fork,110,cd/490279,1024,969,19,36,0.76087369,0.47275741,0.60627895,50-,0.74987133,3,5,0.737305
D,philschmid-qwen2.5-3b-r1-countdown,public_ckpt100,100,seed1,public_lineage_fork,110,cd/490276,1024,1000,9,15,0.41602191,0.25848894,0.79401496,83-,0.8882793,1,5,0.891602
D,philschmid-qwen2.5-3b-r1-countdown,public_ckpt100,100,seed1,public_lineage_fork,110,cd/490275,1024,237,5,782,0.16767699,0.24190677,0.92016807,59-,0.96008403,1,2,0.008789
D,philschmid-qwen2.5-3b-r1-countdown,public_ckpt100,100,seed1,public_lineage_fork,110,cd/490274,1024,816,12,196,0.24603062,0.17747358,0.92298289,55-,0.950489,1,4,0.0
D,philschmid-qwen2.5-3b-r1-countdown,public_ckpt100,100,seed1,public_lineage_fork,110,cd/490271,1024,959,12,53,0.68839991,0.42772691,0.64066563,95-,0.78471139,2,5,0.853516
D,philschmid-qwen2.5-3b-r1-countdown,public_ckpt100,100,seed1,public_lineage_fork,110,cd/490270,1024,757,9,258,0.50923441,0.73466995,0.58707124,88-,0.79353562,2,2,0.0
D,philschmid-qwen2.5-3b-r1-countdown,public_ckpt100,100,seed1,public_lineage_fork,110,cd/490268,1024,772,15,237,0.63920285,0.5818275,0.56496445,11+,0.76599871,2,3,0.712891
D,philschmid-qwen2.5-3b-r1-countdown,public_ckpt100,100,seed1,public_lineage_fork,110,cd/490267,1024,963,18,43,0.51855789,0.32219813,0.73640601,75-,0.85189021,2,5,0.885742
D,philschmid-qwen2.5-3b-r1-countdown,public_ckpt100,100,seed1,public_lineage_fork,110,cd/490266,1024,894,16,114,0.62577269,0.38881444,0.71946458,92-,0.81372002,1,5,0.0
D,philschmid-qwen2.5-3b-r1-countdown,public_ckpt100,100,seed1,public_lineage_fork,110,cd/490264,1024,57,11,956,0.44918395,0.40886485,0.82051282,34-,0.88034188,1,3,0.001953
D,philschmid-qwen2.5-3b-r1-countdown,public_ckpt100,100,seed1,public_lineage_fork,110,cd/490263,1024,965,8,51,1.32013794,0.63485215,0.54695562,32-,0.63209494,1,8,0.374023
D,philschmid-qwen2.5-3b-r1-countdown,public_ckpt100,100,seed1,public_lineage_fork,110,cd/490262,1024,461,21,542,0.63199538,0.57526699,0.45621622,32*,0.72324324,2,3,0.046875
D,philschmid-qwen2.5-3b-r1-countdown,public_ckpt100,100,seed1,public_lineage_fork,110,cd/490261,1024,976,14,34,0.5458536,0.33915791,0.78283086,60-,0.86203373,1,5,0.851562
D,philschmid-qwen2.5-3b-r1-countdown,public_ckpt100,100,seed1,public_lineage_fork,110,cd/490260,1024,731,19,274,0.52263725,0.47572493,0.64709898,67-,0.81706485,2,3,0.708008
D,philschmid-qwen2.5-3b-r1-countdown,public_ckpt100,100,seed1,public_lineage_fork,110,cd/490259,1024,786,19,219,0.20890284,0.19015156,0.90412698,74-,0.95047619,1,3,0.478516
D,philschmid-qwen2.5-3b-r1-countdown,public_ckpt100,100,seed1,public_lineage_fork,110,cd/490258,1024,971,8,45,0.76772425,0.36919732,0.70358974,84-,0.80358974,2,8,0.600586
D,philschmid-qwen2.5-3b-r1-countdown,public_ckpt100,100,seed1,public_lineage_fork,110,cd/490256,1024,980,20,24,0.77264515,0.48007142,0.69821883,79-,0.7913486,1,5,0.849609
D,philschmid-qwen2.5-3b-r1-countdown,public_ckpt100,100,seed1,public_lineage_fork,110,cd/490254,1024,60,8,956,0.7385478,0.67225518,0.42276423,90*,0.69105691,2,3,0.113281
D,philschmid-qwen2.5-3b-r1-countdown,public_ckpt100,100,seed1,public_lineage_fork,110,cd/490249,1024,953,7,64,0.67976185,0.34932849,0.72242551,96-,0.8170413,1,7,0.711914
D,philschmid-qwen2.5-3b-r1-countdown,public_ckpt100,100,seed1,public_lineage_fork,110,cd/490248,1024,754,7,263,0.61309212,0.88450496,0.39470199,54-,0.69735099,2,2,0.006836
D,philschmid-qwen2.5-3b-r1-countdown,public_ckpt100,100,seed1,public_lineage_fork,110,cd/490246,1024,967,12,45,0.68793724,0.42743944,0.72717896,52-,0.81227437,1,5,0.852539
D,philschmid-qwen2.5-3b-r1-countdown,public_ckpt100,100,seed1,public_lineage_fork,110,cd/490245,1024,979,7,38,0.94004641,0.45206676,0.61241099,93-,0.72990844,2,8,0.55957
D,philschmid-qwen2.5-3b-r1-countdown,public_ckpt100,100,seed1,public_lineage_fork,110,cd/490243,1024,948,5,71,0.75661102,0.47010886,0.6175697,72-,0.76223041,2,5,0.379883
D,philschmid-qwen2.5-3b-r1-countdown,public_ckpt100,100,seed1,public_lineage_fork,110,cd/490241,1024,975,15,34,0.56032491,0.34814944,0.74680307,98-,0.84859335,2,5,0.821289
D,philschmid-qwen2.5-3b-r1-countdown,public_ckpt100,100,seed1,public_lineage_fork,110,cd/490240,1024,932,9,83,0.27356152,0.16997333,0.90101659,85-,0.941145,1,5,0.378906
D,philschmid-qwen2.5-3b-r1-countdown,public_ckpt100,100,seed1,public_lineage_fork,110,cd/490239,1024,292,12,720,0.11364265,0.103442,0.96763203,27-,0.97955707,1,3,0.0
D,philschmid-qwen2.5-3b-r1-countdown,public_ckpt100,100,seed1,public_lineage_fork,110,cd/490237,1024,800,8,216,0.03471331,0.05008072,0.98876404,96-,0.99438202,1,2,0.017578
D,philschmid-qwen2.5-3b-r1-countdown,public_ckpt100,100,seed1,public_lineage_fork,110,cd/490236,1024,947,14,63,0.90951335,0.43738346,0.48370137,97-,0.69873817,2,8,0.650391
D,philschmid-qwen2.5-3b-r1-countdown,public_ckpt100,100,seed1,public_lineage_fork,110,cd/490235,1024,971,5,48,0.74760698,0.38419399,0.72755259,90-,0.80913289,1,7,0.318359
D,philschmid-qwen2.5-3b-r1-countdown,public_ckpt100,100,seed1,public_lineage_fork,110,cd/490234,1024,964,6,54,0.58964807,0.36636895,0.65597517,83-,0.81169167,2,5,0.902344
D,philschmid-qwen2.5-3b-r1-countdown,public_ckpt100,100,seed1,public_lineage_fork,110,cd/490233,1024,945,23,56,0.54222251,0.33690179,0.77783641,92-,0.86385224,1,5,0.741211
D,philschmid-qwen2.5-3b-r1-countdown,public_ckpt100,100,seed1,public_lineage_fork,110,cd/490232,1024,718,6,300,0.01149549,0.01046365,0.99791522,88-,0.99861015,1,3,0.0
D,philschmid-qwen2.5-3b-r1-countdown,public_ckpt100,100,seed1,public_lineage_fork,110,cd/490231,1024,968,9,47,0.73060674,0.35134757,0.61213992,66-,0.77726337,2,8,0.55957
D,philschmid-qwen2.5-3b-r1-countdown,public_ckpt100,100,seed1,public_lineage_fork,110,cd/490229,1024,915,9,100,1.12673579,0.54184538,0.37431991,87-,0.57943417,3,8,0.411133
D,philschmid-qwen2.5-3b-r1-countdown,public_ckpt100,100,seed1,public_lineage_fork,110,cd/490228,1024,948,27,49,0.66248312,0.41162391,0.42503945,56+,0.70647028,2,5,0.875
D,philschmid-qwen2.5-3b-r1-countdown,public_ckpt100,100,seed1,public_lineage_fork,110,cd/490227,1024,988,19,17,1.19888274,0.74490773,0.06259465,43+,0.38414942,3,5,0.779297
D,philschmid-qwen2.5-3b-r1-countdown,public_ckpt100,100,seed1,public_lineage_fork,110,cd/490225,1024,976,15,33,0.50330074,0.31271833,0.78487481,91-,0.86612161,1,5,0.900391
D,philschmid-qwen2.5-3b-r1-countdown,public_ckpt100,100,seed1,public_lineage_fork,110,cd/490221,1024,935,22,67,0.51210853,0.31819092,0.80426667,79-,0.86986667,1,5,0.890625
D,philschmid-qwen2.5-3b-r1-countdown,public_ckpt100,100,seed1,public_lineage_fork,110,cd/490219,1024,851,26,147,0.94839793,0.58927276,0.1370826,94-,0.53368483,2,5,0.710938
D,philschmid-qwen2.5-3b-r1-countdown,public_ckpt100,100,seed1,public_lineage_fork,110,cd/490217,1024,885,6,133,0.52562628,0.47844566,0.58770446,74-,0.79244219,2,3,0.0
D,philschmid-qwen2.5-3b-r1-countdown,public_ckpt100,100,seed1,public_lineage_fork,110,cd/490215,1024,972,12,40,0.68395336,0.42496411,0.72755259,61-,0.81221139,1,5,0.772461
D,philschmid-qwen2.5-3b-r1-countdown,public_ckpt100,100,seed1,public_lineage_fork,110,cd/490214,1024,908,15,101,0.055856,0.05084232,0.98515668,73-,0.99120396,1,3,0.890625
D,philschmid-qwen2.5-3b-r1-countdown,public_ckpt100,100,seed1,public_lineage_fork,110,cd/490213,1024,957,9,58,1.47402405,0.75749852,0.02811036,44-,0.36803748,3,7,0.355469
D,philschmid-qwen2.5-3b-r1-countdown,public_ckpt100,100,seed1,public_lineage_fork,110,cd/490212,1024,986,16,22,1.10311928,0.68540655,0.09711684,49+,0.46788063,3,5,0.893555
D,philschmid-qwen2.5-3b-r1-countdown,public_ckpt100,100,seed1,public_lineage_fork,110,cd/490211,1024,974,14,36,0.52349952,0.32526854,0.75883257,79-,0.85970302,2,5,0.90625
D,philschmid-qwen2.5-3b-r1-countdown,public_ckpt100,100,seed1,public_lineage_fork,110,cd/490208,1024,906,11,107,0.57346656,0.35631481,0.58998349,94-,0.78866263,2,5,0.914062
D,philschmid-qwen2.5-3b-r1-countdown,public_ckpt100,100,seed1,public_lineage_fork,110,cd/490207,1024,825,21,178,1.06271311,0.66030078,0.3141994,80-,0.5734139,3,5,0.899414
D,philschmid-qwen2.5-3b-r1-countdown,public_ckpt100,100,seed1,public_lineage_fork,110,cd/490206,1024,973,17,34,0.6862618,0.42639843,0.68477704,68-,0.80522809,2,5,0.665039
D,philschmid-qwen2.5-3b-r1-countdown,public_ckpt100,100,seed1,public_lineage_fork,110,cd/490205,1024,824,16,184,0.7992296,0.49658927,0.21173624,72+,0.5922565,2,5,0.854492
D,philschmid-qwen2.5-3b-r1-countdown,public_ckpt100,100,seed1,public_lineage_fork,110,cd/490204,1024,968,10,46,1.02158802,0.49127999,0.47325103,90-,0.6712963,2,8,0.176758
D,philschmid-qwen2.5-3b-r1-countdown,public_ckpt100,100,seed1,public_lineage_fork,110,cd/490203,1024,810,18,196,0.71666805,0.65233937,0.05052372,38+,0.52310536,2,3,0.796875
D,philschmid-qwen2.5-3b-r1-countdown,public_ckpt100,100,seed1,public_lineage_fork,110,cd/490202,1024,806,4,214,0.04079105,0.05884905,0.98636927,97-,0.99318463,1,2,0.003906
D,philschmid-qwen2.5-3b-r1-countdown,public_ckpt100,100,seed1,public_lineage_fork,110,cd/490201,1024,978,18,28,0.7580911,0.47102848,0.28658848,82-,0.63284039,2,5,0.93457
D,philschmid-qwen2.5-3b-r1-countdown,public_ckpt100,100,seed1,public_lineage_fork,110,cd/490199,1024,771,16,237,1.01435622,0.63025495,0.20685197,57-,0.54621849,2,5,0.954102
D,philschmid-qwen2.5-3b-r1-countdown,public_ckpt100,100,seed1,public_lineage_fork,115,cd/490363,1024,1011,4,9,0.86790505,0.4173741,0.58029557,83-,0.73743842,2,8,0.511719
D,philschmid-qwen2.5-3b-r1-countdown,public_ckpt100,100,seed1,public_lineage_fork,115,cd/490361,1024,882,21,121,0.03838417,0.03493878,0.99037917,98-,0.99434069,1,3,0.592773
D,philschmid-qwen2.5-3b-r1-countdown,public_ckpt100,100,seed1,public_lineage_fork,115,cd/490360,1024,404,6,614,0.78583732,0.40384049,0.63312883,73-,0.77423313,2,7,0.329102
D,philschmid-qwen2.5-3b-r1-countdown,public_ckpt100,100,seed1,public_lineage_fork,115,cd/490357,1024,1007,7,10,0.57820152,0.3592568,0.75383853,89-,0.8415057,1,5,0.914062
D,philschmid-qwen2.5-3b-r1-countdown,public_ckpt100,100,seed1,public_lineage_fork,115,cd/490356,1024,864,3,157,0.32011136,0.17865755,0.89388697,79-,0.93252595,1,6,0.0
D,philschmid-qwen2.5-3b-r1-countdown,public_ckpt100,100,seed1,public_lineage_fork,115,cd/490354,1024,1011,2,11,0.99750927,0.43321277,0.3976378,72-,0.6363189,2,10,0.510742
D,philschmid-qwen2.5-3b-r1-countdown,public_ckpt100,100,seed1,public_lineage_fork,115,cd/490353,1024,821,14,189,0.23498629,0.14600519,0.91074681,62-,0.94899818,1,5,0.922852
D,philschmid-qwen2.5-3b-r1-countdown,public_ckpt100,100,seed1,public_lineage_fork,115,cd/490352,1024,229,6,789,0.22591003,0.14036579,0.93304536,57-,0.95680346,1,5,0.0
D,philschmid-qwen2.5-3b-r1-countdown,public_ckpt100,100,seed1,public_lineage_fork,115,cd/490351,1024,719,8,297,0.51702666,0.26569914,0.69896194,77+,0.84083045,2,7,0.536133
D,philschmid-qwen2.5-3b-r1-countdown,public_ckpt100,100,seed1,public_lineage_fork,115,cd/490348,1024,988,15,21,0.45829465,0.28475448,0.82887431,52-,0.88995457,1,5,0.365234
D,philschmid-qwen2.5-3b-r1-countdown,public_ckpt100,100,seed1,public_lineage_fork,115,cd/490347,1024,1002,7,15,0.94004359,0.45206541,0.5666004,59-,0.71222664,2,8,0.208984
D,philschmid-qwen2.5-3b-r1-countdown,public_ckpt100,100,seed1,public_lineage_fork,115,cd/490344,1024,967,14,43,0.41287196,0.37581226,0.71553949,88-,0.85751162,2,3,0.737305
D,philschmid-qwen2.5-3b-r1-countdown,public_ckpt100,100,seed1,public_lineage_fork,115,cd/490343,1024,983,5,36,0.52701218,0.27083068,0.76735935,94-,0.86416624,1,7,0.081055
D,philschmid-qwen2.5-3b-r1-countdown,public_ckpt100,100,seed1,public_lineage_fork,115,cd/490342,1024,897,2,125,1.37906787,0.70870069,0.14325375,68+,0.40255414,4,7,0.385742
D,philschmid-qwen2.5-3b-r1-countdown,public_ckpt100,100,seed1,public_lineage_fork,115,cd/490341,1024,978,3,43,1.09182962,0.49691307,0.02035623,62-,0.44122137,3,9,0.448242
D,philschmid-qwen2.5-3b-r1-countdown,public_ckpt100,100,seed1,public_lineage_fork,115,cd/490340,1024,890,5,129,0.27216688,0.19632691,0.86434978,96-,0.92993274,1,4,0.033203
D,philschmid-qwen2.5-3b-r1-countdown,public_ckpt100,100,seed1,public_lineage_fork,115,cd/490339,1024,674,28,322,0.28836518,0.17917136,0.9150037,45+,0.94087214,1,5,0.901367
D,philschmid-qwen2.5-3b-r1-countdown,public_ckpt100,100,seed1,public_lineage_fork,115,cd/490338,1024,1002,3,19,0.47571922,0.22877258,0.75149105,92-,0.86630219,2,8,0.579102
D,philschmid-qwen2.5-3b-r1-countdown,public_ckpt100,100,seed1,public_lineage_fork,115,cd/490337,1024,999,4,21,0.53122458,0.33006839,0.72391413,79-,0.84623065,2,5,0.893555
D,philschmid-qwen2.5-3b-r1-countdown,public_ckpt100,100,seed1,public_lineage_fork,115,cd/490335,1024,965,6,53,0.8763159,0.45033729,0.41817243,65+,0.67681982,2,7,0.635742
D,philschmid-qwen2.5-3b-r1-countdown,public_ckpt100,100,seed1,public_lineage_fork,115,cd/490334,1024,672,16,336,0.5156371,0.32038335,0.65085248,46+,0.82060786,2,5,0.917969
D,philschmid-qwen2.5-3b-r1-countdown,public_ckpt100,100,seed1,public_lineage_fork,115,cd/490333,1024,225,8,791,0.75740665,0.68942125,0.09713024,55-,0.54083885,2,3,0.005859
D,philschmid-qwen2.5-3b-r1-countdown,public_ckpt100,100,seed1,public_lineage_fork,115,cd/490331,1024,1005,2,17,1.23797012,0.59533778,0.33696729,63-,0.54856293,3,8,0.271484
D,philschmid-qwen2.5-3b-r1-countdown,public_ckpt100,100,seed1,public_lineage_fork,115,cd/490330,1024,30,0,994,0.95071429,0.86537744,0.15873016,85-,0.52380952,3,3,0.009766
D,philschmid-qwen2.5-3b-r1-countdown,public_ckpt100,100,seed1,public_lineage_fork,115,cd/490327,1024,993,3,28,0.85091327,0.40920278,0.42326981,95-,0.68154463,2,8,0.367188
D,philschmid-qwen2.5-3b-r1-countdown,public_ckpt100,100,seed1,public_lineage_fork,115,cd/490325,1024,937,5,82,0.34761362,0.17863806,0.87825625,90-,0.92450824,1,7,0.213867
D,philschmid-qwen2.5-3b-r1-countdown,public_ckpt100,100,seed1,public_lineage_fork,115,cd/490324,1024,945,10,69,0.34730631,0.21579354,0.88337731,99-,0.92295515,1,5,0.913086
D,philschmid-qwen2.5-3b-r1-countdown,public_ckpt100,100,seed1,public_lineage_fork,115,cd/490322,1024,996,20,8,0.76309049,0.47413478,0.13820731,55+,0.56134201,2,5,0.898438
D,philschmid-qwen2.5-3b-r1-countdown,public_ckpt100,100,seed1,public_lineage_fork,115,cd/490321,1024,925,1,98,0.64825681,0.59006878,0.37452779,64-,0.6848354,2,3,0.0
D,philschmid-qwen2.5-3b-r1-countdown,public_ckpt100,100,seed1,public_lineage_fork,115,cd/490320,1024,77,9,938,0.64901949,0.93633719,0.29487179,36*,0.6474359,2,2,0.137695
D,philschmid-qwen2.5-3b-r1-countdown,public_ckpt100,100,seed1,public_lineage_fork,115,cd/490317,1024,1002,5,17,0.34729019,0.21578352,0.85216526,47-,0.91438527,1,5,0.786133
D,philschmid-qwen2.5-3b-r1-countdown,public_ckpt100,100,seed1,public_lineage_fork,115,cd/490316,1024,961,2,61,0.75818387,0.47108613,0.06434873,26-,0.5256876,2,5,0.764648
D,philschmid-qwen2.5-3b-r1-countdown,public_ckpt100,100,seed1,public_lineage_fork,115,cd/490315,1024,1011,1,12,0.33576404,0.20862193,0.87222496,87-,0.92501233,1,5,0.839844
D,philschmid-qwen2.5-3b-r1-countdown,public_ckpt100,100,seed1,public_lineage_fork,115,cd/490313,1024,1008,9,7,0.53134153,0.33014105,0.70361207,98-,0.83770411,2,5,0.830078
D,philschmid-qwen2.5-3b-r1-countdown,public_ckpt100,100,seed1,public_lineage_fork,115,cd/490312,1024,944,5,75,0.40950848,0.37275068,0.73188789,90-,0.86462189,2,3,0.819336
D,philschmid-qwen2.5-3b-r1-countdown,public_ckpt100,100,seed1,public_lineage_fork,115,cd/490309,1024,960,7,57,0.83640943,0.33659591,0.60041408,96-,0.73964803,3,12,0.000977
D,philschmid-qwen2.5-3b-r1-countdown,public_ckpt100,100,seed1,public_lineage_fork,115,cd/490308,1024,18,4,1002,0.47771841,0.68920199,0.63157895,11*,0.81578947,2,2,0.476562
D,philschmid-qwen2.5-3b-r1-countdown,public_ckpt100,100,seed1,public_lineage_fork,115,cd/490307,1024,988,8,28,0.53511475,0.2573358,0.77520161,72-,0.86643145,1,8,0.510742
D,philschmid-qwen2.5-3b-r1-countdown,public_ckpt100,100,seed1,public_lineage_fork,115,cd/490306,1024,23,2,999,0.33414279,0.48206615,0.79166667,50-,0.89583333,2,2,0.0
D,philschmid-qwen2.5-3b-r1-countdown,public_ckpt100,100,seed1,public_lineage_fork,115,cd/490305,1024,24,17,983,0.47139349,0.68007705,0.64,15*,0.82,2,2,0.447266
D,philschmid-qwen2.5-3b-r1-countdown,public_ckpt100,100,seed1,public_lineage_fork,115,cd/490304,1024,152,38,834,0.38426131,0.34976971,0.84039088,76-,0.90228013,1,3,0.0
D,philschmid-qwen2.5-3b-r1-countdown,public_ckpt100,100,seed1,public_lineage_fork,115,cd/490303,1024,978,7,39,1.24201045,0.59728077,0.17311609,68+,0.48523422,3,8,0.4375
D,philschmid-qwen2.5-3b-r1-countdown,public_ckpt100,100,seed1,public_lineage_fork,115,cd/490297,1024,955,16,53,0.76940191,0.7003398,0.15577627,30+,0.56717198,2,3,0.911133
D,philschmid-qwen2.5-3b-r1-countdown,public_ckpt100,100,seed1,public_lineage_fork,115,cd/490296,1024,978,1,45,0.7625798,0.36672336,0.6191446,99-,0.76731161,2,8,0.629883
D,philschmid-qwen2.5-3b-r1-countdown,public_ckpt100,100,seed1,public_lineage_fork,115,cd/490292,1024,865,10,149,0.94581094,0.41076047,0.19425287,44+,0.5591954,2,10,0.061523
D,philschmid-qwen2.5-3b-r1-countdown,public_ckpt100,100,seed1,public_lineage_fork,115,cd/490290,1024,891,15,118,0.73278931,0.4553076,0.41074426,40-,0.6922216,2,5,0.791016
D,philschmid-qwen2.5-3b-r1-countdown,public_ckpt100,100,seed1,public_lineage_fork,115,cd/490288,1024,226,1,797,0.19904937,0.11109157,0.93886463,24*,0.9628821,1,6,0.004883
D,philschmid-qwen2.5-3b-r1-countdown,public_ckpt100,100,seed1,public_lineage_fork,115,cd/490287,1024,996,6,22,0.81499351,0.50638394,0.55483225,97-,0.72558838,2,5,0.648438
D,philschmid-qwen2.5-3b-r1-countdown,public_ckpt100,100,seed1,public_lineage_fork,115,cd/490283,1024,965,5,54,0.17390356,0.10805235,0.94677003,91-,0.96795866,1,5,0.742188
D,philschmid-qwen2.5-3b-r1-countdown,public_ckpt100,100,seed1,public_lineage_fork,115,cd/490282,1024,995,11,18,0.70025005,0.43508982,0.2566416,78-,0.62506266,2,5,0.933594
D,philschmid-qwen2.5-3b-r1-countdown,public_ckpt100,100,seed1,public_lineage_fork,115,cd/490281,1024,697,1,326,0.31087214,0.19315572,0.85775554,27-,0.922802,1,5,0.824219
D,philschmid-qwen2.5-3b-r1-countdown,public_ckpt100,100,seed1,public_lineage_fork,115,cd/490280,1024,1008,7,9,0.50442905,0.31341939,0.72241465,45-,0.85056903,2,5,0.859375
D,philschmid-qwen2.5-3b-r1-countdown,public_ckpt100,100,seed1,public_lineage_fork,115,cd/490279,1024,989,12,23,0.61838412,0.38422366,0.69087242,50-,0.81543116,2,5,0.84082
D,philschmid-qwen2.5-3b-r1-countdown,public_ckpt100,100,seed1,public_lineage_fork,115,cd/490276,1024,1008,12,4,0.2894,0.17981433,0.85205344,83-,0.9238001,1,5,0.902344
D,philschmid-qwen2.5-3b-r1-countdown,public_ckpt100,100,seed1,public_lineage_fork,115,cd/490275,1024,225,2,797,0.06082625,0.08775373,0.97787611,59-,0.98893805,1,2,0.008789
D,philschmid-qwen2.5-3b-r1-countdown,public_ckpt100,100,seed1,public_lineage_fork,115,cd/490274,1024,831,5,188,0.22667892,0.16351428,0.91476591,55-,0.95138055,1,4,0.000977
D,philschmid-qwen2.5-3b-r1-countdown,public_ckpt100,100,seed1,public_lineage_fork,115,cd/490271,1024,994,10,20,0.5550461,0.34486953,0.73256397,95-,0.84044155,2,5,0.891602
D,philschmid-qwen2.5-3b-r1-countdown,public_ckpt100,100,seed1,public_lineage_fork,115,cd/490270,1024,802,8,214,0.44787888,0.64615264,0.66998755,88-,0.83499377,2,2,0.0
D,philschmid-qwen2.5-3b-r1-countdown,public_ckpt100,100,seed1,public_lineage_fork,115,cd/490268,1024,863,14,147,0.44251736,0.40279666,0.74725275,11+,0.86581839,2,3,0.84375
D,philschmid-qwen2.5-3b-r1-countdown,public_ckpt100,100,seed1,public_lineage_fork,115,cd/490267,1024,1005,5,14,0.31090652,0.19317708,0.85260546,75-,0.92158809,1,5,0.94043
D,philschmid-qwen2.5-3b-r1-countdown,public_ckpt100,100,seed1,public_lineage_fork,115,cd/490266,1024,920,11,93,0.64125753,0.39843571,0.70677507,92-,0.81138211,2,5,0.0
D,philschmid-qwen2.5-3b-r1-countdown,public_ckpt100,100,seed1,public_lineage_fork,115,cd/490264,1024,50,11,963,0.53831735,0.48999757,0.75728155,34-,0.84466019,1,3,0.001953
D,philschmid-qwen2.5-3b-r1-countdown,public_ckpt100,100,seed1,public_lineage_fork,115,cd/490263,1024,1000,7,17,1.22712405,0.59012193,0.55079681,32-,0.65687251,2,8,0.350586
D,philschmid-qwen2.5-3b-r1-countdown,public_ckpt100,100,seed1,public_lineage_fork,115,cd/490262,1024,330,12,682,0.66322061,0.60368942,0.39517345,32*,0.69230769,2,3,0.083984
D,philschmid-qwen2.5-3b-r1-countdown,public_ckpt100,100,seed1,public_lineage_fork,115,cd/490261,1024,998,5,21,0.48866582,0.30362515,0.82058971,60-,0.88105947,1,5,0.869141
D,philschmid-qwen2.5-3b-r1-countdown,public_ckpt100,100,seed1,public_lineage_fork,115,cd/490260,1024,756,12,256,0.60341252,0.54924974,0.49240924,67-,0.74257426,2,3,0.75293
D,philschmid-qwen2.5-3b-r1-countdown,public_ckpt100,100,seed1,public_lineage_fork,115,cd/490259,1024,833,8,183,0.17380637,0.15820537,0.92270821,74-,0.96045536,1,3,0.422852
D,philschmid-qwen2.5-3b-r1-countdown,public_ckpt100,100,seed1,public_lineage_fork,115,cd/490258,1024,1007,3,14,0.631882,0.30387101,0.72403561,84-,0.83432245,2,8,0.669922
D,philschmid-qwen2.5-3b-r1-countdown,public_ckpt100,100,seed1,public_lineage_fork,115,cd/490256,1024,1002,7,15,0.70438733,0.43766046,0.71876556,79-,0.81383773,1,5,0.880859
D,philschmid-qwen2.5-3b-r1-countdown,public_ckpt100,100,seed1,public_lineage_fork,115,cd/490254,1024,20,2,1002,0.67211985,0.61178985,0.46511628,90*,0.72093023,2,3,0.177734
D,philschmid-qwen2.5-3b-r1-countdown,public_ckpt100,100,seed1,public_lineage_fork,115,cd/490249,1024,992,3,29,0.43651674,0.22432523,0.83877449,96-,0.89352084,1,7,0.755859
D,philschmid-qwen2.5-3b-r1-countdown,public_ckpt100,100,seed1,public_lineage_fork,115,cd/490248,1024,733,4,287,0.50545978,0.72922432,0.59264305,54-,0.79632153,2,2,0.004883
D,philschmid-qwen2.5-3b-r1-countdown,public_ckpt100,100,seed1,public_lineage_fork,115,cd/490246,1024,1007,8,9,0.44727675,0.27790867,0.80435859,52-,0.88211986,1,5,0.885742
D,philschmid-qwen2.5-3b-r1-countdown,public_ckpt100,100,seed1,public_lineage_fork,115,cd/490245,1024,1009,5,10,0.81539495,0.39212209,0.70977295,93-,0.78627838,1,8,0.579102
D,philschmid-qwen2.5-3b-r1-countdown,public_ckpt100,100,seed1,public_lineage_fork,115,cd/490243,1024,997,2,25,0.77738857,0.48301868,0.51225613,72-,0.71985993,2,5,0.487305
D,philschmid-qwen2.5-3b-r1-countdown,public_ckpt100,100,seed1,public_lineage_fork,115,cd/490241,1024,998,11,15,0.4020074,0.24978124,0.8185907,98-,0.89705147,1,5,0.873047
D,philschmid-qwen2.5-3b-r1-countdown,public_ckpt100,100,seed1,public_lineage_fork,115,cd/490240,1024,975,2,47,0.15811826,0.0982444,0.95549872,85-,0.9713555,1,5,0.418945
D,philschmid-qwen2.5-3b-r1-countdown,public_ckpt100,100,seed1,public_lineage_fork,115,cd/490239,1024,315,12,697,0.10461346,0.09522327,0.96682464,27-,0.98104265,1,3,0.0
D,philschmid-qwen2.5-3b-r1-countdown,public_ckpt100,100,seed1,public_lineage_fork,115,cd/490237,1024,848,5,171,0.00496873,0.00716837,0.99882214,96-,0.99941107,1,2,0.008789
D,philschmid-qwen2.5-3b-r1-countdown,public_ckpt100,100,seed1,public_lineage_fork,115,cd/490236,1024,993,6,25,0.82980283,0.39905081,0.57673019,97-,0.7447342,2,8,0.618164
D,philschmid-qwen2.5-3b-r1-countdown,public_ckpt100,100,seed1,public_lineage_fork,115,cd/490235,1024,999,4,21,0.6521676,0.33514785,0.76109726,90-,0.83640898,1,7,0.478516
D,philschmid-qwen2.5-3b-r1-countdown,public_ckpt100,100,seed1,public_lineage_fork,115,cd/490234,1024,997,2,25,0.43583222,0.27079778,0.7943972,83-,0.88394197,1,5,0.926758
D,philschmid-qwen2.5-3b-r1-countdown,public_ckpt100,100,seed1,public_lineage_fork,115,cd/490233,1024,988,12,24,0.29218829,0.18154679,0.886421,92-,0.93538617,1,5,0.84082
D,philschmid-qwen2.5-3b-r1-countdown,public_ckpt100,100,seed1,public_lineage_fork,115,cd/490232,1024,796,1,227,0.01050032,0.0095578,0.99811912,88-,0.99874608,1,3,0.0
D,philschmid-qwen2.5-3b-r1-countdown,public_ckpt100,100,seed1,public_lineage_fork,115,cd/490231,1024,996,3,25,0.62881568,0.30239642,0.591,66-,0.7835,2,8,0.723633
D,philschmid-qwen2.5-3b-r1-countdown,public_ckpt100,100,seed1,public_lineage_fork,115,cd/490229,1024,969,5,50,0.92684945,0.44572037,0.38129496,87-,0.63874615,2,8,0.530273
D,philschmid-qwen2.5-3b-r1-countdown,public_ckpt100,100,seed1,public_lineage_fork,115,cd/490228,1024,980,26,18,0.56426023,0.35059459,0.52824427,56+,0.76284987,2,5,0.916992
D,philschmid-qwen2.5-3b-r1-countdown,public_ckpt100,100,seed1,public_lineage_fork,115,cd/490227,1024,996,18,10,1.1044605,0.68623989,0.01101652,43-,0.40410616,3,5,0.833984
D,philschmid-qwen2.5-3b-r1-countdown,public_ckpt100,100,seed1,public_lineage_fork,115,cd/490225,1024,1002,10,12,0.33297545,0.20688928,0.87307118,91-,0.92135391,1,5,0.914062
D,philschmid-qwen2.5-3b-r1-countdown,public_ckpt100,100,seed1,public_lineage_fork,115,cd/490221,1024,958,22,44,0.46007516,0.28586077,0.81624154,79-,0.88235294,1,5,0.900391
D,philschmid-qwen2.5-3b-r1-countdown,public_ckpt100,100,seed1,public_lineage_fork,115,cd/490219,1024,919,25,80,0.74845891,0.46504367,0.22788931,94-,0.60607705,2,5,0.829102
D,philschmid-qwen2.5-3b-r1-countdown,public_ckpt100,100,seed1,public_lineage_fork,115,cd/490217,1024,917,8,99,0.51525831,0.46900833,0.60206859,74-,0.79967338,2,3,0.000977
D,philschmid-qwen2.5-3b-r1-countdown,public_ckpt100,100,seed1,public_lineage_fork,115,cd/490215,1024,1006,9,9,0.59096075,0.36718456,0.7307883,61-,0.83539911,2,5,0.59668
D,philschmid-qwen2.5-3b-r1-countdown,public_ckpt100,100,seed1,public_lineage_fork,115,cd/490214,1024,907,6,111,0.08654246,0.07877434,0.96752889,73-,0.98348927,1,3,0.84375
D,philschmid-qwen2.5-3b-r1-countdown,public_ckpt100,100,seed1,public_lineage_fork,115,cd/490213,1024,988,5,31,1.28536787,0.66054842,0.08875441,34-,0.42208775,3,7,0.475586
D,philschmid-qwen2.5-3b-r1-countdown,public_ckpt100,100,seed1,public_lineage_fork,115,cd/490212,1024,1011,9,4,1.00309588,0.62325851,0.07202763,49+,0.48001973,3,5,0.921875
D,philschmid-qwen2.5-3b-r1-countdown,public_ckpt100,100,seed1,public_lineage_fork,115,cd/490211,1024,1006,7,11,0.33283099,0.20679952,0.86564204,79-,0.92265741,1,5,0.953125
D,philschmid-qwen2.5-3b-r1-countdown,public_ckpt100,100,seed1,public_lineage_fork,115,cd/490208,1024,942,3,79,0.54072892,0.33597377,0.60772896,94-,0.79989412,2,5,0.941406
D,philschmid-qwen2.5-3b-r1-countdown,public_ckpt100,100,seed1,public_lineage_fork,115,cd/490207,1024,905,23,96,1.01831728,0.6327161,0.22258953,80-,0.54490358,3,5,0.923828
D,philschmid-qwen2.5-3b-r1-countdown,public_ckpt100,100,seed1,public_lineage_fork,115,cd/490206,1024,1006,0,18,0.65271555,0.40555497,0.65939514,68-,0.79871096,2,5,0.773438
D,philschmid-qwen2.5-3b-r1-countdown,public_ckpt100,100,seed1,public_lineage_fork,115,cd/490205,1024,925,14,85,0.72759456,0.45207992,0.13153639,72+,0.56226415,2,5,0.910156
D,philschmid-qwen2.5-3b-r1-countdown,public_ckpt100,100,seed1,public_lineage_fork,115,cd/490204,1024,999,3,22,0.84223652,0.40503015,0.57128614,90-,0.73629113,2,8,0.213867
D,philschmid-qwen2.5-3b-r1-countdown,public_ckpt100,100,seed1,public_lineage_fork,115,cd/490203,1024,849,16,159,0.6944042,0.63207394,0.08112875,38+,0.54027043,2,3,0.867188
D,philschmid-qwen2.5-3b-r1-countdown,public_ckpt100,100,seed1,public_lineage_fork,115,cd/490202,1024,838,5,181,0.00502089,0.00724362,0.9988081,97-,0.99940405,1,2,0.000977
D,philschmid-qwen2.5-3b-r1-countdown,public_ckpt100,100,seed1,public_lineage_fork,115,cd/490201,1024,1000,12,12,0.65041863,0.40412782,0.42593516,82-,0.70872818,2,5,0.96582
D,philschmid-qwen2.5-3b-r1-countdown,public_ckpt100,100,seed1,public_lineage_fork,115,cd/490199,1024,841,8,175,0.91632528,0.56934491,0.25607587,57-,0.58980439,2,5,0.96875
D,philschmid-qwen2.5-3b-r1-countdown,public_ckpt100,100,seed1,public_lineage_fork,120,cd/490363,1024,1023,1,0,0.94991968,0.4568148,0.49074976,83-,0.68695229,2,8,0.503906
D,philschmid-qwen2.5-3b-r1-countdown,public_ckpt100,100,seed1,public_lineage_fork,120,cd/490361,1024,879,3,142,0.03204308,0.02916687,0.99261783,98-,0.99545713,1,3,0.631836
D,philschmid-qwen2.5-3b-r1-countdown,public_ckpt100,100,seed1,public_lineage_fork,120,cd/490360,1024,382,3,639,0.58244474,0.29931738,0.73670558,73-,0.84176394,2,7,0.395508
D,philschmid-qwen2.5-3b-r1-countdown,public_ckpt100,100,seed1,public_lineage_fork,120,cd/490357,1024,1016,1,7,0.60693761,0.37711154,0.68826706,89-,0.81836033,2,5,0.927734
D,philschmid-qwen2.5-3b-r1-countdown,public_ckpt100,100,seed1,public_lineage_fork,120,cd/490356,1024,858,1,165,0.17140884,0.09566509,0.94308943,79-,0.96689895,1,6,0.000977
D,philschmid-qwen2.5-3b-r1-countdown,public_ckpt100,100,seed1,public_lineage_fork,120,cd/490354,1024,1012,1,11,1.05498194,0.45817284,0.22713864,72-,0.55211406,2,10,0.50293
D,philschmid-qwen2.5-3b-r1-countdown,public_ckpt100,100,seed1,public_lineage_fork,120,cd/490353,1024,789,2,233,0.23866017,0.1482879,0.91724574,62-,0.94946304,1,5,0.96582
D,philschmid-qwen2.5-3b-r1-countdown,public_ckpt100,100,seed1,public_lineage_fork,120,cd/490352,1024,277,1,746,0.195485,0.12146166,0.93023256,57-,0.96064401,1,5,0.0
D,philschmid-qwen2.5-3b-r1-countdown,public_ckpt100,100,seed1,public_lineage_fork,120,cd/490351,1024,642,1,381,0.47647395,0.24485917,0.72656855,77+,0.85592564,2,7,0.5625
D,philschmid-qwen2.5-3b-r1-countdown,public_ckpt100,100,seed1,public_lineage_fork,120,cd/490348,1024,1007,7,10,0.55520695,0.34496947,0.74987618,52-,0.84744923,1,5,0.583984
D,philschmid-qwen2.5-3b-r1-countdown,public_ckpt100,100,seed1,public_lineage_fork,120,cd/490347,1024,1016,4,4,1.14265341,0.54950014,0.30196078,59-,0.56127451,3,8,0.207031
D,philschmid-qwen2.5-3b-r1-countdown,public_ckpt100,100,seed1,public_lineage_fork,120,cd/490344,1024,998,4,22,0.46729213,0.42534762,0.65032516,88-,0.82491246,2,3,0.749023
D,philschmid-qwen2.5-3b-r1-countdown,public_ckpt100,100,seed1,public_lineage_fork,120,cd/490343,1024,1005,0,19,0.51064501,0.26241962,0.65344571,94-,0.82250868,2,7,0.148438
D,philschmid-qwen2.5-3b-r1-countdown,public_ckpt100,100,seed1,public_lineage_fork,120,cd/490342,1024,920,3,101,1.3245365,0.68067711,0.15376286,68+,0.41743368,4,7,0.405273
D,philschmid-qwen2.5-3b-r1-countdown,public_ckpt100,100,seed1,public_lineage_fork,120,cd/490341,1024,985,4,35,1.08465137,0.49364611,0.08084891,44-,0.469429,3,9,0.5625
D,philschmid-qwen2.5-3b-r1-countdown,public_ckpt100,100,seed1,public_lineage_fork,120,cd/490340,1024,933,1,90,0.26577292,0.19171464,0.87165775,96-,0.93315508,1,4,0.02832
D,philschmid-qwen2.5-3b-r1-countdown,public_ckpt100,100,seed1,public_lineage_fork,120,cd/490339,1024,620,6,398,0.18508146,0.11499757,0.95100402,45+,0.96626506,1,5,0.939453
D,philschmid-qwen2.5-3b-r1-countdown,public_ckpt100,100,seed1,public_lineage_fork,120,cd/490338,1024,1012,3,9,0.38649158,0.18586316,0.79330709,92-,0.89222441,1,8,0.664062
D,philschmid-qwen2.5-3b-r1-countdown,public_ckpt100,100,seed1,public_lineage_fork,120,cd/490337,1024,1017,1,6,0.5123234,0.31832443,0.69053458,79-,0.83619421,2,5,0.90918
D,philschmid-qwen2.5-3b-r1-countdown,public_ckpt100,100,seed1,public_lineage_fork,120,cd/490335,1024,1000,3,21,0.78113722,0.40142512,0.35774788,65+,0.66218236,2,7,0.614258
D,philschmid-qwen2.5-3b-r1-countdown,public_ckpt100,100,seed1,public_lineage_fork,120,cd/490334,1024,578,3,443,0.48914435,0.30392247,0.65288544,46+,0.82428941,2,5,0.917969
D,philschmid-qwen2.5-3b-r1-countdown,public_ckpt100,100,seed1,public_lineage_fork,120,cd/490333,1024,180,5,839,0.77487975,0.70532595,0.01652893,55-,0.49862259,2,3,0.005859
D,philschmid-qwen2.5-3b-r1-countdown,public_ckpt100,100,seed1,public_lineage_fork,120,cd/490331,1024,1016,1,7,1.26866821,0.61010045,0.16568627,63-,0.47598039,3,8,0.293945
D,philschmid-qwen2.5-3b-r1-countdown,public_ckpt100,100,seed1,public_lineage_fork,120,cd/490330,1024,30,0,994,0.75913364,0.69099321,0.41269841,85-,0.68253968,2,3,0.011719
D,philschmid-qwen2.5-3b-r1-countdown,public_ckpt100,100,seed1,public_lineage_fork,120,cd/490327,1024,1013,1,10,0.81614681,0.39248365,0.2920354,95-,0.62782694,2,8,0.356445
D,philschmid-qwen2.5-3b-r1-countdown,public_ckpt100,100,seed1,public_lineage_fork,120,cd/490325,1024,982,2,40,0.2630684,0.13519041,0.91527144,90-,0.94723491,1,7,0.229492
D,philschmid-qwen2.5-3b-r1-countdown,public_ckpt100,100,seed1,public_lineage_fork,120,cd/490324,1024,912,5,107,0.32675111,0.20302188,0.87807545,99-,0.92454893,1,5,0.928711
D,philschmid-qwen2.5-3b-r1-countdown,public_ckpt100,100,seed1,public_lineage_fork,120,cd/490322,1024,1011,8,5,0.7030869,0.43685245,0.24074988,55+,0.61716823,2,5,0.930664
D,philschmid-qwen2.5-3b-r1-countdown,public_ckpt100,100,seed1,public_lineage_fork,120,cd/490321,1024,962,1,61,0.70506958,0.64178199,0.1380384,64-,0.56720291,2,3,0.0
D,philschmid-qwen2.5-3b-r1-countdown,public_ckpt100,100,seed1,public_lineage_fork,120,cd/490320,1024,60,3,961,0.43253394,0.62401457,0.68852459,36*,0.8442623,2,2,0.167969
D,philschmid-qwen2.5-3b-r1-countdown,public_ckpt100,100,seed1,public_lineage_fork,120,cd/490317,1024,1017,0,7,0.55154252,0.34269263,0.67091712,47-,0.82148112,2,5,0.806641
D,philschmid-qwen2.5-3b-r1-countdown,public_ckpt100,100,seed1,public_lineage_fork,120,cd/490316,1024,957,5,62,0.72418979,0.44996442,0.20427306,13+,0.59770714,2,5,0.791992
D,philschmid-qwen2.5-3b-r1-countdown,public_ckpt100,100,seed1,public_lineage_fork,120,cd/490315,1024,1014,3,7,0.2768412,0.17201111,0.8716183,87-,0.93212002,1,5,0.848633
D,philschmid-qwen2.5-3b-r1-countdown,public_ckpt100,100,seed1,public_lineage_fork,120,cd/490313,1024,1017,3,4,0.45481113,0.28259005,0.7405591,98-,0.86267778,2,5,0.804688
D,philschmid-qwen2.5-3b-r1-countdown,public_ckpt100,100,seed1,public_lineage_fork,120,cd/490312,1024,974,3,47,0.46164001,0.42020284,0.66529985,90-,0.83188109,2,3,0.829102
D,philschmid-qwen2.5-3b-r1-countdown,public_ckpt100,100,seed1,public_lineage_fork,120,cd/490309,1024,961,1,62,0.90621023,0.36468583,0.45915202,96-,0.66235781,3,12,0.000977
D,philschmid-qwen2.5-3b-r1-countdown,public_ckpt100,100,seed1,public_lineage_fork,120,cd/490308,1024,6,4,1014,0.51957984,0.74959526,0.57142857,11*,0.78571429,2,2,0.563477
D,philschmid-qwen2.5-3b-r1-countdown,public_ckpt100,100,seed1,public_lineage_fork,120,cd/490307,1024,1007,4,13,0.43578268,0.20956717,0.8189911,72-,0.89564787,1,8,0.524414
D,philschmid-qwen2.5-3b-r1-countdown,public_ckpt100,100,seed1,public_lineage_fork,120,cd/490306,1024,11,1,1012,0.17320521,0.24988229,0.91666667,50-,0.95833333,1,2,0.0
D,philschmid-qwen2.5-3b-r1-countdown,public_ckpt100,100,seed1,public_lineage_fork,120,cd/490305,1024,5,2,1017,0.28683598,0.41381685,0.83333333,15*,0.91666667,1,2,0.557617
D,philschmid-qwen2.5-3b-r1-countdown,public_ckpt100,100,seed1,public_lineage_fork,120,cd/490304,1024,116,25,883,0.295317,0.26880912,0.89361702,76-,0.93191489,1,3,0.0
D,philschmid-qwen2.5-3b-r1-countdown,public_ckpt100,100,seed1,public_lineage_fork,120,cd/490303,1024,1008,0,16,1.17705204,0.56604238,0.04545455,16+,0.43626482,2,8,0.421875
D,philschmid-qwen2.5-3b-r1-countdown,public_ckpt100,100,seed1,public_lineage_fork,120,cd/490297,1024,985,5,34,0.78040679,0.71035688,0.07095793,22+,0.52458186,2,3,0.94043
D,philschmid-qwen2.5-3b-r1-countdown,public_ckpt100,100,seed1,public_lineage_fork,120,cd/490296,1024,995,0,29,0.74933551,0.36035421,0.57957958,99-,0.75625626,2,8,0.628906
D,philschmid-qwen2.5-3b-r1-countdown,public_ckpt100,100,seed1,public_lineage_fork,120,cd/490292,1024,890,6,128,0.89834857,0.39014783,0.03798883,44+,0.49441341,2,10,0.087891
D,philschmid-qwen2.5-3b-r1-countdown,public_ckpt100,100,seed1,public_lineage_fork,120,cd/490290,1024,883,5,136,0.63263539,0.39307847,0.48221344,40-,0.73574252,2,5,0.879883
D,philschmid-qwen2.5-3b-r1-countdown,public_ckpt100,100,seed1,public_lineage_fork,120,cd/490288,1024,204,0,820,0.15892283,0.08869652,0.96135266,24*,0.97342995,1,6,0.00293
D,philschmid-qwen2.5-3b-r1-countdown,public_ckpt100,100,seed1,public_lineage_fork,120,cd/490287,1024,1016,4,4,0.88963948,0.55276409,0.41629848,97-,0.65144821,3,5,0.709961
D,philschmid-qwen2.5-3b-r1-countdown,public_ckpt100,100,seed1,public_lineage_fork,120,cd/490283,1024,977,0,47,0.1574927,0.09785572,0.95661052,91-,0.97243492,1,5,0.766602
D,philschmid-qwen2.5-3b-r1-countdown,public_ckpt100,100,seed1,public_lineage_fork,120,cd/490282,1024,1000,6,18,0.73516957,0.45678653,0.08379052,78-,0.53815461,2,5,0.954102
D,philschmid-qwen2.5-3b-r1-countdown,public_ckpt100,100,seed1,public_lineage_fork,120,cd/490281,1024,559,0,465,0.25352047,0.15752112,0.88512912,27-,0.93944791,1,5,0.791016
D,philschmid-qwen2.5-3b-r1-countdown,public_ckpt100,100,seed1,public_lineage_fork,120,cd/490280,1024,1013,5,6,0.54438928,0.33824808,0.64204825,45-,0.81388479,2,5,0.888672
D,philschmid-qwen2.5-3b-r1-countdown,public_ckpt100,100,seed1,public_lineage_fork,120,cd/490279,1024,1003,7,14,0.65687423,0.40813891,0.60964694,50-,0.78020885,2,5,0.853516
D,philschmid-qwen2.5-3b-r1-countdown,public_ckpt100,100,seed1,public_lineage_fork,120,cd/490276,1024,1022,1,1,0.25504224,0.15846665,0.87457296,83-,0.93557833,1,5,0.913086
D,philschmid-qwen2.5-3b-r1-countdown,public_ckpt100,100,seed1,public_lineage_fork,120,cd/490275,1024,231,5,788,0.05953706,0.08589382,0.97844828,59-,0.98922414,1,2,0.006836
D,philschmid-qwen2.5-3b-r1-countdown,public_ckpt100,100,seed1,public_lineage_fork,120,cd/490274,1024,822,4,198,0.18680587,0.13475195,0.92718447,55-,0.96055825,1,4,0.0
D,philschmid-qwen2.5-3b-r1-countdown,public_ckpt100,100,seed1,public_lineage_fork,120,cd/490271,1024,1011,2,11,0.46389385,0.28823345,0.73803651,95-,0.85989147,2,5,0.939453
D,philschmid-qwen2.5-3b-r1-countdown,public_ckpt100,100,seed1,public_lineage_fork,120,cd/490270,1024,790,1,233,0.42890834,0.61878393,0.69279393,88-,0.84639697,2,2,0.0
D,philschmid-qwen2.5-3b-r1-countdown,public_ckpt100,100,seed1,public_lineage_fork,120,cd/490268,1024,940,7,77,0.30335719,0.27612762,0.85183218,11+,0.92140202,1,3,0.931641
D,philschmid-qwen2.5-3b-r1-countdown,public_ckpt100,100,seed1,public_lineage_fork,120,cd/490267,1024,1011,1,12,0.26543922,0.16492666,0.8702516,75-,0.93290577,1,5,0.9375
D,philschmid-qwen2.5-3b-r1-countdown,public_ckpt100,100,seed1,public_lineage_fork,120,cd/490266,1024,931,1,92,0.83819582,0.52080035,0.5602571,92-,0.71505088,3,5,0.0
D,philschmid-qwen2.5-3b-r1-countdown,public_ckpt100,100,seed1,public_lineage_fork,120,cd/490264,1024,21,4,999,0.21262682,0.19354128,0.93333333,34-,0.95555556,1,3,0.00293
D,philschmid-qwen2.5-3b-r1-countdown,public_ckpt100,100,seed1,public_lineage_fork,120,cd/490263,1024,1016,1,7,1.21308771,0.58337187,0.50686275,32-,0.64068627,2,8,0.388672
D,philschmid-qwen2.5-3b-r1-countdown,public_ckpt100,100,seed1,public_lineage_fork,120,cd/490262,1024,261,4,759,0.69338874,0.63114963,0.15619048,32*,0.57714286,2,3,0.106445
D,philschmid-qwen2.5-3b-r1-countdown,public_ckpt100,100,seed1,public_lineage_fork,120,cd/490261,1024,1015,1,8,0.42575782,0.26453821,0.85208845,60-,0.9007371,1,5,0.857422
D,philschmid-qwen2.5-3b-r1-countdown,public_ckpt100,100,seed1,public_lineage_fork,120,cd/490260,1024,807,2,215,0.71032418,0.64656493,0.12368584,67-,0.55967842,2,3,0.788086
D,philschmid-qwen2.5-3b-r1-countdown,public_ckpt100,100,seed1,public_lineage_fork,120,cd/490259,1024,827,4,193,0.13356379,0.12157501,0.94628847,74-,0.97223899,1,3,0.492188
D,philschmid-qwen2.5-3b-r1-countdown,public_ckpt100,100,seed1,public_lineage_fork,120,cd/490258,1024,1011,4,9,0.61610311,0.29628297,0.71231527,84-,0.8320197,2,8,0.623047
D,philschmid-qwen2.5-3b-r1-countdown,public_ckpt100,100,seed1,public_lineage_fork,120,cd/490256,1024,1014,4,6,0.7077903,0.43977484,0.69749139,79-,0.80619774,2,5,0.885742
D,philschmid-qwen2.5-3b-r1-countdown,public_ckpt100,100,seed1,public_lineage_fork,120,cd/490254,1024,12,2,1010,0.31539629,0.28708607,0.88888889,90*,0.92592593,1,3,0.197266
D,philschmid-qwen2.5-3b-r1-countdown,public_ckpt100,100,seed1,public_lineage_fork,120,cd/490249,1024,1004,2,18,0.43021214,0.2210853,0.817866,96-,0.89181141,1,7,0.796875
D,philschmid-qwen2.5-3b-r1-countdown,public_ckpt100,100,seed1,public_lineage_fork,120,cd/490248,1024,680,0,344,0.41589936,0.60001595,0.70778267,54-,0.85389134,2,2,0.004883
D,philschmid-qwen2.5-3b-r1-countdown,public_ckpt100,100,seed1,public_lineage_fork,120,cd/490246,1024,1017,2,5,0.43772922,0.27197645,0.76900441,52-,0.87542913,2,5,0.933594
D,philschmid-qwen2.5-3b-r1-countdown,public_ckpt100,100,seed1,public_lineage_fork,120,cd/490245,1024,1017,1,6,0.79611724,0.38285146,0.71498531,93-,0.78991185,1,8,0.59082
D,philschmid-qwen2.5-3b-r1-countdown,public_ckpt100,100,seed1,public_lineage_fork,120,cd/490243,1024,1010,3,11,0.84703909,0.52629498,0.29432099,72-,0.61679012,2,5,0.540039
D,philschmid-qwen2.5-3b-r1-countdown,public_ckpt100,100,seed1,public_lineage_fork,120,cd/490241,1024,1016,3,5,0.40816242,0.25360557,0.77368679,98-,0.88119784,2,5,0.847656
D,philschmid-qwen2.5-3b-r1-countdown,public_ckpt100,100,seed1,public_lineage_fork,120,cd/490240,1024,973,3,48,0.10759205,0.0668507,0.9697591,85-,0.98154792,1,5,0.460938
D,philschmid-qwen2.5-3b-r1-countdown,public_ckpt100,100,seed1,public_lineage_fork,120,cd/490239,1024,328,1,695,0.022729,0.02068882,0.99544765,27-,0.9969651,1,3,0.0
D,philschmid-qwen2.5-3b-r1-countdown,public_ckpt100,100,seed1,public_lineage_fork,120,cd/490237,1024,892,4,128,0.00475221,0.006856,0.99888018,96-,0.99944009,1,2,0.000977
D,philschmid-qwen2.5-3b-r1-countdown,public_ckpt100,100,seed1,public_lineage_fork,120,cd/490236,1024,1005,3,16,0.82604474,0.39724355,0.61744301,97-,0.74876115,2,8,0.582031
D,philschmid-qwen2.5-3b-r1-countdown,public_ckpt100,100,seed1,public_lineage_fork,120,cd/490235,1024,1005,2,17,0.64521007,0.33157239,0.73475459,90-,0.83044125,1,7,0.582031
D,philschmid-qwen2.5-3b-r1-countdown,public_ckpt100,100,seed1,public_lineage_fork,120,cd/490234,1024,1010,2,12,0.42939628,0.26679891,0.7762963,83-,0.87950617,2,5,0.923828
D,philschmid-qwen2.5-3b-r1-countdown,public_ckpt100,100,seed1,public_lineage_fork,120,cd/490233,1024,1001,9,14,0.23388478,0.14532078,0.90682611,92-,0.94818137,1,5,0.892578
D,philschmid-qwen2.5-3b-r1-countdown,public_ckpt100,100,seed1,public_lineage_fork,120,cd/490232,1024,812,0,212,0.01031823,0.00939206,0.99815612,88-,0.99877074,1,3,0.0
D,philschmid-qwen2.5-3b-r1-countdown,public_ckpt100,100,seed1,public_lineage_fork,120,cd/490231,1024,1011,2,11,0.6284094,0.30220104,0.53497537,66-,0.76009852,2,8,0.739258
D,philschmid-qwen2.5-3b-r1-countdown,public_ckpt100,100,seed1,public_lineage_fork,120,cd/490229,1024,1000,3,21,0.97638166,0.46954033,0.18525896,87-,0.54332669,2,8,0.564453
D,philschmid-qwen2.5-3b-r1-countdown,public_ckpt100,100,seed1,public_lineage_fork,120,cd/490228,1024,998,24,2,0.52436733,0.32580774,0.58170915,56+,0.79010495,2,5,0.953125
D,philschmid-qwen2.5-3b-r1-countdown,public_ckpt100,100,seed1,public_lineage_fork,120,cd/490227,1024,1016,6,2,1.06539552,0.66196746,0.07952872,43-,0.4413353,3,5,0.889648
D,philschmid-qwen2.5-3b-r1-countdown,public_ckpt100,100,seed1,public_lineage_fork,120,cd/490225,1024,1018,3,3,0.3022872,0.1878216,0.88682019,91-,0.93140617,1,5,0.951172
D,philschmid-qwen2.5-3b-r1-countdown,public_ckpt100,100,seed1,public_lineage_fork,120,cd/490221,1024,1000,9,15,0.48538508,0.30158671,0.80199501,79-,0.87032419,1,5,0.920898
D,philschmid-qwen2.5-3b-r1-countdown,public_ckpt100,100,seed1,public_lineage_fork,120,cd/490219,1024,936,13,75,0.76062133,0.4726006,0.1981886,94-,0.58977091,2,5,0.875977
D,philschmid-qwen2.5-3b-r1-countdown,public_ckpt100,100,seed1,public_lineage_fork,120,cd/490217,1024,879,3,142,0.51005882,0.46427554,0.60193072,74-,0.80011357,2,3,0.0
D,philschmid-qwen2.5-3b-r1-countdown,public_ckpt100,100,seed1,public_lineage_fork,120,cd/490215,1024,1010,10,4,0.55573168,0.34529551,0.70024691,61-,0.83308642,2,5,0.46582
D,philschmid-qwen2.5-3b-r1-countdown,public_ckpt100,100,seed1,public_lineage_fork,120,cd/490214,1024,913,4,107,0.07217172,0.06569353,0.9743029,73-,0.98687808,1,3,0.782227
D,philschmid-qwen2.5-3b-r1-countdown,public_ckpt100,100,seed1,public_lineage_fork,120,cd/490213,1024,1012,3,9,1.14172481,0.58673049,0.29542097,34-,0.52141802,3,7,0.515625
D,philschmid-qwen2.5-3b-r1-countdown,public_ckpt100,100,seed1,public_lineage_fork,120,cd/490212,1024,1022,2,0,0.99435378,0.61782674,0.08882382,49+,0.4875549,3,5,0.9375
D,philschmid-qwen2.5-3b-r1-countdown,public_ckpt100,100,seed1,public_lineage_fork,120,cd/490211,1024,1008,4,12,0.28983474,0.18008445,0.87184562,79-,0.93072736,1,5,0.962891
D,philschmid-qwen2.5-3b-r1-countdown,public_ckpt100,100,seed1,public_lineage_fork,120,cd/490208,1024,928,0,96,0.60796813,0.37775184,0.45996776,94-,0.72810317,2,5,0.945312
D,philschmid-qwen2.5-3b-r1-countdown,public_ckpt100,100,seed1,public_lineage_fork,120,cd/490207,1024,956,7,61,1.01715094,0.63199141,0.05320814,80-,0.46061555,3,5,0.952148
D,philschmid-qwen2.5-3b-r1-countdown,public_ckpt100,100,seed1,public_lineage_fork,120,cd/490206,1024,1004,2,18,0.7610819,0.47288677,0.55042226,68-,0.73174367,2,5,0.800781
D,philschmid-qwen2.5-3b-r1-countdown,public_ckpt100,100,seed1,public_lineage_fork,120,cd/490205,1024,973,3,48,0.70188161,0.43610356,0.13941568,72+,0.56842645,2,5,0.944336
D,philschmid-qwen2.5-3b-r1-countdown,public_ckpt100,100,seed1,public_lineage_fork,120,cd/490204,1024,998,6,20,0.86138638,0.41423929,0.52295409,90-,0.70808383,2,8,0.322266
D,philschmid-qwen2.5-3b-r1-countdown,public_ckpt100,100,seed1,public_lineage_fork,120,cd/490203,1024,900,10,114,0.65258631,0.59400966,0.29728231,38+,0.64836384,2,3,0.919922
D,philschmid-qwen2.5-3b-r1-countdown,public_ckpt100,100,seed1,public_lineage_fork,120,cd/490202,1024,852,2,170,0.00494819,0.00713873,0.99882767,97-,0.99941383,1,2,0.003906
D,philschmid-qwen2.5-3b-r1-countdown,public_ckpt100,100,seed1,public_lineage_fork,120,cd/490201,1024,1016,4,4,0.59559589,0.37006454,0.47029946,82-,0.73392243,2,5,0.979492
D,philschmid-qwen2.5-3b-r1-countdown,public_ckpt100,100,seed1,public_lineage_fork,120,cd/490199,1024,803,3,218,0.85054174,0.5284713,0.20484171,57-,0.57790192,2,5,0.978516
D,philschmid-qwen2.5-3b-r1-countdown,public_ckpt100,100,seed1,public_lineage_fork,125,cd/490363,1024,1023,0,1,0.92229892,0.44353203,0.45374878,83-,0.6781889,2,8,0.507812
D,philschmid-qwen2.5-3b-r1-countdown,public_ckpt100,100,seed1,public_lineage_fork,125,cd/490361,1024,867,2,155,0.01758158,0.01600345,0.99597006,98-,0.99769718,1,3,0.638672
D,philschmid-qwen2.5-3b-r1-countdown,public_ckpt100,100,seed1,public_lineage_fork,125,cd/490360,1024,361,2,661,0.45354906,0.23307811,0.79561043,73-,0.88203018,1,7,0.456055
D,philschmid-qwen2.5-3b-r1-countdown,public_ckpt100,100,seed1,public_lineage_fork,125,cd/490357,1024,1021,1,2,0.59885202,0.37208768,0.62628236,89-,0.79872985,2,5,0.931641
D,philschmid-qwen2.5-3b-r1-countdown,public_ckpt100,100,seed1,public_lineage_fork,125,cd/490356,1024,888,0,136,0.11328645,0.06322637,0.97194164,79-,0.98148148,1,6,0.0
D,philschmid-qwen2.5-3b-r1-countdown,public_ckpt100,100,seed1,public_lineage_fork,125,cd/490354,1024,1023,0,1,1.03883132,0.45115871,0.20817121,72-,0.55009728,2,10,0.504883
D,philschmid-qwen2.5-3b-r1-countdown,public_ckpt100,100,seed1,public_lineage_fork,125,cd/490353,1024,749,2,273,0.11003819,0.06837057,0.96340652,62-,0.98003992,1,5,0.977539
D,philschmid-qwen2.5-3b-r1-countdown,public_ckpt100,100,seed1,public_lineage_fork,125,cd/490352,1024,316,0,708,0.19030088,0.11824059,0.92307692,57-,0.95918367,1,5,0.0
D,philschmid-qwen2.5-3b-r1-countdown,public_ckpt100,100,seed1,public_lineage_fork,125,cd/490351,1024,577,1,446,0.39605801,0.20353356,0.8044789,77+,0.89491817,1,7,0.648438
D,philschmid-qwen2.5-3b-r1-countdown,public_ckpt100,100,seed1,public_lineage_fork,125,cd/490348,1024,1019,0,5,0.67982038,0.42239615,0.63534019,52-,0.78169359,2,5,0.739258
D,philschmid-qwen2.5-3b-r1-countdown,public_ckpt100,100,seed1,public_lineage_fork,125,cd/490347,1024,1023,0,1,1.21767439,0.5855776,0.09542356,59-,0.43378773,3,8,0.282227
D,philschmid-qwen2.5-3b-r1-countdown,public_ckpt100,100,seed1,public_lineage_fork,125,cd/490344,1024,1018,0,6,0.42783366,0.38943098,0.69838156,88-,0.84894556,2,3,0.800781
D,philschmid-qwen2.5-3b-r1-countdown,public_ckpt100,100,seed1,public_lineage_fork,125,cd/490343,1024,1012,0,12,0.64803196,0.33302255,0.41161989,94-,0.70260955,2,7,0.249023
D,philschmid-qwen2.5-3b-r1-countdown,public_ckpt100,100,seed1,public_lineage_fork,125,cd/490342,1024,970,1,53,1.25072734,0.64274671,0.02259887,68+,0.39085773,3,7,0.485352
D,philschmid-qwen2.5-3b-r1-countdown,public_ckpt100,100,seed1,public_lineage_fork,125,cd/490341,1024,994,3,27,1.13318487,0.51573466,0.14121182,44-,0.48122183,3,9,0.654297
D,philschmid-qwen2.5-3b-r1-countdown,public_ckpt100,100,seed1,public_lineage_fork,125,cd/490340,1024,865,0,159,0.26818733,0.19345626,0.87427912,96-,0.93367935,1,4,0.012695
D,philschmid-qwen2.5-3b-r1-countdown,public_ckpt100,100,seed1,public_lineage_fork,125,cd/490339,1024,512,1,511,0.14237705,0.08846383,0.95821186,45+,0.97473275,1,5,0.964844
D,philschmid-qwen2.5-3b-r1-countdown,public_ckpt100,100,seed1,public_lineage_fork,125,cd/490338,1024,1021,1,2,0.33477743,0.16099391,0.81560976,92-,0.90585366,1,8,0.753906
D,philschmid-qwen2.5-3b-r1-countdown,public_ckpt100,100,seed1,public_lineage_fork,125,cd/490337,1024,1021,1,2,0.40310771,0.2504649,0.7679531,79-,0.87982413,2,5,0.922852
D,philschmid-qwen2.5-3b-r1-countdown,public_ckpt100,100,seed1,public_lineage_fork,125,cd/490335,1024,1015,0,9,0.78301574,0.40239049,0.3406971,65+,0.65144821,2,7,0.625
D,philschmid-qwen2.5-3b-r1-countdown,public_ckpt100,100,seed1,public_lineage_fork,125,cd/490334,1024,457,2,565,0.48892486,0.30378609,0.64635473,46+,0.82154516,2,5,0.905273
D,philschmid-qwen2.5-3b-r1-countdown,public_ckpt100,100,seed1,public_lineage_fork,125,cd/490333,1024,146,1,877,0.6832675,0.62193688,0.2440678,82+,0.62033898,2,3,0.004883
D,philschmid-qwen2.5-3b-r1-countdown,public_ckpt100,100,seed1,public_lineage_fork,125,cd/490331,1024,1021,0,3,1.19094559,0.57272376,0.07317073,63-,0.44926829,3,8,0.318359
D,philschmid-qwen2.5-3b-r1-countdown,public_ckpt100,100,seed1,public_lineage_fork,125,cd/490330,1024,22,0,1002,0.76381921,0.69525821,0.46808511,85-,0.70212766,2,3,0.017578
D,philschmid-qwen2.5-3b-r1-countdown,public_ckpt100,100,seed1,public_lineage_fork,125,cd/490327,1024,1023,0,1,0.81379407,0.39135222,0.14800389,95-,0.56134372,2,8,0.387695
D,philschmid-qwen2.5-3b-r1-countdown,public_ckpt100,100,seed1,public_lineage_fork,125,cd/490325,1024,998,0,26,0.24682584,0.12684339,0.92461308,90-,0.95107339,1,7,0.291992
D,philschmid-qwen2.5-3b-r1-countdown,public_ckpt100,100,seed1,public_lineage_fork,125,cd/490324,1024,877,0,147,0.24445297,0.15188717,0.91415577,99-,0.94769756,1,5,0.949219
D,philschmid-qwen2.5-3b-r1-countdown,public_ckpt100,100,seed1,public_lineage_fork,125,cd/490322,1024,1023,1,0,0.65700269,0.40821872,0.35689907,55+,0.67625549,2,5,0.955078
D,philschmid-qwen2.5-3b-r1-countdown,public_ckpt100,100,seed1,public_lineage_fork,125,cd/490321,1024,981,0,43,0.70706278,0.64359628,0.06412214,16+,0.5307888,2,3,0.0
D,philschmid-qwen2.5-3b-r1-countdown,public_ckpt100,100,seed1,public_lineage_fork,125,cd/490320,1024,22,3,999,0.49431566,0.71314675,0.60869565,36*,0.80434783,2,2,0.169922
D,philschmid-qwen2.5-3b-r1-countdown,public_ckpt100,100,seed1,public_lineage_fork,125,cd/490317,1024,1023,0,1,0.59241062,0.36808541,0.54997562,47-,0.76889322,2,5,0.875977
D,philschmid-qwen2.5-3b-r1-countdown,public_ckpt100,100,seed1,public_lineage_fork,125,cd/490316,1024,976,2,46,0.65831052,0.40903132,0.36995401,13+,0.68216658,2,5,0.794922
D,philschmid-qwen2.5-3b-r1-countdown,public_ckpt100,100,seed1,public_lineage_fork,125,cd/490315,1024,1019,0,5,0.29707008,0.18458002,0.84581498,87-,0.92070485,1,5,0.868164
D,philschmid-qwen2.5-3b-r1-countdown,public_ckpt100,100,seed1,public_lineage_fork,125,cd/490313,1024,1022,1,1,0.41994495,0.26092647,0.75646657,98-,0.87310883,2,5,0.751953
D,philschmid-qwen2.5-3b-r1-countdown,public_ckpt100,100,seed1,public_lineage_fork,125,cd/490312,1024,987,0,37,0.47189096,0.42953366,0.64441072,90-,0.82195245,2,3,0.84082
D,philschmid-qwen2.5-3b-r1-countdown,public_ckpt100,100,seed1,public_lineage_fork,125,cd/490309,1024,976,0,48,0.9681948,0.38963025,0.33197556,96-,0.59928717,3,12,0.001953
D,philschmid-qwen2.5-3b-r1-countdown,public_ckpt100,100,seed1,public_lineage_fork,125,cd/490308,1024,1,0,1023,0.56233514,0.81127812,0.5,11*,0.75,2,2,0.630859
D,philschmid-qwen2.5-3b-r1-countdown,public_ckpt100,100,seed1,public_lineage_fork,125,cd/490307,1024,1020,2,2,0.35327732,0.16989048,0.86816406,72-,0.92236328,1,8,0.519531
D,philschmid-qwen2.5-3b-r1-countdown,public_ckpt100,100,seed1,public_lineage_fork,125,cd/490306,1024,5,1,1018,0.28683598,0.41381685,0.83333333,50-,0.91666667,1,2,0.0
D,philschmid-qwen2.5-3b-r1-countdown,public_ckpt100,100,seed1,public_lineage_fork,125,cd/490305,1024,0,0,1024,0.69314718,1.0,0.0,3*,0.5,2,2,0.609375
D,philschmid-qwen2.5-3b-r1-countdown,public_ckpt100,100,seed1,public_lineage_fork,125,cd/490304,1024,90,8,926,0.15907253,0.14479406,0.93989071,76-,0.96721311,1,3,0.0
D,philschmid-qwen2.5-3b-r1-countdown,public_ckpt100,100,seed1,public_lineage_fork,125,cd/490303,1024,1013,1,10,1.09023871,0.524294,0.17895772,16+,0.52163225,2,8,0.442383
D,philschmid-qwen2.5-3b-r1-countdown,public_ckpt100,100,seed1,public_lineage_fork,125,cd/490297,1024,1008,4,12,0.82344976,0.74953627,0.07231303,22+,0.51758296,2,3,0.956055
D,philschmid-qwen2.5-3b-r1-countdown,public_ckpt100,100,seed1,public_lineage_fork,125,cd/490296,1024,1014,0,10,0.80596927,0.38758929,0.43123772,99-,0.68614931,2,8,0.608398
D,philschmid-qwen2.5-3b-r1-countdown,public_ckpt100,100,seed1,public_lineage_fork,125,cd/490292,1024,930,1,93,0.77333087,0.33585333,0.11764706,16+,0.5513369,2,10,0.064453
D,philschmid-qwen2.5-3b-r1-countdown,public_ckpt100,100,seed1,public_lineage_fork,125,cd/490290,1024,843,2,179,0.51435447,0.3195864,0.62684802,40-,0.81076286,2,5,0.953125
D,philschmid-qwen2.5-3b-r1-countdown,public_ckpt100,100,seed1,public_lineage_fork,125,cd/490288,1024,150,0,874,0.17101767,0.09544678,0.95424837,24*,0.97058824,1,6,0.003906
D,philschmid-qwen2.5-3b-r1-countdown,public_ckpt100,100,seed1,public_lineage_fork,125,cd/490287,1024,1022,1,1,0.95395067,0.59272288,0.28892143,97-,0.58223524,3,5,0.790039
D,philschmid-qwen2.5-3b-r1-countdown,public_ckpt100,100,seed1,public_lineage_fork,125,cd/490283,1024,982,2,40,0.08855052,0.05501953,0.97613002,91-,0.98577958,1,5,0.821289
D,philschmid-qwen2.5-3b-r1-countdown,public_ckpt100,100,seed1,public_lineage_fork,125,cd/490282,1024,1017,2,5,0.70594073,0.43862564,0.10004904,78-,0.54879843,2,5,0.963867
D,philschmid-qwen2.5-3b-r1-countdown,public_ckpt100,100,seed1,public_lineage_fork,125,cd/490281,1024,468,0,556,0.21046296,0.13076799,0.91179596,27-,0.95324123,1,5,0.709961
D,philschmid-qwen2.5-3b-r1-countdown,public_ckpt100,100,seed1,public_lineage_fork,125,cd/490280,1024,1023,0,1,0.56572692,0.3515059,0.5665529,45-,0.7796197,2,5,0.90918
D,philschmid-qwen2.5-3b-r1-countdown,public_ckpt100,100,seed1,public_lineage_fork,125,cd/490279,1024,1017,1,6,0.62990063,0.39137927,0.58558117,50-,0.77636096,2,5,0.860352
D,philschmid-qwen2.5-3b-r1-countdown,public_ckpt100,100,seed1,public_lineage_fork,125,cd/490276,1024,1023,0,1,0.24679252,0.15334081,0.88054608,83-,0.93856655,1,5,0.919922
D,philschmid-qwen2.5-3b-r1-countdown,public_ckpt100,100,seed1,public_lineage_fork,125,cd/490275,1024,201,1,822,0.04380505,0.06319733,0.98514851,59-,0.99257426,1,2,0.003906
D,philschmid-qwen2.5-3b-r1-countdown,public_ckpt100,100,seed1,public_lineage_fork,125,cd/490274,1024,766,0,258,0.1987275,0.14335159,0.91015625,55-,0.95377604,1,4,0.0
D,philschmid-qwen2.5-3b-r1-countdown,public_ckpt100,100,seed1,public_lineage_fork,125,cd/490271,1024,1018,0,6,0.59022115,0.36672502,0.55756982,95-,0.77266046,2,5,0.928711
D,philschmid-qwen2.5-3b-r1-countdown,public_ckpt100,100,seed1,public_lineage_fork,125,cd/490270,1024,750,2,272,0.39606649,0.57140316,0.72969374,88-,0.86484687,2,2,0.0
D,philschmid-qwen2.5-3b-r1-countdown,public_ckpt100,100,seed1,public_lineage_fork,125,cd/490268,1024,965,1,58,0.14805388,0.13476445,0.93429902,11+,0.96689084,1,3,0.960938
D,philschmid-qwen2.5-3b-r1-countdown,public_ckpt100,100,seed1,public_lineage_fork,125,cd/490267,1024,1012,2,10,0.20555245,0.12771692,0.90586496,75-,0.95170034,1,5,0.941406
D,philschmid-qwen2.5-3b-r1-countdown,public_ckpt100,100,seed1,public_lineage_fork,125,cd/490266,1024,974,0,50,0.98872634,0.61433021,0.3952893,92-,0.60675883,3,5,0.0
D,philschmid-qwen2.5-3b-r1-countdown,public_ckpt100,100,seed1,public_lineage_fork,125,cd/490264,1024,17,3,1004,0.24775083,0.22551252,0.91891892,34-,0.94594595,1,3,0.000977
D,philschmid-qwen2.5-3b-r1-countdown,public_ckpt100,100,seed1,public_lineage_fork,125,cd/490263,1024,1020,3,1,1.16554176,0.56050711,0.50976562,32-,0.64404297,3,8,0.357422
D,philschmid-qwen2.5-3b-r1-countdown,public_ckpt100,100,seed1,public_lineage_fork,125,cd/490262,1024,170,2,852,0.7099656,0.64623854,0.04664723,32*,0.52186589,2,3,0.098633
D,philschmid-qwen2.5-3b-r1-countdown,public_ckpt100,100,seed1,public_lineage_fork,125,cd/490261,1024,1020,1,3,0.33973656,0.21109019,0.88117359,60-,0.92469438,1,5,0.876953
D,philschmid-qwen2.5-3b-r1-countdown,public_ckpt100,100,seed1,public_lineage_fork,125,cd/490260,1024,852,0,172,0.70408513,0.6408859,0.03866432,7+,0.51845343,2,3,0.791992
D,philschmid-qwen2.5-3b-r1-countdown,public_ckpt100,100,seed1,public_lineage_fork,125,cd/490259,1024,794,1,229,0.12412183,0.11298056,0.95160277,74-,0.97485858,1,3,0.513672
D,philschmid-qwen2.5-3b-r1-countdown,public_ckpt100,100,seed1,public_lineage_fork,125,cd/490258,1024,1020,1,3,0.5466165,0.26286697,0.73144531,84-,0.84814453,2,8,0.62793
D,philschmid-qwen2.5-3b-r1-countdown,public_ckpt100,100,seed1,public_lineage_fork,125,cd/490256,1024,1019,1,4,0.70258989,0.43654364,0.59422418,79-,0.77190406,2,5,0.916992
D,philschmid-qwen2.5-3b-r1-countdown,public_ckpt100,100,seed1,public_lineage_fork,125,cd/490254,1024,5,1,1018,0.79026797,0.7193329,0.46153846,90*,0.69230769,2,3,0.224609
D,philschmid-qwen2.5-3b-r1-countdown,public_ckpt100,100,seed1,public_lineage_fork,125,cd/490249,1024,1017,0,7,0.50237984,0.25817217,0.68691818,96-,0.83635473,2,7,0.890625
D,philschmid-qwen2.5-3b-r1-countdown,public_ckpt100,100,seed1,public_lineage_fork,125,cd/490248,1024,576,0,448,0.38799786,0.55976258,0.73830156,54-,0.86915078,2,2,0.00293
D,philschmid-qwen2.5-3b-r1-countdown,public_ckpt100,100,seed1,public_lineage_fork,125,cd/490246,1024,1019,3,2,0.54420349,0.33813264,0.60597161,52-,0.79833578,2,5,0.947266
D,philschmid-qwen2.5-3b-r1-countdown,public_ckpt100,100,seed1,public_lineage_fork,125,cd/490245,1024,1021,0,3,0.74313715,0.35737343,0.72390244,93-,0.80536585,1,8,0.65332
D,philschmid-qwen2.5-3b-r1-countdown,public_ckpt100,100,seed1,public_lineage_fork,125,cd/490243,1024,1017,1,6,0.81107657,0.50395021,0.10985777,72-,0.5389897,2,5,0.625977
D,philschmid-qwen2.5-3b-r1-countdown,public_ckpt100,100,seed1,public_lineage_fork,125,cd/490241,1024,1017,0,7,0.3486161,0.21660736,0.80725846,98-,0.90093183,1,5,0.857422
D,philschmid-qwen2.5-3b-r1-countdown,public_ckpt100,100,seed1,public_lineage_fork,125,cd/490240,1024,995,2,27,0.0965261,0.05997504,0.97443609,85-,0.9839599,1,5,0.539062
D,philschmid-qwen2.5-3b-r1-countdown,public_ckpt100,100,seed1,public_lineage_fork,125,cd/490239,1024,398,2,624,0.01922931,0.01750327,0.99624531,27-,0.99749687,1,3,0.0
D,philschmid-qwen2.5-3b-r1-countdown,public_ckpt100,100,seed1,public_lineage_fork,125,cd/490237,1024,940,0,84,0.00453763,0.00654642,0.9989373,96-,0.99946865,1,2,0.000977
D,philschmid-qwen2.5-3b-r1-countdown,public_ckpt100,100,seed1,public_lineage_fork,125,cd/490236,1024,1017,1,6,0.9352488,0.4497596,0.48873653,97-,0.67629775,3,8,0.55957
D,philschmid-qwen2.5-3b-r1-countdown,public_ckpt100,100,seed1,public_lineage_fork,125,cd/490235,1024,1015,0,9,0.64495189,0.33143971,0.6185567,90-,0.78890525,2,7,0.6875
D,philschmid-qwen2.5-3b-r1-countdown,public_ckpt100,100,seed1,public_lineage_fork,125,cd/490234,1024,1018,0,6,0.35957414,0.22341598,0.80646742,83-,0.89906908,1,5,0.932617
D,philschmid-qwen2.5-3b-r1-countdown,public_ckpt100,100,seed1,public_lineage_fork,125,cd/490233,1024,1018,3,3,0.20598193,0.12798377,0.91915728,92-,0.95590397,1,5,0.938477
D,philschmid-qwen2.5-3b-r1-countdown,public_ckpt100,100,seed1,public_lineage_fork,125,cd/490232,1024,858,0,166,0.00983004,0.00894768,0.9982548,88-,0.99883653,1,3,0.0
D,philschmid-qwen2.5-3b-r1-countdown,public_ckpt100,100,seed1,public_lineage_fork,125,cd/490231,1024,1016,1,7,0.58383859,0.28076701,0.55490196,66-,0.77303922,2,8,0.770508
D,philschmid-qwen2.5-3b-r1-countdown,public_ckpt100,100,seed1,public_lineage_fork,125,cd/490229,1024,1013,1,10,0.88118077,0.42375837,0.03638151,16+,0.49311701,2,8,0.65625
D,philschmid-qwen2.5-3b-r1-countdown,public_ckpt100,100,seed1,public_lineage_fork,125,cd/490228,1024,1020,3,1,0.51000385,0.31688321,0.60244499,56+,0.800489,2,5,0.958984
D,philschmid-qwen2.5-3b-r1-countdown,public_ckpt100,100,seed1,public_lineage_fork,125,cd/490227,1024,1021,2,1,1.06381351,0.6609845,0.12994626,43-,0.45481192,3,5,0.929688
D,philschmid-qwen2.5-3b-r1-countdown,public_ckpt100,100,seed1,public_lineage_fork,125,cd/490225,1024,1020,1,3,0.21001683,0.13049079,0.93300733,91-,0.95794621,1,5,0.960938
D,philschmid-qwen2.5-3b-r1-countdown,public_ckpt100,100,seed1,public_lineage_fork,125,cd/490221,1024,1019,2,3,0.51472331,0.31981558,0.74106706,79-,0.85119922,2,5,0.930664
D,philschmid-qwen2.5-3b-r1-countdown,public_ckpt100,100,seed1,public_lineage_fork,125,cd/490219,1024,937,7,80,0.78211937,0.48595809,0.19159127,94-,0.58275679,2,5,0.881836
D,philschmid-qwen2.5-3b-r1-countdown,public_ckpt100,100,seed1,public_lineage_fork,125,cd/490217,1024,841,3,180,0.48739889,0.44364959,0.63382789,74-,0.81602374,2,3,0.0
D,philschmid-qwen2.5-3b-r1-countdown,public_ckpt100,100,seed1,public_lineage_fork,125,cd/490215,1024,1024,0,0,0.54642884,0.33951533,0.67121286,61-,0.82464686,2,5,0.400391
D,philschmid-qwen2.5-3b-r1-countdown,public_ckpt100,100,seed1,public_lineage_fork,125,cd/490214,1024,939,2,83,0.10948038,0.09965333,0.95587453,73-,0.97767145,1,3,0.761719
D,philschmid-qwen2.5-3b-r1-countdown,public_ckpt100,100,seed1,public_lineage_fork,125,cd/490213,1024,1020,0,4,0.97635753,0.50174851,0.39570103,34-,0.62286273,3,7,0.543945
D,philschmid-qwen2.5-3b-r1-countdown,public_ckpt100,100,seed1,public_lineage_fork,125,cd/490212,1024,1024,0,0,0.96188917,0.59765534,0.01948368,49+,0.45737944,3,5,0.96582
D,philschmid-qwen2.5-3b-r1-countdown,public_ckpt100,100,seed1,public_lineage_fork,125,cd/490211,1024,1018,1,5,0.21452368,0.13329106,0.91915728,79-,0.95492406,1,5,0.958008
D,philschmid-qwen2.5-3b-r1-countdown,public_ckpt100,100,seed1,public_lineage_fork,125,cd/490208,1024,928,0,96,0.58605907,0.36413898,0.4911338,94-,0.74422354,2,5,0.96875
D,philschmid-qwen2.5-3b-r1-countdown,public_ckpt100,100,seed1,public_lineage_fork,125,cd/490207,1024,977,5,42,1.03123906,0.64074485,0.03675345,80-,0.44155181,3,5,0.958008
D,philschmid-qwen2.5-3b-r1-countdown,public_ckpt100,100,seed1,public_lineage_fork,125,cd/490206,1024,1016,1,7,0.84577259,0.52550806,0.46539028,68-,0.67795778,3,5,0.858398
D,philschmid-qwen2.5-3b-r1-countdown,public_ckpt100,100,seed1,public_lineage_fork,125,cd/490205,1024,953,1,70,0.71184951,0.44229697,0.01674516,72+,0.50706436,2,5,0.96875
D,philschmid-qwen2.5-3b-r1-countdown,public_ckpt100,100,seed1,public_lineage_fork,125,cd/490204,1024,1016,2,6,0.95539522,0.45944798,0.31078431,90-,0.59656863,3,8,0.419922
D,philschmid-qwen2.5-3b-r1-countdown,public_ckpt100,100,seed1,public_lineage_fork,125,cd/490203,1024,891,2,131,0.66651685,0.60668978,0.24761905,38+,0.62352941,2,3,0.938477
D,philschmid-qwen2.5-3b-r1-countdown,public_ckpt100,100,seed1,public_lineage_fork,125,cd/490202,1024,801,2,221,0.0052244,0.00753722,0.99875312,97-,0.99937656,1,2,0.000977
D,philschmid-qwen2.5-3b-r1-countdown,public_ckpt100,100,seed1,public_lineage_fork,125,cd/490201,1024,1023,0,1,0.58921421,0.36609937,0.50316919,82-,0.74939054,2,5,0.985352
D,philschmid-qwen2.5-3b-r1-countdown,public_ckpt100,100,seed1,public_lineage_fork,125,cd/490199,1024,737,0,287,0.79353482,0.49305091,0.27721433,57-,0.62271805,2,5,0.986328
D,philschmid-qwen2.5-3b-r1-countdown,public_ckpt100,100,seed2,public_lineage_fork,105,cd/490363,1024,946,25,53,1.14690572,0.55154507,0.44842105,83-,0.63947368,2,8,0.485352
D,philschmid-qwen2.5-3b-r1-countdown,public_ckpt100,100,seed2,public_lineage_fork,105,cd/490361,1024,835,34,155,0.04743382,0.04317613,0.98864316,98-,0.99282726,1,3,0.59082
D,philschmid-qwen2.5-3b-r1-countdown,public_ckpt100,100,seed2,public_lineage_fork,105,cd/490360,1024,502,13,509,0.90238663,0.46373499,0.68249258,73-,0.76854599,1,7,0.12207
D,philschmid-qwen2.5-3b-r1-countdown,public_ckpt100,100,seed2,public_lineage_fork,105,cd/490357,1024,935,16,73,0.76812401,0.47726228,0.61973333,89-,0.76426667,2,5,0.743164
D,philschmid-qwen2.5-3b-r1-countdown,public_ckpt100,100,seed2,public_lineage_fork,105,cd/490356,1024,814,13,197,0.592488,0.33067385,0.76376989,79-,0.85128519,1,6,0.005859
D,philschmid-qwen2.5-3b-r1-countdown,public_ckpt100,100,seed2,public_lineage_fork,105,cd/490354,1024,939,18,67,1.28388899,0.5575859,0.15889831,72-,0.48887712,3,10,0.481445
D,philschmid-qwen2.5-3b-r1-countdown,public_ckpt100,100,seed2,public_lineage_fork,105,cd/490353,1024,730,17,277,0.48979323,0.30432565,0.75085324,62-,0.86211604,2,5,0.760742
D,philschmid-qwen2.5-3b-r1-countdown,public_ckpt100,100,seed2,public_lineage_fork,105,cd/490352,1024,209,19,796,0.51995464,0.32306598,0.81323877,57-,0.87706856,1,5,0.0
D,philschmid-qwen2.5-3b-r1-countdown,public_ckpt100,100,seed2,public_lineage_fork,105,cd/490351,1024,526,17,481,1.07833393,0.55415402,0.04154863,77+,0.45797923,3,7,0.490234
D,philschmid-qwen2.5-3b-r1-countdown,public_ckpt100,100,seed2,public_lineage_fork,105,cd/490348,1024,922,23,79,0.52707177,0.3274881,0.82422931,52-,0.87236344,1,5,0.135742
D,philschmid-qwen2.5-3b-r1-countdown,public_ckpt100,100,seed2,public_lineage_fork,105,cd/490347,1024,945,11,68,1.10381926,0.53082486,0.44046365,59-,0.64014752,2,8,0.25
D,philschmid-qwen2.5-3b-r1-countdown,public_ckpt100,100,seed2,public_lineage_fork,105,cd/490344,1024,816,40,168,0.47333627,0.43084924,0.64342508,88-,0.82140673,2,3,0.80957
D,philschmid-qwen2.5-3b-r1-countdown,public_ckpt100,100,seed2,public_lineage_fork,105,cd/490343,1024,913,15,96,0.83863641,0.43097386,0.64702673,94-,0.76432079,2,7,0.055664
D,philschmid-qwen2.5-3b-r1-countdown,public_ckpt100,100,seed2,public_lineage_fork,105,cd/490342,1024,716,14,294,1.5351769,0.78892487,0.04308548,68-,0.29951355,4,7,0.178711
D,philschmid-qwen2.5-3b-r1-countdown,public_ckpt100,100,seed2,public_lineage_fork,105,cd/490341,1024,892,29,103,1.19293221,0.54292685,0.13496933,62-,0.49581707,2,9,0.174805
D,philschmid-qwen2.5-3b-r1-countdown,public_ckpt100,100,seed2,public_lineage_fork,105,cd/490340,1024,741,4,279,0.52308866,0.37732871,0.67294751,96-,0.82839838,2,4,0.172852
D,philschmid-qwen2.5-3b-r1-countdown,public_ckpt100,100,seed2,public_lineage_fork,105,cd/490339,1024,717,28,279,0.90301385,0.56107405,0.53648367,45+,0.70257123,2,5,0.887695
D,philschmid-qwen2.5-3b-r1-countdown,public_ckpt100,100,seed2,public_lineage_fork,105,cd/490338,1024,894,22,108,0.89458135,0.43020269,0.6169265,92-,0.75445434,2,8,0.317383
D,philschmid-qwen2.5-3b-r1-countdown,public_ckpt100,100,seed2,public_lineage_fork,105,cd/490337,1024,938,18,68,0.70574619,0.43850476,0.65178097,79-,0.78947368,2,5,0.782227
D,philschmid-qwen2.5-3b-r1-countdown,public_ckpt100,100,seed2,public_lineage_fork,105,cd/490335,1024,852,11,161,1.28450026,0.66010255,0.18351841,65+,0.49736996,2,7,0.446289
D,philschmid-qwen2.5-3b-r1-countdown,public_ckpt100,100,seed2,public_lineage_fork,105,cd/490334,1024,730,41,253,0.74923521,0.46552601,0.42457338,46+,0.69556314,2,5,0.90332
D,philschmid-qwen2.5-3b-r1-countdown,public_ckpt100,100,seed2,public_lineage_fork,105,cd/490333,1024,153,19,852,0.7114321,0.6475734,0.45307443,55-,0.70873786,2,3,0.003906
D,philschmid-qwen2.5-3b-r1-countdown,public_ckpt100,100,seed2,public_lineage_fork,105,cd/490331,1024,924,19,81,1.37936134,0.66333259,0.2112069,63-,0.48653017,3,8,0.363281
D,philschmid-qwen2.5-3b-r1-countdown,public_ckpt100,100,seed2,public_lineage_fork,105,cd/490330,1024,74,4,946,1.0145146,0.92345099,0.1986755,85-,0.50993377,3,3,0.005859
D,philschmid-qwen2.5-3b-r1-countdown,public_ckpt100,100,seed2,public_lineage_fork,105,cd/490327,1024,923,24,77,1.19928632,0.57673481,0.20927724,95-,0.53020496,2,8,0.279297
D,philschmid-qwen2.5-3b-r1-countdown,public_ckpt100,100,seed2,public_lineage_fork,105,cd/490325,1024,800,9,215,0.53123459,0.27300057,0.7977598,90-,0.87429994,1,7,0.063477
D,philschmid-qwen2.5-3b-r1-countdown,public_ckpt100,100,seed2,public_lineage_fork,105,cd/490324,1024,833,36,155,0.64128156,0.39845064,0.74446439,99-,0.83123878,1,5,0.828125
D,philschmid-qwen2.5-3b-r1-countdown,public_ckpt100,100,seed2,public_lineage_fork,105,cd/490322,1024,875,50,99,0.83784059,0.52057963,0.11509972,55-,0.54188034,2,5,0.759766
D,philschmid-qwen2.5-3b-r1-countdown,public_ckpt100,100,seed2,public_lineage_fork,105,cd/490321,1024,566,2,456,0.42991523,0.39132571,0.75242291,64-,0.86960352,2,3,0.0
D,philschmid-qwen2.5-3b-r1-countdown,public_ckpt100,100,seed2,public_lineage_fork,105,cd/490320,1024,273,47,704,0.47238817,0.68151207,0.63868613,36*,0.81934307,2,2,0.087891
D,philschmid-qwen2.5-3b-r1-countdown,public_ckpt100,100,seed2,public_lineage_fork,105,cd/490317,1024,890,25,109,0.7776917,0.48320702,0.64089636,47-,0.76918768,2,5,0.683594
D,philschmid-qwen2.5-3b-r1-countdown,public_ckpt100,100,seed2,public_lineage_fork,105,cd/490316,1024,863,12,149,0.90738687,0.56379116,0.03581745,26-,0.49162334,2,5,0.720703
D,philschmid-qwen2.5-3b-r1-countdown,public_ckpt100,100,seed2,public_lineage_fork,105,cd/490315,1024,939,18,67,0.58372905,0.36269125,0.7488051,87-,0.84705258,1,5,0.81543
D,philschmid-qwen2.5-3b-r1-countdown,public_ckpt100,100,seed2,public_lineage_fork,105,cd/490313,1024,947,27,50,0.71672046,0.44532346,0.60768826,98-,0.77251185,2,5,0.845703
D,philschmid-qwen2.5-3b-r1-countdown,public_ckpt100,100,seed2,public_lineage_fork,105,cd/490312,1024,820,17,187,0.28340928,0.25797024,0.84966525,90-,0.92331102,1,3,0.857422
D,philschmid-qwen2.5-3b-r1-countdown,public_ckpt100,100,seed2,public_lineage_fork,105,cd/490309,1024,930,15,79,0.93689166,0.37703294,0.60470085,96-,0.74198718,2,12,0.005859
D,philschmid-qwen2.5-3b-r1-countdown,public_ckpt100,100,seed2,public_lineage_fork,105,cd/490308,1024,81,12,931,0.59906589,0.86426939,0.42682927,11*,0.71341463,2,2,0.214844
D,philschmid-qwen2.5-3b-r1-countdown,public_ckpt100,100,seed2,public_lineage_fork,105,cd/490307,1024,878,25,121,0.88233286,0.42431241,0.63605442,72-,0.74886621,2,8,0.354492
D,philschmid-qwen2.5-3b-r1-countdown,public_ckpt100,100,seed2,public_lineage_fork,105,cd/490306,1024,63,4,957,0.32850264,0.47392912,0.796875,50-,0.8984375,2,2,0.0
D,philschmid-qwen2.5-3b-r1-countdown,public_ckpt100,100,seed2,public_lineage_fork,105,cd/490305,1024,77,37,910,0.5159879,0.74441318,0.57692308,15*,0.78846154,2,2,0.19043
D,philschmid-qwen2.5-3b-r1-countdown,public_ckpt100,100,seed2,public_lineage_fork,105,cd/490304,1024,251,43,730,0.49486591,0.45044636,0.77623762,76-,0.86138614,1,3,0.000977
D,philschmid-qwen2.5-3b-r1-countdown,public_ckpt100,100,seed2,public_lineage_fork,105,cd/490303,1024,816,7,201,1.57846395,0.7590807,0.15731707,68+,0.36768293,4,8,0.305664
D,philschmid-qwen2.5-3b-r1-countdown,public_ckpt100,100,seed2,public_lineage_fork,105,cd/490297,1024,697,38,289,0.67214766,0.61181517,0.37508948,22+,0.68217609,2,3,0.772461
D,philschmid-qwen2.5-3b-r1-countdown,public_ckpt100,100,seed2,public_lineage_fork,105,cd/490296,1024,898,13,113,0.96040717,0.46185822,0.49223947,99-,0.69124169,2,8,0.432617
D,philschmid-qwen2.5-3b-r1-countdown,public_ckpt100,100,seed2,public_lineage_fork,105,cd/490292,1024,703,18,303,1.3706587,0.59526951,0.05932203,44+,0.38064972,3,10,0.071289
D,philschmid-qwen2.5-3b-r1-countdown,public_ckpt100,100,seed2,public_lineage_fork,105,cd/490290,1024,708,38,278,0.95133222,0.59109594,0.10274455,40-,0.51724138,2,5,0.720703
D,philschmid-qwen2.5-3b-r1-countdown,public_ckpt100,100,seed2,public_lineage_fork,105,cd/490288,1024,395,2,627,0.43147314,0.24080975,0.84422111,24*,0.90326633,1,6,0.003906
D,philschmid-qwen2.5-3b-r1-countdown,public_ckpt100,100,seed2,public_lineage_fork,105,cd/490287,1024,938,16,70,0.86858261,0.53968072,0.62519936,97-,0.74694312,2,5,0.496094
D,philschmid-qwen2.5-3b-r1-countdown,public_ckpt100,100,seed2,public_lineage_fork,105,cd/490283,1024,876,37,111,0.31414656,0.19519023,0.91405805,91-,0.93739328,1,5,0.545898
D,philschmid-qwen2.5-3b-r1-countdown,public_ckpt100,100,seed2,public_lineage_fork,105,cd/490282,1024,920,26,78,0.82813532,0.51454941,0.32411924,78-,0.63902439,2,5,0.886719
D,philschmid-qwen2.5-3b-r1-countdown,public_ckpt100,100,seed2,public_lineage_fork,105,cd/490281,1024,665,21,338,0.66097905,0.41068938,0.60224719,27-,0.77677903,2,5,0.854492
D,philschmid-qwen2.5-3b-r1-countdown,public_ckpt100,100,seed2,public_lineage_fork,105,cd/490280,1024,961,22,41,0.71044694,0.44142551,0.60508563,45-,0.77581733,2,5,0.745117
D,philschmid-qwen2.5-3b-r1-countdown,public_ckpt100,100,seed2,public_lineage_fork,105,cd/490279,1024,897,51,76,0.86658052,0.53843675,0.55919956,50-,0.71206226,3,5,0.660156
D,philschmid-qwen2.5-3b-r1-countdown,public_ckpt100,100,seed2,public_lineage_fork,105,cd/490276,1024,941,31,52,0.59574033,0.37015428,0.67514573,83-,0.81981982,2,5,0.884766
D,philschmid-qwen2.5-3b-r1-countdown,public_ckpt100,100,seed2,public_lineage_fork,105,cd/490275,1024,231,14,779,0.24530904,0.35390613,0.86637931,59-,0.93318966,1,2,0.018555
D,philschmid-qwen2.5-3b-r1-countdown,public_ckpt100,100,seed2,public_lineage_fork,105,cd/490274,1024,764,22,238,0.36964957,0.2666458,0.86814621,55-,0.91449086,1,4,0.0
D,philschmid-qwen2.5-3b-r1-countdown,public_ckpt100,100,seed2,public_lineage_fork,105,cd/490271,1024,912,20,92,0.79804952,0.49585605,0.51503554,95-,0.71787862,2,5,0.833008
D,philschmid-qwen2.5-3b-r1-countdown,public_ckpt100,100,seed2,public_lineage_fork,105,cd/490270,1024,669,18,337,0.62240372,0.89793876,0.37164179,88-,0.6858209,2,2,0.000977
D,philschmid-qwen2.5-3b-r1-countdown,public_ckpt100,100,seed2,public_lineage_fork,105,cd/490268,1024,577,24,423,0.84476317,0.76893658,0.21953328,11+,0.58167675,2,3,0.546875
D,philschmid-qwen2.5-3b-r1-countdown,public_ckpt100,100,seed2,public_lineage_fork,105,cd/490267,1024,917,20,87,0.65864869,0.40924144,0.60141381,75-,0.77922784,2,5,0.845703
D,philschmid-qwen2.5-3b-r1-countdown,public_ckpt100,100,seed2,public_lineage_fork,105,cd/490266,1024,872,45,107,0.7358377,0.45720167,0.62435678,92-,0.76672384,2,5,0.0
D,philschmid-qwen2.5-3b-r1-countdown,public_ckpt100,100,seed2,public_lineage_fork,105,cd/490264,1024,110,14,900,0.70316991,0.64005284,0.6367713,34-,0.76681614,3,3,0.021484
D,philschmid-qwen2.5-3b-r1-countdown,public_ckpt100,100,seed2,public_lineage_fork,105,cd/490263,1024,942,30,52,1.23668489,0.59471972,0.55708245,32-,0.66331924,2,8,0.333984
D,philschmid-qwen2.5-3b-r1-countdown,public_ckpt100,100,seed2,public_lineage_fork,105,cd/490262,1024,554,17,453,0.70865487,0.64504546,0.38163816,32*,0.67956796,2,3,0.020508
D,philschmid-qwen2.5-3b-r1-countdown,public_ckpt100,100,seed2,public_lineage_fork,105,cd/490261,1024,907,18,99,0.75594945,0.4696978,0.72017592,60-,0.79879054,1,5,0.853516
D,philschmid-qwen2.5-3b-r1-countdown,public_ckpt100,100,seed2,public_lineage_fork,105,cd/490260,1024,651,38,335,0.72643064,0.66122566,0.38927203,67-,0.67969349,2,3,0.731445
D,philschmid-qwen2.5-3b-r1-countdown,public_ckpt100,100,seed2,public_lineage_fork,105,cd/490259,1024,728,28,268,0.21721226,0.19771512,0.92117889,74-,0.95339273,1,3,0.520508
D,philschmid-qwen2.5-3b-r1-countdown,public_ckpt100,100,seed2,public_lineage_fork,105,cd/490258,1024,920,16,88,0.73372284,0.3528461,0.75757576,84-,0.8241342,1,8,0.550781
D,philschmid-qwen2.5-3b-r1-countdown,public_ckpt100,100,seed2,public_lineage_fork,105,cd/490256,1024,923,33,68,0.90351935,0.56138814,0.60615883,79-,0.73311723,2,5,0.835938
D,philschmid-qwen2.5-3b-r1-countdown,public_ckpt100,100,seed2,public_lineage_fork,105,cd/490254,1024,147,12,865,0.82247411,0.7486482,0.1952862,90*,0.57575758,2,3,0.041016
D,philschmid-qwen2.5-3b-r1-countdown,public_ckpt100,100,seed2,public_lineage_fork,105,cd/490249,1024,892,12,120,0.79372488,0.4078939,0.65214964,96-,0.77666108,2,7,0.634766
D,philschmid-qwen2.5-3b-r1-countdown,public_ckpt100,100,seed2,public_lineage_fork,105,cd/490248,1024,736,13,275,0.64450057,0.92981778,0.30936228,54-,0.65468114,2,2,0.015625
D,philschmid-qwen2.5-3b-r1-countdown,public_ckpt100,100,seed2,public_lineage_fork,105,cd/490246,1024,943,16,65,0.97704306,0.60707099,0.57006875,52-,0.69751454,3,5,0.789062
D,philschmid-qwen2.5-3b-r1-countdown,public_ckpt100,100,seed2,public_lineage_fork,105,cd/490245,1024,950,10,64,0.95635316,0.45990865,0.63836478,93-,0.73113208,1,8,0.532227
D,philschmid-qwen2.5-3b-r1-countdown,public_ckpt100,100,seed2,public_lineage_fork,105,cd/490243,1024,879,11,134,0.73108764,0.45425029,0.69880885,72-,0.79466818,1,5,0.248047
D,philschmid-qwen2.5-3b-r1-countdown,public_ckpt100,100,seed2,public_lineage_fork,105,cd/490241,1024,917,17,90,0.61657777,0.38310131,0.74714519,98-,0.83904296,1,5,0.74707
D,philschmid-qwen2.5-3b-r1-countdown,public_ckpt100,100,seed2,public_lineage_fork,105,cd/490240,1024,906,12,106,0.41854246,0.26005505,0.8398459,85-,0.90203632,1,5,0.271484
D,philschmid-qwen2.5-3b-r1-countdown,public_ckpt100,100,seed2,public_lineage_fork,105,cd/490239,1024,332,10,682,0.18983423,0.17279456,0.93553223,27-,0.96101949,1,3,0.0
D,philschmid-qwen2.5-3b-r1-countdown,public_ckpt100,100,seed2,public_lineage_fork,105,cd/490237,1024,696,20,308,0.06586094,0.09501725,0.97560976,96-,0.98780488,1,2,0.023438
D,philschmid-qwen2.5-3b-r1-countdown,public_ckpt100,100,seed2,public_lineage_fork,105,cd/490236,1024,892,32,100,0.96280291,0.46301033,0.45424107,97-,0.68024554,2,8,0.629883
D,philschmid-qwen2.5-3b-r1-countdown,public_ckpt100,100,seed2,public_lineage_fork,105,cd/490235,1024,921,26,77,0.85330211,0.43851054,0.68902109,90-,0.77717685,1,7,0.202148
D,philschmid-qwen2.5-3b-r1-countdown,public_ckpt100,100,seed2,public_lineage_fork,105,cd/490234,1024,912,19,93,0.72687567,0.45163325,0.49972663,83-,0.72772007,2,5,0.864258
D,philschmid-qwen2.5-3b-r1-countdown,public_ckpt100,100,seed2,public_lineage_fork,105,cd/490233,1024,862,42,120,0.61177976,0.38012013,0.73221515,92-,0.83689994,2,5,0.661133
D,philschmid-qwen2.5-3b-r1-countdown,public_ckpt100,100,seed2,public_lineage_fork,105,cd/490232,1024,703,27,294,0.0210795,0.01918739,0.99503194,88-,0.99716111,1,3,0.0
D,philschmid-qwen2.5-3b-r1-countdown,public_ckpt100,100,seed2,public_lineage_fork,105,cd/490231,1024,927,20,77,0.80861173,0.38886005,0.65306122,66-,0.77282492,2,8,0.455078
D,philschmid-qwen2.5-3b-r1-countdown,public_ckpt100,100,seed2,public_lineage_fork,105,cd/490229,1024,829,10,185,1.18848419,0.57154008,0.39495798,87-,0.59363745,3,8,0.388672
D,philschmid-qwen2.5-3b-r1-countdown,public_ckpt100,100,seed2,public_lineage_fork,105,cd/490228,1024,871,46,107,0.77712145,0.48285271,0.09845449,56+,0.5409273,2,5,0.750977
D,philschmid-qwen2.5-3b-r1-countdown,public_ckpt100,100,seed2,public_lineage_fork,105,cd/490227,1024,938,41,45,1.22355406,0.76023688,0.01807549,35+,0.34502924,3,5,0.791016
D,philschmid-qwen2.5-3b-r1-countdown,public_ckpt100,100,seed2,public_lineage_fork,105,cd/490225,1024,911,33,80,0.61212844,0.38033678,0.69512863,91-,0.8226601,2,5,0.868164
D,philschmid-qwen2.5-3b-r1-countdown,public_ckpt100,100,seed2,public_lineage_fork,105,cd/490221,1024,861,34,129,0.65133735,0.40469865,0.73422119,79-,0.82165605,1,5,0.837891
D,philschmid-qwen2.5-3b-r1-countdown,public_ckpt100,100,seed2,public_lineage_fork,105,cd/490219,1024,735,23,266,1.02593488,0.63744918,0.14372881,94-,0.52271186,2,5,0.628906
D,philschmid-qwen2.5-3b-r1-countdown,public_ckpt100,100,seed2,public_lineage_fork,105,cd/490217,1024,852,8,164,0.48394179,0.4405028,0.69127124,74-,0.83948448,2,3,0.0
D,philschmid-qwen2.5-3b-r1-countdown,public_ckpt100,100,seed2,public_lineage_fork,105,cd/490215,1024,927,24,73,0.70985996,0.44106079,0.66917698,61-,0.79343733,2,5,0.803711
D,philschmid-qwen2.5-3b-r1-countdown,public_ckpt100,100,seed2,public_lineage_fork,105,cd/490214,1024,866,37,121,0.06464888,0.05884595,0.9832853,73-,0.98962536,1,3,0.921875
D,philschmid-qwen2.5-3b-r1-countdown,public_ckpt100,100,seed2,public_lineage_fork,105,cd/490213,1024,888,23,113,1.45676032,0.74862672,0.01121705,34-,0.3707235,3,7,0.240234
D,philschmid-qwen2.5-3b-r1-countdown,public_ckpt100,100,seed2,public_lineage_fork,105,cd/490212,1024,953,31,40,1.16697338,0.72508133,0.05023548,49+,0.41182627,3,5,0.898438
D,philschmid-qwen2.5-3b-r1-countdown,public_ckpt100,100,seed2,public_lineage_fork,105,cd/490211,1024,903,37,84,0.59200754,0.36783497,0.70127002,79-,0.82882385,2,5,0.867188
D,philschmid-qwen2.5-3b-r1-countdown,public_ckpt100,100,seed2,public_lineage_fork,105,cd/490208,1024,811,17,196,0.68524028,0.42576372,0.53595575,94-,0.75169023,2,5,0.837891
D,philschmid-qwen2.5-3b-r1-countdown,public_ckpt100,100,seed2,public_lineage_fork,105,cd/490207,1024,705,38,281,1.07126754,0.66561594,0.43250883,80-,0.61696113,3,5,0.80957
D,philschmid-qwen2.5-3b-r1-countdown,public_ckpt100,100,seed2,public_lineage_fork,105,cd/490206,1024,915,19,90,0.75132884,0.46682686,0.68991826,68-,0.78964578,1,5,0.496094
D,philschmid-qwen2.5-3b-r1-countdown,public_ckpt100,100,seed2,public_lineage_fork,105,cd/490205,1024,695,34,295,0.85740244,0.53273409,0.17204301,72-,0.56415771,2,5,0.763672
D,philschmid-qwen2.5-3b-r1-countdown,public_ckpt100,100,seed2,public_lineage_fork,105,cd/490204,1024,889,17,118,1.08543444,0.52198363,0.35050392,90-,0.61086226,2,8,0.108398
D,philschmid-qwen2.5-3b-r1-countdown,public_ckpt100,100,seed2,public_lineage_fork,105,cd/490203,1024,664,31,329,0.6728916,0.61249233,0.28850488,38+,0.64237415,2,3,0.633789
D,philschmid-qwen2.5-3b-r1-countdown,public_ckpt100,100,seed2,public_lineage_fork,105,cd/490202,1024,725,12,287,0.08137503,0.11739935,0.96831956,97-,0.98415978,1,2,0.00293
D,philschmid-qwen2.5-3b-r1-countdown,public_ckpt100,100,seed2,public_lineage_fork,105,cd/490201,1024,919,36,69,0.78042614,0.48490603,0.3223006,82-,0.64514379,2,5,0.914062
D,philschmid-qwen2.5-3b-r1-countdown,public_ckpt100,100,seed2,public_lineage_fork,105,cd/490199,1024,580,26,418,1.13425237,0.70475062,0.27124464,57-,0.53991416,3,5,0.920898
D,philschmid-qwen2.5-3b-r1-countdown,public_ckpt100,100,seed2,public_lineage_fork,110,cd/490363,1024,968,10,46,0.94413637,0.45403362,0.58333333,83-,0.7186214,2,8,0.453125
D,philschmid-qwen2.5-3b-r1-countdown,public_ckpt100,100,seed2,public_lineage_fork,110,cd/490361,1024,781,24,219,0.02781512,0.02531841,0.9942492,98-,0.99616613,1,3,0.424805
D,philschmid-qwen2.5-3b-r1-countdown,public_ckpt100,100,seed2,public_lineage_fork,110,cd/490360,1024,366,10,648,0.65137402,0.33474003,0.77943166,73-,0.84573748,1,7,0.12793
D,philschmid-qwen2.5-3b-r1-countdown,public_ckpt100,100,seed2,public_lineage_fork,110,cd/490357,1024,963,8,53,0.61563462,0.3825153,0.631797,89-,0.80010357,2,5,0.84082
D,philschmid-qwen2.5-3b-r1-countdown,public_ckpt100,100,seed2,public_lineage_fork,110,cd/490356,1024,820,7,197,0.39450144,0.22017544,0.85419198,79-,0.91069259,1,6,0.001953
D,philschmid-qwen2.5-3b-r1-countdown,public_ckpt100,100,seed2,public_lineage_fork,110,cd/490354,1024,995,10,19,1.27030241,0.55168533,0.081,72-,0.4245,3,10,0.560547
D,philschmid-qwen2.5-3b-r1-countdown,public_ckpt100,100,seed2,public_lineage_fork,110,cd/490353,1024,650,24,350,0.23063695,0.14330279,0.9302682,62-,0.95555556,1,5,0.915039
D,philschmid-qwen2.5-3b-r1-countdown,public_ckpt100,100,seed2,public_lineage_fork,110,cd/490352,1024,166,14,844,0.33640246,0.2090186,0.89020772,57-,0.92878338,1,5,0.0
D,philschmid-qwen2.5-3b-r1-countdown,public_ckpt100,100,seed2,public_lineage_fork,110,cd/490351,1024,366,21,637,0.79277844,0.40740752,0.40324763,77+,0.68064953,2,7,0.52832
D,philschmid-qwen2.5-3b-r1-countdown,public_ckpt100,100,seed2,public_lineage_fork,110,cd/490348,1024,924,27,73,0.42665411,0.26509511,0.85267134,52-,0.90070157,1,5,0.235352
D,philschmid-qwen2.5-3b-r1-countdown,public_ckpt100,100,seed2,public_lineage_fork,110,cd/490347,1024,970,6,48,1.11317339,0.53532324,0.47535934,59-,0.64835729,2,8,0.232422
D,philschmid-qwen2.5-3b-r1-countdown,public_ckpt100,100,seed2,public_lineage_fork,110,cd/490344,1024,828,31,165,0.60587505,0.55149124,0.42194093,88-,0.71066908,2,3,0.702148
D,philschmid-qwen2.5-3b-r1-countdown,public_ckpt100,100,seed2,public_lineage_fork,110,cd/490343,1024,883,10,131,0.67124948,0.344954,0.73998872,94-,0.8285392,1,7,0.033203
D,philschmid-qwen2.5-3b-r1-countdown,public_ckpt100,100,seed2,public_lineage_fork,110,cd/490342,1024,660,8,356,1.41585897,0.72760758,0.2426526,55+,0.4302939,4,7,0.205078
D,philschmid-qwen2.5-3b-r1-countdown,public_ckpt100,100,seed2,public_lineage_fork,110,cd/490341,1024,959,25,40,1.12319999,0.51119035,0.20550078,44-,0.5194603,3,9,0.30957
D,philschmid-qwen2.5-3b-r1-countdown,public_ckpt100,100,seed2,public_lineage_fork,110,cd/490340,1024,658,14,352,0.44413635,0.32037666,0.76818182,96-,0.87348485,2,4,0.104492
D,philschmid-qwen2.5-3b-r1-countdown,public_ckpt100,100,seed2,public_lineage_fork,110,cd/490339,1024,609,35,380,0.58735242,0.36494258,0.74243663,45+,0.84137367,1,5,0.913086
D,philschmid-qwen2.5-3b-r1-countdown,public_ckpt100,100,seed2,public_lineage_fork,110,cd/490338,1024,940,23,61,0.68121954,0.32759735,0.63241525,92-,0.79502119,2,8,0.426758
D,philschmid-qwen2.5-3b-r1-countdown,public_ckpt100,100,seed2,public_lineage_fork,110,cd/490337,1024,976,8,40,0.46540782,0.28917414,0.75114972,79-,0.86612161,2,5,0.853516
D,philschmid-qwen2.5-3b-r1-countdown,public_ckpt100,100,seed2,public_lineage_fork,110,cd/490335,1024,862,26,136,1.0603124,0.54489278,0.28769497,65+,0.58983247,2,7,0.552734
D,philschmid-qwen2.5-3b-r1-countdown,public_ckpt100,100,seed2,public_lineage_fork,110,cd/490334,1024,703,39,282,0.58093772,0.3609569,0.65343728,46+,0.81289865,2,5,0.901367
D,philschmid-qwen2.5-3b-r1-countdown,public_ckpt100,100,seed2,public_lineage_fork,110,cd/490333,1024,124,19,881,0.87772942,0.79894375,0.02390438,55-,0.48207171,2,3,0.004883
D,philschmid-qwen2.5-3b-r1-countdown,public_ckpt100,100,seed2,public_lineage_fork,110,cd/490331,1024,973,7,44,1.44392487,0.69438108,0.1678608,63-,0.42732856,3,8,0.266602
D,philschmid-qwen2.5-3b-r1-countdown,public_ckpt100,100,seed2,public_lineage_fork,110,cd/490330,1024,100,7,917,0.77862918,0.70873883,0.57142857,90*,0.72413793,3,3,0.007812
D,philschmid-qwen2.5-3b-r1-countdown,public_ckpt100,100,seed2,public_lineage_fork,110,cd/490327,1024,963,9,52,1.05540387,0.50754197,0.20785936,95-,0.54653568,2,8,0.328125
D,philschmid-qwen2.5-3b-r1-countdown,public_ckpt100,100,seed2,public_lineage_fork,110,cd/490325,1024,799,11,214,0.26578264,0.13658526,0.91838006,90-,0.94890966,1,7,0.09375
D,philschmid-qwen2.5-3b-r1-countdown,public_ckpt100,100,seed2,public_lineage_fork,110,cd/490324,1024,841,31,152,0.38836973,0.24130768,0.83106106,99-,0.90397155,1,5,0.931641
D,philschmid-qwen2.5-3b-r1-countdown,public_ckpt100,100,seed2,public_lineage_fork,110,cd/490322,1024,921,35,68,0.77721509,0.48291089,0.20140769,55+,0.5906876,2,5,0.912109
D,philschmid-qwen2.5-3b-r1-countdown,public_ckpt100,100,seed2,public_lineage_fork,110,cd/490321,1024,494,8,522,0.48937212,0.4454457,0.68012109,64-,0.8345106,2,3,0.0
D,philschmid-qwen2.5-3b-r1-countdown,public_ckpt100,100,seed2,public_lineage_fork,110,cd/490320,1024,314,47,663,0.31090403,0.4485397,0.81269841,36*,0.90634921,1,2,0.132812
D,philschmid-qwen2.5-3b-r1-countdown,public_ckpt100,100,seed2,public_lineage_fork,110,cd/490317,1024,891,13,120,0.69905469,0.4343471,0.6155568,47-,0.77280358,2,5,0.771484
D,philschmid-qwen2.5-3b-r1-countdown,public_ckpt100,100,seed2,public_lineage_fork,110,cd/490316,1024,885,27,112,0.74795688,0.46473174,0.23098592,13+,0.60788732,2,5,0.817383
D,philschmid-qwen2.5-3b-r1-countdown,public_ckpt100,100,seed2,public_lineage_fork,110,cd/490315,1024,973,9,42,0.36564344,0.22718704,0.84059457,87-,0.91081497,1,5,0.824219
D,philschmid-qwen2.5-3b-r1-countdown,public_ckpt100,100,seed2,public_lineage_fork,110,cd/490313,1024,985,15,24,0.53086548,0.32984527,0.6643038,98-,0.82379747,2,5,0.888672
D,philschmid-qwen2.5-3b-r1-countdown,public_ckpt100,100,seed2,public_lineage_fork,110,cd/490312,1024,805,9,210,0.49625286,0.45170882,0.62244265,90-,0.81029138,2,3,0.839844
D,philschmid-qwen2.5-3b-r1-countdown,public_ckpt100,100,seed2,public_lineage_fork,110,cd/490309,1024,952,21,51,0.96246604,0.38732483,0.61377871,96-,0.73329854,2,12,0.023438
D,philschmid-qwen2.5-3b-r1-countdown,public_ckpt100,100,seed2,public_lineage_fork,110,cd/490308,1024,17,15,992,0.61549828,0.88797632,0.38888889,11*,0.69444444,2,2,0.419922
D,philschmid-qwen2.5-3b-r1-countdown,public_ckpt100,100,seed2,public_lineage_fork,110,cd/490307,1024,945,16,63,0.57470926,0.27637673,0.75553214,72-,0.85089568,1,8,0.396484
D,philschmid-qwen2.5-3b-r1-countdown,public_ckpt100,100,seed2,public_lineage_fork,110,cd/490306,1024,26,2,996,0.45056121,0.65002242,0.66666667,50-,0.83333333,2,2,0.0
D,philschmid-qwen2.5-3b-r1-countdown,public_ckpt100,100,seed2,public_lineage_fork,110,cd/490305,1024,31,56,937,0.65305774,0.94216317,0.28125,15*,0.640625,2,2,0.325195
D,philschmid-qwen2.5-3b-r1-countdown,public_ckpt100,100,seed2,public_lineage_fork,110,cd/490304,1024,159,27,838,0.37441296,0.34080537,0.85358255,76-,0.90654206,1,3,0.0
D,philschmid-qwen2.5-3b-r1-countdown,public_ckpt100,100,seed2,public_lineage_fork,110,cd/490303,1024,790,13,221,1.43772268,0.69139846,0.07808564,68+,0.3872796,4,8,0.387695
D,philschmid-qwen2.5-3b-r1-countdown,public_ckpt100,100,seed2,public_lineage_fork,110,cd/490297,1024,701,49,274,0.622054,0.56621795,0.46120996,22+,0.72669039,2,3,0.882812
D,philschmid-qwen2.5-3b-r1-countdown,public_ckpt100,100,seed2,public_lineage_fork,110,cd/490296,1024,936,13,75,0.84669879,0.40717605,0.60638298,99-,0.74414894,2,8,0.578125
D,philschmid-qwen2.5-3b-r1-countdown,public_ckpt100,100,seed2,public_lineage_fork,110,cd/490292,1024,793,26,205,1.3393057,0.58165307,0.09774436,16+,0.37907268,3,10,0.111328
D,philschmid-qwen2.5-3b-r1-countdown,public_ckpt100,100,seed2,public_lineage_fork,110,cd/490290,1024,614,27,383,0.81311334,0.50521572,0.06326034,40+,0.51824818,2,5,0.802734
D,philschmid-qwen2.5-3b-r1-countdown,public_ckpt100,100,seed2,public_lineage_fork,110,cd/490288,1024,533,2,489,0.16180915,0.0903074,0.9608209,24*,0.97294776,1,6,0.000977
D,philschmid-qwen2.5-3b-r1-countdown,public_ckpt100,100,seed2,public_lineage_fork,110,cd/490287,1024,953,14,57,0.68803926,0.42750283,0.71690215,97-,0.80743066,1,5,0.620117
D,philschmid-qwen2.5-3b-r1-countdown,public_ckpt100,100,seed2,public_lineage_fork,110,cd/490283,1024,935,8,81,0.12993968,0.08073606,0.96853333,91-,0.97866667,1,5,0.729492
D,philschmid-qwen2.5-3b-r1-countdown,public_ckpt100,100,seed2,public_lineage_fork,110,cd/490282,1024,958,24,42,0.75745142,0.47063103,0.16553878,78-,0.57522124,2,5,0.923828
D,philschmid-qwen2.5-3b-r1-countdown,public_ckpt100,100,seed2,public_lineage_fork,110,cd/490281,1024,620,13,391,0.50384797,0.31305835,0.66987952,27-,0.82971888,2,5,0.879883
D,philschmid-qwen2.5-3b-r1-countdown,public_ckpt100,100,seed2,public_lineage_fork,110,cd/490280,1024,978,17,29,0.60578456,0.37639511,0.63233044,45-,0.80010199,2,5,0.799805
D,philschmid-qwen2.5-3b-r1-countdown,public_ckpt100,100,seed2,public_lineage_fork,110,cd/490279,1024,962,22,40,0.78604825,0.48839924,0.5163297,50-,0.7190254,2,5,0.788086
D,philschmid-qwen2.5-3b-r1-countdown,public_ckpt100,100,seed2,public_lineage_fork,110,cd/490276,1024,971,22,31,0.51965323,0.3228787,0.63585003,83-,0.81407293,2,5,0.851562
D,philschmid-qwen2.5-3b-r1-countdown,public_ckpt100,100,seed2,public_lineage_fork,110,cd/490275,1024,164,10,850,0.22024436,0.31774545,0.88484848,59-,0.94242424,1,2,0.030273
D,philschmid-qwen2.5-3b-r1-countdown,public_ckpt100,100,seed2,public_lineage_fork,110,cd/490274,1024,676,10,338,0.12379033,0.08929584,0.96902655,55-,0.97861357,1,4,0.000977
D,philschmid-qwen2.5-3b-r1-countdown,public_ckpt100,100,seed2,public_lineage_fork,110,cd/490271,1024,890,13,121,0.76639237,0.47618635,0.38767507,95-,0.67507003,2,5,0.912109
D,philschmid-qwen2.5-3b-r1-countdown,public_ckpt100,100,seed2,public_lineage_fork,110,cd/490270,1024,685,17,322,0.52240667,0.75367352,0.56705539,88-,0.7835277,2,2,0.001953
D,philschmid-qwen2.5-3b-r1-countdown,public_ckpt100,100,seed2,public_lineage_fork,110,cd/490268,1024,587,20,417,0.76849553,0.69951478,0.05947324,11+,0.52081563,2,3,0.553711
D,philschmid-qwen2.5-3b-r1-countdown,public_ckpt100,100,seed2,public_lineage_fork,110,cd/490267,1024,953,15,56,0.48503687,0.30137035,0.69492412,75-,0.84196756,2,5,0.945312
D,philschmid-qwen2.5-3b-r1-countdown,public_ckpt100,100,seed2,public_lineage_fork,110,cd/490266,1024,893,23,108,0.7542435,0.46863784,0.62088219,92-,0.75656058,2,5,0.0
D,philschmid-qwen2.5-3b-r1-countdown,public_ckpt100,100,seed2,public_lineage_fork,110,cd/490264,1024,60,24,940,0.59341691,0.54015135,0.6504065,34-,0.80487805,2,3,0.008789
D,philschmid-qwen2.5-3b-r1-countdown,public_ckpt100,100,seed2,public_lineage_fork,110,cd/490263,1024,963,16,45,0.98193421,0.47221054,0.65977249,32-,0.74405377,1,8,0.43457
D,philschmid-qwen2.5-3b-r1-countdown,public_ckpt100,100,seed2,public_lineage_fork,110,cd/490262,1024,539,19,466,0.7924811,0.72134738,0.01850139,5*,0.49676226,2,3,0.045898
D,philschmid-qwen2.5-3b-r1-countdown,public_ckpt100,100,seed2,public_lineage_fork,110,cd/490261,1024,929,18,77,0.72042651,0.44762616,0.63123994,60-,0.78099839,2,5,0.879883
D,philschmid-qwen2.5-3b-r1-countdown,public_ckpt100,100,seed2,public_lineage_fork,110,cd/490260,1024,741,15,268,0.66096423,0.60163557,0.40808081,67-,0.6983165,2,3,0.614258
D,philschmid-qwen2.5-3b-r1-countdown,public_ckpt100,100,seed2,public_lineage_fork,110,cd/490259,1024,750,11,263,0.12985488,0.118199,0.94876913,74-,0.97338656,1,3,0.368164
D,philschmid-qwen2.5-3b-r1-countdown,public_ckpt100,100,seed2,public_lineage_fork,110,cd/490258,1024,957,6,61,0.5601222,0.26936184,0.78772112,84-,0.8673257,1,8,0.640625
D,philschmid-qwen2.5-3b-r1-countdown,public_ckpt100,100,seed2,public_lineage_fork,110,cd/490256,1024,945,22,57,0.81593235,0.50696728,0.53087071,79-,0.72242744,2,5,0.868164
D,philschmid-qwen2.5-3b-r1-countdown,public_ckpt100,100,seed2,public_lineage_fork,110,cd/490254,1024,161,20,843,0.52146194,0.47465512,0.65846154,90*,0.82153846,2,3,0.115234
D,philschmid-qwen2.5-3b-r1-countdown,public_ckpt100,100,seed2,public_lineage_fork,110,cd/490249,1024,866,16,142,0.78627601,0.40406594,0.60609546,96-,0.75848189,2,7,0.723633
D,philschmid-qwen2.5-3b-r1-countdown,public_ckpt100,100,seed2,public_lineage_fork,110,cd/490248,1024,645,11,368,0.5156744,0.74396089,0.57739938,54-,0.78869969,2,2,0.00293
D,philschmid-qwen2.5-3b-r1-countdown,public_ckpt100,100,seed2,public_lineage_fork,110,cd/490246,1024,922,11,91,0.91249187,0.56696307,0.50081125,52-,0.6776636,3,5,0.896484
D,philschmid-qwen2.5-3b-r1-countdown,public_ckpt100,100,seed2,public_lineage_fork,110,cd/490245,1024,951,10,63,0.92420495,0.44444863,0.57696335,93-,0.71989529,2,8,0.59375
D,philschmid-qwen2.5-3b-r1-countdown,public_ckpt100,100,seed2,public_lineage_fork,110,cd/490243,1024,904,9,111,0.61380455,0.38137821,0.7027027,72-,0.82460011,2,5,0.364258
D,philschmid-qwen2.5-3b-r1-countdown,public_ckpt100,100,seed2,public_lineage_fork,110,cd/490241,1024,942,20,62,0.46811733,0.29085765,0.74113287,98-,0.86236104,2,5,0.867188
D,philschmid-qwen2.5-3b-r1-countdown,public_ckpt100,100,seed2,public_lineage_fork,110,cd/490240,1024,934,6,84,0.10374284,0.06445905,0.96743193,85-,0.9818473,1,5,0.365234
D,philschmid-qwen2.5-3b-r1-countdown,public_ckpt100,100,seed2,public_lineage_fork,110,cd/490239,1024,225,26,773,0.11318478,0.10302522,0.9580574,27-,0.97792494,1,3,0.0
D,philschmid-qwen2.5-3b-r1-countdown,public_ckpt100,100,seed2,public_lineage_fork,110,cd/490237,1024,773,9,242,0.04850276,0.06997469,0.98320413,96-,0.99160207,1,2,0.006836
D,philschmid-qwen2.5-3b-r1-countdown,public_ckpt100,100,seed2,public_lineage_fork,110,cd/490236,1024,923,17,84,0.91623615,0.44061645,0.50593312,97-,0.70280475,2,8,0.648438
D,philschmid-qwen2.5-3b-r1-countdown,public_ckpt100,100,seed2,public_lineage_fork,110,cd/490235,1024,942,22,60,0.8291957,0.42612229,0.62718139,90-,0.74828133,3,7,0.354492
D,philschmid-qwen2.5-3b-r1-countdown,public_ckpt100,100,seed2,public_lineage_fork,110,cd/490234,1024,932,17,75,0.61627409,0.38291262,0.51578384,83-,0.7517389,2,5,0.947266
D,philschmid-qwen2.5-3b-r1-countdown,public_ckpt100,100,seed2,public_lineage_fork,110,cd/490233,1024,943,24,57,0.45657159,0.28368388,0.76890534,92-,0.87414067,2,5,0.87793
D,philschmid-qwen2.5-3b-r1-countdown,public_ckpt100,100,seed2,public_lineage_fork,110,cd/490232,1024,802,12,210,0.01043124,0.00949492,0.99813317,88-,0.99875544,1,3,0.0
D,philschmid-qwen2.5-3b-r1-countdown,public_ckpt100,100,seed2,public_lineage_fork,110,cd/490231,1024,906,18,100,0.74340508,0.35750227,0.52747253,66-,0.74230769,2,8,0.546875
D,philschmid-qwen2.5-3b-r1-countdown,public_ckpt100,100,seed2,public_lineage_fork,110,cd/490229,1024,762,17,245,1.05702752,0.50832279,0.26762402,87-,0.56853786,3,8,0.427734
D,philschmid-qwen2.5-3b-r1-countdown,public_ckpt100,100,seed2,public_lineage_fork,110,cd/490228,1024,871,53,100,0.65033104,0.40407339,0.45563824,56+,0.72180882,2,5,0.886719
D,philschmid-qwen2.5-3b-r1-countdown,public_ckpt100,100,seed2,public_lineage_fork,110,cd/490227,1024,969,37,18,1.18145211,0.73407747,0.04220278,35+,0.38960371,3,5,0.866211
D,philschmid-qwen2.5-3b-r1-countdown,public_ckpt100,100,seed2,public_lineage_fork,110,cd/490225,1024,988,13,23,0.43266034,0.26882698,0.76728925,91-,0.87582029,2,5,0.944336
D,philschmid-qwen2.5-3b-r1-countdown,public_ckpt100,100,seed2,public_lineage_fork,110,cd/490221,1024,833,22,169,0.81413569,0.50585094,0.56014363,79-,0.72471574,2,5,0.925781
D,philschmid-qwen2.5-3b-r1-countdown,public_ckpt100,100,seed2,public_lineage_fork,110,cd/490219,1024,696,34,294,0.79423179,0.49348396,0.14745884,94+,0.5619184,2,5,0.780273
D,philschmid-qwen2.5-3b-r1-countdown,public_ckpt100,100,seed2,public_lineage_fork,110,cd/490217,1024,839,13,172,0.54868276,0.49943257,0.57822725,74-,0.78584176,2,3,0.0
D,philschmid-qwen2.5-3b-r1-countdown,public_ckpt100,100,seed2,public_lineage_fork,110,cd/490215,1024,922,24,78,0.87251831,0.54212611,0.50513791,61-,0.68739859,3,5,0.836914
D,philschmid-qwen2.5-3b-r1-countdown,public_ckpt100,100,seed2,public_lineage_fork,110,cd/490214,1024,877,31,116,0.04550183,0.04141755,0.98918611,73-,0.99317018,1,3,0.913086
D,philschmid-qwen2.5-3b-r1-countdown,public_ckpt100,100,seed2,public_lineage_fork,110,cd/490213,1024,926,4,94,1.27160271,0.65347453,0.26035503,34-,0.51048951,3,7,0.322266
D,philschmid-qwen2.5-3b-r1-countdown,public_ckpt100,100,seed2,public_lineage_fork,110,cd/490212,1024,962,36,26,1.08984258,0.67715727,0.16485226,49+,0.47019181,3,5,0.924805
D,philschmid-qwen2.5-3b-r1-countdown,public_ckpt100,100,seed2,public_lineage_fork,110,cd/490211,1024,980,10,34,0.53449552,0.33210074,0.68498728,79-,0.83206107,2,5,0.964844
D,philschmid-qwen2.5-3b-r1-countdown,public_ckpt100,100,seed2,public_lineage_fork,110,cd/490208,1024,777,9,238,0.55438393,0.34445811,0.6324567,94-,0.80885183,2,5,0.93457
D,philschmid-qwen2.5-3b-r1-countdown,public_ckpt100,100,seed2,public_lineage_fork,110,cd/490207,1024,600,38,386,0.99369038,0.61741455,0.26224066,80-,0.56348548,3,5,0.932617
D,philschmid-qwen2.5-3b-r1-countdown,public_ckpt100,100,seed2,public_lineage_fork,110,cd/490206,1024,968,12,44,0.54139801,0.3363895,0.76146316,68-,0.85368367,1,5,0.673828
D,philschmid-qwen2.5-3b-r1-countdown,public_ckpt100,100,seed2,public_lineage_fork,110,cd/490205,1024,645,32,347,0.7776966,0.48321006,0.10965251,72+,0.54594595,2,5,0.881836
D,philschmid-qwen2.5-3b-r1-countdown,public_ckpt100,100,seed2,public_lineage_fork,110,cd/490204,1024,956,10,58,0.9491499,0.45644462,0.46354167,90-,0.68072917,2,8,0.165039
D,philschmid-qwen2.5-3b-r1-countdown,public_ckpt100,100,seed2,public_lineage_fork,110,cd/490203,1024,731,36,257,0.62472503,0.56864923,0.42866894,38+,0.71194539,2,3,0.726562
D,philschmid-qwen2.5-3b-r1-countdown,public_ckpt100,100,seed2,public_lineage_fork,110,cd/490202,1024,803,9,212,0.03460477,0.04992412,0.98880597,97-,0.99440299,1,2,0.004883
D,philschmid-qwen2.5-3b-r1-countdown,public_ckpt100,100,seed2,public_lineage_fork,110,cd/490201,1024,970,22,32,0.73341853,0.45569855,0.18714653,82-,0.58868895,2,5,0.945312
D,philschmid-qwen2.5-3b-r1-countdown,public_ckpt100,100,seed2,public_lineage_fork,110,cd/490199,1024,543,26,455,1.01523681,0.6308021,0.20348304,57-,0.54537122,2,5,0.946289
D,philschmid-qwen2.5-3b-r1-countdown,public_ckpt100,100,seed2,public_lineage_fork,115,cd/490363,1024,991,3,30,0.87117322,0.41894576,0.60502513,83-,0.73919598,2,8,0.34668
D,philschmid-qwen2.5-3b-r1-countdown,public_ckpt100,100,seed2,public_lineage_fork,115,cd/490361,1024,772,5,247,0.03580403,0.03259023,0.99159664,98-,0.9948287,1,3,0.452148
D,philschmid-qwen2.5-3b-r1-countdown,public_ckpt100,100,seed2,public_lineage_fork,115,cd/490360,1024,206,10,808,0.42862456,0.22026945,0.87828162,73-,0.91408115,1,7,0.25293
D,philschmid-qwen2.5-3b-r1-countdown,public_ckpt100,100,seed2,public_lineage_fork,115,cd/490357,1024,983,3,38,0.57583852,0.35778859,0.61796043,89-,0.80010147,2,5,0.90332
D,philschmid-qwen2.5-3b-r1-countdown,public_ckpt100,100,seed2,public_lineage_fork,115,cd/490356,1024,766,3,255,0.17386585,0.09703638,0.95318596,79-,0.96944083,1,6,0.00293
D,philschmid-qwen2.5-3b-r1-countdown,public_ckpt100,100,seed2,public_lineage_fork,115,cd/490354,1024,1014,2,8,1.3255843,0.57569395,0.20706575,72-,0.43424926,4,10,0.526367
D,philschmid-qwen2.5-3b-r1-countdown,public_ckpt100,100,seed2,public_lineage_fork,115,cd/490353,1024,695,12,317,0.10559598,0.06561047,0.9734767,62-,0.9827957,1,5,0.951172
D,philschmid-qwen2.5-3b-r1-countdown,public_ckpt100,100,seed2,public_lineage_fork,115,cd/490352,1024,146,7,871,0.12392437,0.07699854,0.96969697,57-,0.97979798,1,5,0.0
D,philschmid-qwen2.5-3b-r1-countdown,public_ckpt100,100,seed2,public_lineage_fork,115,cd/490351,1024,380,12,632,0.47080745,0.24194717,0.74054759,77+,0.86179922,2,7,0.505859
D,philschmid-qwen2.5-3b-r1-countdown,public_ckpt100,100,seed2,public_lineage_fork,115,cd/490348,1024,939,6,79,0.26886642,0.1670561,0.89856612,52-,0.94158258,1,5,0.34082
D,philschmid-qwen2.5-3b-r1-countdown,public_ckpt100,100,seed2,public_lineage_fork,115,cd/490347,1024,980,4,40,1.13698327,0.54677338,0.50406504,59-,0.64176829,3,8,0.235352
D,philschmid-qwen2.5-3b-r1-countdown,public_ckpt100,100,seed2,public_lineage_fork,115,cd/490344,1024,869,17,138,0.62794648,0.57158152,0.36875359,88-,0.6840896,2,3,0.651367
D,philschmid-qwen2.5-3b-r1-countdown,public_ckpt100,100,seed2,public_lineage_fork,115,cd/490343,1024,863,4,157,0.54855113,0.28189952,0.76860935,94-,0.86035776,1,7,0.041992
D,philschmid-qwen2.5-3b-r1-countdown,public_ckpt100,100,seed2,public_lineage_fork,115,cd/490342,1024,727,7,290,1.20430438,0.61889002,0.11772758,55+,0.46885695,2,7,0.282227
D,philschmid-qwen2.5-3b-r1-countdown,public_ckpt100,100,seed2,public_lineage_fork,115,cd/490341,1024,981,7,36,1.03293148,0.47010738,0.40081177,44-,0.60324708,3,9,0.416992
D,philschmid-qwen2.5-3b-r1-countdown,public_ckpt100,100,seed2,public_lineage_fork,115,cd/490340,1024,631,10,383,0.33844024,0.24413303,0.88151659,96-,0.92338073,1,4,0.052734
D,philschmid-qwen2.5-3b-r1-countdown,public_ckpt100,100,seed2,public_lineage_fork,115,cd/490339,1024,717,18,289,0.35519047,0.22069225,0.88255733,45+,0.92216817,1,5,0.926758
D,philschmid-qwen2.5-3b-r1-countdown,public_ckpt100,100,seed2,public_lineage_fork,115,cd/490338,1024,973,9,42,0.56992363,0.27407533,0.62538383,92-,0.80501535,2,8,0.582031
D,philschmid-qwen2.5-3b-r1-countdown,public_ckpt100,100,seed2,public_lineage_fork,115,cd/490337,1024,995,1,28,0.41252715,0.25631753,0.75689223,79-,0.87468672,2,5,0.879883
D,philschmid-qwen2.5-3b-r1-countdown,public_ckpt100,100,seed2,public_lineage_fork,115,cd/490335,1024,923,18,83,0.75970248,0.39040984,0.52779277,65+,0.73988127,2,7,0.657227
D,philschmid-qwen2.5-3b-r1-countdown,public_ckpt100,100,seed2,public_lineage_fork,115,cd/490334,1024,767,38,219,0.35442683,0.22021777,0.82781027,46+,0.90773229,1,5,0.883789
D,philschmid-qwen2.5-3b-r1-countdown,public_ckpt100,100,seed2,public_lineage_fork,115,cd/490333,1024,86,6,932,0.65921462,0.600043,0.56,82+,0.76,2,3,0.004883
D,philschmid-qwen2.5-3b-r1-countdown,public_ckpt100,100,seed2,public_lineage_fork,115,cd/490331,1024,984,2,38,1.39975074,0.67313782,0.12145749,63-,0.38309717,3,8,0.237305
D,philschmid-qwen2.5-3b-r1-countdown,public_ckpt100,100,seed2,public_lineage_fork,115,cd/490330,1024,147,3,874,0.3754869,0.34178291,0.84848485,90*,0.90572391,1,3,0.006836
D,philschmid-qwen2.5-3b-r1-countdown,public_ckpt100,100,seed2,public_lineage_fork,115,cd/490327,1024,976,2,46,1.00564198,0.48361157,0.30408163,95-,0.58112245,3,8,0.321289
D,philschmid-qwen2.5-3b-r1-countdown,public_ckpt100,100,seed2,public_lineage_fork,115,cd/490325,1024,765,2,257,0.11860949,0.06095322,0.97592713,90-,0.98178269,1,7,0.177734
D,philschmid-qwen2.5-3b-r1-countdown,public_ckpt100,100,seed2,public_lineage_fork,115,cd/490324,1024,898,16,110,0.3655773,0.22714595,0.79511383,99-,0.89450305,1,5,0.960938
D,philschmid-qwen2.5-3b-r1-countdown,public_ckpt100,100,seed2,public_lineage_fork,115,cd/490322,1024,971,17,36,0.53859032,0.33464498,0.59476117,55+,0.79455573,2,5,0.970703
D,philschmid-qwen2.5-3b-r1-countdown,public_ckpt100,100,seed2,public_lineage_fork,115,cd/490321,1024,540,4,480,0.56675288,0.5158807,0.56140351,64-,0.77654663,2,3,0.0
D,philschmid-qwen2.5-3b-r1-countdown,public_ckpt100,100,seed2,public_lineage_fork,115,cd/490320,1024,251,19,754,0.19734515,0.28470887,0.90079365,36*,0.95039683,1,2,0.148438
D,philschmid-qwen2.5-3b-r1-countdown,public_ckpt100,100,seed2,public_lineage_fork,115,cd/490317,1024,945,1,78,0.59606217,0.37035425,0.67651715,47-,0.81319261,2,5,0.835938
D,philschmid-qwen2.5-3b-r1-countdown,public_ckpt100,100,seed2,public_lineage_fork,115,cd/490316,1024,952,10,62,0.75555492,0.46945267,0.13514929,13+,0.56102672,2,5,0.836914
D,philschmid-qwen2.5-3b-r1-countdown,public_ckpt100,100,seed2,public_lineage_fork,115,cd/490315,1024,999,5,20,0.28869635,0.17937713,0.87169246,87-,0.93110334,1,5,0.705078
D,philschmid-qwen2.5-3b-r1-countdown,public_ckpt100,100,seed2,public_lineage_fork,115,cd/490313,1024,1002,4,18,0.49877035,0.30990344,0.64011946,98-,0.81781981,2,5,0.855469
D,philschmid-qwen2.5-3b-r1-countdown,public_ckpt100,100,seed2,public_lineage_fork,115,cd/490312,1024,796,5,223,0.60882661,0.55417786,0.48902821,90-,0.74043887,2,3,0.830078
D,philschmid-qwen2.5-3b-r1-countdown,public_ckpt100,100,seed2,public_lineage_fork,115,cd/490309,1024,941,9,74,1.03032219,0.41463215,0.43822598,96-,0.65417107,2,12,0.027344
D,philschmid-qwen2.5-3b-r1-countdown,public_ckpt100,100,seed2,public_lineage_fork,115,cd/490308,1024,4,13,1007,0.6108643,0.8812909,0.4,3*,0.7,2,2,0.597656
D,philschmid-qwen2.5-3b-r1-countdown,public_ckpt100,100,seed2,public_lineage_fork,115,cd/490307,1024,954,5,65,0.52866382,0.25423356,0.6993737,72-,0.83977035,2,8,0.44043
D,philschmid-qwen2.5-3b-r1-countdown,public_ckpt100,100,seed2,public_lineage_fork,115,cd/490306,1024,3,6,1015,0.66156324,0.954434,0.25,50-,0.625,2,2,0.0
D,philschmid-qwen2.5-3b-r1-countdown,public_ckpt100,100,seed2,public_lineage_fork,115,cd/490305,1024,8,27,989,0.66824848,0.96407876,0.22222222,15*,0.61111111,2,2,0.455078
D,philschmid-qwen2.5-3b-r1-countdown,public_ckpt100,100,seed2,public_lineage_fork,115,cd/490304,1024,59,35,930,0.41839079,0.38083571,0.79338843,76-,0.88429752,1,3,0.0
D,philschmid-qwen2.5-3b-r1-countdown,public_ckpt100,100,seed2,public_lineage_fork,115,cd/490303,1024,806,8,210,1.14290724,0.5496222,0.09382716,68+,0.47469136,2,8,0.415039
D,philschmid-qwen2.5-3b-r1-countdown,public_ckpt100,100,seed2,public_lineage_fork,115,cd/490297,1024,742,34,248,0.64518466,0.58727239,0.32279758,22+,0.66106254,2,3,0.947266
D,philschmid-qwen2.5-3b-r1-countdown,public_ckpt100,100,seed2,public_lineage_fork,115,cd/490296,1024,973,5,46,0.86637501,0.41663831,0.59672467,99-,0.7272262,3,8,0.579102
D,philschmid-qwen2.5-3b-r1-countdown,public_ckpt100,100,seed2,public_lineage_fork,115,cd/490292,1024,892,20,112,1.21650564,0.52832169,0.13377926,16+,0.43199554,3,10,0.149414
D,philschmid-qwen2.5-3b-r1-countdown,public_ckpt100,100,seed2,public_lineage_fork,115,cd/490290,1024,684,6,334,0.75323912,0.46801378,0.03204661,40-,0.51056082,2,5,0.77832
D,philschmid-qwen2.5-3b-r1-countdown,public_ckpt100,100,seed2,public_lineage_fork,115,cd/490288,1024,584,2,438,0.12624439,0.07045834,0.97444634,24*,0.98040886,1,6,0.001953
D,philschmid-qwen2.5-3b-r1-countdown,public_ckpt100,100,seed2,public_lineage_fork,115,cd/490287,1024,976,6,42,0.58668307,0.36452669,0.67552376,97-,0.81706694,2,5,0.764648
D,philschmid-qwen2.5-3b-r1-countdown,public_ckpt100,100,seed2,public_lineage_fork,115,cd/490283,1024,952,5,67,0.04489105,0.02789238,0.99004715,91-,0.99371399,1,5,0.831055
D,philschmid-qwen2.5-3b-r1-countdown,public_ckpt100,100,seed2,public_lineage_fork,115,cd/490282,1024,985,8,31,0.71722888,0.44563936,0.19341772,78+,0.59291139,2,5,0.943359
D,philschmid-qwen2.5-3b-r1-countdown,public_ckpt100,100,seed2,public_lineage_fork,115,cd/490281,1024,748,8,268,0.45434587,0.28230096,0.68887408,27-,0.84277149,2,5,0.827148
D,philschmid-qwen2.5-3b-r1-countdown,public_ckpt100,100,seed2,public_lineage_fork,115,cd/490280,1024,1001,2,21,0.4907795,0.30493845,0.70353762,45-,0.84354758,2,5,0.791992
D,philschmid-qwen2.5-3b-r1-countdown,public_ckpt100,100,seed2,public_lineage_fork,115,cd/490279,1024,984,11,29,0.66266977,0.41173988,0.5778003,50-,0.76989356,2,5,0.84668
D,philschmid-qwen2.5-3b-r1-countdown,public_ckpt100,100,seed2,public_lineage_fork,115,cd/490276,1024,989,6,29,0.50147599,0.31158455,0.6394352,83-,0.81744831,2,5,0.777344
D,philschmid-qwen2.5-3b-r1-countdown,public_ckpt100,100,seed2,public_lineage_fork,115,cd/490275,1024,94,13,917,0.24953542,0.36000351,0.86315789,59-,0.93157895,1,2,0.007812
D,philschmid-qwen2.5-3b-r1-countdown,public_ckpt100,100,seed2,public_lineage_fork,115,cd/490274,1024,711,4,309,0.0591051,0.04263532,0.98457223,55-,0.99088359,1,4,0.0
D,philschmid-qwen2.5-3b-r1-countdown,public_ckpt100,100,seed2,public_lineage_fork,115,cd/490271,1024,921,3,100,0.66900985,0.41567919,0.49485652,95-,0.73578776,2,5,0.936523
D,philschmid-qwen2.5-3b-r1-countdown,public_ckpt100,100,seed2,public_lineage_fork,115,cd/490270,1024,651,3,370,0.39997651,0.57704413,0.72546012,88-,0.86273006,2,2,0.0
D,philschmid-qwen2.5-3b-r1-countdown,public_ckpt100,100,seed2,public_lineage_fork,115,cd/490268,1024,664,10,350,0.67576264,0.61510566,0.30202855,11+,0.64838467,2,3,0.720703
D,philschmid-qwen2.5-3b-r1-countdown,public_ckpt100,100,seed2,public_lineage_fork,115,cd/490267,1024,998,3,23,0.34514929,0.21445331,0.8015992,75-,0.89905047,1,5,0.970703
D,philschmid-qwen2.5-3b-r1-countdown,public_ckpt100,100,seed2,public_lineage_fork,115,cd/490266,1024,873,11,140,0.63243844,0.3929561,0.64648772,92-,0.79668761,2,5,0.0
D,philschmid-qwen2.5-3b-r1-countdown,public_ckpt100,100,seed2,public_lineage_fork,115,cd/490264,1024,26,14,984,0.6472884,0.5891873,0.61818182,34-,0.78181818,2,3,0.009766
D,philschmid-qwen2.5-3b-r1-countdown,public_ckpt100,100,seed2,public_lineage_fork,115,cd/490263,1024,989,6,29,0.87512899,0.42084808,0.66666667,32-,0.76082578,1,8,0.40918
D,philschmid-qwen2.5-3b-r1-countdown,public_ckpt100,100,seed2,public_lineage_fork,115,cd/490262,1024,429,18,577,0.66874798,0.60872064,0.35772358,5*,0.67479675,2,3,0.056641
D,philschmid-qwen2.5-3b-r1-countdown,public_ckpt100,100,seed2,public_lineage_fork,115,cd/490261,1024,954,8,62,0.6395212,0.39735686,0.59905907,60-,0.78149503,2,5,0.844727
D,philschmid-qwen2.5-3b-r1-countdown,public_ckpt100,100,seed2,public_lineage_fork,115,cd/490260,1024,757,4,263,0.53563071,0.48755208,0.58536585,67-,0.79037574,2,3,0.65625
D,philschmid-qwen2.5-3b-r1-countdown,public_ckpt100,100,seed2,public_lineage_fork,115,cd/490259,1024,781,6,237,0.08853956,0.08059218,0.97380192,74-,0.98466454,1,3,0.27832
D,philschmid-qwen2.5-3b-r1-countdown,public_ckpt100,100,seed2,public_lineage_fork,115,cd/490258,1024,986,1,37,0.49185385,0.2365317,0.76262626,84-,0.86818182,2,8,0.583984
D,philschmid-qwen2.5-3b-r1-countdown,public_ckpt100,100,seed2,public_lineage_fork,115,cd/490256,1024,975,5,44,0.79100912,0.4914816,0.53196931,79-,0.72071611,2,5,0.887695
D,philschmid-qwen2.5-3b-r1-countdown,public_ckpt100,100,seed2,public_lineage_fork,115,cd/490254,1024,117,9,898,0.3460038,0.31494623,0.82700422,90*,0.907173,1,3,0.203125
D,philschmid-qwen2.5-3b-r1-countdown,public_ckpt100,100,seed2,public_lineage_fork,115,cd/490249,1024,826,3,195,0.82147621,0.42215526,0.50150693,96-,0.70825799,2,7,0.736328
D,philschmid-qwen2.5-3b-r1-countdown,public_ckpt100,100,seed2,public_lineage_fork,115,cd/490248,1024,677,4,343,0.34317194,0.49509245,0.78318584,54-,0.89159292,2,2,0.0
D,philschmid-qwen2.5-3b-r1-countdown,public_ckpt100,100,seed2,public_lineage_fork,115,cd/490246,1024,972,4,48,0.76262724,0.47384695,0.61980503,52-,0.74653669,3,5,0.936523
D,philschmid-qwen2.5-3b-r1-countdown,public_ckpt100,100,seed2,public_lineage_fork,115,cd/490245,1024,952,4,68,0.92760002,0.44608131,0.4623431,93-,0.66893305,3,8,0.544922
D,philschmid-qwen2.5-3b-r1-countdown,public_ckpt100,100,seed2,public_lineage_fork,115,cd/490243,1024,959,4,61,0.43032817,0.26737792,0.80395216,72-,0.88767551,1,5,0.574219
D,philschmid-qwen2.5-3b-r1-countdown,public_ckpt100,100,seed2,public_lineage_fork,115,cd/490241,1024,982,1,41,0.44443295,0.27614172,0.70797359,98-,0.85170137,2,5,0.894531
D,philschmid-qwen2.5-3b-r1-countdown,public_ckpt100,100,seed2,public_lineage_fork,115,cd/490240,1024,950,3,71,0.05718961,0.0355339,0.98687664,85-,0.99160105,1,5,0.501953
D,philschmid-qwen2.5-3b-r1-countdown,public_ckpt100,100,seed2,public_lineage_fork,115,cd/490239,1024,181,8,835,0.09124002,0.08305024,0.96986301,27-,0.98356164,1,3,0.0
D,philschmid-qwen2.5-3b-r1-countdown,public_ckpt100,100,seed2,public_lineage_fork,115,cd/490237,1024,773,6,245,0.01404096,0.02025683,0.99612403,96-,0.99806202,1,2,0.000977
D,philschmid-qwen2.5-3b-r1-countdown,public_ckpt100,100,seed2,public_lineage_fork,115,cd/490236,1024,890,6,128,0.9121146,0.43863441,0.60290828,97-,0.72427293,3,8,0.583984
D,philschmid-qwen2.5-3b-r1-countdown,public_ckpt100,100,seed2,public_lineage_fork,115,cd/490235,1024,962,9,53,0.82297352,0.42292473,0.60072501,90-,0.73174521,3,7,0.511719
D,philschmid-qwen2.5-3b-r1-countdown,public_ckpt100,100,seed2,public_lineage_fork,115,cd/490234,1024,978,12,34,0.43069955,0.26760868,0.71086181,83-,0.85415604,2,5,0.964844
D,philschmid-qwen2.5-3b-r1-countdown,public_ckpt100,100,seed2,public_lineage_fork,115,cd/490233,1024,987,15,22,0.47374955,0.29435714,0.70944922,92-,0.8494189,2,5,0.955078
D,philschmid-qwen2.5-3b-r1-countdown,public_ckpt100,100,seed2,public_lineage_fork,115,cd/490232,1024,880,6,138,0.00961339,0.00875049,0.99829836,88-,0.99886557,1,3,0.0
D,philschmid-qwen2.5-3b-r1-countdown,public_ckpt100,100,seed2,public_lineage_fork,115,cd/490231,1024,867,5,152,0.76643554,0.36857758,0.25028703,66-,0.61595867,2,8,0.662109
D,philschmid-qwen2.5-3b-r1-countdown,public_ckpt100,100,seed2,public_lineage_fork,115,cd/490229,1024,771,9,244,0.99739756,0.47964684,0.26709677,87-,0.56322581,3,8,0.477539
D,philschmid-qwen2.5-3b-r1-countdown,public_ckpt100,100,seed2,public_lineage_fork,115,cd/490228,1024,945,29,50,0.40760302,0.25325799,0.74722955,56+,0.87124011,2,5,0.943359
D,philschmid-qwen2.5-3b-r1-countdown,public_ckpt100,100,seed2,public_lineage_fork,115,cd/490227,1024,993,21,10,1.11104925,0.69033371,0.17880462,43+,0.46057258,3,5,0.892578
D,philschmid-qwen2.5-3b-r1-countdown,public_ckpt100,100,seed2,public_lineage_fork,115,cd/490225,1024,1013,5,6,0.26505309,0.16468675,0.87050714,91-,0.93303791,1,5,0.963867
D,philschmid-qwen2.5-3b-r1-countdown,public_ckpt100,100,seed2,public_lineage_fork,115,cd/490221,1024,855,5,164,0.86785609,0.5392293,0.48629738,79-,0.67580175,3,5,0.949219
D,philschmid-qwen2.5-3b-r1-countdown,public_ckpt100,100,seed2,public_lineage_fork,115,cd/490219,1024,753,15,256,0.70424813,0.43757396,0.35208471,94+,0.66909332,2,5,0.869141
D,philschmid-qwen2.5-3b-r1-countdown,public_ckpt100,100,seed2,public_lineage_fork,115,cd/490217,1024,831,6,187,0.60361312,0.54943234,0.45525526,74-,0.72612613,2,3,0.0
D,philschmid-qwen2.5-3b-r1-countdown,public_ckpt100,100,seed2,public_lineage_fork,115,cd/490215,1024,974,6,44,0.8334396,0.51784514,0.52739375,61-,0.69892473,3,5,0.771484
D,philschmid-qwen2.5-3b-r1-countdown,public_ckpt100,100,seed2,public_lineage_fork,115,cd/490214,1024,912,6,106,0.02433555,0.02215117,0.99507389,73-,0.99671593,1,3,0.842773
D,philschmid-qwen2.5-3b-r1-countdown,public_ckpt100,100,seed2,public_lineage_fork,115,cd/490213,1024,947,3,74,1.03584415,0.53231859,0.43766439,34-,0.64229353,3,7,0.428711
D,philschmid-qwen2.5-3b-r1-countdown,public_ckpt100,100,seed2,public_lineage_fork,115,cd/490212,1024,994,19,11,1.02986547,0.63989139,0.26392373,49+,0.53336678,3,5,0.90332
D,philschmid-qwen2.5-3b-r1-countdown,public_ckpt100,100,seed2,public_lineage_fork,115,cd/490211,1024,1005,5,14,0.36717196,0.22813676,0.78114144,79-,0.88883375,2,5,0.982422
D,philschmid-qwen2.5-3b-r1-countdown,public_ckpt100,100,seed2,public_lineage_fork,115,cd/490208,1024,840,4,180,0.38580349,0.23971319,0.76083086,94-,0.87893175,2,5,0.945312
D,philschmid-qwen2.5-3b-r1-countdown,public_ckpt100,100,seed2,public_lineage_fork,115,cd/490207,1024,630,25,369,0.92043683,0.57189956,0.06956522,80+,0.50039526,2,5,0.941406
D,philschmid-qwen2.5-3b-r1-countdown,public_ckpt100,100,seed2,public_lineage_fork,115,cd/490206,1024,988,1,35,0.40275964,0.25024863,0.8066633,68-,0.89197375,1,5,0.828125
D,philschmid-qwen2.5-3b-r1-countdown,public_ckpt100,100,seed2,public_lineage_fork,115,cd/490205,1024,718,10,296,0.74018137,0.45990055,0.24011103,72+,0.61276891,2,5,0.930664
D,philschmid-qwen2.5-3b-r1-countdown,public_ckpt100,100,seed2,public_lineage_fork,115,cd/490204,1024,978,3,43,0.88895056,0.42749486,0.49389002,90-,0.68279022,3,8,0.257812
D,philschmid-qwen2.5-3b-r1-countdown,public_ckpt100,100,seed2,public_lineage_fork,115,cd/490203,1024,783,22,219,0.6648189,0.60514424,0.25621415,38+,0.6277884,2,3,0.829102
D,philschmid-qwen2.5-3b-r1-countdown,public_ckpt100,100,seed2,public_lineage_fork,115,cd/490202,1024,829,1,194,0.01321998,0.0190724,0.99638554,97-,0.99819277,1,2,0.001953
D,philschmid-qwen2.5-3b-r1-countdown,public_ckpt100,100,seed2,public_lineage_fork,115,cd/490201,1024,997,15,12,0.7275409,0.45204658,0.18809405,82+,0.5897949,2,5,0.962891
D,philschmid-qwen2.5-3b-r1-countdown,public_ckpt100,100,seed2,public_lineage_fork,115,cd/490199,1024,653,10,361,0.80201457,0.49831967,0.32646834,57+,0.64302059,2,5,0.958984
D,philschmid-qwen2.5-3b-r1-countdown,public_ckpt100,100,seed2,public_lineage_fork,120,cd/490363,1024,1004,1,19,0.73747805,0.35465197,0.66865079,83-,0.78720238,2,8,0.258789
D,philschmid-qwen2.5-3b-r1-countdown,public_ckpt100,100,seed2,public_lineage_fork,120,cd/490361,1024,706,5,313,0.02100215,0.01911698,0.995053,98-,0.99717314,1,3,0.569336
D,philschmid-qwen2.5-3b-r1-countdown,public_ckpt100,100,seed2,public_lineage_fork,120,cd/490360,1024,152,5,867,0.25998007,0.13360333,0.94533762,73-,0.95498392,1,7,0.37793
D,philschmid-qwen2.5-3b-r1-countdown,public_ckpt100,100,seed2,public_lineage_fork,120,cd/490357,1024,1002,1,21,0.3459835,0.21497163,0.82130413,89-,0.90642111,1,5,0.942383
D,philschmid-qwen2.5-3b-r1-countdown,public_ckpt100,100,seed2,public_lineage_fork,120,cd/490356,1024,797,0,227,0.07193033,0.04014508,0.985,79-,0.989375,1,6,0.0
D,philschmid-qwen2.5-3b-r1-countdown,public_ckpt100,100,seed2,public_lineage_fork,120,cd/490354,1024,1022,0,2,1.20920646,0.52515169,0.3369036,72-,0.53602726,4,10,0.439453
D,philschmid-qwen2.5-3b-r1-countdown,public_ckpt100,100,seed2,public_lineage_fork,120,cd/490353,1024,822,13,189,0.04270921,0.02653672,0.98969072,62-,0.99393572,1,5,0.983398
D,philschmid-qwen2.5-3b-r1-countdown,public_ckpt100,100,seed2,public_lineage_fork,120,cd/490352,1024,208,2,814,0.09243943,0.05743585,0.97862233,57-,0.98574822,1,5,0.0
D,philschmid-qwen2.5-3b-r1-countdown,public_ckpt100,100,seed2,public_lineage_fork,120,cd/490351,1024,563,11,450,0.1457774,0.07491476,0.95322154,77+,0.97352162,1,7,0.448242
D,philschmid-qwen2.5-3b-r1-countdown,public_ckpt100,100,seed2,public_lineage_fork,120,cd/490348,1024,990,1,33,0.06638195,0.04124542,0.98438287,52-,0.98992443,1,5,0.539062
D,philschmid-qwen2.5-3b-r1-countdown,public_ckpt100,100,seed2,public_lineage_fork,120,cd/490347,1024,995,1,28,1.02434834,0.49260742,0.6046046,59-,0.7022022,1,8,0.172852
D,philschmid-qwen2.5-3b-r1-countdown,public_ckpt100,100,seed2,public_lineage_fork,120,cd/490344,1024,907,8,109,0.49060405,0.44656706,0.61970281,88-,0.80957622,2,3,0.657227
D,philschmid-qwen2.5-3b-r1-countdown,public_ckpt100,100,seed2,public_lineage_fork,120,cd/490343,1024,874,1,149,0.4030028,0.20710247,0.84330484,94-,0.90541311,1,7,0.072266
D,philschmid-qwen2.5-3b-r1-countdown,public_ckpt100,100,seed2,public_lineage_fork,120,cd/490342,1024,741,0,283,1.00695946,0.5174748,0.12357287,68+,0.50436535,3,7,0.411133
D,philschmid-qwen2.5-3b-r1-countdown,public_ckpt100,100,seed2,public_lineage_fork,120,cd/490341,1024,987,2,35,0.84233178,0.38336171,0.56782653,44-,0.70953101,3,9,0.613281
D,philschmid-qwen2.5-3b-r1-countdown,public_ckpt100,100,seed2,public_lineage_fork,120,cd/490340,1024,705,7,312,0.31583796,0.22782893,0.87270156,96-,0.92574257,1,4,0.02832
D,philschmid-qwen2.5-3b-r1-countdown,public_ckpt100,100,seed2,public_lineage_fork,120,cd/490339,1024,816,14,194,0.17644282,0.10963009,0.95296274,45+,0.96823458,1,5,0.920898
D,philschmid-qwen2.5-3b-r1-countdown,public_ckpt100,100,seed2,public_lineage_fork,120,cd/490338,1024,987,7,30,0.53524699,0.25739939,0.64480323,92-,0.81685166,2,8,0.699219
D,philschmid-qwen2.5-3b-r1-countdown,public_ckpt100,100,seed2,public_lineage_fork,120,cd/490337,1024,1011,0,13,0.42740104,0.2655592,0.70744943,79-,0.85298471,2,5,0.892578
D,philschmid-qwen2.5-3b-r1-countdown,public_ckpt100,100,seed2,public_lineage_fork,120,cd/490335,1024,974,6,44,0.52547261,0.2700395,0.72736573,65+,0.85063939,2,7,0.72168
D,philschmid-qwen2.5-3b-r1-countdown,public_ckpt100,100,seed2,public_lineage_fork,120,cd/490334,1024,889,22,113,0.2713162,0.16857823,0.8771733,46+,0.93494111,1,5,0.910156
D,philschmid-qwen2.5-3b-r1-countdown,public_ckpt100,100,seed2,public_lineage_fork,120,cd/490333,1024,60,1,963,0.41356969,0.37644735,0.79674797,82+,0.88617886,1,3,0.0
D,philschmid-qwen2.5-3b-r1-countdown,public_ckpt100,100,seed2,public_lineage_fork,120,cd/490331,1024,991,0,33,1.36704443,0.65740941,0.25728643,63-,0.46884422,3,8,0.214844
D,philschmid-qwen2.5-3b-r1-countdown,public_ckpt100,100,seed2,public_lineage_fork,120,cd/490330,1024,251,2,771,0.05066636,0.04611851,0.98613861,90*,0.99207921,1,3,0.019531
D,philschmid-qwen2.5-3b-r1-countdown,public_ckpt100,100,seed2,public_lineage_fork,120,cd/490327,1024,987,3,34,0.87456306,0.42057593,0.48234107,95-,0.68163471,3,8,0.272461
D,philschmid-qwen2.5-3b-r1-countdown,public_ckpt100,100,seed2,public_lineage_fork,120,cd/490325,1024,817,1,206,0.05450928,0.02801223,0.98964046,90-,0.99268739,1,7,0.24707
D,philschmid-qwen2.5-3b-r1-countdown,public_ckpt100,100,seed2,public_lineage_fork,120,cd/490324,1024,964,3,57,0.36218238,0.22503656,0.77599586,99-,0.88722193,2,5,0.953125
D,philschmid-qwen2.5-3b-r1-countdown,public_ckpt100,100,seed2,public_lineage_fork,120,cd/490322,1024,1011,8,5,0.38827226,0.24124712,0.77553034,55+,0.88455846,2,5,0.993164
D,philschmid-qwen2.5-3b-r1-countdown,public_ckpt100,100,seed2,public_lineage_fork,120,cd/490321,1024,567,1,456,0.41479173,0.37755971,0.71591909,64-,0.85751979,2,3,0.0
D,philschmid-qwen2.5-3b-r1-countdown,public_ckpt100,100,seed2,public_lineage_fork,120,cd/490320,1024,160,2,862,0.10473244,0.15109697,0.95652174,36*,0.97826087,1,2,0.155273
D,philschmid-qwen2.5-3b-r1-countdown,public_ckpt100,100,seed2,public_lineage_fork,120,cd/490317,1024,971,2,51,0.38344361,0.23824691,0.85362096,47-,0.90549563,1,5,0.820312
D,philschmid-qwen2.5-3b-r1-countdown,public_ckpt100,100,seed2,public_lineage_fork,120,cd/490316,1024,974,6,44,0.73136182,0.45442065,0.22427035,26-,0.60573477,2,5,0.898438
D,philschmid-qwen2.5-3b-r1-countdown,public_ckpt100,100,seed2,public_lineage_fork,120,cd/490315,1024,1020,0,4,0.12884322,0.08005479,0.95158924,87-,0.97457213,1,5,0.676758
D,philschmid-qwen2.5-3b-r1-countdown,public_ckpt100,100,seed2,public_lineage_fork,120,cd/490313,1024,1012,1,11,0.51230504,0.31831302,0.61508132,98-,0.80581567,2,5,0.814453
D,philschmid-qwen2.5-3b-r1-countdown,public_ckpt100,100,seed2,public_lineage_fork,120,cd/490312,1024,821,1,202,0.64478861,0.58691188,0.36109422,90-,0.67902736,2,3,0.760742
D,philschmid-qwen2.5-3b-r1-countdown,public_ckpt100,100,seed2,public_lineage_fork,120,cd/490309,1024,962,5,57,1.03695859,0.41730284,0.40909091,96-,0.63997934,2,12,0.02832
D,philschmid-qwen2.5-3b-r1-countdown,public_ckpt100,100,seed2,public_lineage_fork,120,cd/490308,1024,1,2,1021,0.56233514,0.81127812,0.5,3*,0.75,2,2,0.671875
D,philschmid-qwen2.5-3b-r1-countdown,public_ckpt100,100,seed2,public_lineage_fork,120,cd/490307,1024,963,3,58,0.41099735,0.19764794,0.76215098,72-,0.87745605,2,8,0.391602
D,philschmid-qwen2.5-3b-r1-countdown,public_ckpt100,100,seed2,public_lineage_fork,120,cd/490306,1024,1,1,1022,0.56233514,0.81127812,0.5,50-,0.75,2,2,0.0
D,philschmid-qwen2.5-3b-r1-countdown,public_ckpt100,100,seed2,public_lineage_fork,120,cd/490305,1024,6,9,1009,0.65175656,0.94028596,0.28571429,15*,0.64285714,2,2,0.59082
D,philschmid-qwen2.5-3b-r1-countdown,public_ckpt100,100,seed2,public_lineage_fork,120,cd/490304,1024,30,18,976,0.62602853,0.56983573,0.50793651,76-,0.74603175,2,3,0.0
D,philschmid-qwen2.5-3b-r1-countdown,public_ckpt100,100,seed2,public_lineage_fork,120,cd/490303,1024,806,5,213,0.90376067,0.43461701,0.15679012,68+,0.55123457,2,8,0.431641
D,philschmid-qwen2.5-3b-r1-countdown,public_ckpt100,100,seed2,public_lineage_fork,120,cd/490297,1024,816,26,182,0.71091941,0.64710673,0.04159021,22+,0.51926606,2,3,0.988281
D,philschmid-qwen2.5-3b-r1-countdown,public_ckpt100,100,seed2,public_lineage_fork,120,cd/490296,1024,977,5,42,0.76305897,0.3669538,0.6432212,99-,0.76809378,2,8,0.477539
D,philschmid-qwen2.5-3b-r1-countdown,public_ckpt100,100,seed2,public_lineage_fork,120,cd/490292,1024,952,8,64,1.17680409,0.51107952,0.0292581,16*,0.35475444,3,10,0.149414
D,philschmid-qwen2.5-3b-r1-countdown,public_ckpt100,100,seed2,public_lineage_fork,120,cd/490290,1024,803,7,214,0.72652594,0.45141595,0.04717567,40-,0.52079454,2,5,0.776367
D,philschmid-qwen2.5-3b-r1-countdown,public_ckpt100,100,seed2,public_lineage_fork,120,cd/490288,1024,616,2,406,0.03279172,0.01830141,0.99515347,24*,0.99596123,1,6,0.0
D,philschmid-qwen2.5-3b-r1-countdown,public_ckpt100,100,seed2,public_lineage_fork,120,cd/490287,1024,996,2,26,0.44051214,0.27370558,0.79018528,97-,0.87981973,1,5,0.896484
D,philschmid-qwen2.5-3b-r1-countdown,public_ckpt100,100,seed2,public_lineage_fork,120,cd/490283,1024,1004,0,20,0.02401366,0.01492053,0.99552906,91-,0.99701937,1,5,0.90918
D,philschmid-qwen2.5-3b-r1-countdown,public_ckpt100,100,seed2,public_lineage_fork,120,cd/490282,1024,1006,3,15,0.65679546,0.40808997,0.32622707,78+,0.66187407,2,5,0.973633
D,philschmid-qwen2.5-3b-r1-countdown,public_ckpt100,100,seed2,public_lineage_fork,120,cd/490281,1024,885,3,136,0.52357465,0.32531522,0.58478873,27-,0.7915493,2,5,0.797852
D,philschmid-qwen2.5-3b-r1-countdown,public_ckpt100,100,seed2,public_lineage_fork,120,cd/490280,1024,1010,2,12,0.29345228,0.18233215,0.87012346,45-,0.92888889,1,5,0.789062
D,philschmid-qwen2.5-3b-r1-countdown,public_ckpt100,100,seed2,public_lineage_fork,120,cd/490279,1024,1005,3,16,0.44447327,0.27616677,0.78808933,50-,0.88188586,1,5,0.898438
D,philschmid-qwen2.5-3b-r1-countdown,public_ckpt100,100,seed2,public_lineage_fork,120,cd/490276,1024,1008,2,14,0.37880216,0.23536301,0.76991588,83-,0.88322613,2,5,0.726562
D,philschmid-qwen2.5-3b-r1-countdown,public_ckpt100,100,seed2,public_lineage_fork,120,cd/490275,1024,54,6,964,0.12513016,0.18052467,0.94545455,59-,0.97272727,1,2,0.003906
D,philschmid-qwen2.5-3b-r1-countdown,public_ckpt100,100,seed2,public_lineage_fork,120,cd/490274,1024,746,0,278,0.01666353,0.0120202,0.9973262,55-,0.99799465,1,4,0.0
D,philschmid-qwen2.5-3b-r1-countdown,public_ckpt100,100,seed2,public_lineage_fork,120,cd/490271,1024,951,2,71,0.48967622,0.30425294,0.67016256,95-,0.8311484,2,5,0.959961
D,philschmid-qwen2.5-3b-r1-countdown,public_ckpt100,100,seed2,public_lineage_fork,120,cd/490270,1024,719,4,301,0.35027372,0.50533815,0.77638889,88-,0.88819444,2,2,0.000977
D,philschmid-qwen2.5-3b-r1-countdown,public_ckpt100,100,seed2,public_lineage_fork,120,cd/490268,1024,753,5,266,0.45754868,0.41647875,0.6640159,11+,0.83167661,2,3,0.832031
D,philschmid-qwen2.5-3b-r1-countdown,public_ckpt100,100,seed2,public_lineage_fork,120,cd/490267,1024,1002,7,15,0.35548782,0.220877,0.78745645,75-,0.89248382,2,5,0.983398
D,philschmid-qwen2.5-3b-r1-countdown,public_ckpt100,100,seed2,public_lineage_fork,120,cd/490266,1024,907,2,115,0.44971002,0.27942054,0.78614623,92-,0.87685542,1,5,0.0
D,philschmid-qwen2.5-3b-r1-countdown,public_ckpt100,100,seed2,public_lineage_fork,120,cd/490264,1024,13,12,999,0.60303526,0.54890635,0.62068966,34-,0.79310345,2,3,0.005859
D,philschmid-qwen2.5-3b-r1-countdown,public_ckpt100,100,seed2,public_lineage_fork,120,cd/490263,1024,1002,1,21,0.52163539,0.2508536,0.83399602,32-,0.88121272,1,8,0.366211
D,philschmid-qwen2.5-3b-r1-countdown,public_ckpt100,100,seed2,public_lineage_fork,120,cd/490262,1024,248,16,760,0.44422646,0.40435235,0.68937876,5*,0.84368737,2,3,0.083984
D,philschmid-qwen2.5-3b-r1-countdown,public_ckpt100,100,seed2,public_lineage_fork,120,cd/490261,1024,982,3,39,0.3868718,0.24037696,0.77704418,60-,0.88522092,2,5,0.791016
D,philschmid-qwen2.5-3b-r1-countdown,public_ckpt100,100,seed2,public_lineage_fork,120,cd/490260,1024,784,0,240,0.45491169,0.41407847,0.66709102,67-,0.83322724,2,3,0.797852
D,philschmid-qwen2.5-3b-r1-countdown,public_ckpt100,100,seed2,public_lineage_fork,120,cd/490259,1024,774,2,248,0.03572505,0.03251834,0.99161831,74-,0.99484204,1,3,0.322266
D,philschmid-qwen2.5-3b-r1-countdown,public_ckpt100,100,seed2,public_lineage_fork,120,cd/490258,1024,999,1,24,0.38432808,0.18482274,0.79162512,84-,0.89182453,2,8,0.524414
D,philschmid-qwen2.5-3b-r1-countdown,public_ckpt100,100,seed2,public_lineage_fork,120,cd/490256,1024,1008,0,16,0.61776725,0.38384038,0.71944582,79-,0.8149431,1,5,0.899414
D,philschmid-qwen2.5-3b-r1-countdown,public_ckpt100,100,seed2,public_lineage_fork,120,cd/490254,1024,82,4,938,0.21034627,0.19146543,0.91017964,90*,0.95209581,1,3,0.322266
D,philschmid-qwen2.5-3b-r1-countdown,public_ckpt100,100,seed2,public_lineage_fork,120,cd/490249,1024,809,2,213,0.65841965,0.33836077,0.57969231,96-,0.76984615,2,7,0.756836
D,philschmid-qwen2.5-3b-r1-countdown,public_ckpt100,100,seed2,public_lineage_fork,120,cd/490248,1024,757,1,266,0.19695851,0.28415106,0.90105541,54-,0.9505277,1,2,0.0
D,philschmid-qwen2.5-3b-r1-countdown,public_ckpt100,100,seed2,public_lineage_fork,120,cd/490246,1024,996,2,26,0.55430595,0.34440965,0.76114171,52-,0.84276415,1,5,0.929688
D,philschmid-qwen2.5-3b-r1-countdown,public_ckpt100,100,seed2,public_lineage_fork,120,cd/490245,1024,971,0,53,0.78116091,0.37565899,0.55794872,93-,0.73692308,2,8,0.439453
D,philschmid-qwen2.5-3b-r1-countdown,public_ckpt100,100,seed2,public_lineage_fork,120,cd/490243,1024,980,0,44,0.17856371,0.11094787,0.93842239,72-,0.96437659,1,5,0.754883
D,philschmid-qwen2.5-3b-r1-countdown,public_ckpt100,100,seed2,public_lineage_fork,120,cd/490241,1024,1001,2,21,0.39148426,0.24324285,0.74638764,98-,0.87244644,2,5,0.888672
D,philschmid-qwen2.5-3b-r1-countdown,public_ckpt100,100,seed2,public_lineage_fork,120,cd/490240,1024,972,1,51,0.03180732,0.019763,0.99435608,85-,0.99589533,1,5,0.671875
D,philschmid-qwen2.5-3b-r1-countdown,public_ckpt100,100,seed2,public_lineage_fork,120,cd/490239,1024,207,10,807,0.05951382,0.05417181,0.98321343,27-,0.99040767,1,3,0.0
D,philschmid-qwen2.5-3b-r1-countdown,public_ckpt100,100,seed2,public_lineage_fork,120,cd/490237,1024,823,0,201,0.00510134,0.00735968,0.99878641,96-,0.9993932,1,2,0.0
D,philschmid-qwen2.5-3b-r1-countdown,public_ckpt100,100,seed2,public_lineage_fork,120,cd/490236,1024,899,3,122,0.74648866,0.35898516,0.71096346,97-,0.80011074,1,8,0.423828
D,philschmid-qwen2.5-3b-r1-countdown,public_ckpt100,100,seed2,public_lineage_fork,120,cd/490235,1024,981,8,35,0.66798746,0.34327765,0.69375317,90-,0.79989843,2,7,0.661133
D,philschmid-qwen2.5-3b-r1-countdown,public_ckpt100,100,seed2,public_lineage_fork,120,cd/490234,1024,1001,3,20,0.34677174,0.21546139,0.79023418,83-,0.89436971,2,5,0.96875
D,philschmid-qwen2.5-3b-r1-countdown,public_ckpt100,100,seed2,public_lineage_fork,120,cd/490233,1024,1018,2,4,0.47652667,0.29608267,0.66927976,92-,0.83243508,2,5,0.969727
D,philschmid-qwen2.5-3b-r1-countdown,public_ckpt100,100,seed2,public_lineage_fork,120,cd/490232,1024,928,0,96,0.00917402,0.00835056,0.99838623,88-,0.99892415,1,3,0.0
D,philschmid-qwen2.5-3b-r1-countdown,public_ckpt100,100,seed2,public_lineage_fork,120,cd/490231,1024,893,3,128,0.69302406,0.33327413,0.27982163,66-,0.63712375,2,8,0.728516
D,philschmid-qwen2.5-3b-r1-countdown,public_ckpt100,100,seed2,public_lineage_fork,120,cd/490229,1024,832,1,191,0.74050592,0.35610807,0.54066986,87-,0.73744019,2,8,0.575195
D,philschmid-qwen2.5-3b-r1-countdown,public_ckpt100,100,seed2,public_lineage_fork,120,cd/490228,1024,978,11,35,0.1649765,0.10250566,0.93421724,56+,0.96532381,1,5,0.952148
D,philschmid-qwen2.5-3b-r1-countdown,public_ckpt100,100,seed2,public_lineage_fork,120,cd/490227,1024,1008,10,6,0.9504003,0.59051691,0.37110341,43+,0.61108362,3,5,0.910156
D,philschmid-qwen2.5-3b-r1-countdown,public_ckpt100,100,seed2,public_lineage_fork,120,cd/490225,1024,1016,4,4,0.18602767,0.11558549,0.91507118,91-,0.95679921,1,5,0.97168
D,philschmid-qwen2.5-3b-r1-countdown,public_ckpt100,100,seed2,public_lineage_fork,120,cd/490221,1024,917,9,98,0.60382015,0.37517456,0.72974443,79-,0.8216422,1,5,0.957031
D,philschmid-qwen2.5-3b-r1-countdown,public_ckpt100,100,seed2,public_lineage_fork,120,cd/490219,1024,848,2,174,0.64137046,0.39850587,0.3574368,94+,0.67783657,2,5,0.884766
D,philschmid-qwen2.5-3b-r1-countdown,public_ckpt100,100,seed2,public_lineage_fork,120,cd/490217,1024,856,2,166,0.5420382,0.49338443,0.55393586,74-,0.77609329,2,3,0.0
D,philschmid-qwen2.5-3b-r1-countdown,public_ckpt100,100,seed2,public_lineage_fork,120,cd/490215,1024,992,3,29,0.69240066,0.43021272,0.64253394,61-,0.77476119,2,5,0.78125
D,philschmid-qwen2.5-3b-r1-countdown,public_ckpt100,100,seed2,public_lineage_fork,120,cd/490214,1024,955,1,68,0.01616607,0.01471499,0.99634083,73-,0.99790904,1,3,0.772461
D,philschmid-qwen2.5-3b-r1-countdown,public_ckpt100,100,seed2,public_lineage_fork,120,cd/490213,1024,967,0,57,0.75569093,0.38834832,0.55023184,34-,0.74652241,2,7,0.532227
D,philschmid-qwen2.5-3b-r1-countdown,public_ckpt100,100,seed2,public_lineage_fork,120,cd/490212,1024,1008,11,5,0.8266997,0.51365741,0.43344879,49+,0.673429,2,5,0.900391
D,philschmid-qwen2.5-3b-r1-countdown,public_ckpt100,100,seed2,public_lineage_fork,120,cd/490211,1024,1019,0,5,0.28293712,0.17579872,0.84973079,79-,0.9236417,1,5,0.992188
D,philschmid-qwen2.5-3b-r1-countdown,public_ckpt100,100,seed2,public_lineage_fork,120,cd/490208,1024,904,0,120,0.42794716,0.26589852,0.72697187,94-,0.86100386,2,5,0.958008
D,philschmid-qwen2.5-3b-r1-countdown,public_ckpt100,100,seed2,public_lineage_fork,120,cd/490207,1024,741,13,270,0.82671451,0.51366661,0.28110289,80+,0.61802286,2,5,0.931641
D,philschmid-qwen2.5-3b-r1-countdown,public_ckpt100,100,seed2,public_lineage_fork,120,cd/490206,1024,1003,0,21,0.30920215,0.1921181,0.88214818,68-,0.92839383,1,5,0.913086
D,philschmid-qwen2.5-3b-r1-countdown,public_ckpt100,100,seed2,public_lineage_fork,120,cd/490205,1024,808,10,206,0.69492912,0.43178374,0.19864281,72+,0.59777915,2,5,0.941406
D,philschmid-qwen2.5-3b-r1-countdown,public_ckpt100,100,seed2,public_lineage_fork,120,cd/490204,1024,988,0,36,0.75596976,0.36354461,0.62399194,90-,0.75655242,3,8,0.301758
D,philschmid-qwen2.5-3b-r1-countdown,public_ckpt100,100,seed2,public_lineage_fork,120,cd/490203,1024,811,14,199,0.68637556,0.62476596,0.15138462,40+,0.57538462,2,3,0.917969
D,philschmid-qwen2.5-3b-r1-countdown,public_ckpt100,100,seed2,public_lineage_fork,120,cd/490202,1024,883,0,141,0.00479487,0.00691753,0.99886878,97-,0.99943439,1,2,0.0
D,philschmid-qwen2.5-3b-r1-countdown,public_ckpt100,100,seed2,public_lineage_fork,120,cd/490201,1024,1010,7,7,0.60125897,0.3735832,0.45925926,82+,0.72839506,2,5,0.980469
D,philschmid-qwen2.5-3b-r1-countdown,public_ckpt100,100,seed2,public_lineage_fork,120,cd/490199,1024,832,7,185,0.64283005,0.39941277,0.51527861,57+,0.74835231,2,5,0.976562
D,philschmid-qwen2.5-3b-r1-countdown,public_ckpt100,100,seed2,public_lineage_fork,125,cd/490363,1024,1018,0,6,0.60187739,0.28944184,0.76027397,83-,0.84099804,1,8,0.242188
D,philschmid-qwen2.5-3b-r1-countdown,public_ckpt100,100,seed2,public_lineage_fork,125,cd/490361,1024,776,0,248,0.01073773,0.00977391,0.99807074,98-,0.99871383,1,3,0.75293
D,philschmid-qwen2.5-3b-r1-countdown,public_ckpt100,100,seed2,public_lineage_fork,125,cd/490360,1024,130,0,894,0.25254742,0.1297837,0.93632959,73-,0.95505618,1,7,0.541016
D,philschmid-qwen2.5-3b-r1-countdown,public_ckpt100,100,seed2,public_lineage_fork,125,cd/490357,1024,1010,1,13,0.17795411,0.11056911,0.92345679,89-,0.96049383,1,5,0.953125
D,philschmid-qwen2.5-3b-r1-countdown,public_ckpt100,100,seed2,public_lineage_fork,125,cd/490356,1024,940,0,84,0.02264286,0.01263722,0.99681866,79-,0.99734889,1,6,0.0
D,philschmid-qwen2.5-3b-r1-countdown,public_ckpt100,100,seed2,public_lineage_fork,125,cd/490354,1024,1024,0,0,0.96845816,0.42059604,0.45966958,72-,0.65840622,3,10,0.393555
D,philschmid-qwen2.5-3b-r1-countdown,public_ckpt100,100,seed2,public_lineage_fork,125,cd/490353,1024,973,2,49,0.02468043,0.01533481,0.99538698,62-,0.99692465,1,5,0.998047
D,philschmid-qwen2.5-3b-r1-countdown,public_ckpt100,100,seed2,public_lineage_fork,125,cd/490352,1024,257,0,767,0.05586158,0.03470875,0.99036609,57-,0.99229287,1,5,0.0
D,philschmid-qwen2.5-3b-r1-countdown,public_ckpt100,100,seed2,public_lineage_fork,125,cd/490351,1024,840,5,179,0.04518683,0.02322144,0.99110848,77+,0.99407232,1,7,0.495117
D,philschmid-qwen2.5-3b-r1-countdown,public_ckpt100,100,seed2,public_lineage_fork,125,cd/490348,1024,1021,0,3,0.01685032,0.01046969,0.9975574,52-,0.99804592,1,5,0.78418
D,philschmid-qwen2.5-3b-r1-countdown,public_ckpt100,100,seed2,public_lineage_fork,125,cd/490347,1024,1020,1,3,0.78849176,0.37918438,0.64453125,59-,0.77490234,2,8,0.149414
D,philschmid-qwen2.5-3b-r1-countdown,public_ckpt100,100,seed2,public_lineage_fork,125,cd/490344,1024,927,0,97,0.16686009,0.1518826,0.92299408,88-,0.96122779,1,3,0.743164
D,philschmid-qwen2.5-3b-r1-countdown,public_ckpt100,100,seed2,public_lineage_fork,125,cd/490343,1024,955,0,69,0.10796884,0.05548501,0.97130934,94-,0.98226395,1,7,0.111328
D,philschmid-qwen2.5-3b-r1-countdown,public_ckpt100,100,seed2,public_lineage_fork,125,cd/490342,1024,699,0,325,0.9038604,0.46449236,0.50391459,68+,0.67259786,3,7,0.483398
D,philschmid-qwen2.5-3b-r1-countdown,public_ckpt100,100,seed2,public_lineage_fork,125,cd/490341,1024,1016,0,8,0.75046957,0.34155342,0.63400294,44-,0.75502205,3,9,0.789062
D,philschmid-qwen2.5-3b-r1-countdown,public_ckpt100,100,seed2,public_lineage_fork,125,cd/490340,1024,911,2,111,0.14158781,0.10213401,0.95399781,96-,0.97316539,1,4,0.00293
D,philschmid-qwen2.5-3b-r1-countdown,public_ckpt100,100,seed2,public_lineage_fork,125,cd/490339,1024,951,7,66,0.06317648,0.03925375,0.98584164,45+,0.99056109,1,5,0.932617
D,philschmid-qwen2.5-3b-r1-countdown,public_ckpt100,100,seed2,public_lineage_fork,125,cd/490338,1024,1016,0,8,0.31310265,0.15057055,0.82941176,92-,0.91323529,1,8,0.884766
D,philschmid-qwen2.5-3b-r1-countdown,public_ckpt100,100,seed2,public_lineage_fork,125,cd/490337,1024,1022,0,2,0.43140152,0.26804484,0.70278184,79-,0.85065886,2,5,0.948242
D,philschmid-qwen2.5-3b-r1-countdown,public_ckpt100,100,seed2,public_lineage_fork,125,cd/490335,1024,1004,3,17,0.33580832,0.17257134,0.82580645,65+,0.90967742,1,7,0.723633
D,philschmid-qwen2.5-3b-r1-countdown,public_ckpt100,100,seed2,public_lineage_fork,125,cd/490334,1024,983,1,40,0.12568151,0.07809031,0.9507864,46+,0.97463217,1,5,0.944336
D,philschmid-qwen2.5-3b-r1-countdown,public_ckpt100,100,seed2,public_lineage_fork,125,cd/490333,1024,27,1,996,0.29355463,0.26720494,0.87719298,82+,0.92982456,1,3,0.0
D,philschmid-qwen2.5-3b-r1-countdown,public_ckpt100,100,seed2,public_lineage_fork,125,cd/490331,1024,1015,0,9,1.0067557,0.48414715,0.54563297,63-,0.68842002,3,8,0.154297
D,philschmid-qwen2.5-3b-r1-countdown,public_ckpt100,100,seed2,public_lineage_fork,125,cd/490330,1024,183,0,841,0.06592301,0.06000571,0.98102981,90*,0.98915989,1,3,0.021484
D,philschmid-qwen2.5-3b-r1-countdown,public_ckpt100,100,seed2,public_lineage_fork,125,cd/490327,1024,1016,0,8,0.55362667,0.26623815,0.7254902,95-,0.83872549,2,8,0.25293
D,philschmid-qwen2.5-3b-r1-countdown,public_ckpt100,100,seed2,public_lineage_fork,125,cd/490325,1024,953,0,71,0.03405062,0.01749856,0.99424987,90-,0.99581809,1,7,0.356445
D,philschmid-qwen2.5-3b-r1-countdown,public_ckpt100,100,seed2,public_lineage_fork,125,cd/490324,1024,1017,1,6,0.4061838,0.25237618,0.73075037,99-,0.86463953,2,5,0.97168
D,philschmid-qwen2.5-3b-r1-countdown,public_ckpt100,100,seed2,public_lineage_fork,125,cd/490322,1024,1020,1,3,0.23992894,0.14907623,0.87823961,55+,0.93838631,1,5,0.99707
D,philschmid-qwen2.5-3b-r1-countdown,public_ckpt100,100,seed2,public_lineage_fork,125,cd/490321,1024,813,0,211,0.22875872,0.20822516,0.88643339,64-,0.94229589,1,3,0.0
D,philschmid-qwen2.5-3b-r1-countdown,public_ckpt100,100,seed2,public_lineage_fork,125,cd/490320,1024,68,0,956,0.0429248,0.06192739,0.98550725,36*,0.99275362,1,2,0.188477
D,philschmid-qwen2.5-3b-r1-countdown,public_ckpt100,100,seed2,public_lineage_fork,125,cd/490317,1024,1011,0,13,0.34975423,0.21731452,0.81203749,47-,0.9023187,1,5,0.839844
D,philschmid-qwen2.5-3b-r1-countdown,public_ckpt100,100,seed2,public_lineage_fork,125,cd/490316,1024,986,2,36,0.71385226,0.44354135,0.50682853,26-,0.72989378,2,5,0.949219
D,philschmid-qwen2.5-3b-r1-countdown,public_ckpt100,100,seed2,public_lineage_fork,125,cd/490315,1024,1021,0,3,0.040879,0.02539955,0.98974108,87-,0.99413776,1,5,0.768555
D,philschmid-qwen2.5-3b-r1-countdown,public_ckpt100,100,seed2,public_lineage_fork,125,cd/490313,1024,1020,1,3,0.55192479,0.34293016,0.53789731,98-,0.76821516,2,5,0.75293
D,philschmid-qwen2.5-3b-r1-countdown,public_ckpt100,100,seed2,public_lineage_fork,125,cd/490312,1024,866,0,158,0.67291188,0.61251079,0.22132565,90-,0.61037464,2,3,0.782227
D,philschmid-qwen2.5-3b-r1-countdown,public_ckpt100,100,seed2,public_lineage_fork,125,cd/490309,1024,882,1,141,0.9873617,0.39734358,0.47297297,96-,0.64245495,3,12,0.010742
D,philschmid-qwen2.5-3b-r1-countdown,public_ckpt100,100,seed2,public_lineage_fork,125,cd/490308,1024,0,1,1023,0.69314718,1.0,0.0,3*,0.5,2,2,0.624023
D,philschmid-qwen2.5-3b-r1-countdown,public_ckpt100,100,seed2,public_lineage_fork,125,cd/490307,1024,1002,0,22,0.25141403,0.12090459,0.88170974,72-,0.9388668,1,8,0.40332
D,philschmid-qwen2.5-3b-r1-countdown,public_ckpt100,100,seed2,public_lineage_fork,125,cd/490306,1024,0,0,1024,0.69314718,1.0,0.0,50-,0.5,2,2,0.0
D,philschmid-qwen2.5-3b-r1-countdown,public_ckpt100,100,seed2,public_lineage_fork,125,cd/490305,1024,2,2,1020,0.45056121,0.65002242,0.66666667,15*,0.83333333,2,2,0.725586
D,philschmid-qwen2.5-3b-r1-countdown,public_ckpt100,100,seed2,public_lineage_fork,125,cd/490304,1024,8,2,1014,0.83926956,0.76393607,0.21052632,76-,0.57894737,2,3,0.0
D,philschmid-qwen2.5-3b-r1-countdown,public_ckpt100,100,seed2,public_lineage_fork,125,cd/490303,1024,916,0,108,0.75694486,0.36401353,0.4923913,68+,0.72119565,2,8,0.555664
D,philschmid-qwen2.5-3b-r1-countdown,public_ckpt100,100,seed2,public_lineage_fork,125,cd/490297,1024,933,4,87,0.69573179,0.63328237,0.05671482,30+,0.52808989,2,3,0.992188
D,philschmid-qwen2.5-3b-r1-countdown,public_ckpt100,100,seed2,public_lineage_fork,125,cd/490296,1024,1014,1,9,0.42090162,0.20241089,0.86247544,99-,0.90422397,1,8,0.357422
D,philschmid-qwen2.5-3b-r1-countdown,public_ckpt100,100,seed2,public_lineage_fork,125,cd/490292,1024,990,5,29,0.98127483,0.42616224,0.40100503,44+,0.61256281,3,10,0.09082
D,philschmid-qwen2.5-3b-r1-countdown,public_ckpt100,100,seed2,public_lineage_fork,125,cd/490290,1024,961,4,59,0.71115529,0.44186562,0.03736378,40+,0.51738454,2,5,0.933594
D,philschmid-qwen2.5-3b-r1-countdown,public_ckpt100,100,seed2,public_lineage_fork,125,cd/490288,1024,355,2,667,0.05286439,0.02950418,0.99162011,24*,0.99301676,1,6,0.000977
D,philschmid-qwen2.5-3b-r1-countdown,public_ckpt100,100,seed2,public_lineage_fork,125,cd/490287,1024,1014,0,10,0.44228708,0.27480841,0.82439744,97-,0.88489916,1,5,0.944336
D,philschmid-qwen2.5-3b-r1-countdown,public_ckpt100,100,seed2,public_lineage_fork,125,cd/490283,1024,1022,0,2,0.01683578,0.01046066,0.99755979,91-,0.99804783,1,5,0.952148
D,philschmid-qwen2.5-3b-r1-countdown,public_ckpt100,100,seed2,public_lineage_fork,125,cd/490282,1024,1022,0,2,0.60469674,0.37571921,0.45192777,78+,0.72474378,2,5,0.981445
D,philschmid-qwen2.5-3b-r1-countdown,public_ckpt100,100,seed2,public_lineage_fork,125,cd/490281,1024,982,0,42,0.60537865,0.3761429,0.43880142,27-,0.7186389,2,5,0.754883
D,philschmid-qwen2.5-3b-r1-countdown,public_ckpt100,100,seed2,public_lineage_fork,125,cd/490280,1024,1024,0,0,0.14739091,0.09157912,0.94593278,45-,0.97077448,1,5,0.888672
D,philschmid-qwen2.5-3b-r1-countdown,public_ckpt100,100,seed2,public_lineage_fork,125,cd/490279,1024,1018,1,5,0.33346369,0.20719264,0.84076433,50-,0.91474767,1,5,0.960938
D,philschmid-qwen2.5-3b-r1-countdown,public_ckpt100,100,seed2,public_lineage_fork,125,cd/490276,1024,1022,0,2,0.14311094,0.08891982,0.9409468,83-,0.96974134,1,5,0.742188
D,philschmid-qwen2.5-3b-r1-countdown,public_ckpt100,100,seed2,public_lineage_fork,125,cd/490275,1024,49,6,969,0.05600153,0.08079314,0.98,59-,0.99,1,2,0.000977
D,philschmid-qwen2.5-3b-r1-countdown,public_ckpt100,100,seed2,public_lineage_fork,125,cd/490274,1024,913,0,111,0.01395287,0.01006487,0.99781421,55-,0.99836066,1,4,0.0
D,philschmid-qwen2.5-3b-r1-countdown,public_ckpt100,100,seed2,public_lineage_fork,125,cd/490271,1024,1008,1,15,0.11100313,0.06897012,0.96091044,95-,0.97921821,1,5,0.993164
D,philschmid-qwen2.5-3b-r1-countdown,public_ckpt100,100,seed2,public_lineage_fork,125,cd/490270,1024,904,2,118,0.22757516,0.32832156,0.87955801,88-,0.93977901,1,2,0.0
D,philschmid-qwen2.5-3b-r1-countdown,public_ckpt100,100,seed2,public_lineage_fork,125,cd/490268,1024,952,0,72,0.10829347,0.09857296,0.95647614,11+,0.97797588,1,3,0.963867
D,philschmid-qwen2.5-3b-r1-countdown,public_ckpt100,100,seed2,public_lineage_fork,125,cd/490267,1024,1020,1,3,0.30004027,0.1864255,0.83129584,75-,0.91491443,1,5,0.989258
D,philschmid-qwen2.5-3b-r1-countdown,public_ckpt100,100,seed2,public_lineage_fork,125,cd/490266,1024,888,0,136,0.21105754,0.13113742,0.93542953,92-,0.95732734,1,5,0.0
D,philschmid-qwen2.5-3b-r1-countdown,public_ckpt100,100,seed2,public_lineage_fork,125,cd/490264,1024,3,2,1019,0.68373891,0.62236597,0.66666667,34-,0.77777778,3,3,0.000977
D,philschmid-qwen2.5-3b-r1-countdown,public_ckpt100,100,seed2,public_lineage_fork,125,cd/490263,1024,1022,1,1,0.35032803,0.16847217,0.90643275,32-,0.93128655,1,8,0.306641
D,philschmid-qwen2.5-3b-r1-countdown,public_ckpt100,100,seed2,public_lineage_fork,125,cd/490262,1024,61,4,959,0.66641249,0.60659479,0.48,5*,0.728,2,3,0.072266
D,philschmid-qwen2.5-3b-r1-countdown,public_ckpt100,100,seed2,public_lineage_fork,125,cd/490261,1024,1021,0,3,0.36084608,0.22420627,0.77674646,60-,0.88764045,2,5,0.830078
D,philschmid-qwen2.5-3b-r1-countdown,public_ckpt100,100,seed2,public_lineage_fork,125,cd/490260,1024,837,0,187,0.66268708,0.60320377,0.28861061,67-,0.64341085,2,3,0.770508
D,philschmid-qwen2.5-3b-r1-countdown,public_ckpt100,100,seed2,public_lineage_fork,125,cd/490259,1024,833,0,191,0.01008913,0.00918352,0.99820252,74-,0.99880168,1,3,0.570312
D,philschmid-qwen2.5-3b-r1-countdown,public_ckpt100,100,seed2,public_lineage_fork,125,cd/490258,1024,1020,0,4,0.1984289,0.09542413,0.91699219,84-,0.95654297,1,8,0.485352
D,philschmid-qwen2.5-3b-r1-countdown,public_ckpt100,100,seed2,public_lineage_fork,125,cd/490256,1024,1015,0,9,0.37830759,0.23505572,0.80687961,79-,0.8968059,1,5,0.916992
D,philschmid-qwen2.5-3b-r1-countdown,public_ckpt100,100,seed2,public_lineage_fork,125,cd/490254,1024,13,0,1011,0.29875806,0.2719413,0.89655172,90*,0.93103448,1,3,0.375
D,philschmid-qwen2.5-3b-r1-countdown,public_ckpt100,100,seed2,public_lineage_fork,125,cd/490249,1024,944,1,79,0.33478397,0.17204493,0.84432718,96-,0.91556728,1,7,0.802734
D,philschmid-qwen2.5-3b-r1-countdown,public_ckpt100,100,seed2,public_lineage_fork,125,cd/490248,1024,793,0,231,0.13770669,0.19866876,0.93828715,54-,0.96914358,1,2,0.0
D,philschmid-qwen2.5-3b-r1-countdown,public_ckpt100,100,seed2,public_lineage_fork,125,cd/490246,1024,1017,0,7,0.31324051,0.19462727,0.87591957,52-,0.92643453,1,5,0.956055
D,philschmid-qwen2.5-3b-r1-countdown,public_ckpt100,100,seed2,public_lineage_fork,125,cd/490245,1024,1015,0,9,0.43131216,0.20741731,0.79685967,93-,0.88567223,1,8,0.415039
D,philschmid-qwen2.5-3b-r1-countdown,public_ckpt100,100,seed2,public_lineage_fork,125,cd/490243,1024,1001,0,23,0.12631261,0.07848244,0.96063777,72-,0.97708022,1,5,0.824219
D,philschmid-qwen2.5-3b-r1-countdown,public_ckpt100,100,seed2,public_lineage_fork,125,cd/490241,1024,1016,0,8,0.40460526,0.25139538,0.73244968,98-,0.86548846,2,5,0.888672
D,philschmid-qwen2.5-3b-r1-countdown,public_ckpt100,100,seed2,public_lineage_fork,125,cd/490240,1024,1017,0,7,0.01690875,0.01050599,0.99754782,85-,0.99803825,1,5,0.770508
D,philschmid-qwen2.5-3b-r1-countdown,public_ckpt100,100,seed2,public_lineage_fork,125,cd/490239,1024,206,5,813,0.05975407,0.0543905,0.98313253,27-,0.99036145,1,3,0.0
D,philschmid-qwen2.5-3b-r1-countdown,public_ckpt100,100,seed2,public_lineage_fork,125,cd/490237,1024,957,0,67,0.00446646,0.00644374,0.99895616,96-,0.99947808,1,2,0.0
D,philschmid-qwen2.5-3b-r1-countdown,public_ckpt100,100,seed2,public_lineage_fork,125,cd/490236,1024,975,0,49,0.34041114,0.16370315,0.89785495,97-,0.93105209,1,8,0.277344
D,philschmid-qwen2.5-3b-r1-countdown,public_ckpt100,100,seed2,public_lineage_fork,125,cd/490235,1024,1015,1,8,0.33990248,0.17467532,0.87972509,90-,0.92243495,1,7,0.713867
D,philschmid-qwen2.5-3b-r1-countdown,public_ckpt100,100,seed2,public_lineage_fork,125,cd/490234,1024,1019,0,5,0.43559645,0.27065129,0.69799315,83-,0.84826236,2,5,0.969727
D,philschmid-qwen2.5-3b-r1-countdown,public_ckpt100,100,seed2,public_lineage_fork,125,cd/490233,1024,1022,0,2,0.5319829,0.33053956,0.57881894,92-,0.78818936,2,5,0.993164
D,philschmid-qwen2.5-3b-r1-countdown,public_ckpt100,100,seed2,public_lineage_fork,125,cd/490232,1024,982,1,41,0.00872776,0.00794435,0.99847483,88-,0.99898322,1,3,0.0
D,philschmid-qwen2.5-3b-r1-countdown,public_ckpt100,100,seed2,public_lineage_fork,125,cd/490231,1024,979,1,44,0.5368226,0.2581571,0.58087487,66-,0.7889115,2,8,0.806641
D,philschmid-qwen2.5-3b-r1-countdown,public_ckpt100,100,seed2,public_lineage_fork,125,cd/490229,1024,943,2,79,0.45660685,0.21958148,0.73812038,87-,0.86219641,2,8,0.652344
D,philschmid-qwen2.5-3b-r1-countdown,public_ckpt100,100,seed2,public_lineage_fork,125,cd/490228,1024,1014,4,6,0.02380664,0.0147919,0.99557304,56+,0.9970487,1,5,0.955078
D,philschmid-qwen2.5-3b-r1-countdown,public_ckpt100,100,seed2,public_lineage_fork,125,cd/490227,1024,1021,1,2,0.67001835,0.41630581,0.55691255,43+,0.75769419,2,5,0.954102
D,philschmid-qwen2.5-3b-r1-countdown,public_ckpt100,100,seed2,public_lineage_fork,125,cd/490225,1024,1024,0,0,0.04595914,0.02855602,0.9878227,91-,0.99318071,1,5,0.985352
D,philschmid-qwen2.5-3b-r1-countdown,public_ckpt100,100,seed2,public_lineage_fork,125,cd/490221,1024,992,0,32,0.45405111,0.28211782,0.74308698,79-,0.86324786,2,5,0.967773
D,philschmid-qwen2.5-3b-r1-countdown,public_ckpt100,100,seed2,public_lineage_fork,125,cd/490219,1024,976,2,46,0.5999363,0.37276138,0.4629535,94+,0.73019928,2,5,0.867188
D,philschmid-qwen2.5-3b-r1-countdown,public_ckpt100,100,seed2,public_lineage_fork,125,cd/490217,1024,950,1,73,0.45312238,0.41244976,0.66841829,74-,0.8339464,2,3,0.0
D,philschmid-qwen2.5-3b-r1-countdown,public_ckpt100,100,seed2,public_lineage_fork,125,cd/490215,1024,1012,0,12,0.34932494,0.21704779,0.85362247,61-,0.91424347,1,5,0.858398
D,philschmid-qwen2.5-3b-r1-countdown,public_ckpt100,100,seed2,public_lineage_fork,125,cd/490214,1024,1008,0,16,0.01542428,0.01403979,0.99653294,73-,0.99801882,1,3,0.706055
D,philschmid-qwen2.5-3b-r1-countdown,public_ckpt100,100,seed2,public_lineage_fork,125,cd/490213,1024,1012,0,12,0.50055478,0.25723427,0.72870507,34-,0.85327425,2,7,0.6875
D,philschmid-qwen2.5-3b-r1-countdown,public_ckpt100,100,seed2,public_lineage_fork,125,cd/490212,1024,1021,1,2,0.5873812,0.36496046,0.57840743,49+,0.78114314,2,5,0.938477
D,philschmid-qwen2.5-3b-r1-countdown,public_ckpt100,100,seed2,public_lineage_fork,125,cd/490211,1024,1023,0,1,0.25000892,0.15533927,0.87079473,79-,0.93466602,1,5,0.998047
D,philschmid-qwen2.5-3b-r1-countdown,public_ckpt100,100,seed2,public_lineage_fork,125,cd/490208,1024,943,0,81,0.50166367,0.31170116,0.62400846,94-,0.81068218,2,5,0.984375
D,philschmid-qwen2.5-3b-r1-countdown,public_ckpt100,100,seed2,public_lineage_fork,125,cd/490207,1024,931,7,86,0.65845797,0.40912294,0.49062667,80+,0.73540439,2,5,0.917969
D,philschmid-qwen2.5-3b-r1-countdown,public_ckpt100,100,seed2,public_lineage_fork,125,cd/490206,1024,1021,0,3,0.23341219,0.14502715,0.92427943,68-,0.95114802,1,5,0.96582
D,philschmid-qwen2.5-3b-r1-countdown,public_ckpt100,100,seed2,public_lineage_fork,125,cd/490205,1024,981,0,43,0.64444393,0.40041553,0.34468734,72+,0.67158109,2,5,0.973633
D,philschmid-qwen2.5-3b-r1-countdown,public_ckpt100,100,seed2,public_lineage_fork,125,cd/490204,1024,1018,0,6,0.45403872,0.21834647,0.82387476,90-,0.88502935,1,8,0.331055
D,philschmid-qwen2.5-3b-r1-countdown,public_ckpt100,100,seed2,public_lineage_fork,125,cd/490203,1024,892,8,124,0.64969542,0.59137826,0.30665921,40+,0.6530498,2,3,0.987305
D,philschmid-qwen2.5-3b-r1-countdown,public_ckpt100,100,seed2,public_lineage_fork,125,cd/490202,1024,985,0,39,0.00435423,0.00628183,0.9989858,97-,0.9994929,1,2,0.0
D,philschmid-qwen2.5-3b-r1-countdown,public_ckpt100,100,seed2,public_lineage_fork,125,cd/490201,1024,1023,1,0,0.58592709,0.36405697,0.49829352,82+,0.74744027,2,5,0.981445
D,philschmid-qwen2.5-3b-r1-countdown,public_ckpt100,100,seed2,public_lineage_fork,125,cd/490199,1024,978,1,45,0.61618245,0.38285568,0.49770525,57+,0.74400816,2,5,0.980469
D,philschmid-qwen2.5-3b-r1-countdown,public_ckpt100,100,seed3,public_lineage_fork,105,cd/490363,1024,975,8,41,1.17047881,0.56288132,0.41266599,83-,0.6195097,2,8,0.481445
D,philschmid-qwen2.5-3b-r1-countdown,public_ckpt100,100,seed3,public_lineage_fork,105,cd/490361,1024,868,26,130,0.03239049,0.0294831,0.99252444,98-,0.99539965,1,3,0.698242
D,philschmid-qwen2.5-3b-r1-countdown,public_ckpt100,100,seed3,public_lineage_fork,105,cd/490360,1024,521,11,492,0.98881385,0.5081498,0.62726406,73-,0.72545281,1,7,0.149414
D,philschmid-qwen2.5-3b-r1-countdown,public_ckpt100,100,seed3,public_lineage_fork,105,cd/490357,1024,940,16,68,0.79865514,0.49623234,0.65464191,89-,0.76657825,2,5,0.772461
D,philschmid-qwen2.5-3b-r1-countdown,public_ckpt100,100,seed3,public_lineage_fork,105,cd/490356,1024,819,3,202,0.78295049,0.43697299,0.66301703,79-,0.78406326,2,6,0.001953
D,philschmid-qwen2.5-3b-r1-countdown,public_ckpt100,100,seed3,public_lineage_fork,105,cd/490354,1024,949,17,58,1.20775061,0.52451943,0.25681342,72-,0.54245283,3,10,0.448242
D,philschmid-qwen2.5-3b-r1-countdown,public_ckpt100,100,seed3,public_lineage_fork,105,cd/490353,1024,780,17,227,0.5987497,0.37202411,0.61214058,62-,0.7942492,2,5,0.663086
D,philschmid-qwen2.5-3b-r1-countdown,public_ckpt100,100,seed3,public_lineage_fork,105,cd/490352,1024,225,16,783,0.50248546,0.31221177,0.84395604,57-,0.88571429,1,5,0.0
D,philschmid-qwen2.5-3b-r1-countdown,public_ckpt100,100,seed3,public_lineage_fork,105,cd/490351,1024,615,11,398,1.06270209,0.54612084,0.17138238,77+,0.52627324,2,7,0.458008
D,philschmid-qwen2.5-3b-r1-countdown,public_ckpt100,100,seed3,public_lineage_fork,105,cd/490348,1024,960,13,51,0.54508162,0.33867825,0.79688312,52-,0.86493506,1,5,0.135742
D,philschmid-qwen2.5-3b-r1-countdown,public_ckpt100,100,seed3,public_lineage_fork,105,cd/490347,1024,953,11,60,1.09327831,0.52575573,0.51306165,59-,0.6630094,3,8,0.25
D,philschmid-qwen2.5-3b-r1-countdown,public_ckpt100,100,seed3,public_lineage_fork,105,cd/490344,1024,858,28,138,0.43439478,0.39540317,0.69924375,88-,0.84874927,2,3,0.827148
D,philschmid-qwen2.5-3b-r1-countdown,public_ckpt100,100,seed3,public_lineage_fork,105,cd/490343,1024,947,5,72,0.80600351,0.41420387,0.68700684,94-,0.7864282,1,7,0.064453
D,philschmid-qwen2.5-3b-r1-countdown,public_ckpt100,100,seed3,public_lineage_fork,105,cd/490342,1024,794,6,224,1.54530375,0.79412904,0.00626959,68-,0.27648903,4,7,0.193359
D,philschmid-qwen2.5-3b-r1-countdown,public_ckpt100,100,seed3,public_lineage_fork,105,cd/490341,1024,919,16,89,1.17591192,0.53518058,0.20140769,62-,0.52355171,3,9,0.173828
D,philschmid-qwen2.5-3b-r1-countdown,public_ckpt100,100,seed3,public_lineage_fork,105,cd/490340,1024,795,9,220,0.53562971,0.38637517,0.65244668,96-,0.81869511,2,4,0.135742
D,philschmid-qwen2.5-3b-r1-countdown,public_ckpt100,100,seed3,public_lineage_fork,105,cd/490339,1024,770,22,232,0.95718522,0.59473262,0.48414239,45+,0.67249191,2,5,0.902344
D,philschmid-qwen2.5-3b-r1-countdown,public_ckpt100,100,seed3,public_lineage_fork,105,cd/490338,1024,921,9,94,0.88313696,0.4246991,0.63891892,92-,0.76378378,2,8,0.375977
D,philschmid-qwen2.5-3b-r1-countdown,public_ckpt100,100,seed3,public_lineage_fork,105,cd/490337,1024,952,13,59,0.81834217,0.50846458,0.57936092,79-,0.74122577,2,5,0.798828
D,philschmid-qwen2.5-3b-r1-countdown,public_ckpt100,100,seed3,public_lineage_fork,105,cd/490335,1024,879,9,136,1.32730224,0.68209842,0.18583569,65+,0.48895184,2,7,0.448242
D,philschmid-qwen2.5-3b-r1-countdown,public_ckpt100,100,seed3,public_lineage_fork,105,cd/490334,1024,784,24,216,0.76280768,0.47395906,0.43483789,46+,0.69739352,2,5,0.900391
D,philschmid-qwen2.5-3b-r1-countdown,public_ckpt100,100,seed3,public_lineage_fork,105,cd/490333,1024,202,14,808,0.71364409,0.64958684,0.4963145,55-,0.72481572,2,3,0.005859
D,philschmid-qwen2.5-3b-r1-countdown,public_ckpt100,100,seed3,public_lineage_fork,105,cd/490331,1024,947,15,62,1.28101803,0.61603945,0.26288118,63-,0.52523659,3,8,0.337891
D,philschmid-qwen2.5-3b-r1-countdown,public_ckpt100,100,seed3,public_lineage_fork,105,cd/490330,1024,55,5,964,0.87647616,0.79780298,0.10619469,85-,0.52212389,2,3,0.003906
D,philschmid-qwen2.5-3b-r1-countdown,public_ckpt100,100,seed3,public_lineage_fork,105,cd/490327,1024,934,18,72,1.17277388,0.56398502,0.25906183,95-,0.55703625,2,8,0.303711
D,philschmid-qwen2.5-3b-r1-countdown,public_ckpt100,100,seed3,public_lineage_fork,105,cd/490325,1024,826,10,188,0.60313469,0.30994992,0.73538276,90-,0.84086799,2,7,0.076172
D,philschmid-qwen2.5-3b-r1-countdown,public_ckpt100,100,seed3,public_lineage_fork,105,cd/490324,1024,888,11,125,0.58797306,0.3653282,0.76586188,99-,0.84166199,1,5,0.794922
D,philschmid-qwen2.5-3b-r1-countdown,public_ckpt100,100,seed3,public_lineage_fork,105,cd/490322,1024,902,33,89,0.88104713,0.54742536,0.20011056,55-,0.57545605,2,5,0.719727
D,philschmid-qwen2.5-3b-r1-countdown,public_ckpt100,100,seed3,public_lineage_fork,105,cd/490321,1024,654,3,367,0.50701903,0.46150861,0.70327994,64-,0.83981693,2,3,0.0
D,philschmid-qwen2.5-3b-r1-countdown,public_ckpt100,100,seed3,public_lineage_fork,105,cd/490320,1024,224,26,774,0.65715776,0.94807824,0.26666667,36*,0.63333333,2,2,0.053711
D,philschmid-qwen2.5-3b-r1-countdown,public_ckpt100,100,seed3,public_lineage_fork,105,cd/490317,1024,950,10,64,0.76170652,0.47327487,0.68766404,47-,0.78372703,1,5,0.614258
D,philschmid-qwen2.5-3b-r1-countdown,public_ckpt100,100,seed3,public_lineage_fork,105,cd/490316,1024,835,11,178,0.96630144,0.60039684,0.13850746,26-,0.52716418,2,5,0.689453
D,philschmid-qwen2.5-3b-r1-countdown,public_ckpt100,100,seed3,public_lineage_fork,105,cd/490315,1024,953,8,63,0.72699583,0.45170791,0.6729461,87-,0.79696494,2,5,0.800781
D,philschmid-qwen2.5-3b-r1-countdown,public_ckpt100,100,seed3,public_lineage_fork,105,cd/490313,1024,946,15,63,0.71095067,0.44173849,0.63679494,98-,0.78176067,2,5,0.825195
D,philschmid-qwen2.5-3b-r1-countdown,public_ckpt100,100,seed3,public_lineage_fork,105,cd/490312,1024,829,7,188,0.3369873,0.30673906,0.80915111,90-,0.90246839,1,3,0.826172
D,philschmid-qwen2.5-3b-r1-countdown,public_ckpt100,100,seed3,public_lineage_fork,105,cd/490309,1024,926,13,85,0.92240531,0.3712032,0.52038627,96-,0.70761803,2,12,0.006836
D,philschmid-qwen2.5-3b-r1-countdown,public_ckpt100,100,seed3,public_lineage_fork,105,cd/490308,1024,82,9,933,0.58433437,0.84301629,0.45783133,11*,0.72891566,2,2,0.158203
D,philschmid-qwen2.5-3b-r1-countdown,public_ckpt100,100,seed3,public_lineage_fork,105,cd/490307,1024,909,21,94,0.90361991,0.43454932,0.6177437,72-,0.74424973,2,8,0.401367
D,philschmid-qwen2.5-3b-r1-countdown,public_ckpt100,100,seed3,public_lineage_fork,105,cd/490306,1024,67,4,953,0.37677016,0.54356444,0.75,50-,0.875,2,2,0.0
D,philschmid-qwen2.5-3b-r1-countdown,public_ckpt100,100,seed3,public_lineage_fork,105,cd/490305,1024,88,22,914,0.49569386,0.71513508,0.60674157,15*,0.80337079,2,2,0.157227
D,philschmid-qwen2.5-3b-r1-countdown,public_ckpt100,100,seed3,public_lineage_fork,105,cd/490304,1024,262,34,728,0.25737472,0.23427257,0.91081594,76-,0.943074,1,3,0.0
D,philschmid-qwen2.5-3b-r1-countdown,public_ckpt100,100,seed3,public_lineage_fork,105,cd/490303,1024,886,5,133,1.58914075,0.76421516,0.15730337,68+,0.36235955,4,8,0.335938
D,philschmid-qwen2.5-3b-r1-countdown,public_ckpt100,100,seed3,public_lineage_fork,105,cd/490297,1024,778,27,219,0.75480793,0.68705579,0.09878127,22+,0.54201411,2,3,0.78125
D,philschmid-qwen2.5-3b-r1-countdown,public_ckpt100,100,seed3,public_lineage_fork,105,cd/490296,1024,916,9,99,0.99656011,0.47924411,0.44782609,99-,0.66902174,2,8,0.414062
D,philschmid-qwen2.5-3b-r1-countdown,public_ckpt100,100,seed3,public_lineage_fork,105,cd/490292,1024,766,5,253,1.29407781,0.56201085,0.11413748,44+,0.45201038,3,10,0.074219
D,philschmid-qwen2.5-3b-r1-countdown,public_ckpt100,100,seed3,public_lineage_fork,105,cd/490290,1024,781,21,222,1.07871906,0.67024584,0.17358009,40-,0.52265475,2,5,0.680664
D,philschmid-qwen2.5-3b-r1-countdown,public_ckpt100,100,seed3,public_lineage_fork,105,cd/490288,1024,357,0,667,0.55890839,0.31193271,0.825,24*,0.87361111,1,6,0.00293
D,philschmid-qwen2.5-3b-r1-countdown,public_ckpt100,100,seed3,public_lineage_fork,105,cd/490287,1024,959,15,50,0.91115863,0.56613469,0.58034321,97-,0.72438898,2,5,0.505859
D,philschmid-qwen2.5-3b-r1-countdown,public_ckpt100,100,seed3,public_lineage_fork,105,cd/490283,1024,893,20,111,0.44770267,0.27817331,0.8654383,91-,0.90284757,1,5,0.542969
D,philschmid-qwen2.5-3b-r1-countdown,public_ckpt100,100,seed3,public_lineage_fork,105,cd/490282,1024,943,12,69,0.80678592,0.50128428,0.39238498,78-,0.67318879,2,5,0.870117
D,philschmid-qwen2.5-3b-r1-countdown,public_ckpt100,100,seed3,public_lineage_fork,105,cd/490281,1024,752,6,266,0.64073083,0.39810845,0.64811133,27-,0.7972167,2,5,0.833984
D,philschmid-qwen2.5-3b-r1-countdown,public_ckpt100,100,seed3,public_lineage_fork,105,cd/490280,1024,967,15,42,0.74611883,0.4635897,0.62815884,45-,0.77720474,2,5,0.78125
D,philschmid-qwen2.5-3b-r1-countdown,public_ckpt100,100,seed3,public_lineage_fork,105,cd/490279,1024,940,27,57,0.86097271,0.53495242,0.56127321,50-,0.71140584,3,5,0.624023
D,philschmid-qwen2.5-3b-r1-countdown,public_ckpt100,100,seed3,public_lineage_fork,105,cd/490276,1024,964,19,41,0.53645693,0.33331943,0.72943611,83-,0.84790481,2,5,0.885742
D,philschmid-qwen2.5-3b-r1-countdown,public_ckpt100,100,seed3,public_lineage_fork,105,cd/490275,1024,240,4,780,0.15260797,0.22016676,0.92946058,59-,0.96473029,1,2,0.013672
D,philschmid-qwen2.5-3b-r1-countdown,public_ckpt100,100,seed3,public_lineage_fork,105,cd/490274,1024,772,12,240,0.35180561,0.2537741,0.86821705,55-,0.91795866,1,4,0.0
D,philschmid-qwen2.5-3b-r1-countdown,public_ckpt100,100,seed3,public_lineage_fork,105,cd/490271,1024,945,10,69,0.76963969,0.47820403,0.57730871,95-,0.73825858,2,5,0.795898
D,philschmid-qwen2.5-3b-r1-countdown,public_ckpt100,100,seed3,public_lineage_fork,105,cd/490270,1024,707,12,305,0.59594291,0.85976388,0.43361582,88-,0.71680791,2,2,0.000977
D,philschmid-qwen2.5-3b-r1-countdown,public_ckpt100,100,seed3,public_lineage_fork,105,cd/490268,1024,638,9,377,0.73601429,0.66994908,0.45973417,11+,0.70602033,2,3,0.586914
D,philschmid-qwen2.5-3b-r1-countdown,public_ckpt100,100,seed3,public_lineage_fork,105,cd/490267,1024,900,24,100,0.65714587,0.40830769,0.62382271,75-,0.78836565,2,5,0.792969
D,philschmid-qwen2.5-3b-r1-countdown,public_ckpt100,100,seed3,public_lineage_fork,105,cd/490266,1024,897,28,99,0.79510936,0.49402922,0.55252918,92-,0.73096165,2,5,0.0
D,philschmid-qwen2.5-3b-r1-countdown,public_ckpt100,100,seed3,public_lineage_fork,105,cd/490264,1024,130,7,887,0.65420311,0.59548133,0.64638783,34-,0.78707224,2,3,0.011719
D,philschmid-qwen2.5-3b-r1-countdown,public_ckpt100,100,seed3,public_lineage_fork,105,cd/490263,1024,964,11,49,1.35440453,0.6513309,0.48553719,32-,0.61105372,2,8,0.314453
D,philschmid-qwen2.5-3b-r1-countdown,public_ckpt100,100,seed3,public_lineage_fork,105,cd/490262,1024,511,11,502,0.62579943,0.56962719,0.52292683,32*,0.75219512,2,3,0.018555
D,philschmid-qwen2.5-3b-r1-countdown,public_ckpt100,100,seed3,public_lineage_fork,105,cd/490261,1024,941,10,73,0.67101509,0.41692512,0.76311606,60-,0.82829889,1,5,0.829102
D,philschmid-qwen2.5-3b-r1-countdown,public_ckpt100,100,seed3,public_lineage_fork,105,cd/490260,1024,661,24,339,0.68094614,0.61982389,0.49509434,67-,0.73132075,2,3,0.738281
D,philschmid-qwen2.5-3b-r1-countdown,public_ckpt100,100,seed3,public_lineage_fork,105,cd/490259,1024,762,17,245,0.25206161,0.22943636,0.89849378,74-,0.94237066,1,3,0.609375
D,philschmid-qwen2.5-3b-r1-countdown,public_ckpt100,100,seed3,public_lineage_fork,105,cd/490258,1024,925,10,89,0.7675272,0.36910256,0.74381055,84-,0.81324004,1,8,0.59375
D,philschmid-qwen2.5-3b-r1-countdown,public_ckpt100,100,seed3,public_lineage_fork,105,cd/490256,1024,946,27,51,0.9048144,0.5621928,0.60305746,79-,0.73431734,2,5,0.807617
D,philschmid-qwen2.5-3b-r1-countdown,public_ckpt100,100,seed3,public_lineage_fork,105,cd/490254,1024,126,7,891,0.84617861,0.77022496,0.15686275,90*,0.55294118,2,3,0.043945
D,philschmid-qwen2.5-3b-r1-countdown,public_ckpt100,100,seed3,public_lineage_fork,105,cd/490249,1024,927,3,94,0.87122807,0.44772266,0.64588931,96-,0.7603439,2,7,0.686523
D,philschmid-qwen2.5-3b-r1-countdown,public_ckpt100,100,seed3,public_lineage_fork,105,cd/490248,1024,735,11,278,0.67306672,0.97103002,0.19972826,54-,0.59986413,2,2,0.010742
D,philschmid-qwen2.5-3b-r1-countdown,public_ckpt100,100,seed3,public_lineage_fork,105,cd/490246,1024,951,10,63,0.87636908,0.54451873,0.63555322,52-,0.74200315,3,5,0.786133
D,philschmid-qwen2.5-3b-r1-countdown,public_ckpt100,100,seed3,public_lineage_fork,105,cd/490245,1024,963,6,55,0.94058422,0.4523254,0.65770424,93-,0.7409514,1,8,0.478516
D,philschmid-qwen2.5-3b-r1-countdown,public_ckpt100,100,seed3,public_lineage_fork,105,cd/490243,1024,896,9,119,0.74702259,0.46415123,0.6688926,72-,0.78297162,2,5,0.27832
D,philschmid-qwen2.5-3b-r1-countdown,public_ckpt100,100,seed3,public_lineage_fork,105,cd/490241,1024,943,12,69,0.62989523,0.39137591,0.73506081,98-,0.83183501,1,5,0.754883
D,philschmid-qwen2.5-3b-r1-countdown,public_ckpt100,100,seed3,public_lineage_fork,105,cd/490240,1024,908,2,114,0.45502051,0.28272014,0.81383855,85-,0.88907194,1,5,0.307617
D,philschmid-qwen2.5-3b-r1-countdown,public_ckpt100,100,seed3,public_lineage_fork,105,cd/490239,1024,354,8,662,0.23774351,0.21640347,0.89451477,27-,0.94374121,1,3,0.000977
D,philschmid-qwen2.5-3b-r1-countdown,public_ckpt100,100,seed3,public_lineage_fork,105,cd/490237,1024,742,10,272,0.07422385,0.10708239,0.9717362,96-,0.9858681,1,2,0.022461
D,philschmid-qwen2.5-3b-r1-countdown,public_ckpt100,100,seed3,public_lineage_fork,105,cd/490236,1024,928,26,70,0.96258808,0.46290702,0.46995708,97-,0.68508584,2,8,0.628906
D,philschmid-qwen2.5-3b-r1-countdown,public_ckpt100,100,seed3,public_lineage_fork,105,cd/490235,1024,926,15,83,0.8084431,0.41545757,0.71866595,90-,0.79343733,1,7,0.245117
D,philschmid-qwen2.5-3b-r1-countdown,public_ckpt100,100,seed3,public_lineage_fork,105,cd/490234,1024,937,11,76,0.75495553,0.46908025,0.55667908,83-,0.74667376,2,5,0.817383
D,philschmid-qwen2.5-3b-r1-countdown,public_ckpt100,100,seed3,public_lineage_fork,105,cd/490233,1024,864,31,129,0.55654626,0.34580163,0.77437969,92-,0.85920369,1,5,0.606445
D,philschmid-qwen2.5-3b-r1-countdown,public_ckpt100,100,seed3,public_lineage_fork,105,cd/490232,1024,639,23,362,0.04027851,0.03666308,0.9882904,88-,0.99375488,1,3,0.0
D,philschmid-qwen2.5-3b-r1-countdown,public_ckpt100,100,seed3,public_lineage_fork,105,cd/490231,1024,946,11,67,0.87127699,0.41899566,0.65368421,66-,0.76578947,2,8,0.445312
D,philschmid-qwen2.5-3b-r1-countdown,public_ckpt100,100,seed3,public_lineage_fork,105,cd/490229,1024,908,4,112,1.18142728,0.56814643,0.40131579,87-,0.59046053,3,8,0.376953
D,philschmid-qwen2.5-3b-r1-countdown,public_ckpt100,100,seed3,public_lineage_fork,105,cd/490228,1024,910,20,94,0.77392926,0.48086929,0.19068493,56+,0.58575342,2,5,0.749023
D,philschmid-qwen2.5-3b-r1-countdown,public_ckpt100,100,seed3,public_lineage_fork,105,cd/490227,1024,963,15,46,1.2504417,0.77694311,0.01450026,43-,0.33713102,3,5,0.738281
D,philschmid-qwen2.5-3b-r1-countdown,public_ckpt100,100,seed3,public_lineage_fork,105,cd/490225,1024,939,17,68,0.67423445,0.41892542,0.69676049,91-,0.80669145,2,5,0.827148
D,philschmid-qwen2.5-3b-r1-countdown,public_ckpt100,100,seed3,public_lineage_fork,105,cd/490221,1024,904,26,94,0.50893322,0.31621799,0.81081081,79-,0.87424159,1,5,0.826172
D,philschmid-qwen2.5-3b-r1-countdown,public_ckpt100,100,seed3,public_lineage_fork,105,cd/490219,1024,787,16,221,1.04417678,0.64878351,0.19886004,94-,0.54654845,2,5,0.619141
D,philschmid-qwen2.5-3b-r1-countdown,public_ckpt100,100,seed3,public_lineage_fork,105,cd/490217,1024,879,5,140,0.44800718,0.40779371,0.72118115,74-,0.85576377,2,3,0.0
D,philschmid-qwen2.5-3b-r1-countdown,public_ckpt100,100,seed3,public_lineage_fork,105,cd/490215,1024,933,15,76,0.67627714,0.42019461,0.74505612,61-,0.82255478,1,5,0.776367
D,philschmid-qwen2.5-3b-r1-countdown,public_ckpt100,100,seed3,public_lineage_fork,105,cd/490214,1024,875,17,132,0.08443825,0.076859,0.97318882,73-,0.98516828,1,3,0.949219
D,philschmid-qwen2.5-3b-r1-countdown,public_ckpt100,100,seed3,public_lineage_fork,105,cd/490213,1024,923,14,87,1.48107873,0.76112391,0.03237992,44-,0.37398813,3,7,0.262695
D,philschmid-qwen2.5-3b-r1-countdown,public_ckpt100,100,seed3,public_lineage_fork,105,cd/490212,1024,963,17,44,1.16314583,0.72270314,0.04660798,49-,0.41895391,3,5,0.893555
D,philschmid-qwen2.5-3b-r1-countdown,public_ckpt100,100,seed3,public_lineage_fork,105,cd/490211,1024,907,20,97,0.65723459,0.40836281,0.67729522,79-,0.80868609,2,5,0.867188
D,philschmid-qwen2.5-3b-r1-countdown,public_ckpt100,100,seed3,public_lineage_fork,105,cd/490208,1024,855,8,161,0.69322882,0.43072728,0.53177843,94-,0.74810496,2,5,0.848633
D,philschmid-qwen2.5-3b-r1-countdown,public_ckpt100,100,seed3,public_lineage_fork,105,cd/490207,1024,808,22,194,0.9964276,0.61911528,0.49969155,80-,0.66193708,3,5,0.806641
D,philschmid-qwen2.5-3b-r1-countdown,public_ckpt100,100,seed3,public_lineage_fork,105,cd/490206,1024,958,10,56,0.7828147,0.48639012,0.65799063,68-,0.77719938,2,5,0.519531
D,philschmid-qwen2.5-3b-r1-countdown,public_ckpt100,100,seed3,public_lineage_fork,105,cd/490205,1024,743,19,262,0.92726307,0.57614094,0.101945,72-,0.51978538,2,5,0.726562
D,philschmid-qwen2.5-3b-r1-countdown,public_ckpt100,100,seed3,public_lineage_fork,105,cd/490204,1024,912,15,97,1.14913869,0.55261889,0.38646288,90-,0.61626638,2,8,0.146484
D,philschmid-qwen2.5-3b-r1-countdown,public_ckpt100,100,seed3,public_lineage_fork,105,cd/490203,1024,727,11,286,0.71518068,0.65098551,0.1839396,38+,0.58819492,2,3,0.6875
D,philschmid-qwen2.5-3b-r1-countdown,public_ckpt100,100,seed3,public_lineage_fork,105,cd/490202,1024,749,8,267,0.04978068,0.07181835,0.98266667,97-,0.99133333,1,2,0.004883
D,philschmid-qwen2.5-3b-r1-countdown,public_ckpt100,100,seed3,public_lineage_fork,105,cd/490201,1024,926,20,78,0.77890271,0.48395946,0.37910609,82-,0.67151319,2,5,0.87207
D,philschmid-qwen2.5-3b-r1-countdown,public_ckpt100,100,seed3,public_lineage_fork,105,cd/490199,1024,732,8,284,1.09907026,0.68289075,0.40299523,57-,0.59972771,3,5,0.889648
D,philschmid-qwen2.5-3b-r1-countdown,public_ckpt100,100,seed3,public_lineage_fork,110,cd/490363,1024,980,14,30,1.01152011,0.48643835,0.46747967,83-,0.67123984,2,8,0.53125
D,philschmid-qwen2.5-3b-r1-countdown,public_ckpt100,100,seed3,public_lineage_fork,110,cd/490361,1024,879,13,132,0.05153487,0.04690906,0.98693924,98-,0.99204997,1,3,0.624023
D,philschmid-qwen2.5-3b-r1-countdown,public_ckpt100,100,seed3,public_lineage_fork,110,cd/490360,1024,550,14,460,0.87849686,0.45145808,0.64317977,73-,0.75429088,2,7,0.216797
D,philschmid-qwen2.5-3b-r1-countdown,public_ckpt100,100,seed3,public_lineage_fork,110,cd/490357,1024,962,13,49,0.79084783,0.49138138,0.55676516,89-,0.73976153,2,5,0.832031
D,philschmid-qwen2.5-3b-r1-countdown,public_ckpt100,100,seed3,public_lineage_fork,110,cd/490356,1024,847,7,170,0.4455803,0.2486831,0.82941176,79-,0.89588235,1,6,0.003906
D,philschmid-qwen2.5-3b-r1-countdown,public_ckpt100,100,seed3,public_lineage_fork,110,cd/490354,1024,991,10,23,1.13209674,0.49166337,0.23594378,72-,0.55070281,2,10,0.570312
D,philschmid-qwen2.5-3b-r1-countdown,public_ckpt100,100,seed3,public_lineage_fork,110,cd/490353,1024,718,10,296,0.467429,0.29042997,0.78417765,62-,0.87647467,1,5,0.834961
D,philschmid-qwen2.5-3b-r1-countdown,public_ckpt100,100,seed3,public_lineage_fork,110,cd/490352,1024,241,12,771,0.36005857,0.22371697,0.89527721,57-,0.92607803,1,5,0.0
D,philschmid-qwen2.5-3b-r1-countdown,public_ckpt100,100,seed3,public_lineage_fork,110,cd/490351,1024,610,8,406,0.95188157,0.48917036,0.2607987,77+,0.58924205,2,7,0.53125
D,philschmid-qwen2.5-3b-r1-countdown,public_ckpt100,100,seed3,public_lineage_fork,110,cd/490348,1024,971,9,44,0.42473916,0.26390528,0.86286595,52-,0.90344119,1,5,0.255859
D,philschmid-qwen2.5-3b-r1-countdown,public_ckpt100,100,seed3,public_lineage_fork,110,cd/490347,1024,975,12,37,0.97095938,0.46693276,0.5546476,59-,0.71144025,2,8,0.273438
D,philschmid-qwen2.5-3b-r1-countdown,public_ckpt100,100,seed3,public_lineage_fork,110,cd/490344,1024,894,20,110,0.52113898,0.47436115,0.59408152,88-,0.79564489,2,3,0.738281
D,philschmid-qwen2.5-3b-r1-countdown,public_ckpt100,100,seed3,public_lineage_fork,110,cd/490343,1024,947,7,70,0.67153485,0.34510065,0.76906891,94-,0.8337717,1,7,0.056641
D,philschmid-qwen2.5-3b-r1-countdown,public_ckpt100,100,seed3,public_lineage_fork,110,cd/490342,1024,844,6,174,1.51348291,0.77777636,0.00825959,68-,0.27551622,4,7,0.25
D,philschmid-qwen2.5-3b-r1-countdown,public_ckpt100,100,seed3,public_lineage_fork,110,cd/490341,1024,968,13,43,1.13666628,0.51731912,0.15835476,62-,0.51156812,2,9,0.321289
D,philschmid-qwen2.5-3b-r1-countdown,public_ckpt100,100,seed3,public_lineage_fork,110,cd/490340,1024,785,6,233,0.49025925,0.3536473,0.69377382,96-,0.84053367,2,4,0.087891
D,philschmid-qwen2.5-3b-r1-countdown,public_ckpt100,100,seed3,public_lineage_fork,110,cd/490339,1024,753,16,255,0.70534821,0.43825748,0.67637326,45+,0.79351423,2,5,0.914062
D,philschmid-qwen2.5-3b-r1-countdown,public_ckpt100,100,seed3,public_lineage_fork,110,cd/490338,1024,961,11,52,0.68089886,0.32744314,0.69740933,92-,0.82020725,2,8,0.435547
D,philschmid-qwen2.5-3b-r1-countdown,public_ckpt100,100,seed3,public_lineage_fork,110,cd/490337,1024,990,5,29,0.72402209,0.44986022,0.62972292,79-,0.7813602,2,5,0.864258
D,philschmid-qwen2.5-3b-r1-countdown,public_ckpt100,100,seed3,public_lineage_fork,110,cd/490335,1024,904,6,114,1.09634011,0.56340737,0.12672176,65+,0.5107438,2,7,0.59375
D,philschmid-qwen2.5-3b-r1-countdown,public_ckpt100,100,seed3,public_lineage_fork,110,cd/490334,1024,719,25,280,0.71934925,0.44695682,0.43381843,46+,0.7033957,2,5,0.927734
D,philschmid-qwen2.5-3b-r1-countdown,public_ckpt100,100,seed3,public_lineage_fork,110,cd/490333,1024,197,21,806,0.62839669,0.57199132,0.53904282,55-,0.7581864,2,3,0.000977
D,philschmid-qwen2.5-3b-r1-countdown,public_ckpt100,100,seed3,public_lineage_fork,110,cd/490331,1024,982,8,34,1.29263924,0.62162807,0.27991886,63-,0.52383367,3,8,0.328125
D,philschmid-qwen2.5-3b-r1-countdown,public_ckpt100,100,seed3,public_lineage_fork,110,cd/490330,1024,41,9,974,0.87344235,0.79504149,0.07058824,85-,0.50588235,2,3,0.005859
D,philschmid-qwen2.5-3b-r1-countdown,public_ckpt100,100,seed3,public_lineage_fork,110,cd/490327,1024,975,11,38,1.10000042,0.52898839,0.30439224,95-,0.58988764,2,8,0.394531
D,philschmid-qwen2.5-3b-r1-countdown,public_ckpt100,100,seed3,public_lineage_fork,110,cd/490325,1024,886,13,125,0.56097052,0.28828182,0.75435638,90-,0.8549747,2,7,0.143555
D,philschmid-qwen2.5-3b-r1-countdown,public_ckpt100,100,seed3,public_lineage_fork,110,cd/490324,1024,873,12,139,0.51335288,0.31896408,0.81439178,99-,0.87549971,1,5,0.889648
D,philschmid-qwen2.5-3b-r1-countdown,public_ckpt100,100,seed3,public_lineage_fork,110,cd/490322,1024,952,22,50,0.82019013,0.50961278,0.03457307,55-,0.50445259,2,5,0.865234
D,philschmid-qwen2.5-3b-r1-countdown,public_ckpt100,100,seed3,public_lineage_fork,110,cd/490321,1024,709,0,315,0.52119844,0.47441527,0.67698804,64-,0.82828994,2,3,0.0
D,philschmid-qwen2.5-3b-r1-countdown,public_ckpt100,100,seed3,public_lineage_fork,110,cd/490320,1024,170,13,841,0.45985114,0.66342496,0.65497076,36*,0.82748538,2,2,0.076172
D,philschmid-qwen2.5-3b-r1-countdown,public_ckpt100,100,seed3,public_lineage_fork,110,cd/490317,1024,940,13,71,0.6985347,0.43402401,0.67267905,47-,0.79310345,2,5,0.75293
D,philschmid-qwen2.5-3b-r1-countdown,public_ckpt100,100,seed3,public_lineage_fork,110,cd/490316,1024,897,10,117,0.84536028,0.52525187,0.07782101,26-,0.52195664,2,5,0.764648
D,philschmid-qwen2.5-3b-r1-countdown,public_ckpt100,100,seed3,public_lineage_fork,110,cd/490315,1024,973,4,47,0.53545497,0.33269688,0.73090723,87-,0.84930805,2,5,0.869141
D,philschmid-qwen2.5-3b-r1-countdown,public_ckpt100,100,seed3,public_lineage_fork,110,cd/490313,1024,987,10,27,0.6044379,0.37555839,0.65992926,98-,0.81101566,2,5,0.90332
D,philschmid-qwen2.5-3b-r1-countdown,public_ckpt100,100,seed3,public_lineage_fork,110,cd/490312,1024,860,6,158,0.39886975,0.36306689,0.73128265,90-,0.86535113,2,3,0.84082
D,philschmid-qwen2.5-3b-r1-countdown,public_ckpt100,100,seed3,public_lineage_fork,110,cd/490309,1024,956,9,59,0.72268916,0.29083151,0.65488565,96-,0.78742204,2,12,0.014648
D,philschmid-qwen2.5-3b-r1-countdown,public_ckpt100,100,seed3,public_lineage_fork,110,cd/490308,1024,53,17,954,0.43534565,0.62807102,0.68518519,11*,0.84259259,2,2,0.262695
D,philschmid-qwen2.5-3b-r1-countdown,public_ckpt100,100,seed3,public_lineage_fork,110,cd/490307,1024,961,18,45,0.67657764,0.32536507,0.7357513,72-,0.82746114,1,8,0.452148
D,philschmid-qwen2.5-3b-r1-countdown,public_ckpt100,100,seed3,public_lineage_fork,110,cd/490306,1024,49,2,973,0.30253782,0.43646982,0.82,50-,0.91,1,2,0.0
D,philschmid-qwen2.5-3b-r1-countdown,public_ckpt100,100,seed3,public_lineage_fork,110,cd/490305,1024,44,20,960,0.48460783,0.69914131,0.62222222,15*,0.81111111,2,2,0.27832
D,philschmid-qwen2.5-3b-r1-countdown,public_ckpt100,100,seed3,public_lineage_fork,110,cd/490304,1024,219,22,783,0.31037168,0.28251248,0.88888889,76-,0.92743764,1,3,0.0
D,philschmid-qwen2.5-3b-r1-countdown,public_ckpt100,100,seed3,public_lineage_fork,110,cd/490303,1024,901,6,117,1.49141604,0.71721951,0.03093923,68+,0.32541436,4,8,0.414062
D,philschmid-qwen2.5-3b-r1-countdown,public_ckpt100,100,seed3,public_lineage_fork,110,cd/490297,1024,851,10,163,0.73991917,0.67350345,0.11495601,22+,0.55190616,2,3,0.844727
D,philschmid-qwen2.5-3b-r1-countdown,public_ckpt100,100,seed3,public_lineage_fork,110,cd/490296,1024,960,8,56,0.86210547,0.4145851,0.54771784,99-,0.73184647,2,8,0.574219
D,philschmid-qwen2.5-3b-r1-countdown,public_ckpt100,100,seed3,public_lineage_fork,110,cd/490292,1024,808,5,211,1.18752523,0.51573565,0.12915129,44+,0.46555966,3,10,0.067383
D,philschmid-qwen2.5-3b-r1-countdown,public_ckpt100,100,seed3,public_lineage_fork,110,cd/490290,1024,735,18,271,0.92810215,0.57666229,0.24813559,40-,0.58779661,2,5,0.773438
D,philschmid-qwen2.5-3b-r1-countdown,public_ckpt100,100,seed3,public_lineage_fork,110,cd/490288,1024,321,3,700,0.24188061,0.13499614,0.9382716,24*,0.95524691,1,6,0.004883
D,philschmid-qwen2.5-3b-r1-countdown,public_ckpt100,100,seed3,public_lineage_fork,110,cd/490287,1024,972,10,42,0.86092933,0.53492547,0.59928168,97-,0.73422268,2,5,0.635742
D,philschmid-qwen2.5-3b-r1-countdown,public_ckpt100,100,seed3,public_lineage_fork,110,cd/490283,1024,925,14,85,0.34717471,0.21571177,0.88086253,91-,0.92560647,1,5,0.671875
D,philschmid-qwen2.5-3b-r1-countdown,public_ckpt100,100,seed3,public_lineage_fork,110,cd/490282,1024,968,11,45,0.76138922,0.47307772,0.26378156,78-,0.62184441,2,5,0.908203
D,philschmid-qwen2.5-3b-r1-countdown,public_ckpt100,100,seed3,public_lineage_fork,110,cd/490281,1024,694,10,320,0.48915286,0.30392776,0.75807609,27-,0.86216798,2,5,0.883789
D,philschmid-qwen2.5-3b-r1-countdown,public_ckpt100,100,seed3,public_lineage_fork,110,cd/490280,1024,993,8,23,0.7695462,0.47814594,0.55750879,45-,0.74786539,2,5,0.830078
D,philschmid-qwen2.5-3b-r1-countdown,public_ckpt100,100,seed3,public_lineage_fork,110,cd/490279,1024,967,19,38,0.88225013,0.54817283,0.48788035,50-,0.68231047,3,5,0.777344
D,philschmid-qwen2.5-3b-r1-countdown,public_ckpt100,100,seed3,public_lineage_fork,110,cd/490276,1024,993,12,19,0.47491807,0.29508319,0.71220492,83-,0.85032647,2,5,0.916992
D,philschmid-qwen2.5-3b-r1-countdown,public_ckpt100,100,seed3,public_lineage_fork,110,cd/490275,1024,297,7,720,0.14121495,0.20373011,0.93624161,59-,0.96812081,1,2,0.017578
D,philschmid-qwen2.5-3b-r1-countdown,public_ckpt100,100,seed3,public_lineage_fork,110,cd/490274,1024,779,8,237,0.26569717,0.19166,0.91165173,55-,0.94430218,1,4,0.000977
D,philschmid-qwen2.5-3b-r1-countdown,public_ckpt100,100,seed3,public_lineage_fork,110,cd/490271,1024,964,11,49,0.78687965,0.48891582,0.4821521,95-,0.70822556,2,5,0.870117
D,philschmid-qwen2.5-3b-r1-countdown,public_ckpt100,100,seed3,public_lineage_fork,110,cd/490270,1024,736,17,271,0.5326179,0.7684052,0.55088195,88-,0.77544098,2,2,0.0
D,philschmid-qwen2.5-3b-r1-countdown,public_ckpt100,100,seed3,public_lineage_fork,110,cd/490268,1024,700,26,298,0.73124341,0.66560644,0.36350677,11+,0.6678546,2,3,0.689453
D,philschmid-qwen2.5-3b-r1-countdown,public_ckpt100,100,seed3,public_lineage_fork,110,cd/490267,1024,950,15,59,0.56302679,0.34982821,0.65406824,75-,0.8152231,2,5,0.908203
D,philschmid-qwen2.5-3b-r1-countdown,public_ckpt100,100,seed3,public_lineage_fork,110,cd/490266,1024,931,14,79,0.73715383,0.45801943,0.62988752,92-,0.76754151,2,5,0.000977
D,philschmid-qwen2.5-3b-r1-countdown,public_ckpt100,100,seed3,public_lineage_fork,110,cd/490264,1024,117,12,895,0.37183002,0.33845427,0.85232068,34-,0.907173,1,3,0.006836
D,philschmid-qwen2.5-3b-r1-countdown,public_ckpt100,100,seed3,public_lineage_fork,110,cd/490263,1024,967,16,41,1.1902893,0.57240816,0.60762101,32-,0.68640577,1,8,0.370117
D,philschmid-qwen2.5-3b-r1-countdown,public_ckpt100,100,seed3,public_lineage_fork,110,cd/490262,1024,447,23,554,0.72414064,0.65914122,0.30992196,32*,0.64548495,2,3,0.040039
D,philschmid-qwen2.5-3b-r1-countdown,public_ckpt100,100,seed3,public_lineage_fork,110,cd/490261,1024,978,7,39,0.63766252,0.396202,0.75165732,60-,0.82967874,1,5,0.901367
D,philschmid-qwen2.5-3b-r1-countdown,public_ckpt100,100,seed3,public_lineage_fork,110,cd/490260,1024,720,15,289,0.73414869,0.66825094,0.3035343,67-,0.64102564,2,3,0.708008
D,philschmid-qwen2.5-3b-r1-countdown,public_ckpt100,100,seed3,public_lineage_fork,110,cd/490259,1024,822,16,186,0.22249159,0.20252058,0.90103218,74-,0.94778385,1,3,0.550781
D,philschmid-qwen2.5-3b-r1-countdown,public_ckpt100,100,seed3,public_lineage_fork,110,cd/490258,1024,980,5,39,0.6320529,0.30395319,0.78556911,84-,0.85010163,1,8,0.694336
D,philschmid-qwen2.5-3b-r1-countdown,public_ckpt100,100,seed3,public_lineage_fork,110,cd/490256,1024,967,19,38,0.86227649,0.53576251,0.61887571,79-,0.74935534,2,5,0.885742
D,philschmid-qwen2.5-3b-r1-countdown,public_ckpt100,100,seed3,public_lineage_fork,110,cd/490254,1024,92,7,925,0.70051425,0.63763555,0.42780749,90*,0.70053476,2,3,0.063477
D,philschmid-qwen2.5-3b-r1-countdown,public_ckpt100,100,seed3,public_lineage_fork,110,cd/490249,1024,941,4,79,0.78648244,0.40417202,0.66701959,96-,0.77766014,2,7,0.759766
D,philschmid-qwen2.5-3b-r1-countdown,public_ckpt100,100,seed3,public_lineage_fork,110,cd/490248,1024,791,9,224,0.61182407,0.88267555,0.39772727,54-,0.69886364,2,2,0.013672
D,philschmid-qwen2.5-3b-r1-countdown,public_ckpt100,100,seed3,public_lineage_fork,110,cd/490246,1024,978,8,38,0.86163779,0.53536566,0.51402346,52-,0.70525242,2,5,0.886719
D,philschmid-qwen2.5-3b-r1-countdown,public_ckpt100,100,seed3,public_lineage_fork,110,cd/490245,1024,984,10,30,0.84560729,0.40665115,0.69736842,93-,0.77378543,1,8,0.621094
D,philschmid-qwen2.5-3b-r1-countdown,public_ckpt100,100,seed3,public_lineage_fork,110,cd/490243,1024,945,5,74,0.68982964,0.42861526,0.68601583,72-,0.80158311,2,5,0.40918
D,philschmid-qwen2.5-3b-r1-countdown,public_ckpt100,100,seed3,public_lineage_fork,110,cd/490241,1024,967,15,42,0.48499657,0.30134531,0.76534296,98-,0.86797318,2,5,0.868164
D,philschmid-qwen2.5-3b-r1-countdown,public_ckpt100,100,seed3,public_lineage_fork,110,cd/490240,1024,937,9,78,0.29645127,0.18419553,0.88877062,85-,0.93507185,1,5,0.449219
D,philschmid-qwen2.5-3b-r1-countdown,public_ckpt100,100,seed3,public_lineage_fork,110,cd/490239,1024,371,6,647,0.08049939,0.0732737,0.97986577,27-,0.98657718,1,3,0.0
D,philschmid-qwen2.5-3b-r1-countdown,public_ckpt100,100,seed3,public_lineage_fork,110,cd/490237,1024,817,11,196,0.02760617,0.03982729,0.99144254,96-,0.99572127,1,2,0.005859
D,philschmid-qwen2.5-3b-r1-countdown,public_ckpt100,100,seed3,public_lineage_fork,110,cd/490236,1024,968,9,47,0.93425528,0.44928182,0.44444444,97-,0.67746914,2,8,0.674805
D,philschmid-qwen2.5-3b-r1-countdown,public_ckpt100,100,seed3,public_lineage_fork,110,cd/490235,1024,982,11,31,0.75364386,0.38729633,0.69913749,90-,0.80010147,2,7,0.34375
D,philschmid-qwen2.5-3b-r1-countdown,public_ckpt100,100,seed3,public_lineage_fork,110,cd/490234,1024,958,8,58,0.74630354,0.46370446,0.54763144,83-,0.74700677,2,5,0.905273
D,philschmid-qwen2.5-3b-r1-countdown,public_ckpt100,100,seed3,public_lineage_fork,110,cd/490233,1024,929,26,69,0.52351445,0.32527782,0.75469673,92-,0.85936661,2,5,0.800781
D,philschmid-qwen2.5-3b-r1-countdown,public_ckpt100,100,seed3,public_lineage_fork,110,cd/490232,1024,745,14,265,0.0111291,0.01013014,0.99799062,88-,0.99866042,1,3,0.0
D,philschmid-qwen2.5-3b-r1-countdown,public_ckpt100,100,seed3,public_lineage_fork,110,cd/490231,1024,968,6,50,0.63287071,0.30434648,0.73868313,66-,0.84002058,2,8,0.545898
D,philschmid-qwen2.5-3b-r1-countdown,public_ckpt100,100,seed3,public_lineage_fork,110,cd/490229,1024,919,5,100,1.04073871,0.50048952,0.40411701,87-,0.60942579,3,8,0.463867
D,philschmid-qwen2.5-3b-r1-countdown,public_ckpt100,100,seed3,public_lineage_fork,110,cd/490228,1024,940,22,62,0.73592339,0.45725491,0.22281167,56+,0.60530504,2,5,0.860352
D,philschmid-qwen2.5-3b-r1-countdown,public_ckpt100,100,seed3,public_lineage_fork,110,cd/490227,1024,984,17,23,1.22073926,0.75848795,0.04054739,35+,0.35732387,3,5,0.803711
D,philschmid-qwen2.5-3b-r1-countdown,public_ckpt100,100,seed3,public_lineage_fork,110,cd/490225,1024,975,13,36,0.58168784,0.36142298,0.70179028,91-,0.82608696,2,5,0.90332
D,philschmid-qwen2.5-3b-r1-countdown,public_ckpt100,100,seed3,public_lineage_fork,110,cd/490221,1024,926,18,80,0.73851444,0.45886482,0.61066236,79-,0.76090468,2,5,0.911133
D,philschmid-qwen2.5-3b-r1-countdown,public_ckpt100,100,seed3,public_lineage_fork,110,cd/490219,1024,830,16,178,0.88935566,0.55258774,0.23783784,94-,0.59039039,2,5,0.742188
D,philschmid-qwen2.5-3b-r1-countdown,public_ckpt100,100,seed3,public_lineage_fork,110,cd/490217,1024,875,10,139,0.5027148,0.45759073,0.64689104,74-,0.81973759,2,3,0.0
D,philschmid-qwen2.5-3b-r1-countdown,public_ckpt100,100,seed3,public_lineage_fork,110,cd/490215,1024,970,8,46,0.75624946,0.46988421,0.66323907,61-,0.77275064,2,5,0.823242
D,philschmid-qwen2.5-3b-r1-countdown,public_ckpt100,100,seed3,public_lineage_fork,110,cd/490214,1024,890,10,124,0.07483876,0.06812117,0.98037016,73-,0.98766125,1,3,0.927734
D,philschmid-qwen2.5-3b-r1-countdown,public_ckpt100,100,seed3,public_lineage_fork,110,cd/490213,1024,965,14,45,1.37474274,0.70647802,0.02168301,44-,0.39494063,3,7,0.415039
D,philschmid-qwen2.5-3b-r1-countdown,public_ckpt100,100,seed3,public_lineage_fork,110,cd/490212,1024,996,12,16,1.15028065,0.71470955,0.03905859,49+,0.40711067,3,5,0.921875
D,philschmid-qwen2.5-3b-r1-countdown,public_ckpt100,100,seed3,public_lineage_fork,110,cd/490211,1024,966,8,50,0.58769138,0.36515318,0.70005163,79-,0.82860093,2,5,0.929688
D,philschmid-qwen2.5-3b-r1-countdown,public_ckpt100,100,seed3,public_lineage_fork,110,cd/490208,1024,861,15,148,0.68208566,0.42380365,0.4910249,94-,0.73364215,2,5,0.917969
D,philschmid-qwen2.5-3b-r1-countdown,public_ckpt100,100,seed3,public_lineage_fork,110,cd/490207,1024,808,20,196,1.06307272,0.66052422,0.42072795,80-,0.60271437,3,5,0.874023
D,philschmid-qwen2.5-3b-r1-countdown,public_ckpt100,100,seed3,public_lineage_fork,110,cd/490206,1024,970,8,46,0.76336718,0.4743067,0.66838046,68-,0.77583548,2,5,0.700195
D,philschmid-qwen2.5-3b-r1-countdown,public_ckpt100,100,seed3,public_lineage_fork,110,cd/490205,1024,809,13,202,0.8233214,0.51155835,0.04436229,72-,0.50831793,2,5,0.868164
D,philschmid-qwen2.5-3b-r1-countdown,public_ckpt100,100,seed3,public_lineage_fork,110,cd/490204,1024,962,14,48,1.05399719,0.50686551,0.3447205,90-,0.61645963,2,8,0.163086
D,philschmid-qwen2.5-3b-r1-countdown,public_ckpt100,100,seed3,public_lineage_fork,110,cd/490203,1024,766,11,247,0.7206276,0.6559435,0.09381107,38+,0.54397394,2,3,0.720703
D,philschmid-qwen2.5-3b-r1-countdown,public_ckpt100,100,seed3,public_lineage_fork,110,cd/490202,1024,826,4,194,0.02055623,0.02965637,0.99395405,97-,0.99697703,1,2,0.00293
D,philschmid-qwen2.5-3b-r1-countdown,public_ckpt100,100,seed3,public_lineage_fork,110,cd/490201,1024,988,11,25,0.73123764,0.45434349,0.37657749,82-,0.67693084,2,5,0.943359
D,philschmid-qwen2.5-3b-r1-countdown,public_ckpt100,100,seed3,public_lineage_fork,110,cd/490199,1024,699,14,311,1.01846175,0.63280587,0.42765502,57-,0.63649323,2,5,0.958008
D,philschmid-qwen2.5-3b-r1-countdown,public_ckpt100,100,seed3,public_lineage_fork,115,cd/490363,1024,1008,2,14,0.94590508,0.45488419,0.51284585,83-,0.70009881,2,8,0.541992
D,philschmid-qwen2.5-3b-r1-countdown,public_ckpt100,100,seed3,public_lineage_fork,115,cd/490361,1024,872,19,133,0.0583747,0.05313494,0.98568975,98-,0.99084144,1,3,0.584961
D,philschmid-qwen2.5-3b-r1-countdown,public_ckpt100,100,seed3,public_lineage_fork,115,cd/490360,1024,552,4,468,0.78815935,0.40503378,0.58505851,73-,0.75517552,2,7,0.267578
D,philschmid-qwen2.5-3b-r1-countdown,public_ckpt100,100,seed3,public_lineage_fork,115,cd/490357,1024,983,12,29,0.77704891,0.48280763,0.59868087,89-,0.75951294,2,5,0.920898
D,philschmid-qwen2.5-3b-r1-countdown,public_ckpt100,100,seed3,public_lineage_fork,115,cd/490356,1024,875,4,145,0.35108518,0.19594437,0.87471526,79-,0.92312073,1,6,0.000977
D,philschmid-qwen2.5-3b-r1-countdown,public_ckpt100,100,seed3,public_lineage_fork,115,cd/490354,1024,1013,7,4,1.08213829,0.46996669,0.30157171,72-,0.57612967,3,10,0.615234
D,philschmid-qwen2.5-3b-r1-countdown,public_ckpt100,100,seed3,public_lineage_fork,115,cd/490353,1024,740,12,272,0.37201622,0.23114668,0.85925926,62-,0.91380471,1,5,0.929688
D,philschmid-qwen2.5-3b-r1-countdown,public_ckpt100,100,seed3,public_lineage_fork,115,cd/490352,1024,221,7,796,0.3548072,0.22045411,0.88590604,57-,0.92393736,1,5,0.0
D,philschmid-qwen2.5-3b-r1-countdown,public_ckpt100,100,seed3,public_lineage_fork,115,cd/490351,1024,653,12,359,0.77854033,0.40009058,0.43716679,77+,0.69687738,2,7,0.547852
D,philschmid-qwen2.5-3b-r1-countdown,public_ckpt100,100,seed3,public_lineage_fork,115,cd/490348,1024,972,8,44,0.4608093,0.28631692,0.84453566,52-,0.89225244,1,5,0.329102
D,philschmid-qwen2.5-3b-r1-countdown,public_ckpt100,100,seed3,public_lineage_fork,115,cd/490347,1024,996,5,23,0.92955392,0.44702094,0.64,59-,0.7375,1,8,0.220703
D,philschmid-qwen2.5-3b-r1-countdown,public_ckpt100,100,seed3,public_lineage_fork,115,cd/490344,1024,924,14,86,0.56823927,0.51723368,0.51863857,88-,0.75796867,2,3,0.676758
D,philschmid-qwen2.5-3b-r1-countdown,public_ckpt100,100,seed3,public_lineage_fork,115,cd/490343,1024,980,3,41,0.62548587,0.32143615,0.7717336,94-,0.8464667,1,7,0.074219
D,philschmid-qwen2.5-3b-r1-countdown,public_ckpt100,100,seed3,public_lineage_fork,115,cd/490342,1024,912,10,102,1.41808824,0.7287532,0.01419989,68-,0.30311305,4,7,0.366211
D,philschmid-qwen2.5-3b-r1-countdown,public_ckpt100,100,seed3,public_lineage_fork,115,cd/490341,1024,989,9,26,1.1300276,0.51429772,0.24962255,62-,0.55108203,3,9,0.464844
D,philschmid-qwen2.5-3b-r1-countdown,public_ckpt100,100,seed3,public_lineage_fork,115,cd/490340,1024,800,3,221,0.44693915,0.32239845,0.75561097,96-,0.86970075,2,4,0.044922
D,philschmid-qwen2.5-3b-r1-countdown,public_ckpt100,100,seed3,public_lineage_fork,115,cd/490339,1024,731,14,279,0.60031958,0.37299952,0.76346285,45+,0.83776414,1,5,0.94043
D,philschmid-qwen2.5-3b-r1-countdown,public_ckpt100,100,seed3,public_lineage_fork,115,cd/490338,1024,999,3,22,0.59807762,0.28761454,0.71585244,92-,0.83599202,2,8,0.570312
D,philschmid-qwen2.5-3b-r1-countdown,public_ckpt100,100,seed3,public_lineage_fork,115,cd/490337,1024,996,7,21,0.56197455,0.34917442,0.70105158,79-,0.83274912,2,5,0.915039
D,philschmid-qwen2.5-3b-r1-countdown,public_ckpt100,100,seed3,public_lineage_fork,115,cd/490335,1024,938,11,75,0.99128923,0.50942189,0.08390866,65+,0.50716941,2,7,0.696289
D,philschmid-qwen2.5-3b-r1-countdown,public_ckpt100,100,seed3,public_lineage_fork,115,cd/490334,1024,745,20,259,0.6371462,0.39588119,0.47759197,46+,0.73244147,2,5,0.949219
D,philschmid-qwen2.5-3b-r1-countdown,public_ckpt100,100,seed3,public_lineage_fork,115,cd/490333,1024,213,8,803,0.58749488,0.53476089,0.48018648,55-,0.73892774,2,3,0.001953
D,philschmid-qwen2.5-3b-r1-countdown,public_ckpt100,100,seed3,public_lineage_fork,115,cd/490331,1024,998,9,17,1.3273316,0.63831157,0.27944112,63-,0.49750499,3,8,0.301758
D,philschmid-qwen2.5-3b-r1-countdown,public_ckpt100,100,seed3,public_lineage_fork,115,cd/490330,1024,39,1,984,0.7847518,0.71431187,0.41975309,85-,0.67901235,2,3,0.004883
D,philschmid-qwen2.5-3b-r1-countdown,public_ckpt100,100,seed3,public_lineage_fork,115,cd/490327,1024,996,11,17,0.98217898,0.47232825,0.415,95-,0.6555,2,8,0.445312
D,philschmid-qwen2.5-3b-r1-countdown,public_ckpt100,100,seed3,public_lineage_fork,115,cd/490325,1024,912,2,110,0.58254347,0.29936812,0.74167122,90-,0.8459858,2,7,0.222656
D,philschmid-qwen2.5-3b-r1-countdown,public_ckpt100,100,seed3,public_lineage_fork,115,cd/490324,1024,888,4,132,0.35662668,0.22158461,0.87478944,99-,0.92026951,1,5,0.950195
D,philschmid-qwen2.5-3b-r1-countdown,public_ckpt100,100,seed3,public_lineage_fork,115,cd/490322,1024,980,16,28,0.77787524,0.48332106,0.02442748,55-,0.5043257,2,5,0.919922
D,philschmid-qwen2.5-3b-r1-countdown,public_ckpt100,100,seed3,public_lineage_fork,115,cd/490321,1024,832,1,191,0.49334199,0.44905923,0.68146371,64-,0.83443311,2,3,0.0
D,philschmid-qwen2.5-3b-r1-countdown,public_ckpt100,100,seed3,public_lineage_fork,115,cd/490320,1024,106,14,904,0.48851854,0.70478327,0.61682243,36*,0.80841121,2,2,0.072266
D,philschmid-qwen2.5-3b-r1-countdown,public_ckpt100,100,seed3,public_lineage_fork,115,cd/490317,1024,949,9,66,0.69570348,0.43226487,0.63058329,47-,0.77929585,2,5,0.839844
D,philschmid-qwen2.5-3b-r1-countdown,public_ckpt100,100,seed3,public_lineage_fork,115,cd/490316,1024,904,13,107,0.82758293,0.51420618,0.09487038,26-,0.53116382,2,5,0.808594
D,philschmid-qwen2.5-3b-r1-countdown,public_ckpt100,100,seed3,public_lineage_fork,115,cd/490315,1024,974,3,47,0.41487753,0.2577779,0.8202765,87-,0.89759345,1,5,0.890625
D,philschmid-qwen2.5-3b-r1-countdown,public_ckpt100,100,seed3,public_lineage_fork,115,cd/490313,1024,998,4,22,0.56441905,0.35069327,0.68765617,98-,0.82708646,2,5,0.939453
D,philschmid-qwen2.5-3b-r1-countdown,public_ckpt100,100,seed3,public_lineage_fork,115,cd/490312,1024,935,3,86,0.48125076,0.43805332,0.6406834,90-,0.81954084,2,3,0.826172
D,philschmid-qwen2.5-3b-r1-countdown,public_ckpt100,100,seed3,public_lineage_fork,115,cd/490309,1024,995,1,28,0.81001361,0.32597346,0.61338661,96-,0.75274725,2,12,0.006836
D,philschmid-qwen2.5-3b-r1-countdown,public_ckpt100,100,seed3,public_lineage_fork,115,cd/490308,1024,28,8,988,0.63245603,0.91244118,0.34482759,11*,0.67241379,2,2,0.321289
D,philschmid-qwen2.5-3b-r1-countdown,public_ckpt100,100,seed3,public_lineage_fork,115,cd/490307,1024,977,15,32,0.68318761,0.32854379,0.7420999,72-,0.83231397,1,8,0.480469
D,philschmid-qwen2.5-3b-r1-countdown,public_ckpt100,100,seed3,public_lineage_fork,115,cd/490306,1024,28,3,993,0.20356091,0.29367631,0.89655172,50-,0.94827586,1,2,0.0
D,philschmid-qwen2.5-3b-r1-countdown,public_ckpt100,100,seed3,public_lineage_fork,115,cd/490305,1024,17,26,981,0.49260366,0.71067685,0.61111111,15*,0.80555556,2,2,0.344727
D,philschmid-qwen2.5-3b-r1-countdown,public_ckpt100,100,seed3,public_lineage_fork,115,cd/490304,1024,181,21,822,0.22944826,0.20885281,0.92054795,76-,0.95068493,1,3,0.0
D,philschmid-qwen2.5-3b-r1-countdown,public_ckpt100,100,seed3,public_lineage_fork,115,cd/490303,1024,954,5,65,1.36868306,0.65819742,0.12839248,68+,0.4065762,4,8,0.413086
D,philschmid-qwen2.5-3b-r1-countdown,public_ckpt100,100,seed3,public_lineage_fork,115,cd/490297,1024,912,19,93,0.72873398,0.66332226,0.0591133,22+,0.52599891,2,3,0.887695
D,philschmid-qwen2.5-3b-r1-countdown,public_ckpt100,100,seed3,public_lineage_fork,115,cd/490296,1024,995,7,22,0.8577471,0.41248916,0.56956957,99-,0.73523524,2,8,0.663086
D,philschmid-qwen2.5-3b-r1-countdown,public_ckpt100,100,seed3,public_lineage_fork,115,cd/490292,1024,825,9,190,1.13139774,0.4913598,0.13253012,44+,0.48493976,3,10,0.0625
D,philschmid-qwen2.5-3b-r1-countdown,public_ckpt100,100,seed3,public_lineage_fork,115,cd/490290,1024,797,12,215,0.81993875,0.50945659,0.27767355,40-,0.61851157,2,5,0.818359
D,philschmid-qwen2.5-3b-r1-countdown,public_ckpt100,100,seed3,public_lineage_fork,115,cd/490288,1024,268,3,753,0.25097591,0.14007232,0.93357934,24*,0.95387454,1,6,0.005859
D,philschmid-qwen2.5-3b-r1-countdown,public_ckpt100,100,seed3,public_lineage_fork,115,cd/490287,1024,996,7,21,0.80049229,0.49737383,0.5758638,97-,0.74061092,2,5,0.708008
D,philschmid-qwen2.5-3b-r1-countdown,public_ckpt100,100,seed3,public_lineage_fork,115,cd/490283,1024,955,4,65,0.31254711,0.19419644,0.87937337,91-,0.93002611,1,5,0.763672
D,philschmid-qwen2.5-3b-r1-countdown,public_ckpt100,100,seed3,public_lineage_fork,115,cd/490282,1024,977,7,40,0.73539721,0.45692798,0.25421133,78-,0.6202144,2,5,0.951172
D,philschmid-qwen2.5-3b-r1-countdown,public_ckpt100,100,seed3,public_lineage_fork,115,cd/490281,1024,728,10,286,0.35913139,0.22314088,0.81998631,27-,0.90417522,1,5,0.896484
D,philschmid-qwen2.5-3b-r1-countdown,public_ckpt100,100,seed3,public_lineage_fork,115,cd/490280,1024,1001,8,15,0.70184404,0.43608022,0.54210264,45-,0.75286497,2,5,0.84375
D,philschmid-qwen2.5-3b-r1-countdown,public_ckpt100,100,seed3,public_lineage_fork,115,cd/490279,1024,984,19,21,0.77921494,0.48415347,0.57577293,50-,0.74049671,2,5,0.831055
D,philschmid-qwen2.5-3b-r1-countdown,public_ckpt100,100,seed3,public_lineage_fork,115,cd/490276,1024,1009,5,10,0.42634867,0.26490533,0.73751854,83-,0.86554622,2,5,0.902344
D,philschmid-qwen2.5-3b-r1-countdown,public_ckpt100,100,seed3,public_lineage_fork,115,cd/490275,1024,326,5,693,0.08538884,0.12319006,0.96636086,59-,0.98318043,1,2,0.011719
D,philschmid-qwen2.5-3b-r1-countdown,public_ckpt100,100,seed3,public_lineage_fork,115,cd/490274,1024,769,10,245,0.21664827,0.15627869,0.92088197,55-,0.9539559,1,4,0.0
D,philschmid-qwen2.5-3b-r1-countdown,public_ckpt100,100,seed3,public_lineage_fork,115,cd/490271,1024,990,7,27,0.74309056,0.46170813,0.52191436,95-,0.73400504,2,5,0.929688
D,philschmid-qwen2.5-3b-r1-countdown,public_ckpt100,100,seed3,public_lineage_fork,115,cd/490270,1024,782,10,232,0.50549418,0.72927394,0.59259259,88-,0.7962963,2,2,0.0
D,philschmid-qwen2.5-3b-r1-countdown,public_ckpt100,100,seed3,public_lineage_fork,115,cd/490268,1024,785,14,225,0.71212135,0.64820079,0.46662428,11+,0.71392244,2,3,0.804688
D,philschmid-qwen2.5-3b-r1-countdown,public_ckpt100,100,seed3,public_lineage_fork,115,cd/490267,1024,965,10,49,0.47838047,0.2972345,0.71524548,75-,0.8501292,2,5,0.948242
D,philschmid-qwen2.5-3b-r1-countdown,public_ckpt100,100,seed3,public_lineage_fork,115,cd/490266,1024,932,21,71,0.72183021,0.44849833,0.63349385,92-,0.76672017,2,5,0.0
D,philschmid-qwen2.5-3b-r1-countdown,public_ckpt100,100,seed3,public_lineage_fork,115,cd/490264,1024,88,16,920,0.24956407,0.22716301,0.90502793,34-,0.94413408,1,3,0.003906
D,philschmid-qwen2.5-3b-r1-countdown,public_ckpt100,100,seed3,public_lineage_fork,115,cd/490263,1024,997,8,19,1.18511058,0.56991772,0.6033966,32-,0.68681319,1,8,0.40625
D,philschmid-qwen2.5-3b-r1-countdown,public_ckpt100,100,seed3,public_lineage_fork,115,cd/490262,1024,366,25,633,0.76020922,0.69197226,0.0244898,32*,0.5047619,2,3,0.02832
D,philschmid-qwen2.5-3b-r1-countdown,public_ckpt100,100,seed3,public_lineage_fork,115,cd/490261,1024,999,3,22,0.66916379,0.41577484,0.71692461,60-,0.81028457,1,5,0.896484
D,philschmid-qwen2.5-3b-r1-countdown,public_ckpt100,100,seed3,public_lineage_fork,115,cd/490260,1024,779,11,234,0.67803879,0.61717751,0.34849455,67-,0.66944266,2,3,0.739258
D,philschmid-qwen2.5-3b-r1-countdown,public_ckpt100,100,seed3,public_lineage_fork,115,cd/490259,1024,824,8,192,0.28689597,0.26114397,0.86735312,74-,0.92852816,1,3,0.499023
D,philschmid-qwen2.5-3b-r1-countdown,public_ckpt100,100,seed3,public_lineage_fork,115,cd/490258,1024,1003,6,15,0.67792376,0.32601241,0.74180735,84-,0.82571996,1,8,0.763672
D,philschmid-qwen2.5-3b-r1-countdown,public_ckpt100,100,seed3,public_lineage_fork,115,cd/490256,1024,995,8,21,0.80771952,0.50186436,0.59749373,79-,0.75438596,2,5,0.90625
D,philschmid-qwen2.5-3b-r1-countdown,public_ckpt100,100,seed3,public_lineage_fork,115,cd/490254,1024,49,10,965,0.25209582,0.22946751,0.89108911,90*,0.94059406,1,3,0.050781
D,philschmid-qwen2.5-3b-r1-countdown,public_ckpt100,100,seed3,public_lineage_fork,115,cd/490249,1024,977,4,43,0.81074058,0.41663824,0.59867415,96-,0.74298827,2,7,0.795898
D,philschmid-qwen2.5-3b-r1-countdown,public_ckpt100,100,seed3,public_lineage_fork,115,cd/490248,1024,750,6,268,0.59070082,0.85220115,0.44474035,54-,0.72237017,2,2,0.008789
D,philschmid-qwen2.5-3b-r1-countdown,public_ckpt100,100,seed3,public_lineage_fork,115,cd/490246,1024,998,6,20,0.74941878,0.46564007,0.56271864,52-,0.74612694,2,5,0.927734
D,philschmid-qwen2.5-3b-r1-countdown,public_ckpt100,100,seed3,public_lineage_fork,115,cd/490245,1024,1012,4,8,0.7773715,0.37383667,0.71161417,93-,0.79675197,1,8,0.703125
D,philschmid-qwen2.5-3b-r1-countdown,public_ckpt100,100,seed3,public_lineage_fork,115,cd/490243,1024,971,3,50,0.62109489,0.38590796,0.6492039,72-,0.80380072,2,5,0.488281
D,philschmid-qwen2.5-3b-r1-countdown,public_ckpt100,100,seed3,public_lineage_fork,115,cd/490241,1024,1000,7,17,0.41515949,0.25795309,0.79501247,98-,0.8882793,1,5,0.9375
D,philschmid-qwen2.5-3b-r1-countdown,public_ckpt100,100,seed3,public_lineage_fork,115,cd/490240,1024,951,5,68,0.1482062,0.09208569,0.95332984,85-,0.97273204,1,5,0.552734
D,philschmid-qwen2.5-3b-r1-countdown,public_ckpt100,100,seed3,public_lineage_fork,115,cd/490239,1024,400,3,621,0.09693839,0.08823712,0.96886675,27-,0.98256538,1,3,0.000977
D,philschmid-qwen2.5-3b-r1-countdown,public_ckpt100,100,seed3,public_lineage_fork,115,cd/490237,1024,842,9,173,0.00499989,0.00721332,0.99881376,96-,0.99940688,1,2,0.00293
D,philschmid-qwen2.5-3b-r1-countdown,public_ckpt100,100,seed3,public_lineage_fork,115,cd/490236,1024,986,11,27,0.8696298,0.41820353,0.53434343,97-,0.71767677,2,8,0.680664
D,philschmid-qwen2.5-3b-r1-countdown,public_ckpt100,100,seed3,public_lineage_fork,115,cd/490235,1024,983,11,30,0.70641733,0.3630267,0.72478459,90-,0.81855043,1,7,0.46582
D,philschmid-qwen2.5-3b-r1-countdown,public_ckpt100,100,seed3,public_lineage_fork,115,cd/490234,1024,963,10,51,0.71308914,0.4430672,0.56965303,83-,0.75970999,2,5,0.942383
D,philschmid-qwen2.5-3b-r1-countdown,public_ckpt100,100,seed3,public_lineage_fork,115,cd/490233,1024,983,12,29,0.46908119,0.29145653,0.79046169,92-,0.87924911,1,5,0.890625
D,philschmid-qwen2.5-3b-r1-countdown,public_ckpt100,100,seed3,public_lineage_fork,115,cd/490232,1024,740,9,275,0.02016592,0.01835581,0.99527984,88-,0.99730276,1,3,0.0
D,philschmid-qwen2.5-3b-r1-countdown,public_ckpt100,100,seed3,public_lineage_fork,115,cd/490231,1024,995,8,21,0.53984888,0.25961244,0.75675676,66-,0.85935936,2,8,0.654297
D,philschmid-qwen2.5-3b-r1-countdown,public_ckpt100,100,seed3,public_lineage_fork,115,cd/490229,1024,957,9,58,1.05768006,0.50863659,0.3371488,87-,0.58116545,3,8,0.509766
D,philschmid-qwen2.5-3b-r1-countdown,public_ckpt100,100,seed3,public_lineage_fork,115,cd/490228,1024,963,17,44,0.68518682,0.42573051,0.34179182,56+,0.66649404,2,5,0.914062
D,philschmid-qwen2.5-3b-r1-countdown,public_ckpt100,100,seed3,public_lineage_fork,115,cd/490227,1024,979,21,24,1.15474835,0.71748549,0.02852776,43-,0.35506877,3,5,0.863281
D,philschmid-qwen2.5-3b-r1-countdown,public_ckpt100,100,seed3,public_lineage_fork,115,cd/490225,1024,999,8,17,0.48715528,0.30268659,0.78781827,91-,0.87119321,1,5,0.943359
D,philschmid-qwen2.5-3b-r1-countdown,public_ckpt100,100,seed3,public_lineage_fork,115,cd/490221,1024,954,14,56,0.6767366,0.42048009,0.65028751,79-,0.7877679,2,5,0.946289
D,philschmid-qwen2.5-3b-r1-countdown,public_ckpt100,100,seed3,public_lineage_fork,115,cd/490219,1024,870,17,137,0.72647836,0.45138638,0.28309456,94-,0.63438395,2,5,0.842773
D,philschmid-qwen2.5-3b-r1-countdown,public_ckpt100,100,seed3,public_lineage_fork,115,cd/490217,1024,888,10,126,0.49599273,0.45147204,0.6430579,74-,0.81899944,2,3,0.0
D,philschmid-qwen2.5-3b-r1-countdown,public_ckpt100,100,seed3,public_lineage_fork,115,cd/490215,1024,983,11,30,0.85488068,0.53116723,0.58954845,61-,0.72704211,3,5,0.786133
D,philschmid-qwen2.5-3b-r1-countdown,public_ckpt100,100,seed3,public_lineage_fork,115,cd/490214,1024,889,14,121,0.09464125,0.08614618,0.97024144,73-,0.98315553,1,3,0.907227
D,philschmid-qwen2.5-3b-r1-countdown,public_ckpt100,100,seed3,public_lineage_fork,115,cd/490213,1024,989,12,23,1.31067593,0.67355419,0.01612091,34-,0.41057935,2,7,0.529297
D,philschmid-qwen2.5-3b-r1-countdown,public_ckpt100,100,seed3,public_lineage_fork,115,cd/490212,1024,1013,5,6,1.10472957,0.68640707,0.00098474,49-,0.394387,3,5,0.949219
D,philschmid-qwen2.5-3b-r1-countdown,public_ckpt100,100,seed3,public_lineage_fork,115,cd/490211,1024,990,13,21,0.56553639,0.35138752,0.71133501,79-,0.83476071,2,5,0.955078
D,philschmid-qwen2.5-3b-r1-countdown,public_ckpt100,100,seed3,public_lineage_fork,115,cd/490208,1024,895,6,123,0.60915728,0.3784907,0.53593315,94-,0.76155989,2,5,0.955078
D,philschmid-qwen2.5-3b-r1-countdown,public_ckpt100,100,seed3,public_lineage_fork,115,cd/490207,1024,806,18,200,1.04138398,0.64704825,0.38095238,80-,0.59307359,3,5,0.945312
D,philschmid-qwen2.5-3b-r1-countdown,public_ckpt100,100,seed3,public_lineage_fork,115,cd/490206,1024,989,11,24,0.6683919,0.41529524,0.68582955,68-,0.80131114,2,5,0.782227
D,philschmid-qwen2.5-3b-r1-countdown,public_ckpt100,100,seed3,public_lineage_fork,115,cd/490205,1024,828,10,186,0.78050237,0.48495339,0.03491872,72+,0.50872968,2,5,0.912109
D,philschmid-qwen2.5-3b-r1-countdown,public_ckpt100,100,seed3,public_lineage_fork,115,cd/490204,1024,993,8,23,0.92035419,0.44259681,0.44633902,90-,0.6775326,2,8,0.251953
D,philschmid-qwen2.5-3b-r1-countdown,public_ckpt100,100,seed3,public_lineage_fork,115,cd/490203,1024,774,14,236,0.69616354,0.63367537,0.06189555,38+,0.5306254,2,3,0.771484
D,philschmid-qwen2.5-3b-r1-countdown,public_ckpt100,100,seed3,public_lineage_fork,115,cd/490202,1024,842,4,178,0.01304379,0.01881822,0.99644128,97-,0.99822064,1,2,0.001953
D,philschmid-qwen2.5-3b-r1-countdown,public_ckpt100,100,seed3,public_lineage_fork,115,cd/490201,1024,1003,8,13,0.73584679,0.45720731,0.36598707,82-,0.67081054,2,5,0.977539
D,philschmid-qwen2.5-3b-r1-countdown,public_ckpt100,100,seed3,public_lineage_fork,115,cd/490199,1024,729,12,283,1.00655047,0.62540497,0.36910458,57-,0.61449077,3,5,0.979492
D,philschmid-qwen2.5-3b-r1-countdown,public_ckpt100,100,seed3,public_lineage_fork,120,cd/490363,1024,1020,1,3,0.96059448,0.4619483,0.47851562,83-,0.68017578,2,8,0.577148
D,philschmid-qwen2.5-3b-r1-countdown,public_ckpt100,100,seed3,public_lineage_fork,120,cd/490361,1024,904,2,118,0.03758778,0.03421388,0.99061292,98-,0.99447819,1,3,0.62207
D,philschmid-qwen2.5-3b-r1-countdown,public_ckpt100,100,seed3,public_lineage_fork,120,cd/490360,1024,541,4,479,0.82843904,0.42573345,0.46280992,73-,0.70064279,2,7,0.289062
D,philschmid-qwen2.5-3b-r1-countdown,public_ckpt100,100,seed3,public_lineage_fork,120,cd/490357,1024,1011,2,11,0.72265756,0.44901239,0.55352738,89-,0.75234336,2,5,0.936523
D,philschmid-qwen2.5-3b-r1-countdown,public_ckpt100,100,seed3,public_lineage_fork,120,cd/490356,1024,860,11,153,0.28734233,0.16036881,0.90845886,79-,0.9414832,1,6,0.000977
D,philschmid-qwen2.5-3b-r1-countdown,public_ckpt100,100,seed3,public_lineage_fork,120,cd/490354,1024,1022,1,1,1.09008406,0.47341749,0.36708861,72-,0.60029211,3,10,0.704102
D,philschmid-qwen2.5-3b-r1-countdown,public_ckpt100,100,seed3,public_lineage_fork,120,cd/490353,1024,756,12,256,0.23393805,0.14535388,0.9215557,62-,0.9525379,1,5,0.958008
D,philschmid-qwen2.5-3b-r1-countdown,public_ckpt100,100,seed3,public_lineage_fork,120,cd/490352,1024,225,3,796,0.23229768,0.14433466,0.93186813,57-,0.95604396,1,5,0.0
D,philschmid-qwen2.5-3b-r1-countdown,public_ckpt100,100,seed3,public_lineage_fork,120,cd/490351,1024,619,11,394,0.61595746,0.31653952,0.56706827,77+,0.7751004,2,7,0.597656
D,philschmid-qwen2.5-3b-r1-countdown,public_ckpt100,100,seed3,public_lineage_fork,120,cd/490348,1024,993,7,24,0.49282264,0.30620792,0.80662983,52-,0.87343044,1,5,0.46875
D,philschmid-qwen2.5-3b-r1-countdown,public_ckpt100,100,seed3,public_lineage_fork,120,cd/490347,1024,1015,0,9,0.94928428,0.45650924,0.62610402,59-,0.7296369,2,8,0.260742
D,philschmid-qwen2.5-3b-r1-countdown,public_ckpt100,100,seed3,public_lineage_fork,120,cd/490344,1024,963,7,54,0.57251345,0.5211242,0.53499222,88-,0.76464489,2,3,0.642578
D,philschmid-qwen2.5-3b-r1-countdown,public_ckpt100,100,seed3,public_lineage_fork,120,cd/490343,1024,984,1,39,0.52829986,0.27149242,0.76556962,94-,0.86227848,1,7,0.102539
D,philschmid-qwen2.5-3b-r1-countdown,public_ckpt100,100,seed3,public_lineage_fork,120,cd/490342,1024,933,2,89,1.32481607,0.68082078,0.03310198,55+,0.34650294,3,7,0.447266
D,philschmid-qwen2.5-3b-r1-countdown,public_ckpt100,100,seed3,public_lineage_fork,120,cd/490341,1024,1010,4,10,1.07554462,0.48950145,0.29275505,62-,0.5653031,3,9,0.59375
D,philschmid-qwen2.5-3b-r1-countdown,public_ckpt100,100,seed3,public_lineage_fork,120,cd/490340,1024,784,2,238,0.35387937,0.25527,0.81933842,96-,0.90394402,1,4,0.03418
D,philschmid-qwen2.5-3b-r1-countdown,public_ckpt100,100,seed3,public_lineage_fork,120,cd/490339,1024,692,8,324,0.35245599,0.21899322,0.87976962,45+,0.92080634,1,5,0.96582
D,philschmid-qwen2.5-3b-r1-countdown,public_ckpt100,100,seed3,public_lineage_fork,120,cd/490338,1024,1011,5,8,0.61653263,0.29648952,0.66896552,92-,0.81133005,2,8,0.645508
D,philschmid-qwen2.5-3b-r1-countdown,public_ckpt100,100,seed3,public_lineage_fork,120,cd/490337,1024,1018,1,5,0.46098523,0.28642623,0.77119059,79-,0.87359138,2,5,0.931641
D,philschmid-qwen2.5-3b-r1-countdown,public_ckpt100,100,seed3,public_lineage_fork,120,cd/490335,1024,973,12,39,0.8358857,0.42956027,0.01740911,65-,0.49411162,2,7,0.782227
D,philschmid-qwen2.5-3b-r1-countdown,public_ckpt100,100,seed3,public_lineage_fork,120,cd/490334,1024,700,9,315,0.62756534,0.38992827,0.51814947,46+,0.75088968,2,5,0.955078
D,philschmid-qwen2.5-3b-r1-countdown,public_ckpt100,100,seed3,public_lineage_fork,120,cd/490333,1024,222,1,801,0.67352131,0.61306551,0.37583893,55-,0.68232662,2,3,0.007812
D,philschmid-qwen2.5-3b-r1-countdown,public_ckpt100,100,seed3,public_lineage_fork,120,cd/490331,1024,1013,3,8,1.26868767,0.6101098,0.22713864,63-,0.48918387,3,8,0.305664
D,philschmid-qwen2.5-3b-r1-countdown,public_ckpt100,100,seed3,public_lineage_fork,120,cd/490330,1024,57,4,963,0.49130808,0.44720788,0.66666667,85-,0.82905983,2,3,0.009766
D,philschmid-qwen2.5-3b-r1-countdown,public_ckpt100,100,seed3,public_lineage_fork,120,cd/490327,1024,1007,7,10,0.90247092,0.43399677,0.50148368,95-,0.70178042,2,8,0.522461
D,philschmid-qwen2.5-3b-r1-countdown,public_ckpt100,100,seed3,public_lineage_fork,120,cd/490325,1024,910,3,111,0.55011297,0.28270214,0.74657909,90-,0.85112206,2,7,0.314453
D,philschmid-qwen2.5-3b-r1-countdown,public_ckpt100,100,seed3,public_lineage_fork,120,cd/490324,1024,901,2,121,0.22949194,0.14259136,0.92750415,99-,0.9524073,1,5,0.956055
D,philschmid-qwen2.5-3b-r1-countdown,public_ckpt100,100,seed3,public_lineage_fork,120,cd/490322,1024,1004,6,14,0.74665132,0.46392055,0.08246398,55+,0.5360159,2,5,0.956055
D,philschmid-qwen2.5-3b-r1-countdown,public_ckpt100,100,seed3,public_lineage_fork,120,cd/490321,1024,874,0,150,0.6172356,0.56183205,0.513992,64-,0.74985722,2,3,0.0
D,philschmid-qwen2.5-3b-r1-countdown,public_ckpt100,100,seed3,public_lineage_fork,120,cd/490320,1024,74,5,945,0.22696752,0.32744492,0.88,36*,0.94,1,2,0.060547
D,philschmid-qwen2.5-3b-r1-countdown,public_ckpt100,100,seed3,public_lineage_fork,120,cd/490317,1024,968,5,51,0.70791571,0.43985276,0.54611025,47-,0.74755281,2,5,0.861328
D,philschmid-qwen2.5-3b-r1-countdown,public_ckpt100,100,seed3,public_lineage_fork,120,cd/490316,1024,908,2,114,0.77452732,0.48124088,0.07578254,26-,0.52992861,2,5,0.839844
D,philschmid-qwen2.5-3b-r1-countdown,public_ckpt100,100,seed3,public_lineage_fork,120,cd/490315,1024,984,2,38,0.38213574,0.23743428,0.83223517,87-,0.90572732,1,5,0.883789
D,philschmid-qwen2.5-3b-r1-countdown,public_ckpt100,100,seed3,public_lineage_fork,120,cd/490313,1024,1006,6,12,0.51678588,0.32109712,0.70004958,98-,0.83936539,2,5,0.931641
D,philschmid-qwen2.5-3b-r1-countdown,public_ckpt100,100,seed3,public_lineage_fork,120,cd/490312,1024,928,3,93,0.55355331,0.50386594,0.52286175,90-,0.76116192,2,3,0.75
D,philschmid-qwen2.5-3b-r1-countdown,public_ckpt100,100,seed3,public_lineage_fork,120,cd/490309,1024,989,5,30,0.89075845,0.35846757,0.54673367,96-,0.7080402,3,12,0.012695
D,philschmid-qwen2.5-3b-r1-countdown,public_ckpt100,100,seed3,public_lineage_fork,120,cd/490308,1024,14,6,1004,0.54327278,0.78377695,0.53333333,11*,0.76666667,2,2,0.345703
D,philschmid-qwen2.5-3b-r1-countdown,public_ckpt100,100,seed3,public_lineage_fork,120,cd/490307,1024,1008,6,10,0.7320098,0.3520223,0.69367589,72-,0.80879447,2,8,0.536133
D,philschmid-qwen2.5-3b-r1-countdown,public_ckpt100,100,seed3,public_lineage_fork,120,cd/490306,1024,13,1,1010,0.46922035,0.67694187,0.64285714,50-,0.82142857,2,2,0.0
D,philschmid-qwen2.5-3b-r1-countdown,public_ckpt100,100,seed3,public_lineage_fork,120,cd/490305,1024,7,14,1003,0.48257757,0.69621226,0.625,15*,0.8125,2,2,0.385742
D,philschmid-qwen2.5-3b-r1-countdown,public_ckpt100,100,seed3,public_lineage_fork,120,cd/490304,1024,93,11,920,0.30253945,0.27538327,0.86772487,76-,0.92592593,1,3,0.0
D,philschmid-qwen2.5-3b-r1-countdown,public_ckpt100,100,seed3,public_lineage_fork,120,cd/490303,1024,985,2,37,1.31815896,0.63390046,0.08695652,68+,0.40798787,4,8,0.4375
D,philschmid-qwen2.5-3b-r1-countdown,public_ckpt100,100,seed3,public_lineage_fork,120,cd/490297,1024,948,11,65,0.74606825,0.67910059,0.02106372,30+,0.50500263,2,3,0.929688
D,philschmid-qwen2.5-3b-r1-countdown,public_ckpt100,100,seed3,public_lineage_fork,120,cd/490296,1024,1015,3,6,0.90591581,0.43565342,0.4720314,99-,0.68547596,2,8,0.699219
D,philschmid-qwen2.5-3b-r1-countdown,public_ckpt100,100,seed3,public_lineage_fork,120,cd/490292,1024,864,1,159,1.07301329,0.46600375,0.18296893,44+,0.51611047,3,10,0.071289
D,philschmid-qwen2.5-3b-r1-countdown,public_ckpt100,100,seed3,public_lineage_fork,120,cd/490290,1024,778,14,232,0.66494668,0.4131546,0.41639974,40-,0.70275464,2,5,0.902344
D,philschmid-qwen2.5-3b-r1-countdown,public_ckpt100,100,seed3,public_lineage_fork,120,cd/490288,1024,196,3,825,0.14116548,0.07878595,0.96984925,24*,0.97738693,1,6,0.006836
D,philschmid-qwen2.5-3b-r1-countdown,public_ckpt100,100,seed3,public_lineage_fork,120,cd/490287,1024,1016,2,6,0.82338701,0.51159911,0.51840943,97-,0.70937653,2,5,0.789062
D,philschmid-qwen2.5-3b-r1-countdown,public_ckpt100,100,seed3,public_lineage_fork,120,cd/490283,1024,979,0,45,0.30451998,0.1892089,0.8599083,91-,0.9246052,1,5,0.811523
D,philschmid-qwen2.5-3b-r1-countdown,public_ckpt100,100,seed3,public_lineage_fork,120,cd/490282,1024,977,3,44,0.71490902,0.44419795,0.2388974,78-,0.61510975,2,5,0.953125
D,philschmid-qwen2.5-3b-r1-countdown,public_ckpt100,100,seed3,public_lineage_fork,120,cd/490281,1024,754,9,261,0.2773999,0.17235825,0.881692,27-,0.93522802,1,5,0.883789
D,philschmid-qwen2.5-3b-r1-countdown,public_ckpt100,100,seed3,public_lineage_fork,120,cd/490280,1024,1008,7,9,0.70225826,0.43633759,0.54428501,45-,0.75358733,2,5,0.881836
D,philschmid-qwen2.5-3b-r1-countdown,public_ckpt100,100,seed3,public_lineage_fork,120,cd/490279,1024,1002,7,15,0.7912083,0.49160535,0.51070184,50-,0.71727227,2,5,0.855469
D,philschmid-qwen2.5-3b-r1-countdown,public_ckpt100,100,seed3,public_lineage_fork,120,cd/490276,1024,1012,2,10,0.37897961,0.23547327,0.78363726,83-,0.88861508,2,5,0.901367
D,philschmid-qwen2.5-3b-r1-countdown,public_ckpt100,100,seed3,public_lineage_fork,120,cd/490275,1024,324,2,698,0.02942792,0.04245551,0.99076923,59-,0.99538462,1,2,0.010742
D,philschmid-qwen2.5-3b-r1-countdown,public_ckpt100,100,seed3,public_lineage_fork,120,cd/490274,1024,742,4,278,0.20448712,0.14750628,0.92607527,55-,0.95766129,1,4,0.0
D,philschmid-qwen2.5-3b-r1-countdown,public_ckpt100,100,seed3,public_lineage_fork,120,cd/490271,1024,1002,1,21,0.72800562,0.45233532,0.49975112,95-,0.72722748,2,5,0.966797
D,philschmid-qwen2.5-3b-r1-countdown,public_ckpt100,100,seed3,public_lineage_fork,120,cd/490270,1024,760,2,262,0.42802842,0.61751448,0.69382392,88-,0.84691196,2,2,0.0
D,philschmid-qwen2.5-3b-r1-countdown,public_ckpt100,100,seed3,public_lineage_fork,120,cd/490268,1024,841,4,179,0.74066659,0.67418378,0.47121662,11+,0.70919881,2,3,0.829102
D,philschmid-qwen2.5-3b-r1-countdown,public_ckpt100,100,seed3,public_lineage_fork,120,cd/490267,1024,955,3,66,0.43997099,0.27336935,0.74673629,75-,0.86736292,2,5,0.967773
D,philschmid-qwen2.5-3b-r1-countdown,public_ckpt100,100,seed3,public_lineage_fork,120,cd/490266,1024,955,7,62,0.82887098,0.51500649,0.55456919,92-,0.70652742,3,5,0.0
D,philschmid-qwen2.5-3b-r1-countdown,public_ckpt100,100,seed3,public_lineage_fork,120,cd/490264,1024,62,10,952,0.15761612,0.14346838,0.94488189,34-,0.96850394,1,3,0.003906
D,philschmid-qwen2.5-3b-r1-countdown,public_ckpt100,100,seed3,public_lineage_fork,120,cd/490263,1024,1014,4,6,1.12073372,0.53895899,0.58939096,32-,0.6910609,2,8,0.458984
D,philschmid-qwen2.5-3b-r1-countdown,public_ckpt100,100,seed3,public_lineage_fork,120,cd/490262,1024,287,21,716,0.68061773,0.61952496,0.21837088,5*,0.60831889,2,3,0.037109
D,philschmid-qwen2.5-3b-r1-countdown,public_ckpt100,100,seed3,public_lineage_fork,120,cd/490261,1024,1009,1,14,0.63431249,0.39412051,0.71478003,60-,0.81117153,1,5,0.899414
D,philschmid-qwen2.5-3b-r1-countdown,public_ckpt100,100,seed3,public_lineage_fork,120,cd/490260,1024,847,9,168,0.71407594,0.64997994,0.19210371,67-,0.59222157,2,3,0.711914
D,philschmid-qwen2.5-3b-r1-countdown,public_ckpt100,100,seed3,public_lineage_fork,120,cd/490259,1024,858,2,164,0.22344312,0.20338669,0.89354276,74-,0.94531704,1,3,0.483398
D,philschmid-qwen2.5-3b-r1-countdown,public_ckpt100,100,seed3,public_lineage_fork,120,cd/490258,1024,1016,3,5,0.67177361,0.32305482,0.75294118,84-,0.82696078,1,8,0.84375
D,philschmid-qwen2.5-3b-r1-countdown,public_ckpt100,100,seed3,public_lineage_fork,120,cd/490256,1024,1007,8,9,0.7225996,0.44897638,0.57355126,79-,0.76126795,2,5,0.904297
D,philschmid-qwen2.5-3b-r1-countdown,public_ckpt100,100,seed3,public_lineage_fork,120,cd/490254,1024,46,5,973,0.40079726,0.36482139,0.82105263,90*,0.89473684,1,3,0.048828
D,philschmid-qwen2.5-3b-r1-countdown,public_ckpt100,100,seed3,public_lineage_fork,120,cd/490249,1024,985,0,39,0.79028234,0.40612479,0.53009611,96-,0.72382398,2,7,0.833008
D,philschmid-qwen2.5-3b-r1-countdown,public_ckpt100,100,seed3,public_lineage_fork,120,cd/490248,1024,707,4,313,0.52283805,0.75429586,0.56638418,54-,0.78319209,2,2,0.004883
D,philschmid-qwen2.5-3b-r1-countdown,public_ckpt100,100,seed3,public_lineage_fork,120,cd/490246,1024,1006,6,12,0.69134456,0.42955653,0.5523054,52-,0.75210709,2,5,0.957031
D,philschmid-qwen2.5-3b-r1-countdown,public_ckpt100,100,seed3,public_lineage_fork,120,cd/490245,1024,1015,4,5,0.82199128,0.39529425,0.69087341,93-,0.78263003,1,8,0.700195
D,philschmid-qwen2.5-3b-r1-countdown,public_ckpt100,100,seed3,public_lineage_fork,120,cd/490243,1024,994,3,27,0.56347951,0.3501095,0.5960863,72-,0.79227296,2,5,0.597656
D,philschmid-qwen2.5-3b-r1-countdown,public_ckpt100,100,seed3,public_lineage_fork,120,cd/490241,1024,1007,2,15,0.3856058,0.23959035,0.78652798,98-,0.88905399,2,5,0.949219
D,philschmid-qwen2.5-3b-r1-countdown,public_ckpt100,100,seed3,public_lineage_fork,120,cd/490240,1024,967,2,55,0.05537904,0.03440893,0.9860753,85-,0.99174832,1,5,0.592773
D,philschmid-qwen2.5-3b-r1-countdown,public_ckpt100,100,seed3,public_lineage_fork,120,cd/490239,1024,408,3,613,0.04661695,0.04243258,0.98656899,27-,0.99267399,1,3,0.0
D,philschmid-qwen2.5-3b-r1-countdown,public_ckpt100,100,seed3,public_lineage_fork,120,cd/490237,1024,836,3,185,0.00503147,0.00725887,0.99880526,96-,0.99940263,1,2,0.0
D,philschmid-qwen2.5-3b-r1-countdown,public_ckpt100,100,seed3,public_lineage_fork,120,cd/490236,1024,1005,7,12,0.90245817,0.43399064,0.52923687,97-,0.70019822,3,8,0.732422
D,philschmid-qwen2.5-3b-r1-countdown,public_ckpt100,100,seed3,public_lineage_fork,120,cd/490235,1024,1011,3,10,0.7089692,0.3643381,0.67225234,90-,0.79891572,2,7,0.601562
D,philschmid-qwen2.5-3b-r1-countdown,public_ckpt100,100,seed3,public_lineage_fork,120,cd/490234,1024,985,2,37,0.63490006,0.39448559,0.60556962,83-,0.78531646,2,5,0.954102
D,philschmid-qwen2.5-3b-r1-countdown,public_ckpt100,100,seed3,public_lineage_fork,120,cd/490233,1024,1010,5,9,0.46344889,0.28795699,0.80197531,92-,0.88246914,1,5,0.956055
D,philschmid-qwen2.5-3b-r1-countdown,public_ckpt100,100,seed3,public_lineage_fork,120,cd/490232,1024,793,5,226,0.01899469,0.01728971,0.99559471,88-,0.99748269,1,3,0.0
D,philschmid-qwen2.5-3b-r1-countdown,public_ckpt100,100,seed3,public_lineage_fork,120,cd/490231,1024,1014,4,6,0.66601725,0.3202866,0.64833006,66-,0.80009823,2,8,0.71875
D,philschmid-qwen2.5-3b-r1-countdown,public_ckpt100,100,seed3,public_lineage_fork,120,cd/490229,1024,973,2,49,1.05860423,0.50908103,0.21903787,87-,0.53480041,3,8,0.600586
D,philschmid-qwen2.5-3b-r1-countdown,public_ckpt100,100,seed3,public_lineage_fork,120,cd/490228,1024,986,11,27,0.65723528,0.40836324,0.3682347,56+,0.68133536,2,5,0.9375
D,philschmid-qwen2.5-3b-r1-countdown,public_ckpt100,100,seed3,public_lineage_fork,120,cd/490227,1024,1011,8,5,1.13992257,0.70827371,0.06314751,43-,0.38628515,3,5,0.914062
D,philschmid-qwen2.5-3b-r1-countdown,public_ckpt100,100,seed3,public_lineage_fork,120,cd/490225,1024,1015,1,8,0.42146204,0.26186909,0.81277641,91-,0.89090909,1,5,0.960938
D,philschmid-qwen2.5-3b-r1-countdown,public_ckpt100,100,seed3,public_lineage_fork,120,cd/490221,1024,975,8,41,0.69514507,0.43191791,0.59130435,79-,0.7657289,2,5,0.952148
D,philschmid-qwen2.5-3b-r1-countdown,public_ckpt100,100,seed3,public_lineage_fork,120,cd/490219,1024,888,8,128,0.71890268,0.44667935,0.24817518,94-,0.61931499,2,5,0.896484
D,philschmid-qwen2.5-3b-r1-countdown,public_ckpt100,100,seed3,public_lineage_fork,120,cd/490217,1024,904,5,115,0.40499909,0.36864606,0.72446162,74-,0.86195472,2,3,0.0
D,philschmid-qwen2.5-3b-r1-countdown,public_ckpt100,100,seed3,public_lineage_fork,120,cd/490215,1024,981,11,32,0.82964475,0.51548726,0.59684799,61-,0.73970513,2,5,0.671875
D,philschmid-qwen2.5-3b-r1-countdown,public_ckpt100,100,seed3,public_lineage_fork,120,cd/490214,1024,934,3,87,0.07345595,0.06686249,0.97594869,73-,0.98717263,1,3,0.882812
D,philschmid-qwen2.5-3b-r1-countdown,public_ckpt100,100,seed3,public_lineage_fork,120,cd/490213,1024,1004,2,18,1.26543583,0.65030537,0.0516129,34-,0.41538462,3,7,0.617188
D,philschmid-qwen2.5-3b-r1-countdown,public_ckpt100,100,seed3,public_lineage_fork,120,cd/490212,1024,1015,6,3,1.09186534,0.67841408,0.00786241,49+,0.39459459,3,5,0.935547
D,philschmid-qwen2.5-3b-r1-countdown,public_ckpt100,100,seed3,public_lineage_fork,120,cd/490211,1024,1007,4,13,0.51903878,0.32249693,0.75581971,79-,0.85537395,1,5,0.978516
D,philschmid-qwen2.5-3b-r1-countdown,public_ckpt100,100,seed3,public_lineage_fork,120,cd/490208,1024,913,2,109,0.61812307,0.38406146,0.47405789,94-,0.73347897,2,5,0.981445
D,philschmid-qwen2.5-3b-r1-countdown,public_ckpt100,100,seed3,public_lineage_fork,120,cd/490207,1024,739,16,269,1.04480322,0.64917274,0.27916386,80-,0.55495617,3,5,0.958984
D,philschmid-qwen2.5-3b-r1-countdown,public_ckpt100,100,seed3,public_lineage_fork,120,cd/490206,1024,1006,5,13,0.65696204,0.40819347,0.67625186,68-,0.79771939,2,5,0.863281
D,philschmid-qwen2.5-3b-r1-countdown,public_ckpt100,100,seed3,public_lineage_fork,120,cd/490205,1024,824,8,192,0.72819861,0.45245524,0.01330913,72-,0.50393224,2,5,0.942383
D,philschmid-qwen2.5-3b-r1-countdown,public_ckpt100,100,seed3,public_lineage_fork,120,cd/490204,1024,1010,3,11,0.9020172,0.43377858,0.40631164,90-,0.66025641,2,8,0.359375
D,philschmid-qwen2.5-3b-r1-countdown,public_ckpt100,100,seed3,public_lineage_fork,120,cd/490203,1024,789,12,223,0.68583762,0.6242763,0.15559772,38+,0.57748261,2,3,0.84375
D,philschmid-qwen2.5-3b-r1-countdown,public_ckpt100,100,seed3,public_lineage_fork,120,cd/490202,1024,843,1,180,0.00499467,0.00720579,0.99881517,97-,0.99940758,1,2,0.001953
D,philschmid-qwen2.5-3b-r1-countdown,public_ckpt100,100,seed3,public_lineage_fork,120,cd/490201,1024,1010,2,12,0.75297424,0.4678492,0.37333333,82-,0.67111111,2,5,0.975586
D,philschmid-qwen2.5-3b-r1-countdown,public_ckpt100,100,seed3,public_lineage_fork,120,cd/490199,1024,733,6,285,0.98386943,0.61131245,0.41196465,57-,0.64377974,2,5,0.982422
D,philschmid-qwen2.5-3b-r1-countdown,public_ckpt100,100,seed3,public_lineage_fork,125,cd/490363,1024,1023,1,0,1.0715458,0.5153046,0.36222006,83-,0.59250243,3,8,0.543945
D,philschmid-qwen2.5-3b-r1-countdown,public_ckpt100,100,seed3,public_lineage_fork,125,cd/490361,1024,872,0,152,0.02446275,0.02226696,0.99370349,98-,0.99656554,1,3,0.625
D,philschmid-qwen2.5-3b-r1-countdown,public_ckpt100,100,seed3,public_lineage_fork,125,cd/490360,1024,434,0,590,0.78127914,0.40149805,0.31771429,73-,0.64342857,2,7,0.28125
D,philschmid-qwen2.5-3b-r1-countdown,public_ckpt100,100,seed3,public_lineage_fork,125,cd/490357,1024,1010,2,12,0.70682767,0.43917673,0.51555556,89-,0.74123457,2,5,0.946289
D,philschmid-qwen2.5-3b-r1-countdown,public_ckpt100,100,seed3,public_lineage_fork,125,cd/490356,1024,809,0,215,0.22870084,0.12764037,0.93349754,79-,0.95628079,1,6,0.000977
D,philschmid-qwen2.5-3b-r1-countdown,public_ckpt100,100,seed3,public_lineage_fork,125,cd/490354,1024,1021,1,2,1.17280695,0.50934359,0.33723197,72-,0.55994152,3,10,0.654297
D,philschmid-qwen2.5-3b-r1-countdown,public_ckpt100,100,seed3,public_lineage_fork,125,cd/490353,1024,789,4,231,0.20575392,0.1278421,0.92735313,62-,0.95830701,1,5,0.958008
D,philschmid-qwen2.5-3b-r1-countdown,public_ckpt100,100,seed3,public_lineage_fork,125,cd/490352,1024,235,0,789,0.1993149,0.12384131,0.92210526,57-,0.95789474,1,5,0.0
D,philschmid-qwen2.5-3b-r1-countdown,public_ckpt100,100,seed3,public_lineage_fork,125,cd/490351,1024,529,4,491,0.50519691,0.25961985,0.71361502,77+,0.84788732,2,7,0.602539
D,philschmid-qwen2.5-3b-r1-countdown,public_ckpt100,100,seed3,public_lineage_fork,125,cd/490348,1024,993,1,30,0.41602452,0.25849057,0.83776996,52-,0.89753893,1,5,0.634766
D,philschmid-qwen2.5-3b-r1-countdown,public_ckpt100,100,seed3,public_lineage_fork,125,cd/490347,1024,1021,1,2,1.06698448,0.51311107,0.50634146,59-,0.65707317,3,8,0.332031
D,philschmid-qwen2.5-3b-r1-countdown,public_ckpt100,100,seed3,public_lineage_fork,125,cd/490344,1024,976,2,46,0.57837254,0.52645737,0.5084399,88-,0.75242967,2,3,0.576172
D,philschmid-qwen2.5-3b-r1-countdown,public_ckpt100,100,seed3,public_lineage_fork,125,cd/490343,1024,985,0,39,0.64198752,0.32991632,0.57764289,94-,0.77642893,2,7,0.166016
D,philschmid-qwen2.5-3b-r1-countdown,public_ckpt100,100,seed3,public_lineage_fork,125,cd/490342,1024,951,1,72,1.21659952,0.62520848,0.22105815,55+,0.49711891,3,7,0.480469
D,philschmid-qwen2.5-3b-r1-countdown,public_ckpt100,100,seed3,public_lineage_fork,125,cd/490341,1024,1014,1,9,1.09071437,0.4964055,0.23269514,62-,0.514973,3,9,0.703125
D,philschmid-qwen2.5-3b-r1-countdown,public_ckpt100,100,seed3,public_lineage_fork,125,cd/490340,1024,746,0,278,0.36993125,0.26684899,0.82085561,96-,0.90173797,1,4,0.017578
D,philschmid-qwen2.5-3b-r1-countdown,public_ckpt100,100,seed3,public_lineage_fork,125,cd/490339,1024,745,1,278,0.26631147,0.16546862,0.9083612,45+,0.94381271,1,5,0.975586
D,philschmid-qwen2.5-3b-r1-countdown,public_ckpt100,100,seed3,public_lineage_fork,125,cd/490338,1024,1020,1,3,0.65102333,0.31307604,0.56835938,92-,0.76806641,2,8,0.6875
D,philschmid-qwen2.5-3b-r1-countdown,public_ckpt100,100,seed3,public_lineage_fork,125,cd/490337,1024,1019,0,5,0.44142408,0.2742722,0.74204601,79-,0.8658835,2,5,0.941406
D,philschmid-qwen2.5-3b-r1-countdown,public_ckpt100,100,seed3,public_lineage_fork,125,cd/490335,1024,999,2,23,0.8097847,0.41614702,0.18553616,65+,0.58004988,2,7,0.811523
D,philschmid-qwen2.5-3b-r1-countdown,public_ckpt100,100,seed3,public_lineage_fork,125,cd/490334,1024,710,3,311,0.5093452,0.31647397,0.64842105,46+,0.82035088,2,5,0.958008
D,philschmid-qwen2.5-3b-r1-countdown,public_ckpt100,100,seed3,public_lineage_fork,125,cd/490333,1024,269,1,754,0.6969871,0.634425,0.22920518,55-,0.61182994,2,3,0.00293
D,philschmid-qwen2.5-3b-r1-countdown,public_ckpt100,100,seed3,public_lineage_fork,125,cd/490331,1024,1023,0,1,1.24861841,0.60045853,0.21226874,63-,0.49707887,3,8,0.347656
D,philschmid-qwen2.5-3b-r1-countdown,public_ckpt100,100,seed3,public_lineage_fork,125,cd/490330,1024,54,1,969,0.5074351,0.46188734,0.64864865,85-,0.81981982,2,3,0.004883
D,philschmid-qwen2.5-3b-r1-countdown,public_ckpt100,100,seed3,public_lineage_fork,125,cd/490327,1024,1020,0,4,0.99743107,0.47966295,0.33886719,95-,0.60986328,2,8,0.582031
D,philschmid-qwen2.5-3b-r1-countdown,public_ckpt100,100,seed3,public_lineage_fork,125,cd/490325,1024,887,0,137,0.58572235,0.30100175,0.72543515,90-,0.83380124,2,7,0.376953
D,philschmid-qwen2.5-3b-r1-countdown,public_ckpt100,100,seed3,public_lineage_fork,125,cd/490324,1024,900,1,123,0.2859332,0.17766029,0.87423823,99-,0.93130194,1,5,0.978516
D,philschmid-qwen2.5-3b-r1-countdown,public_ckpt100,100,seed3,public_lineage_fork,125,cd/490322,1024,1015,1,8,0.69048706,0.42902373,0.28108108,55+,0.63734644,2,5,0.950195
D,philschmid-qwen2.5-3b-r1-countdown,public_ckpt100,100,seed3,public_lineage_fork,125,cd/490321,1024,877,1,146,0.75207838,0.68457125,0.2037564,64-,0.59248719,2,3,0.0
D,philschmid-qwen2.5-3b-r1-countdown,public_ckpt100,100,seed3,public_lineage_fork,125,cd/490320,1024,74,7,943,0.22696752,0.32744492,0.88,36*,0.94,1,2,0.077148
D,philschmid-qwen2.5-3b-r1-countdown,public_ckpt100,100,seed3,public_lineage_fork,125,cd/490317,1024,970,0,54,0.62271745,0.3869161,0.59434447,47-,0.78097686,2,5,0.889648
D,philschmid-qwen2.5-3b-r1-countdown,public_ckpt100,100,seed3,public_lineage_fork,125,cd/490316,1024,946,0,78,0.74376606,0.46212784,0.08118081,26-,0.53610965,2,5,0.789062
D,philschmid-qwen2.5-3b-r1-countdown,public_ckpt100,100,seed3,public_lineage_fork,125,cd/490315,1024,989,0,35,0.3782116,0.23499608,0.81089259,87-,0.89914271,1,5,0.870117
D,philschmid-qwen2.5-3b-r1-countdown,public_ckpt100,100,seed3,public_lineage_fork,125,cd/490313,1024,1014,0,10,0.50561195,0.31415437,0.67092966,98-,0.82980817,2,5,0.933594
D,philschmid-qwen2.5-3b-r1-countdown,public_ckpt100,100,seed3,public_lineage_fork,125,cd/490312,1024,909,2,113,0.63308619,0.57625988,0.35475014,90-,0.67710049,2,3,0.663086
D,philschmid-qwen2.5-3b-r1-countdown,public_ckpt100,100,seed3,public_lineage_fork,125,cd/490309,1024,997,1,26,1.06179757,0.42729878,0.37986042,96-,0.58773679,3,12,0.018555
D,philschmid-qwen2.5-3b-r1-countdown,public_ckpt100,100,seed3,public_lineage_fork,125,cd/490308,1024,5,6,1013,0.56233514,0.81127812,0.5,11*,0.75,2,2,0.394531
D,philschmid-qwen2.5-3b-r1-countdown,public_ckpt100,100,seed3,public_lineage_fork,125,cd/490307,1024,1019,0,5,0.76145703,0.36618343,0.62756598,72-,0.78054741,2,8,0.566406
D,philschmid-qwen2.5-3b-r1-countdown,public_ckpt100,100,seed3,public_lineage_fork,125,cd/490306,1024,4,1,1019,0.32508297,0.46899559,0.8,50-,0.9,2,2,0.0
D,philschmid-qwen2.5-3b-r1-countdown,public_ckpt100,100,seed3,public_lineage_fork,125,cd/490305,1024,7,4,1013,0.62108637,0.89603823,0.375,15*,0.6875,2,2,0.423828
D,philschmid-qwen2.5-3b-r1-countdown,public_ckpt100,100,seed3,public_lineage_fork,125,cd/490304,1024,49,8,967,0.43136314,0.39264365,0.79207921,76-,0.88118812,1,3,0.0
D,philschmid-qwen2.5-3b-r1-countdown,public_ckpt100,100,seed3,public_lineage_fork,125,cd/490303,1024,995,0,29,1.2218635,0.58759214,0.00900901,16+,0.40790791,2,8,0.401367
D,philschmid-qwen2.5-3b-r1-countdown,public_ckpt100,100,seed3,public_lineage_fork,125,cd/490297,1024,977,1,46,0.72832005,0.66294548,0.01737353,22+,0.50536536,2,3,0.96582
D,philschmid-qwen2.5-3b-r1-countdown,public_ckpt100,100,seed3,public_lineage_fork,125,cd/490296,1024,1015,0,9,1.0827988,0.52071615,0.31795878,99-,0.57556428,3,8,0.657227
D,philschmid-qwen2.5-3b-r1-countdown,public_ckpt100,100,seed3,public_lineage_fork,125,cd/490292,1024,925,2,97,1.04970832,0.45588253,0.01935484,16+,0.44569892,3,10,0.085938
D,philschmid-qwen2.5-3b-r1-countdown,public_ckpt100,100,seed3,public_lineage_fork,125,cd/490290,1024,801,2,221,0.66457748,0.4129252,0.39701307,40-,0.69383945,2,5,0.947266
D,philschmid-qwen2.5-3b-r1-countdown,public_ckpt100,100,seed3,public_lineage_fork,125,cd/490288,1024,200,2,822,0.08620899,0.04811415,0.98522167,24*,0.98768473,1,6,0.005859
D,philschmid-qwen2.5-3b-r1-countdown,public_ckpt100,100,seed3,public_lineage_fork,125,cd/490287,1024,1008,1,15,0.93436449,0.5805533,0.37803068,97-,0.62295893,3,5,0.84082
D,philschmid-qwen2.5-3b-r1-countdown,public_ckpt100,100,seed3,public_lineage_fork,125,cd/490283,1024,947,0,77,0.27477139,0.17072506,0.89099526,91-,0.93786203,1,5,0.789062
D,philschmid-qwen2.5-3b-r1-countdown,public_ckpt100,100,seed3,public_lineage_fork,125,cd/490282,1024,975,1,48,0.73803514,0.45856701,0.06445013,78-,0.52838875,2,5,0.970703
D,philschmid-qwen2.5-3b-r1-countdown,public_ckpt100,100,seed3,public_lineage_fork,125,cd/490281,1024,785,3,236,0.29009664,0.18024718,0.86984127,27-,0.93015873,1,5,0.857422
D,philschmid-qwen2.5-3b-r1-countdown,public_ckpt100,100,seed3,public_lineage_fork,125,cd/490280,1024,1011,1,12,0.63372411,0.39375493,0.61272817,45-,0.79082388,2,5,0.868164
D,philschmid-qwen2.5-3b-r1-countdown,public_ckpt100,100,seed3,public_lineage_fork,125,cd/490279,1024,1006,1,17,0.78003769,0.48466467,0.52255825,50-,0.72632623,2,5,0.871094
D,philschmid-qwen2.5-3b-r1-countdown,public_ckpt100,100,seed3,public_lineage_fork,125,cd/490276,1024,1016,1,7,0.40042127,0.24879572,0.74815906,83-,0.87236132,2,5,0.860352
D,philschmid-qwen2.5-3b-r1-countdown,public_ckpt100,100,seed3,public_lineage_fork,125,cd/490275,1024,201,0,823,0.04380505,0.06319733,0.98514851,59-,0.99257426,1,2,0.005859
D,philschmid-qwen2.5-3b-r1-countdown,public_ckpt100,100,seed3,public_lineage_fork,125,cd/490274,1024,663,0,361,0.17034409,0.12287729,0.93984962,55-,0.96616541,1,4,0.0
D,philschmid-qwen2.5-3b-r1-countdown,public_ckpt100,100,seed3,public_lineage_fork,125,cd/490271,1024,995,1,28,0.69588761,0.43237928,0.45714286,95-,0.71629073,2,5,0.96875
D,philschmid-qwen2.5-3b-r1-countdown,public_ckpt100,100,seed3,public_lineage_fork,125,cd/490270,1024,726,3,295,0.40923512,0.59040148,0.71526823,88-,0.85763411,2,2,0.0
D,philschmid-qwen2.5-3b-r1-countdown,public_ckpt100,100,seed3,public_lineage_fork,125,cd/490268,1024,894,1,129,0.64062372,0.58312084,0.6175321,11+,0.78336125,2,3,0.881836
D,philschmid-qwen2.5-3b-r1-countdown,public_ckpt100,100,seed3,public_lineage_fork,125,cd/490267,1024,983,0,41,0.48215094,0.29957722,0.67579909,75-,0.83460173,2,5,0.975586
D,philschmid-qwen2.5-3b-r1-countdown,public_ckpt100,100,seed3,public_lineage_fork,125,cd/490266,1024,953,2,69,1.04616101,0.65001638,0.31815803,92-,0.54788069,3,5,0.0
D,philschmid-qwen2.5-3b-r1-countdown,public_ckpt100,100,seed3,public_lineage_fork,125,cd/490264,1024,40,2,982,0.13028179,0.1185876,0.96385542,34-,0.97590361,1,3,0.000977
D,philschmid-qwen2.5-3b-r1-countdown,public_ckpt100,100,seed3,public_lineage_fork,125,cd/490263,1024,1018,2,4,1.23393457,0.5933971,0.44324853,32-,0.60812133,3,8,0.485352
D,philschmid-qwen2.5-3b-r1-countdown,public_ckpt100,100,seed3,public_lineage_fork,125,cd/490262,1024,192,10,822,0.62550119,0.56935572,0.40310078,5*,0.7002584,2,3,0.043945
D,philschmid-qwen2.5-3b-r1-countdown,public_ckpt100,100,seed3,public_lineage_fork,125,cd/490261,1024,1007,1,16,0.65882704,0.40935226,0.70430906,60-,0.80287271,1,5,0.813477
D,philschmid-qwen2.5-3b-r1-countdown,public_ckpt100,100,seed3,public_lineage_fork,125,cd/490260,1024,870,2,152,0.74434372,0.67753085,0.05163511,7+,0.52036718,2,3,0.630859
D,philschmid-qwen2.5-3b-r1-countdown,public_ckpt100,100,seed3,public_lineage_fork,125,cd/490259,1024,822,0,202,0.18007968,0.16391559,0.92774742,74-,0.96114147,1,3,0.473633
D,philschmid-qwen2.5-3b-r1-countdown,public_ckpt100,100,seed3,public_lineage_fork,125,cd/490258,1024,1019,0,5,0.81947604,0.39408467,0.64418377,84-,0.75904203,2,8,0.821289
D,philschmid-qwen2.5-3b-r1-countdown,public_ckpt100,100,seed3,public_lineage_fork,125,cd/490256,1024,1016,3,5,0.71478288,0.44411957,0.56062838,79-,0.75552283,2,5,0.887695
D,philschmid-qwen2.5-3b-r1-countdown,public_ckpt100,100,seed3,public_lineage_fork,125,cd/490254,1024,33,1,990,0.15128903,0.13770921,0.95652174,90*,0.97101449,1,3,0.058594
D,philschmid-qwen2.5-3b-r1-countdown,public_ckpt100,100,seed3,public_lineage_fork,125,cd/490249,1024,971,0,53,0.91487319,0.47015181,0.30169318,96-,0.60595177,2,7,0.883789
D,philschmid-qwen2.5-3b-r1-countdown,public_ckpt100,100,seed3,public_lineage_fork,125,cd/490248,1024,643,0,381,0.55275658,0.79745917,0.51708075,54-,0.75854037,2,2,0.0
D,philschmid-qwen2.5-3b-r1-countdown,public_ckpt100,100,seed3,public_lineage_fork,125,cd/490246,1024,1015,0,9,0.70758266,0.43964583,0.53562654,52-,0.74152334,2,5,0.959961
D,philschmid-qwen2.5-3b-r1-countdown,public_ckpt100,100,seed3,public_lineage_fork,125,cd/490245,1024,1020,1,3,0.96952644,0.46624366,0.56054688,93-,0.71240234,2,8,0.725586
D,philschmid-qwen2.5-3b-r1-countdown,public_ckpt100,100,seed3,public_lineage_fork,125,cd/490243,1024,996,0,28,0.73767384,0.45834252,0.37356034,72-,0.67250876,2,5,0.667969
D,philschmid-qwen2.5-3b-r1-countdown,public_ckpt100,100,seed3,public_lineage_fork,125,cd/490241,1024,1008,0,16,0.45714844,0.2840423,0.69866403,98-,0.84661059,2,5,0.932617
D,philschmid-qwen2.5-3b-r1-countdown,public_ckpt100,100,seed3,public_lineage_fork,125,cd/490240,1024,965,1,58,0.04554946,0.02830147,0.99121447,85-,0.99379845,1,5,0.581055
D,philschmid-qwen2.5-3b-r1-countdown,public_ckpt100,100,seed3,public_lineage_fork,125,cd/490239,1024,291,1,732,0.11156335,0.10154933,0.96410256,27-,0.97948718,1,3,0.0
D,philschmid-qwen2.5-3b-r1-countdown,public_ckpt100,100,seed3,public_lineage_fork,125,cd/490237,1024,796,0,228,0.00525325,0.00757884,0.99874529,96-,0.99937265,1,2,0.0
D,philschmid-qwen2.5-3b-r1-countdown,public_ckpt100,100,seed3,public_lineage_fork,125,cd/490236,1024,999,1,24,1.00868293,0.48507395,0.44167498,97-,0.63858425,3,8,0.676758
D,philschmid-qwen2.5-3b-r1-countdown,public_ckpt100,100,seed3,public_lineage_fork,125,cd/490235,1024,1011,0,13,0.83360372,0.42838757,0.52833908,90-,0.72400197,2,7,0.689453
D,philschmid-qwen2.5-3b-r1-countdown,public_ckpt100,100,seed3,public_lineage_fork,125,cd/490234,1024,976,1,47,0.67795313,0.42123596,0.53755749,83-,0.75166071,2,5,0.948242
D,philschmid-qwen2.5-3b-r1-countdown,public_ckpt100,100,seed3,public_lineage_fork,125,cd/490233,1024,1014,2,8,0.52911239,0.32875601,0.69945893,92-,0.83767831,2,5,0.972656
D,philschmid-qwen2.5-3b-r1-countdown,public_ckpt100,100,seed3,public_lineage_fork,125,cd/490232,1024,757,3,264,0.01097407,0.00998903,0.99802241,88-,0.99868161,1,3,0.0
D,philschmid-qwen2.5-3b-r1-countdown,public_ckpt100,100,seed3,public_lineage_fork,125,cd/490231,1024,1002,2,20,0.74968188,0.36052078,0.46222664,66-,0.71322068,2,8,0.693359
D,philschmid-qwen2.5-3b-r1-countdown,public_ckpt100,100,seed3,public_lineage_fork,125,cd/490229,1024,985,2,37,0.99607735,0.47901195,0.03741153,16+,0.46663296,2,8,0.689453
D,philschmid-qwen2.5-3b-r1-countdown,public_ckpt100,100,seed3,public_lineage_fork,125,cd/490228,1024,994,5,25,0.61025464,0.37917253,0.46261917,56+,0.72905168,2,5,0.949219
D,philschmid-qwen2.5-3b-r1-countdown,public_ckpt100,100,seed3,public_lineage_fork,125,cd/490227,1024,1019,1,4,1.13846271,0.70736666,0.04894763,43-,0.36563877,3,5,0.936523
D,philschmid-qwen2.5-3b-r1-countdown,public_ckpt100,100,seed3,public_lineage_fork,125,cd/490225,1024,1006,1,17,0.44213658,0.2747149,0.77045117,91-,0.8740704,2,5,0.976562
D,philschmid-qwen2.5-3b-r1-countdown,public_ckpt100,100,seed3,public_lineage_fork,125,cd/490221,1024,989,1,34,0.67975993,0.42235859,0.60716087,79-,0.77609682,2,5,0.961914
D,philschmid-qwen2.5-3b-r1-countdown,public_ckpt100,100,seed3,public_lineage_fork,125,cd/490219,1024,848,5,171,0.77537224,0.48176586,0.02939447,94-,0.50617284,2,5,0.90625
D,philschmid-qwen2.5-3b-r1-countdown,public_ckpt100,100,seed3,public_lineage_fork,125,cd/490217,1024,856,2,166,0.47998194,0.43689839,0.63440233,74-,0.81690962,2,3,0.0
D,philschmid-qwen2.5-3b-r1-countdown,public_ckpt100,100,seed3,public_lineage_fork,125,cd/490215,1024,1007,1,16,0.76544966,0.47560061,0.64190193,61-,0.76820208,2,5,0.527344
D,philschmid-qwen2.5-3b-r1-countdown,public_ckpt100,100,seed3,public_lineage_fork,125,cd/490214,1024,926,1,97,0.0691067,0.06290363,0.97789757,73-,0.98814016,1,3,0.857422
D,philschmid-qwen2.5-3b-r1-countdown,public_ckpt100,100,seed3,public_lineage_fork,125,cd/490213,1024,1005,1,18,1.27813789,0.65683294,0.07833416,34-,0.40009916,3,7,0.674805
D,philschmid-qwen2.5-3b-r1-countdown,public_ckpt100,100,seed3,public_lineage_fork,125,cd/490212,1024,1022,0,2,1.04364072,0.64845044,0.07125427,49+,0.44851147,3,5,0.946289
D,philschmid-qwen2.5-3b-r1-countdown,public_ckpt100,100,seed3,public_lineage_fork,125,cd/490211,1024,1014,0,10,0.5070735,0.31506248,0.74274471,79-,0.85341859,2,5,0.972656
D,philschmid-qwen2.5-3b-r1-countdown,public_ckpt100,100,seed3,public_lineage_fork,125,cd/490208,1024,856,1,167,0.69442887,0.43147292,0.27489808,94-,0.63424578,2,5,0.973633
D,philschmid-qwen2.5-3b-r1-countdown,public_ckpt100,100,seed3,public_lineage_fork,125,cd/490207,1024,747,0,277,1.04296667,0.64803163,0.11207472,80-,0.48498999,3,5,0.959961
D,philschmid-qwen2.5-3b-r1-countdown,public_ckpt100,100,seed3,public_lineage_fork,125,cd/490206,1024,1006,0,18,0.68712971,0.42693769,0.67426872,68-,0.78582053,2,5,0.886719
D,philschmid-qwen2.5-3b-r1-countdown,public_ckpt100,100,seed3,public_lineage_fork,125,cd/490205,1024,855,1,168,0.70028652,0.43511248,0.11311953,72+,0.55568513,2,5,0.963867
D,philschmid-qwen2.5-3b-r1-countdown,public_ckpt100,100,seed3,public_lineage_fork,125,cd/490204,1024,1016,0,8,1.02339357,0.49214828,0.25196078,90-,0.55735294,3,8,0.431641
D,philschmid-qwen2.5-3b-r1-countdown,public_ckpt100,100,seed3,public_lineage_fork,125,cd/490203,1024,826,5,193,0.6990752,0.63632567,0.10996979,38+,0.55407855,2,3,0.90332
D,philschmid-qwen2.5-3b-r1-countdown,public_ckpt100,100,seed3,public_lineage_fork,125,cd/490202,1024,817,0,207,0.00513429,0.00740722,0.99877751,97-,0.99938875,1,2,0.000977
D,philschmid-qwen2.5-3b-r1-countdown,public_ckpt100,100,seed3,public_lineage_fork,125,cd/490201,1024,1016,0,8,0.74774659,0.46460108,0.31909671,82-,0.64752086,2,5,0.982422
D,philschmid-qwen2.5-3b-r1-countdown,public_ckpt100,100,seed3,public_lineage_fork,125,cd/490199,1024,749,0,275,0.92797079,0.57658067,0.33399867,57-,0.62341983,2,5,0.981445
D,philschmid-qwen2.5-3b-r1-countdown,public_ckpt100,100,seed4,public_lineage_fork,105,cd/490363,1024,944,15,65,1.25448004,0.60327738,0.32594937,83-,0.56487342,3,8,0.458008
D,philschmid-qwen2.5-3b-r1-countdown,public_ckpt100,100,seed4,public_lineage_fork,105,cd/490361,1024,857,15,152,0.03141912,0.02859892,0.99126383,98-,0.99534071,1,3,0.679688
D,philschmid-qwen2.5-3b-r1-countdown,public_ckpt100,100,seed4,public_lineage_fork,105,cd/490360,1024,533,10,481,0.98868205,0.50808207,0.59832246,73-,0.71481827,3,7,0.138672
D,philschmid-qwen2.5-3b-r1-countdown,public_ckpt100,100,seed4,public_lineage_fork,105,cd/490357,1024,935,9,80,0.80873052,0.50249252,0.62506667,89-,0.74933333,3,5,0.751953
D,philschmid-qwen2.5-3b-r1-countdown,public_ckpt100,100,seed4,public_lineage_fork,105,cd/490356,1024,807,8,209,0.69035733,0.38529576,0.70123457,79-,0.81296296,2,6,0.003906
D,philschmid-qwen2.5-3b-r1-countdown,public_ckpt100,100,seed4,public_lineage_fork,105,cd/490354,1024,949,14,61,1.28828445,0.55949483,0.2033543,72-,0.5057652,3,10,0.405273
D,philschmid-qwen2.5-3b-r1-countdown,public_ckpt100,100,seed4,public_lineage_fork,105,cd/490353,1024,749,9,266,0.59685917,0.37084945,0.63606121,62-,0.80439122,2,5,0.661133
D,philschmid-qwen2.5-3b-r1-countdown,public_ckpt100,100,seed4,public_lineage_fork,105,cd/490352,1024,186,11,827,0.63340138,0.3935544,0.74270557,57-,0.83554377,1,5,0.0
D,philschmid-qwen2.5-3b-r1-countdown,public_ckpt100,100,seed4,public_lineage_fork,105,cd/490351,1024,581,9,434,1.14261542,0.58718817,0.09409752,77+,0.47989735,2,7,0.416016
D,philschmid-qwen2.5-3b-r1-countdown,public_ckpt100,100,seed4,public_lineage_fork,105,cd/490348,1024,945,9,70,0.47720883,0.29650652,0.84643799,52-,0.89023747,1,5,0.12207
D,philschmid-qwen2.5-3b-r1-countdown,public_ckpt100,100,seed4,public_lineage_fork,105,cd/490347,1024,926,12,86,1.09036555,0.52435499,0.48817204,59-,0.65430108,2,8,0.25293
D,philschmid-qwen2.5-3b-r1-countdown,public_ckpt100,100,seed4,public_lineage_fork,105,cd/490344,1024,877,18,129,0.46604376,0.42421131,0.66818441,88-,0.83266932,2,3,0.823242
D,philschmid-qwen2.5-3b-r1-countdown,public_ckpt100,100,seed4,public_lineage_fork,105,cd/490343,1024,930,7,87,0.93374672,0.47985089,0.57739689,94-,0.72147831,2,7,0.046875
D,philschmid-qwen2.5-3b-r1-countdown,public_ckpt100,100,seed4,public_lineage_fork,105,cd/490342,1024,776,6,242,1.55660292,0.79993566,0.03848621,68-,0.30724824,4,7,0.163086
D,philschmid-qwen2.5-3b-r1-countdown,public_ckpt100,100,seed4,public_lineage_fork,105,cd/490341,1024,892,12,120,1.25500513,0.57117745,0.22978249,62-,0.52370329,3,9,0.158203
D,philschmid-qwen2.5-3b-r1-countdown,public_ckpt100,100,seed4,public_lineage_fork,105,cd/490340,1024,744,7,273,0.59369325,0.42825915,0.60053619,96-,0.79021448,2,4,0.161133
D,philschmid-qwen2.5-3b-r1-countdown,public_ckpt100,100,seed4,public_lineage_fork,105,cd/490339,1024,767,13,244,0.95455588,0.59309892,0.48473034,45+,0.67511371,2,5,0.887695
D,philschmid-qwen2.5-3b-r1-countdown,public_ckpt100,100,seed4,public_lineage_fork,105,cd/490338,1024,885,9,130,0.91900462,0.4419478,0.54330709,92-,0.72272216,2,8,0.327148
D,philschmid-qwen2.5-3b-r1-countdown,public_ckpt100,100,seed4,public_lineage_fork,105,cd/490337,1024,959,11,54,0.87033224,0.54076783,0.53354134,79-,0.71294852,2,5,0.754883
D,philschmid-qwen2.5-3b-r1-countdown,public_ckpt100,100,seed4,public_lineage_fork,105,cd/490335,1024,876,6,142,1.32980501,0.68338459,0.19101762,65+,0.4940307,2,7,0.430664
D,philschmid-qwen2.5-3b-r1-countdown,public_ckpt100,100,seed4,public_lineage_fork,105,cd/490334,1024,772,15,237,0.71490985,0.44419847,0.4738541,46+,0.72111039,2,5,0.893555
D,philschmid-qwen2.5-3b-r1-countdown,public_ckpt100,100,seed4,public_lineage_fork,105,cd/490333,1024,186,8,830,0.81151501,0.7386728,0.256,55-,0.60533333,2,3,0.003906
D,philschmid-qwen2.5-3b-r1-countdown,public_ckpt100,100,seed4,public_lineage_fork,105,cd/490331,1024,940,13,71,1.32540689,0.63738598,0.24152542,63-,0.50794492,3,8,0.351562
D,philschmid-qwen2.5-3b-r1-countdown,public_ckpt100,100,seed4,public_lineage_fork,105,cd/490330,1024,56,10,958,0.90785172,0.82636225,0.43478261,85-,0.63478261,3,3,0.00293
D,philschmid-qwen2.5-3b-r1-countdown,public_ckpt100,100,seed4,public_lineage_fork,105,cd/490327,1024,946,11,67,1.19295189,0.57368859,0.23473684,95-,0.54263158,2,8,0.287109
D,philschmid-qwen2.5-3b-r1-countdown,public_ckpt100,100,seed4,public_lineage_fork,105,cd/490325,1024,773,9,242,0.61114935,0.31406864,0.71216999,90-,0.83129427,2,7,0.05957
D,philschmid-qwen2.5-3b-r1-countdown,public_ckpt100,100,seed4,public_lineage_fork,105,cd/490324,1024,840,18,166,0.6574087,0.40847099,0.74183976,99-,0.8231454,1,5,0.783203
D,philschmid-qwen2.5-3b-r1-countdown,public_ckpt100,100,seed4,public_lineage_fork,105,cd/490322,1024,900,27,97,0.90274121,0.56090465,0.16177285,55-,0.55457064,2,5,0.668945
D,philschmid-qwen2.5-3b-r1-countdown,public_ckpt100,100,seed4,public_lineage_fork,105,cd/490321,1024,604,2,418,0.50232025,0.4572316,0.72667217,64-,0.84805945,2,3,0.0
D,philschmid-qwen2.5-3b-r1-countdown,public_ckpt100,100,seed4,public_lineage_fork,105,cd/490320,1024,255,20,749,0.58472965,0.84358657,0.45703125,36*,0.72851562,2,2,0.0625
D,philschmid-qwen2.5-3b-r1-countdown,public_ckpt100,100,seed4,public_lineage_fork,105,cd/490317,1024,938,14,72,0.84676356,0.52612378,0.64859117,47-,0.7533227,2,5,0.619141
D,philschmid-qwen2.5-3b-r1-countdown,public_ckpt100,100,seed4,public_lineage_fork,105,cd/490316,1024,875,7,142,0.96853528,0.60178481,0.03190883,26-,0.47578348,2,5,0.663086
D,philschmid-qwen2.5-3b-r1-countdown,public_ckpt100,100,seed4,public_lineage_fork,105,cd/490315,1024,957,10,57,0.70915992,0.44062583,0.66492965,87-,0.79781136,2,5,0.808594
D,philschmid-qwen2.5-3b-r1-countdown,public_ckpt100,100,seed4,public_lineage_fork,105,cd/490313,1024,960,6,58,0.76048704,0.47251717,0.59220779,98-,0.75688312,2,5,0.802734
D,philschmid-qwen2.5-3b-r1-countdown,public_ckpt100,100,seed4,public_lineage_fork,105,cd/490312,1024,804,4,216,0.34908564,0.31775145,0.78833023,90-,0.89323402,2,3,0.837891
D,philschmid-qwen2.5-3b-r1-countdown,public_ckpt100,100,seed4,public_lineage_fork,105,cd/490309,1024,929,9,86,1.02316471,0.41175177,0.47165775,96-,0.67219251,2,12,0.006836
D,philschmid-qwen2.5-3b-r1-countdown,public_ckpt100,100,seed4,public_lineage_fork,105,cd/490308,1024,104,8,912,0.50693338,0.73135027,0.59047619,11*,0.7952381,2,2,0.174805
D,philschmid-qwen2.5-3b-r1-countdown,public_ckpt100,100,seed4,public_lineage_fork,105,cd/490307,1024,879,13,132,0.98845922,0.4753484,0.57191393,72-,0.70271801,3,8,0.34668
D,philschmid-qwen2.5-3b-r1-countdown,public_ckpt100,100,seed4,public_lineage_fork,105,cd/490306,1024,70,5,949,0.36636337,0.52855061,0.76056338,50-,0.88028169,2,2,0.0
D,philschmid-qwen2.5-3b-r1-countdown,public_ckpt100,100,seed4,public_lineage_fork,105,cd/490305,1024,75,12,937,0.50582618,0.72975293,0.59210526,15*,0.79605263,2,2,0.180664
D,philschmid-qwen2.5-3b-r1-countdown,public_ckpt100,100,seed4,public_lineage_fork,105,cd/490304,1024,223,24,777,0.46937569,0.42724417,0.78841871,76-,0.87082405,1,3,0.0
D,philschmid-qwen2.5-3b-r1-countdown,public_ckpt100,100,seed4,public_lineage_fork,105,cd/490303,1024,858,2,164,1.61122641,0.77483612,0.10440835,68+,0.32772622,4,8,0.333008
D,philschmid-qwen2.5-3b-r1-countdown,public_ckpt100,100,seed4,public_lineage_fork,105,cd/490297,1024,776,14,234,0.72276417,0.6578883,0.25209003,22+,0.6192926,2,3,0.789062
D,philschmid-qwen2.5-3b-r1-countdown,public_ckpt100,100,seed4,public_lineage_fork,105,cd/490296,1024,896,5,123,1.0565101,0.50807396,0.40777778,99-,0.63722222,2,8,0.387695
D,philschmid-qwen2.5-3b-r1-countdown,public_ckpt100,100,seed4,public_lineage_fork,105,cd/490292,1024,749,2,273,1.30647246,0.56739378,0.07427056,44+,0.43037135,3,10,0.070312
D,philschmid-qwen2.5-3b-r1-countdown,public_ckpt100,100,seed4,public_lineage_fork,105,cd/490290,1024,757,16,251,1.02876191,0.63920572,0.1514154,40-,0.52205398,2,5,0.675781
D,philschmid-qwen2.5-3b-r1-countdown,public_ckpt100,100,seed4,public_lineage_fork,105,cd/490288,1024,342,4,678,0.53118866,0.29646204,0.83188406,24*,0.87971014,1,6,0.00293
D,philschmid-qwen2.5-3b-r1-countdown,public_ckpt100,100,seed4,public_lineage_fork,105,cd/490287,1024,938,11,75,1.00008184,0.62138579,0.523126,97-,0.68421053,2,5,0.453125
D,philschmid-qwen2.5-3b-r1-countdown,public_ckpt100,100,seed4,public_lineage_fork,105,cd/490283,1024,866,18,140,0.3937764,0.24466704,0.88888889,91-,0.91824986,1,5,0.493164
D,philschmid-qwen2.5-3b-r1-countdown,public_ckpt100,100,seed4,public_lineage_fork,105,cd/490282,1024,961,3,60,0.78108955,0.48531823,0.3902439,78-,0.67514271,2,5,0.888672
D,philschmid-qwen2.5-3b-r1-countdown,public_ckpt100,100,seed4,public_lineage_fork,105,cd/490281,1024,721,6,297,0.7027713,0.43665636,0.61644782,27-,0.77194195,2,5,0.832031
D,philschmid-qwen2.5-3b-r1-countdown,public_ckpt100,100,seed4,public_lineage_fork,105,cd/490280,1024,967,13,44,0.84054272,0.52225855,0.50747808,45-,0.71531717,2,5,0.708984
D,philschmid-qwen2.5-3b-r1-countdown,public_ckpt100,100,seed4,public_lineage_fork,105,cd/490279,1024,935,22,67,0.91081425,0.56592071,0.5056,50-,0.6832,3,5,0.645508
D,philschmid-qwen2.5-3b-r1-countdown,public_ckpt100,100,seed4,public_lineage_fork,105,cd/490276,1024,961,6,57,0.58538021,0.36371718,0.69538142,83-,0.82874935,2,5,0.854492
D,philschmid-qwen2.5-3b-r1-countdown,public_ckpt100,100,seed4,public_lineage_fork,105,cd/490275,1024,237,5,782,0.217853,0.31429544,0.88655462,59-,0.94327731,1,2,0.014648
D,philschmid-qwen2.5-3b-r1-countdown,public_ckpt100,100,seed4,public_lineage_fork,105,cd/490274,1024,749,11,264,0.40957381,0.29544505,0.84953395,55-,0.90346205,1,4,0.0
D,philschmid-qwen2.5-3b-r1-countdown,public_ckpt100,100,seed4,public_lineage_fork,105,cd/490271,1024,927,10,87,0.78144591,0.48553965,0.57127488,95-,0.73641743,2,5,0.78125
D,philschmid-qwen2.5-3b-r1-countdown,public_ckpt100,100,seed4,public_lineage_fork,105,cd/490270,1024,630,16,378,0.61113262,0.881678,0.39936609,88-,0.69968304,2,2,0.0
D,philschmid-qwen2.5-3b-r1-countdown,public_ckpt100,100,seed4,public_lineage_fork,105,cd/490268,1024,597,5,422,0.7928704,0.72170174,0.39933166,11+,0.66917293,2,3,0.5625
D,philschmid-qwen2.5-3b-r1-countdown,public_ckpt100,100,seed4,public_lineage_fork,105,cd/490267,1024,878,15,131,0.68836322,0.42770412,0.58148779,75-,0.76831346,2,5,0.779297
D,philschmid-qwen2.5-3b-r1-countdown,public_ckpt100,100,seed4,public_lineage_fork,105,cd/490266,1024,875,30,119,0.79837152,0.49605612,0.56638177,92-,0.73105413,2,5,0.0
D,philschmid-qwen2.5-3b-r1-countdown,public_ckpt100,100,seed4,public_lineage_fork,105,cd/490264,1024,120,12,892,0.88188174,0.80272335,0.46090535,34-,0.65432099,3,3,0.012695
D,philschmid-qwen2.5-3b-r1-countdown,public_ckpt100,100,seed4,public_lineage_fork,105,cd/490263,1024,939,18,67,1.43857228,0.69180703,0.44538706,32-,0.57635207,2,8,0.288086
D,philschmid-qwen2.5-3b-r1-countdown,public_ckpt100,100,seed4,public_lineage_fork,105,cd/490262,1024,522,2,500,0.72546035,0.66034247,0.46800382,32*,0.71155683,2,3,0.029297
D,philschmid-qwen2.5-3b-r1-countdown,public_ckpt100,100,seed4,public_lineage_fork,105,cd/490261,1024,935,7,82,0.7876228,0.48937756,0.70826667,60-,0.78773333,1,5,0.830078
D,philschmid-qwen2.5-3b-r1-countdown,public_ckpt100,100,seed4,public_lineage_fork,105,cd/490260,1024,663,20,341,0.68998681,0.62805306,0.47103085,67-,0.72009029,2,3,0.738281
D,philschmid-qwen2.5-3b-r1-countdown,public_ckpt100,100,seed4,public_lineage_fork,105,cd/490259,1024,740,13,271,0.21635791,0.19693746,0.91706001,74-,0.95279838,1,3,0.612305
D,philschmid-qwen2.5-3b-r1-countdown,public_ckpt100,100,seed4,public_lineage_fork,105,cd/490258,1024,919,11,94,0.81094025,0.38997983,0.70530878,84-,0.79469122,1,8,0.539062
D,philschmid-qwen2.5-3b-r1-countdown,public_ckpt100,100,seed4,public_lineage_fork,105,cd/490256,1024,945,23,56,0.96065298,0.59688726,0.58997361,79-,0.71398417,2,5,0.807617
D,philschmid-qwen2.5-3b-r1-countdown,public_ckpt100,100,seed4,public_lineage_fork,105,cd/490254,1024,123,2,899,0.85184734,0.77538487,0.2248996,90*,0.58232932,2,3,0.03125
D,philschmid-qwen2.5-3b-r1-countdown,public_ckpt100,100,seed4,public_lineage_fork,105,cd/490249,1024,938,1,85,0.93655267,0.48129286,0.57355284,96-,0.71853425,2,7,0.648438
D,philschmid-qwen2.5-3b-r1-countdown,public_ckpt100,100,seed4,public_lineage_fork,105,cd/490248,1024,744,10,270,0.65592428,0.94629871,0.27114094,54-,0.63557047,2,2,0.012695
D,philschmid-qwen2.5-3b-r1-countdown,public_ckpt100,100,seed4,public_lineage_fork,105,cd/490246,1024,932,5,87,0.93461781,0.58071069,0.60246121,52-,0.71749599,3,5,0.75
D,philschmid-qwen2.5-3b-r1-countdown,public_ckpt100,100,seed4,public_lineage_fork,105,cd/490245,1024,957,7,60,1.07426768,0.51661355,0.58480749,93-,0.68938606,2,8,0.476562
D,philschmid-qwen2.5-3b-r1-countdown,public_ckpt100,100,seed4,public_lineage_fork,105,cd/490243,1024,895,10,119,0.78994178,0.49081843,0.65181058,72-,0.76601671,2,5,0.238281
D,philschmid-qwen2.5-3b-r1-countdown,public_ckpt100,100,seed4,public_lineage_fork,105,cd/490241,1024,946,4,74,0.72023825,0.44750918,0.68002109,98-,0.79546653,2,5,0.696289
D,philschmid-qwen2.5-3b-r1-countdown,public_ckpt100,100,seed4,public_lineage_fork,105,cd/490240,1024,912,6,106,0.49308488,0.30637086,0.7654456,85-,0.86768726,2,5,0.282227
D,philschmid-qwen2.5-3b-r1-countdown,public_ckpt100,100,seed4,public_lineage_fork,105,cd/490239,1024,350,5,669,0.17634464,0.16051581,0.93314367,27-,0.96301565,1,3,0.0
D,philschmid-qwen2.5-3b-r1-countdown,public_ckpt100,100,seed4,public_lineage_fork,105,cd/490237,1024,698,8,318,0.10092037,0.14559731,0.95851216,96-,0.97925608,1,2,0.032227
D,philschmid-qwen2.5-3b-r1-countdown,public_ckpt100,100,seed4,public_lineage_fork,105,cd/490236,1024,931,13,80,0.96435134,0.46375496,0.45882353,97-,0.68074866,2,8,0.583008
D,philschmid-qwen2.5-3b-r1-countdown,public_ckpt100,100,seed4,public_lineage_fork,105,cd/490235,1024,916,8,100,0.8911581,0.45796467,0.66231648,90-,0.76291463,2,7,0.203125
D,philschmid-qwen2.5-3b-r1-countdown,public_ckpt100,100,seed4,public_lineage_fork,105,cd/490234,1024,929,11,84,0.84043726,0.52219303,0.4863124,83-,0.70155663,2,5,0.811523
D,philschmid-qwen2.5-3b-r1-countdown,public_ckpt100,100,seed4,public_lineage_fork,105,cd/490233,1024,869,22,133,0.66770822,0.41487044,0.7091222,92-,0.81870338,2,5,0.633789
D,philschmid-qwen2.5-3b-r1-countdown,public_ckpt100,100,seed4,public_lineage_fork,105,cd/490232,1024,617,20,387,0.01312795,0.01194957,0.99757478,88-,0.99838319,1,3,0.0
D,philschmid-qwen2.5-3b-r1-countdown,public_ckpt100,100,seed4,public_lineage_fork,105,cd/490231,1024,942,5,77,0.83190146,0.40006004,0.66701903,66-,0.77219873,2,8,0.424805
D,philschmid-qwen2.5-3b-r1-countdown,public_ckpt100,100,seed4,public_lineage_fork,105,cd/490229,1024,845,6,173,1.18720215,0.57092355,0.401649,87-,0.58598351,3,8,0.359375
D,philschmid-qwen2.5-3b-r1-countdown,public_ckpt100,100,seed4,public_lineage_fork,105,cd/490228,1024,886,12,126,0.78905549,0.49026774,0.06415307,56+,0.52279122,2,5,0.737305
D,philschmid-qwen2.5-3b-r1-countdown,public_ckpt100,100,seed4,public_lineage_fork,105,cd/490227,1024,953,12,59,1.18945808,0.73905186,0.00837258,43-,0.35112507,3,5,0.701172
D,philschmid-qwen2.5-3b-r1-countdown,public_ckpt100,100,seed4,public_lineage_fork,105,cd/490225,1024,939,15,70,0.63588704,0.39509883,0.71163038,91-,0.81943707,2,5,0.789062
D,philschmid-qwen2.5-3b-r1-countdown,public_ckpt100,100,seed4,public_lineage_fork,105,cd/490221,1024,879,14,131,0.56160294,0.34894353,0.78615995,79-,0.8559274,1,5,0.837891
D,philschmid-qwen2.5-3b-r1-countdown,public_ckpt100,100,seed4,public_lineage_fork,105,cd/490219,1024,809,14,201,1.01499468,0.63065165,0.12815773,94-,0.51694393,2,5,0.628906
D,philschmid-qwen2.5-3b-r1-countdown,public_ckpt100,100,seed4,public_lineage_fork,105,cd/490217,1024,881,4,139,0.47636172,0.43360313,0.68441926,74-,0.83796034,2,3,0.000977
D,philschmid-qwen2.5-3b-r1-countdown,public_ckpt100,100,seed4,public_lineage_fork,105,cd/490215,1024,930,10,84,0.61721708,0.38349854,0.74423592,61-,0.83485255,1,5,0.780273
D,philschmid-qwen2.5-3b-r1-countdown,public_ckpt100,100,seed4,public_lineage_fork,105,cd/490214,1024,868,18,138,0.05241844,0.04771332,0.98792409,73-,0.9919494,1,3,0.948242
D,philschmid-qwen2.5-3b-r1-countdown,public_ckpt100,100,seed4,public_lineage_fork,105,cd/490213,1024,916,10,98,1.48292357,0.76207197,0.10440457,44-,0.40511147,3,7,0.205078
D,philschmid-qwen2.5-3b-r1-countdown,public_ckpt100,100,seed4,public_lineage_fork,105,cd/490212,1024,965,10,49,1.21332261,0.75387972,0.01033592,49-,0.39121447,3,5,0.885742
D,philschmid-qwen2.5-3b-r1-countdown,public_ckpt100,100,seed4,public_lineage_fork,105,cd/490211,1024,909,16,99,0.72087492,0.44790477,0.60778936,79-,0.77290181,2,5,0.836914
D,philschmid-qwen2.5-3b-r1-countdown,public_ckpt100,100,seed4,public_lineage_fork,105,cd/490208,1024,797,20,207,0.72928421,0.45312976,0.46654159,94-,0.71607255,2,5,0.831055
D,philschmid-qwen2.5-3b-r1-countdown,public_ckpt100,100,seed4,public_lineage_fork,105,cd/490207,1024,755,15,254,1.0572894,0.65693084,0.41452145,80-,0.61452145,3,5,0.766602
D,philschmid-qwen2.5-3b-r1-countdown,public_ckpt100,100,seed4,public_lineage_fork,105,cd/490206,1024,919,21,84,0.76736938,0.4767934,0.66739012,68-,0.78296256,2,5,0.474609
D,philschmid-qwen2.5-3b-r1-countdown,public_ckpt100,100,seed4,public_lineage_fork,105,cd/490205,1024,720,9,295,0.87108725,0.54123694,0.04705882,72-,0.50311419,2,5,0.737305
D,philschmid-qwen2.5-3b-r1-countdown,public_ckpt100,100,seed4,public_lineage_fork,105,cd/490204,1024,916,10,98,1.1965823,0.57543445,0.33695652,90-,0.5875,2,8,0.134766
D,philschmid-qwen2.5-3b-r1-countdown,public_ckpt100,100,seed4,public_lineage_fork,105,cd/490203,1024,723,9,292,0.66789521,0.60794442,0.33816425,38+,0.66597654,2,3,0.688477
D,philschmid-qwen2.5-3b-r1-countdown,public_ckpt100,100,seed4,public_lineage_fork,105,cd/490202,1024,730,10,284,0.03747282,0.05406185,0.9876881,97-,0.99384405,1,2,0.000977
D,philschmid-qwen2.5-3b-r1-countdown,public_ckpt100,100,seed4,public_lineage_fork,105,cd/490201,1024,943,9,72,0.83300855,0.51757731,0.30671602,82-,0.63088313,2,5,0.870117
D,philschmid-qwen2.5-3b-r1-countdown,public_ckpt100,100,seed4,public_lineage_fork,105,cd/490199,1024,701,6,317,1.08672254,0.67521868,0.38095238,57-,0.59914712,3,5,0.920898
D,philschmid-qwen2.5-3b-r1-countdown,public_ckpt100,100,seed4,public_lineage_fork,110,cd/490363,1024,1010,2,12,0.87742248,0.42195102,0.58579882,83-,0.74013807,2,8,0.624023
D,philschmid-qwen2.5-3b-r1-countdown,public_ckpt100,100,seed4,public_lineage_fork,110,cd/490361,1024,898,5,121,0.02466272,0.02244897,0.99499722,98-,0.99666481,1,3,0.710938
D,philschmid-qwen2.5-3b-r1-countdown,public_ckpt100,100,seed4,public_lineage_fork,110,cd/490360,1024,569,1,454,0.89035183,0.45755033,0.58689956,73-,0.73624454,2,7,0.240234
D,philschmid-qwen2.5-3b-r1-countdown,public_ckpt100,100,seed4,public_lineage_fork,110,cd/490357,1024,973,8,43,0.77100918,0.47905494,0.6622245,89-,0.77549974,2,5,0.852539
D,philschmid-qwen2.5-3b-r1-countdown,public_ckpt100,100,seed4,public_lineage_fork,110,cd/490356,1024,865,0,159,0.42161648,0.23530864,0.84331797,79-,0.90380184,1,6,0.004883
D,philschmid-qwen2.5-3b-r1-countdown,public_ckpt100,100,seed4,public_lineage_fork,110,cd/490354,1024,987,6,31,1.04114648,0.45216417,0.36794355,72-,0.62147177,2,10,0.564453
D,philschmid-qwen2.5-3b-r1-countdown,public_ckpt100,100,seed4,public_lineage_fork,110,cd/490353,1024,806,3,215,0.40580522,0.25214096,0.80272109,62-,0.89239332,1,5,0.804688
D,philschmid-qwen2.5-3b-r1-countdown,public_ckpt100,100,seed4,public_lineage_fork,110,cd/490352,1024,159,6,859,0.47042102,0.29228901,0.85448916,57-,0.89473684,1,5,0.0
D,philschmid-qwen2.5-3b-r1-countdown,public_ckpt100,100,seed4,public_lineage_fork,110,cd/490351,1024,658,5,361,0.9200966,0.47283612,0.31746032,77+,0.62207105,2,7,0.537109
D,philschmid-qwen2.5-3b-r1-countdown,public_ckpt100,100,seed4,public_lineage_fork,110,cd/490348,1024,989,1,34,0.427311,0.26550325,0.86636409,52-,0.90620272,1,5,0.196289
D,philschmid-qwen2.5-3b-r1-countdown,public_ckpt100,100,seed4,public_lineage_fork,110,cd/490347,1024,986,4,34,0.88071388,0.42353385,0.65555556,59-,0.75707071,2,8,0.283203
D,philschmid-qwen2.5-3b-r1-countdown,public_ckpt100,100,seed4,public_lineage_fork,110,cd/490344,1024,908,8,108,0.42360815,0.38558475,0.70368334,88-,0.85156679,2,3,0.837891
D,philschmid-qwen2.5-3b-r1-countdown,public_ckpt100,100,seed4,public_lineage_fork,110,cd/490343,1024,983,2,39,0.62850493,0.32298764,0.79168779,94-,0.84997466,1,7,0.053711
D,philschmid-qwen2.5-3b-r1-countdown,public_ckpt100,100,seed4,public_lineage_fork,110,cd/490342,1024,864,2,158,1.43441416,0.73714306,0.05417867,68-,0.32910663,4,7,0.289062
D,philschmid-qwen2.5-3b-r1-countdown,public_ckpt100,100,seed4,public_lineage_fork,110,cd/490341,1024,979,3,42,1.04048482,0.47354505,0.39349263,62-,0.62989324,2,9,0.327148
D,philschmid-qwen2.5-3b-r1-countdown,public_ckpt100,100,seed4,public_lineage_fork,110,cd/490340,1024,820,1,203,0.4391423,0.31677421,0.72019465,96-,0.85705596,2,4,0.095703
D,philschmid-qwen2.5-3b-r1-countdown,public_ckpt100,100,seed4,public_lineage_fork,110,cd/490339,1024,803,1,220,0.71834049,0.44633004,0.66666667,45+,0.7877095,2,5,0.933594
D,philschmid-qwen2.5-3b-r1-countdown,public_ckpt100,100,seed4,public_lineage_fork,110,cd/490338,1024,969,2,53,0.70072741,0.33697865,0.61973279,92-,0.78674203,2,8,0.449219
D,philschmid-qwen2.5-3b-r1-countdown,public_ckpt100,100,seed4,public_lineage_fork,110,cd/490337,1024,1000,2,22,0.66913314,0.4157558,0.64937656,79-,0.79650873,2,5,0.855469
D,philschmid-qwen2.5-3b-r1-countdown,public_ckpt100,100,seed4,public_lineage_fork,110,cd/490335,1024,937,0,87,1.09184482,0.56109724,0.11057948,65+,0.50451887,2,7,0.589844
D,philschmid-qwen2.5-3b-r1-countdown,public_ckpt100,100,seed4,public_lineage_fork,110,cd/490334,1024,810,4,210,0.65109321,0.40454695,0.45046154,46+,0.71938462,2,5,0.954102
D,philschmid-qwen2.5-3b-r1-countdown,public_ckpt100,100,seed4,public_lineage_fork,110,cd/490333,1024,189,4,831,0.60971337,0.55498502,0.57217848,55-,0.77427822,2,3,0.008789
D,philschmid-qwen2.5-3b-r1-countdown,public_ckpt100,100,seed4,public_lineage_fork,110,cd/490331,1024,992,3,29,1.22178219,0.58755304,0.40562249,63-,0.58684739,3,8,0.34375
D,philschmid-qwen2.5-3b-r1-countdown,public_ckpt100,100,seed4,public_lineage_fork,110,cd/490330,1024,32,4,988,0.93093589,0.84737437,0.20895522,85-,0.55223881,3,3,0.004883
D,philschmid-qwen2.5-3b-r1-countdown,public_ckpt100,100,seed4,public_lineage_fork,110,cd/490327,1024,987,5,32,0.95583323,0.45965862,0.42280525,95-,0.66347124,2,8,0.417969
D,philschmid-qwen2.5-3b-r1-countdown,public_ckpt100,100,seed4,public_lineage_fork,110,cd/490325,1024,900,1,123,0.55125428,0.28328866,0.73159934,90-,0.84836746,2,7,0.136719
D,philschmid-qwen2.5-3b-r1-countdown,public_ckpt100,100,seed4,public_lineage_fork,110,cd/490324,1024,912,1,111,0.4255691,0.26442095,0.8518316,99-,0.90049207,1,5,0.880859
D,philschmid-qwen2.5-3b-r1-countdown,public_ckpt100,100,seed4,public_lineage_fork,110,cd/490322,1024,964,8,52,0.79509829,0.49402234,0.22762545,55-,0.6006208,2,5,0.814453
D,philschmid-qwen2.5-3b-r1-countdown,public_ckpt100,100,seed4,public_lineage_fork,110,cd/490321,1024,742,0,282,0.30638557,0.27888416,0.85541358,64-,0.92199059,1,3,0.0
D,philschmid-qwen2.5-3b-r1-countdown,public_ckpt100,100,seed4,public_lineage_fork,110,cd/490320,1024,185,11,828,0.57937056,0.83585503,0.46774194,36*,0.73387097,2,2,0.076172
D,philschmid-qwen2.5-3b-r1-countdown,public_ckpt100,100,seed4,public_lineage_fork,110,cd/490317,1024,931,2,91,0.73609123,0.4573592,0.68880557,47-,0.78575254,1,5,0.745117
D,philschmid-qwen2.5-3b-r1-countdown,public_ckpt100,100,seed4,public_lineage_fork,110,cd/490316,1024,870,2,152,0.82864857,0.5148683,0.16733524,26-,0.56561605,2,5,0.767578
D,philschmid-qwen2.5-3b-r1-countdown,public_ckpt100,100,seed4,public_lineage_fork,110,cd/490315,1024,985,1,38,0.41789506,0.2596528,0.8243038,87-,0.89772152,1,5,0.869141
D,philschmid-qwen2.5-3b-r1-countdown,public_ckpt100,100,seed4,public_lineage_fork,110,cd/490313,1024,999,1,24,0.54724552,0.34002276,0.73889166,98-,0.84922616,2,5,0.87793
D,philschmid-qwen2.5-3b-r1-countdown,public_ckpt100,100,seed4,public_lineage_fork,110,cd/490312,1024,874,1,149,0.38259136,0.34824966,0.75499714,90-,0.87664192,2,3,0.865234
D,philschmid-qwen2.5-3b-r1-countdown,public_ckpt100,100,seed4,public_lineage_fork,110,cd/490309,1024,962,1,61,0.68733276,0.27660305,0.70971074,96-,0.81559917,2,12,0.005859
D,philschmid-qwen2.5-3b-r1-countdown,public_ckpt100,100,seed4,public_lineage_fork,110,cd/490308,1024,81,1,942,0.44727507,0.64528153,0.67073171,11*,0.83536585,2,2,0.229492
D,philschmid-qwen2.5-3b-r1-countdown,public_ckpt100,100,seed4,public_lineage_fork,110,cd/490307,1024,962,2,60,0.72991294,0.35101392,0.66873706,72-,0.79761905,2,8,0.441406
D,philschmid-qwen2.5-3b-r1-countdown,public_ckpt100,100,seed4,public_lineage_fork,110,cd/490306,1024,46,0,978,0.26504609,0.38238068,0.85106383,50-,0.92553191,1,2,0.0
D,philschmid-qwen2.5-3b-r1-countdown,public_ckpt100,100,seed4,public_lineage_fork,110,cd/490305,1024,88,4,932,0.44448255,0.64125277,0.6741573,15*,0.83707865,2,2,0.301758
D,philschmid-qwen2.5-3b-r1-countdown,public_ckpt100,100,seed4,public_lineage_fork,110,cd/490304,1024,211,19,794,0.31798126,0.28943902,0.88,76-,0.92470588,1,3,0.0
D,philschmid-qwen2.5-3b-r1-countdown,public_ckpt100,100,seed4,public_lineage_fork,110,cd/490303,1024,923,1,100,1.43164511,0.68847577,0.21574973,68+,0.43851133,4,8,0.429688
D,philschmid-qwen2.5-3b-r1-countdown,public_ckpt100,100,seed4,public_lineage_fork,110,cd/490297,1024,852,5,167,0.72761085,0.66229994,0.16871705,30+,0.57937903,2,3,0.820312
D,philschmid-qwen2.5-3b-r1-countdown,public_ckpt100,100,seed4,public_lineage_fork,110,cd/490296,1024,992,1,31,0.82784365,0.39810865,0.60742972,99-,0.75753012,2,8,0.604492
D,philschmid-qwen2.5-3b-r1-countdown,public_ckpt100,100,seed4,public_lineage_fork,110,cd/490292,1024,797,0,227,1.14693145,0.498106,0.3765586,44+,0.58416459,3,10,0.05957
D,philschmid-qwen2.5-3b-r1-countdown,public_ckpt100,100,seed4,public_lineage_fork,110,cd/490290,1024,814,7,203,0.86040328,0.53459861,0.27924066,40-,0.61420698,2,5,0.802734
D,philschmid-qwen2.5-3b-r1-countdown,public_ckpt100,100,seed4,public_lineage_fork,110,cd/490288,1024,322,1,701,0.3802594,0.21222681,0.89230769,24*,0.92153846,1,6,0.003906
D,philschmid-qwen2.5-3b-r1-countdown,public_ckpt100,100,seed4,public_lineage_fork,110,cd/490287,1024,992,1,31,0.78316306,0.48660657,0.62041227,97-,0.76370035,2,5,0.610352
D,philschmid-qwen2.5-3b-r1-countdown,public_ckpt100,100,seed4,public_lineage_fork,110,cd/490283,1024,958,2,64,0.27094816,0.16834956,0.89953149,91-,0.94169703,1,5,0.655273
D,philschmid-qwen2.5-3b-r1-countdown,public_ckpt100,100,seed4,public_lineage_fork,110,cd/490282,1024,973,2,49,0.66203793,0.41134729,0.46437724,78-,0.72424398,2,5,0.90625
D,philschmid-qwen2.5-3b-r1-countdown,public_ckpt100,100,seed4,public_lineage_fork,110,cd/490281,1024,731,1,292,0.55534383,0.34505452,0.70620314,27-,0.83367416,2,5,0.893555
D,philschmid-qwen2.5-3b-r1-countdown,public_ckpt100,100,seed4,public_lineage_fork,110,cd/490280,1024,995,4,25,0.64340772,0.39977169,0.64360902,45-,0.80150376,2,5,0.770508
D,philschmid-qwen2.5-3b-r1-countdown,public_ckpt100,100,seed4,public_lineage_fork,110,cd/490279,1024,986,2,36,0.80892466,0.50261315,0.48963075,50-,0.7066262,2,5,0.764648
D,philschmid-qwen2.5-3b-r1-countdown,public_ckpt100,100,seed4,public_lineage_fork,110,cd/490276,1024,998,4,22,0.36831415,0.22884645,0.83158421,83-,0.90704648,1,5,0.914062
D,philschmid-qwen2.5-3b-r1-countdown,public_ckpt100,100,seed4,public_lineage_fork,110,cd/490275,1024,345,0,679,0.1257869,0.18147213,0.94508671,59-,0.97254335,1,2,0.016602
D,philschmid-qwen2.5-3b-r1-countdown,public_ckpt100,100,seed4,public_lineage_fork,110,cd/490274,1024,786,7,231,0.2176837,0.15702559,0.93020305,55-,0.95621827,1,4,0.0
D,philschmid-qwen2.5-3b-r1-countdown,public_ckpt100,100,seed4,public_lineage_fork,110,cd/490271,1024,970,5,49,0.67416844,0.4188844,0.63958869,95-,0.78920308,2,5,0.862305
D,philschmid-qwen2.5-3b-r1-countdown,public_ckpt100,100,seed4,public_lineage_fork,110,cd/490270,1024,772,7,245,0.44355357,0.63991254,0.67529107,88-,0.83764554,2,2,0.0
D,philschmid-qwen2.5-3b-r1-countdown,public_ckpt100,100,seed4,public_lineage_fork,110,cd/490268,1024,666,2,356,0.60914387,0.55446665,0.59475655,11+,0.78277154,2,3,0.633789
D,philschmid-qwen2.5-3b-r1-countdown,public_ckpt100,100,seed4,public_lineage_fork,110,cd/490267,1024,955,6,63,0.50267473,0.31232937,0.71018277,75-,0.84438642,2,5,0.859375
D,philschmid-qwen2.5-3b-r1-countdown,public_ckpt100,100,seed4,public_lineage_fork,110,cd/490266,1024,959,7,58,0.70438158,0.43765688,0.64690588,92-,0.77015081,3,5,0.0
D,philschmid-qwen2.5-3b-r1-countdown,public_ckpt100,100,seed4,public_lineage_fork,110,cd/490264,1024,98,8,918,0.57448022,0.52291443,0.73366834,34-,0.82914573,1,3,0.010742
D,philschmid-qwen2.5-3b-r1-countdown,public_ckpt100,100,seed4,public_lineage_fork,110,cd/490263,1024,996,3,25,1.11078286,0.53417364,0.646,32-,0.7155,1,8,0.359375
D,philschmid-qwen2.5-3b-r1-countdown,public_ckpt100,100,seed4,public_lineage_fork,110,cd/490262,1024,514,5,505,0.71089037,0.6470803,0.34335597,32*,0.66246363,2,3,0.041016
D,philschmid-qwen2.5-3b-r1-countdown,public_ckpt100,100,seed4,public_lineage_fork,110,cd/490261,1024,973,3,48,0.58493958,0.3634434,0.75961046,60-,0.84725782,1,5,0.882812
D,philschmid-qwen2.5-3b-r1-countdown,public_ckpt100,100,seed4,public_lineage_fork,110,cd/490260,1024,732,10,282,0.59761558,0.54397314,0.60122699,67-,0.78732106,2,3,0.78418
D,philschmid-qwen2.5-3b-r1-countdown,public_ckpt100,100,seed4,public_lineage_fork,110,cd/490259,1024,852,9,163,0.1858059,0.16912782,0.91505565,74-,0.95664909,1,3,0.563477
D,philschmid-qwen2.5-3b-r1-countdown,public_ckpt100,100,seed4,public_lineage_fork,110,cd/490258,1024,986,5,33,0.64720429,0.31123947,0.75454545,84-,0.83787879,1,8,0.700195
D,philschmid-qwen2.5-3b-r1-countdown,public_ckpt100,100,seed4,public_lineage_fork,110,cd/490256,1024,978,7,39,0.67646716,0.42031268,0.7445181,79-,0.82355941,1,5,0.893555
D,philschmid-qwen2.5-3b-r1-countdown,public_ckpt100,100,seed4,public_lineage_fork,110,cd/490254,1024,85,1,938,0.80229618,0.73028145,0.05780347,90*,0.51445087,2,3,0.05957
D,philschmid-qwen2.5-3b-r1-countdown,public_ckpt100,100,seed4,public_lineage_fork,110,cd/490249,1024,955,1,68,0.77087749,0.39615267,0.67292645,96-,0.78195097,2,7,0.742188
D,philschmid-qwen2.5-3b-r1-countdown,public_ckpt100,100,seed4,public_lineage_fork,110,cd/490248,1024,814,4,206,0.67956911,0.98041098,0.16441718,54-,0.58220859,2,2,0.020508
D,philschmid-qwen2.5-3b-r1-countdown,public_ckpt100,100,seed4,public_lineage_fork,110,cd/490246,1024,979,1,44,0.75371145,0.46830725,0.67244014,52-,0.78196638,2,5,0.835938
D,philschmid-qwen2.5-3b-r1-countdown,public_ckpt100,100,seed4,public_lineage_fork,110,cd/490245,1024,994,5,25,0.85026577,0.40889141,0.67935872,93-,0.77304609,1,8,0.646484
D,philschmid-qwen2.5-3b-r1-countdown,public_ckpt100,100,seed4,public_lineage_fork,110,cd/490243,1024,957,1,66,0.63359166,0.39367263,0.71912454,72-,0.82073997,2,5,0.353516
D,philschmid-qwen2.5-3b-r1-countdown,public_ckpt100,100,seed4,public_lineage_fork,110,cd/490241,1024,990,1,33,0.44797382,0.27834179,0.80100756,98-,0.88513854,1,5,0.844727
D,philschmid-qwen2.5-3b-r1-countdown,public_ckpt100,100,seed4,public_lineage_fork,110,cd/490240,1024,953,2,69,0.24558641,0.15259142,0.9010989,85-,0.94557823,1,5,0.37207
D,philschmid-qwen2.5-3b-r1-countdown,public_ckpt100,100,seed4,public_lineage_fork,110,cd/490239,1024,408,2,614,0.13058578,0.1188643,0.95970696,27-,0.97557998,1,3,0.0
D,philschmid-qwen2.5-3b-r1-countdown,public_ckpt100,100,seed4,public_lineage_fork,110,cd/490237,1024,826,9,189,0.03379626,0.0487577,0.98911729,96-,0.99455865,1,2,0.015625
D,philschmid-qwen2.5-3b-r1-countdown,public_ckpt100,100,seed4,public_lineage_fork,110,cd/490236,1024,979,3,42,0.76073955,0.36583839,0.58494405,97-,0.76144456,2,8,0.703125
D,philschmid-qwen2.5-3b-r1-countdown,public_ckpt100,100,seed4,public_lineage_fork,110,cd/490235,1024,994,0,30,0.62343173,0.32038053,0.78195489,90-,0.85162907,1,7,0.347656
D,philschmid-qwen2.5-3b-r1-countdown,public_ckpt100,100,seed4,public_lineage_fork,110,cd/490234,1024,968,5,51,0.60474629,0.37574999,0.68109222,83-,0.81968058,2,5,0.87793
D,philschmid-qwen2.5-3b-r1-countdown,public_ckpt100,100,seed4,public_lineage_fork,110,cd/490233,1024,944,12,68,0.45879492,0.28506531,0.81141046,92-,0.88800845,1,5,0.77832
D,philschmid-qwen2.5-3b-r1-countdown,public_ckpt100,100,seed4,public_lineage_fork,110,cd/490232,1024,771,9,244,0.02812514,0.0256006,0.99417476,88-,0.9961165,1,3,0.0
D,philschmid-qwen2.5-3b-r1-countdown,public_ckpt100,100,seed4,public_lineage_fork,110,cd/490231,1024,996,1,27,0.62134286,0.29880276,0.723,66-,0.8355,2,8,0.602539
D,philschmid-qwen2.5-3b-r1-countdown,public_ckpt100,100,seed4,public_lineage_fork,110,cd/490229,1024,927,2,95,1.01801451,0.48956149,0.51772288,87-,0.66756176,3,8,0.476562
D,philschmid-qwen2.5-3b-r1-countdown,public_ckpt100,100,seed4,public_lineage_fork,110,cd/490228,1024,932,6,86,0.73137464,0.45442862,0.21936865,56+,0.60406635,2,5,0.848633
D,philschmid-qwen2.5-3b-r1-countdown,public_ckpt100,100,seed4,public_lineage_fork,110,cd/490227,1024,985,4,35,1.16901945,0.72635263,0.07392405,43-,0.39240506,3,5,0.773438
D,philschmid-qwen2.5-3b-r1-countdown,public_ckpt100,100,seed4,public_lineage_fork,110,cd/490225,1024,988,5,31,0.47591439,0.29570224,0.78647148,91-,0.8748107,1,5,0.902344
D,philschmid-qwen2.5-3b-r1-countdown,public_ckpt100,100,seed4,public_lineage_fork,110,cd/490221,1024,923,3,98,0.52575922,0.32667257,0.79200432,79-,0.86061588,1,5,0.880859
D,philschmid-qwen2.5-3b-r1-countdown,public_ckpt100,100,seed4,public_lineage_fork,110,cd/490219,1024,879,8,137,0.81547051,0.50668032,0.32898469,94-,0.643789,2,5,0.673828
D,philschmid-qwen2.5-3b-r1-countdown,public_ckpt100,100,seed4,public_lineage_fork,110,cd/490217,1024,914,0,110,0.52722264,0.47989872,0.60622611,74-,0.80010923,2,3,0.0
D,philschmid-qwen2.5-3b-r1-countdown,public_ckpt100,100,seed4,public_lineage_fork,110,cd/490215,1024,972,2,50,0.62290978,0.38703561,0.75833761,61-,0.83786557,1,5,0.834961
D,philschmid-qwen2.5-3b-r1-countdown,public_ckpt100,100,seed4,public_lineage_fork,110,cd/490214,1024,912,4,108,0.03775726,0.03436814,0.99178982,73-,0.99452655,1,3,0.957031
D,philschmid-qwen2.5-3b-r1-countdown,public_ckpt100,100,seed4,public_lineage_fork,110,cd/490213,1024,987,2,35,1.33227011,0.6846514,0.23119637,44-,0.50630994,2,7,0.401367
D,philschmid-qwen2.5-3b-r1-countdown,public_ckpt100,100,seed4,public_lineage_fork,110,cd/490212,1024,999,5,20,1.10219088,0.6848297,0.03994009,49-,0.43085372,3,5,0.913086
D,philschmid-qwen2.5-3b-r1-countdown,public_ckpt100,100,seed4,public_lineage_fork,110,cd/490211,1024,974,5,45,0.57587376,0.35781049,0.73220686,79-,0.84024578,2,5,0.910156
D,philschmid-qwen2.5-3b-r1-countdown,public_ckpt100,100,seed4,public_lineage_fork,110,cd/490208,1024,898,1,125,0.529361,0.32891048,0.66074403,94-,0.82343143,2,5,0.907227
D,philschmid-qwen2.5-3b-r1-countdown,public_ckpt100,100,seed4,public_lineage_fork,110,cd/490207,1024,844,8,172,0.98858745,0.61424392,0.43118724,80-,0.6278795,3,5,0.859375
D,philschmid-qwen2.5-3b-r1-countdown,public_ckpt100,100,seed4,public_lineage_fork,110,cd/490206,1024,989,5,30,0.63609043,0.3952252,0.7100353,68-,0.82349975,2,5,0.660156
D,philschmid-qwen2.5-3b-r1-countdown,public_ckpt100,100,seed4,public_lineage_fork,110,cd/490205,1024,799,2,223,0.7906689,0.49127021,0.21584529,72-,0.59575795,2,5,0.817383
D,philschmid-qwen2.5-3b-r1-countdown,public_ckpt100,100,seed4,public_lineage_fork,110,cd/490204,1024,976,4,44,0.98942697,0.47581379,0.4744898,90-,0.68214286,2,8,0.148438
D,philschmid-qwen2.5-3b-r1-countdown,public_ckpt100,100,seed4,public_lineage_fork,110,cd/490203,1024,731,3,290,0.71168019,0.64779922,0.06143345,38+,0.52901024,2,3,0.736328
D,philschmid-qwen2.5-3b-r1-countdown,public_ckpt100,100,seed4,public_lineage_fork,110,cd/490202,1024,809,4,211,0.00517893,0.00747162,0.99876543,97-,0.99938272,1,2,0.006836
D,philschmid-qwen2.5-3b-r1-countdown,public_ckpt100,100,seed4,public_lineage_fork,110,cd/490201,1024,1002,3,19,0.69917019,0.43441886,0.51667496,82-,0.74216028,2,5,0.918945
D,philschmid-qwen2.5-3b-r1-countdown,public_ckpt100,100,seed4,public_lineage_fork,110,cd/490199,1024,776,4,244,0.89835371,0.55817854,0.4894027,57-,0.68914579,2,5,0.952148
D,philschmid-qwen2.5-3b-r1-countdown,public_ckpt100,100,seed4,public_lineage_fork,115,cd/490363,1024,1018,1,5,0.75672436,0.36390749,0.63013699,83-,0.77641879,2,8,0.65332
D,philschmid-qwen2.5-3b-r1-countdown,public_ckpt100,100,seed4,public_lineage_fork,115,cd/490361,1024,952,1,71,0.01621034,0.01475528,0.99632931,98-,0.99790246,1,3,0.646484
D,philschmid-qwen2.5-3b-r1-countdown,public_ckpt100,100,seed4,public_lineage_fork,115,cd/490360,1024,458,0,566,0.88747181,0.45607029,0.40953413,73-,0.67063922,2,7,0.329102
D,philschmid-qwen2.5-3b-r1-countdown,public_ckpt100,100,seed4,public_lineage_fork,115,cd/490357,1024,1008,1,15,0.52395431,0.32555112,0.76793667,89-,0.86244433,1,5,0.918945
D,philschmid-qwen2.5-3b-r1-countdown,public_ckpt100,100,seed4,public_lineage_fork,115,cd/490356,1024,900,0,124,0.22039665,0.12300571,0.9158361,79-,0.95293466,1,6,0.000977
D,philschmid-qwen2.5-3b-r1-countdown,public_ckpt100,100,seed4,public_lineage_fork,115,cd/490354,1024,1018,1,5,0.80548737,0.34981872,0.56402737,72-,0.74242424,2,10,0.652344
D,philschmid-qwen2.5-3b-r1-countdown,public_ckpt100,100,seed4,public_lineage_fork,115,cd/490353,1024,858,2,164,0.24246372,0.15065118,0.9110982,62-,0.94886694,1,5,0.90918
D,philschmid-qwen2.5-3b-r1-countdown,public_ckpt100,100,seed4,public_lineage_fork,115,cd/490352,1024,187,0,837,0.12498171,0.0776555,0.96569921,57-,0.97889182,1,5,0.0
D,philschmid-qwen2.5-3b-r1-countdown,public_ckpt100,100,seed4,public_lineage_fork,115,cd/490351,1024,774,1,249,0.58590034,0.30109322,0.60836013,77+,0.79549839,2,7,0.606445
D,philschmid-qwen2.5-3b-r1-countdown,public_ckpt100,100,seed4,public_lineage_fork,115,cd/490348,1024,1006,0,18,0.29181569,0.18131528,0.89340605,52-,0.93653941,1,5,0.331055
D,philschmid-qwen2.5-3b-r1-countdown,public_ckpt100,100,seed4,public_lineage_fork,115,cd/490347,1024,1015,1,8,0.63520725,0.30547012,0.76938175,59-,0.84347399,1,8,0.244141
D,philschmid-qwen2.5-3b-r1-countdown,public_ckpt100,100,seed4,public_lineage_fork,115,cd/490344,1024,973,0,51,0.34285569,0.3120807,0.78707029,88-,0.8932786,2,3,0.769531
D,philschmid-qwen2.5-3b-r1-countdown,public_ckpt100,100,seed4,public_lineage_fork,115,cd/490343,1024,1009,0,15,0.43186001,0.22193214,0.8582716,94-,0.90419753,1,7,0.078125
D,philschmid-qwen2.5-3b-r1-countdown,public_ckpt100,100,seed4,public_lineage_fork,115,cd/490342,1024,950,0,74,1.3075498,0.67194768,0.14368117,68+,0.42108023,3,7,0.390625
D,philschmid-qwen2.5-3b-r1-countdown,public_ckpt100,100,seed4,public_lineage_fork,115,cd/490341,1024,1011,0,13,0.9195174,0.4184904,0.41949778,62-,0.66125062,2,9,0.490234
D,philschmid-qwen2.5-3b-r1-countdown,public_ckpt100,100,seed4,public_lineage_fork,115,cd/490340,1024,883,2,139,0.27375041,0.19746918,0.86666667,96-,0.93050847,1,4,0.033203
D,philschmid-qwen2.5-3b-r1-countdown,public_ckpt100,100,seed4,public_lineage_fork,115,cd/490339,1024,773,1,250,0.36857542,0.22900879,0.87556415,45+,0.91618311,1,5,0.942383
D,philschmid-qwen2.5-3b-r1-countdown,public_ckpt100,100,seed4,public_lineage_fork,115,cd/490338,1024,1007,0,17,0.43021939,0.20689179,0.8189911,92-,0.89564787,1,8,0.612305
D,philschmid-qwen2.5-3b-r1-countdown,public_ckpt100,100,seed4,public_lineage_fork,115,cd/490337,1024,1015,0,9,0.45002324,0.27961516,0.77248157,79-,0.87420147,2,5,0.90332
D,philschmid-qwen2.5-3b-r1-countdown,public_ckpt100,100,seed4,public_lineage_fork,115,cd/490335,1024,986,2,36,0.86989737,0.44703881,0.06973219,65+,0.51692774,2,7,0.744141
D,philschmid-qwen2.5-3b-r1-countdown,public_ckpt100,100,seed4,public_lineage_fork,115,cd/490334,1024,746,1,277,0.58413081,0.36294088,0.53440214,46+,0.76352705,2,5,0.947266
D,philschmid-qwen2.5-3b-r1-countdown,public_ckpt100,100,seed4,public_lineage_fork,115,cd/490333,1024,223,2,799,0.52418079,0.47712991,0.63697105,55-,0.81291759,2,3,0.004883
D,philschmid-qwen2.5-3b-r1-countdown,public_ckpt100,100,seed4,public_lineage_fork,115,cd/490331,1024,1013,0,11,0.99401614,0.47802072,0.54768928,63-,0.68485742,3,8,0.353516
D,philschmid-qwen2.5-3b-r1-countdown,public_ckpt100,100,seed4,public_lineage_fork,115,cd/490330,1024,23,0,1001,0.9030076,0.82195294,0.40816327,85-,0.63265306,3,3,0.005859
D,philschmid-qwen2.5-3b-r1-countdown,public_ckpt100,100,seed4,public_lineage_fork,115,cd/490327,1024,1012,1,11,0.76483816,0.3678094,0.58956693,95-,0.7613189,2,8,0.5
D,philschmid-qwen2.5-3b-r1-countdown,public_ckpt100,100,seed4,public_lineage_fork,115,cd/490325,1024,949,0,75,0.58401676,0.30012525,0.70971129,90-,0.832021,2,7,0.229492
D,philschmid-qwen2.5-3b-r1-countdown,public_ckpt100,100,seed4,public_lineage_fork,115,cd/490324,1024,968,0,56,0.25402421,0.15783412,0.91705307,99-,0.94641937,1,5,0.943359
D,philschmid-qwen2.5-3b-r1-countdown,public_ckpt100,100,seed4,public_lineage_fork,115,cd/490322,1024,1000,3,21,0.78478543,0.4876146,0.13965087,55-,0.56009975,2,5,0.897461
D,philschmid-qwen2.5-3b-r1-countdown,public_ckpt100,100,seed4,public_lineage_fork,115,cd/490321,1024,914,0,110,0.43601527,0.3968782,0.70890224,64-,0.8525396,2,3,0.0
D,philschmid-qwen2.5-3b-r1-countdown,public_ckpt100,100,seed4,public_lineage_fork,115,cd/490320,1024,125,1,898,0.45689153,0.65915515,0.65873016,36*,0.82936508,2,2,0.086914
D,philschmid-qwen2.5-3b-r1-countdown,public_ckpt100,100,seed4,public_lineage_fork,115,cd/490317,1024,977,0,47,0.46012597,0.28589234,0.79530373,47-,0.87850944,1,5,0.856445
D,philschmid-qwen2.5-3b-r1-countdown,public_ckpt100,100,seed4,public_lineage_fork,115,cd/490316,1024,930,0,94,0.75364814,0.46826792,0.16729223,26-,0.57640751,2,5,0.829102
D,philschmid-qwen2.5-3b-r1-countdown,public_ckpt100,100,seed4,public_lineage_fork,115,cd/490315,1024,972,0,52,0.29453235,0.18300324,0.90507953,87-,0.93945613,1,5,0.862305
D,philschmid-qwen2.5-3b-r1-countdown,public_ckpt100,100,seed4,public_lineage_fork,115,cd/490313,1024,1010,0,14,0.44915373,0.2790749,0.8108642,98-,0.88839506,1,5,0.929688
D,philschmid-qwen2.5-3b-r1-countdown,public_ckpt100,100,seed4,public_lineage_fork,115,cd/490312,1024,953,1,70,0.37835596,0.34439444,0.75851231,90-,0.8784704,2,3,0.880859
D,philschmid-qwen2.5-3b-r1-countdown,public_ckpt100,100,seed4,public_lineage_fork,115,cd/490309,1024,1000,1,23,0.56692686,0.22814815,0.76043738,96-,0.84940358,1,12,0.005859
D,philschmid-qwen2.5-3b-r1-countdown,public_ckpt100,100,seed4,public_lineage_fork,115,cd/490308,1024,30,1,993,0.46745769,0.67439889,0.64516129,11*,0.82258065,2,2,0.374023
D,philschmid-qwen2.5-3b-r1-countdown,public_ckpt100,100,seed4,public_lineage_fork,115,cd/490307,1024,1011,2,11,0.53991952,0.25964641,0.79802956,72-,0.87142857,1,8,0.567383
D,philschmid-qwen2.5-3b-r1-countdown,public_ckpt100,100,seed4,public_lineage_fork,115,cd/490306,1024,20,0,1004,0.25731864,0.37123233,0.85714286,50-,0.92857143,1,2,0.0
D,philschmid-qwen2.5-3b-r1-countdown,public_ckpt100,100,seed4,public_lineage_fork,115,cd/490305,1024,32,1,991,0.33819898,0.48791799,0.78787879,15*,0.89393939,2,2,0.395508
D,philschmid-qwen2.5-3b-r1-countdown,public_ckpt100,100,seed4,public_lineage_fork,115,cd/490304,1024,135,15,874,0.36996765,0.33675907,0.83516484,76-,0.9047619,1,3,0.0
D,philschmid-qwen2.5-3b-r1-countdown,public_ckpt100,100,seed4,public_lineage_fork,115,cd/490303,1024,971,0,53,1.25647712,0.60423777,0.29333333,68+,0.50820513,3,8,0.490234
D,philschmid-qwen2.5-3b-r1-countdown,public_ckpt100,100,seed4,public_lineage_fork,115,cd/490297,1024,929,1,94,0.71564574,0.65140883,0.24825363,30+,0.61848469,2,3,0.921875
D,philschmid-qwen2.5-3b-r1-countdown,public_ckpt100,100,seed4,public_lineage_fork,115,cd/490296,1024,1010,0,14,0.6624395,0.31856606,0.69329389,99-,0.81607495,2,8,0.695312
D,philschmid-qwen2.5-3b-r1-countdown,public_ckpt100,100,seed4,public_lineage_fork,115,cd/490292,1024,876,0,148,0.9572168,0.41571397,0.3938706,44+,0.63734393,3,10,0.047852
D,philschmid-qwen2.5-3b-r1-countdown,public_ckpt100,100,seed4,public_lineage_fork,115,cd/490290,1024,865,0,159,0.66543096,0.4134555,0.51988473,40-,0.74755043,2,5,0.833984
D,philschmid-qwen2.5-3b-r1-countdown,public_ckpt100,100,seed4,public_lineage_fork,115,cd/490288,1024,235,0,789,0.21504663,0.12001981,0.94117647,24*,0.96008403,1,6,0.003906
D,philschmid-qwen2.5-3b-r1-countdown,public_ckpt100,100,seed4,public_lineage_fork,115,cd/490287,1024,1012,3,9,0.64569635,0.4011937,0.61606703,97-,0.78708724,2,5,0.731445
D,philschmid-qwen2.5-3b-r1-countdown,public_ckpt100,100,seed4,public_lineage_fork,115,cd/490283,1024,1003,0,21,0.31982873,0.19872077,0.85430134,91-,0.92143212,1,5,0.738281
D,philschmid-qwen2.5-3b-r1-countdown,public_ckpt100,100,seed4,public_lineage_fork,115,cd/490282,1024,981,0,43,0.64813952,0.40271172,0.38230808,78-,0.68886629,2,5,0.922852
D,philschmid-qwen2.5-3b-r1-countdown,public_ckpt100,100,seed4,public_lineage_fork,115,cd/490281,1024,756,0,268,0.30366958,0.18868052,0.85168095,27-,0.9222149,1,5,0.90918
D,philschmid-qwen2.5-3b-r1-countdown,public_ckpt100,100,seed4,public_lineage_fork,115,cd/490280,1024,1008,1,15,0.51331519,0.31894066,0.7610094,45-,0.86244433,2,5,0.833984
D,philschmid-qwen2.5-3b-r1-countdown,public_ckpt100,100,seed4,public_lineage_fork,115,cd/490279,1024,999,1,24,0.67571372,0.41984454,0.68796805,50-,0.79331003,2,5,0.827148
D,philschmid-qwen2.5-3b-r1-countdown,public_ckpt100,100,seed4,public_lineage_fork,115,cd/490276,1024,1018,0,6,0.26844957,0.1667971,0.88094072,83-,0.93630573,1,5,0.886719
D,philschmid-qwen2.5-3b-r1-countdown,public_ckpt100,100,seed4,public_lineage_fork,115,cd/490275,1024,376,1,647,0.05268406,0.07600703,0.98143236,59-,0.99071618,1,2,0.004883
D,philschmid-qwen2.5-3b-r1-countdown,public_ckpt100,100,seed4,public_lineage_fork,115,cd/490274,1024,862,2,160,0.1002879,0.07234243,0.96759259,55-,0.98206019,1,4,0.0
D,philschmid-qwen2.5-3b-r1-countdown,public_ckpt100,100,seed4,public_lineage_fork,115,cd/490271,1024,1002,0,22,0.5411109,0.33621111,0.72274764,95-,0.84270781,2,5,0.913086
D,philschmid-qwen2.5-3b-r1-countdown,public_ckpt100,100,seed4,public_lineage_fork,115,cd/490270,1024,832,2,190,0.28128367,0.40580656,0.83793517,88-,0.91896759,1,2,0.0
D,philschmid-qwen2.5-3b-r1-countdown,public_ckpt100,100,seed4,public_lineage_fork,115,cd/490268,1024,793,0,231,0.54573042,0.49674524,0.70232851,11+,0.83134047,2,3,0.780273
D,philschmid-qwen2.5-3b-r1-countdown,public_ckpt100,100,seed4,public_lineage_fork,115,cd/490267,1024,967,1,56,0.35267252,0.21912776,0.82826199,75-,0.90716864,1,5,0.948242
D,philschmid-qwen2.5-3b-r1-countdown,public_ckpt100,100,seed4,public_lineage_fork,115,cd/490266,1024,983,1,40,0.65644891,0.40787464,0.67782851,92-,0.79705733,2,5,0.0
D,philschmid-qwen2.5-3b-r1-countdown,public_ckpt100,100,seed4,public_lineage_fork,115,cd/490264,1024,46,3,975,0.40945862,0.3727053,0.84210526,34-,0.89473684,1,3,0.000977
D,philschmid-qwen2.5-3b-r1-countdown,public_ckpt100,100,seed4,public_lineage_fork,115,cd/490263,1024,1013,2,9,0.85662418,0.41194915,0.72468043,32-,0.7920354,1,8,0.392578
D,philschmid-qwen2.5-3b-r1-countdown,public_ckpt100,100,seed4,public_lineage_fork,115,cd/490262,1024,321,6,697,0.68338148,0.62204063,0.26666667,32*,0.63100775,2,3,0.054688
D,philschmid-qwen2.5-3b-r1-countdown,public_ckpt100,100,seed4,public_lineage_fork,115,cd/490261,1024,1010,0,14,0.53610292,0.33309948,0.72987654,60-,0.84790123,2,5,0.925781
D,philschmid-qwen2.5-3b-r1-countdown,public_ckpt100,100,seed4,public_lineage_fork,115,cd/490260,1024,811,1,212,0.50339349,0.4582085,0.67076923,67-,0.82892308,2,3,0.806641
D,philschmid-qwen2.5-3b-r1-countdown,public_ckpt100,100,seed4,public_lineage_fork,115,cd/490259,1024,912,3,109,0.21568942,0.19632897,0.90421456,74-,0.94964423,1,3,0.488281
D,philschmid-qwen2.5-3b-r1-countdown,public_ckpt100,100,seed4,public_lineage_fork,115,cd/490258,1024,1006,1,17,0.54832666,0.26368938,0.80693069,84-,0.86881188,1,8,0.78418
D,philschmid-qwen2.5-3b-r1-countdown,public_ckpt100,100,seed4,public_lineage_fork,115,cd/490256,1024,1008,2,14,0.55536793,0.34506949,0.77585354,79-,0.85947551,1,5,0.923828
D,philschmid-qwen2.5-3b-r1-countdown,public_ckpt100,100,seed4,public_lineage_fork,115,cd/490254,1024,32,2,990,0.52140645,0.47460461,0.65671642,90*,0.82089552,2,3,0.072266
D,philschmid-qwen2.5-3b-r1-countdown,public_ckpt100,100,seed4,public_lineage_fork,115,cd/490249,1024,992,0,32,0.58281931,0.29950988,0.73731793,96-,0.84028127,2,7,0.825195
D,philschmid-qwen2.5-3b-r1-countdown,public_ckpt100,100,seed4,public_lineage_fork,115,cd/490248,1024,819,0,205,0.64319538,0.92793478,0.31341463,54-,0.65670732,2,2,0.006836
D,philschmid-qwen2.5-3b-r1-countdown,public_ckpt100,100,seed4,public_lineage_fork,115,cd/490246,1024,1017,0,7,0.55129434,0.34253843,0.75331045,52-,0.84894556,1,5,0.90918
D,philschmid-qwen2.5-3b-r1-countdown,public_ckpt100,100,seed4,public_lineage_fork,115,cd/490245,1024,1011,1,12,0.65370477,0.31436555,0.76551724,93-,0.83793103,1,8,0.72168
D,philschmid-qwen2.5-3b-r1-countdown,public_ckpt100,100,seed4,public_lineage_fork,115,cd/490243,1024,994,3,27,0.55230627,0.34316718,0.68038133,72-,0.82639237,2,5,0.433594
D,philschmid-qwen2.5-3b-r1-countdown,public_ckpt100,100,seed4,public_lineage_fork,115,cd/490241,1024,1017,0,7,0.28263878,0.17561335,0.88670917,98-,0.93624326,1,5,0.916992
D,philschmid-qwen2.5-3b-r1-countdown,public_ckpt100,100,seed4,public_lineage_fork,115,cd/490240,1024,1004,0,20,0.08039607,0.04995289,0.97863885,85-,0.98708395,1,5,0.479492
D,philschmid-qwen2.5-3b-r1-countdown,public_ckpt100,100,seed4,public_lineage_fork,115,cd/490239,1024,443,1,580,0.03133357,0.02852104,0.99212598,27-,0.99550056,1,3,0.0
D,philschmid-qwen2.5-3b-r1-countdown,public_ckpt100,100,seed4,public_lineage_fork,115,cd/490237,1024,889,0,135,0.01244648,0.01795648,0.99662921,96-,0.99831461,1,2,0.003906
D,philschmid-qwen2.5-3b-r1-countdown,public_ckpt100,100,seed4,public_lineage_fork,115,cd/490236,1024,1003,2,19,0.70424684,0.33867114,0.65243297,97-,0.79294935,2,8,0.745117
D,philschmid-qwen2.5-3b-r1-countdown,public_ckpt100,100,seed4,public_lineage_fork,115,cd/490235,1024,1013,1,10,0.48168341,0.2475363,0.813576,90-,0.88489916,1,7,0.5
D,philschmid-qwen2.5-3b-r1-countdown,public_ckpt100,100,seed4,public_lineage_fork,115,cd/490234,1024,968,1,55,0.44862196,0.2787445,0.81916538,83-,0.88974755,1,5,0.935547
D,philschmid-qwen2.5-3b-r1-countdown,public_ckpt100,100,seed4,public_lineage_fork,115,cd/490233,1024,1001,2,21,0.41341187,0.25686724,0.84205282,92-,0.9023418,1,5,0.892578
D,philschmid-qwen2.5-3b-r1-countdown,public_ckpt100,100,seed4,public_lineage_fork,115,cd/490232,1024,837,2,185,0.01004671,0.00914491,0.99821109,88-,0.99880739,1,3,0.0
D,philschmid-qwen2.5-3b-r1-countdown,public_ckpt100,100,seed4,public_lineage_fork,115,cd/490231,1024,1013,0,11,0.47706382,0.2294192,0.78072763,66-,0.87561455,1,8,0.734375
D,philschmid-qwen2.5-3b-r1-countdown,public_ckpt100,100,seed4,public_lineage_fork,115,cd/490229,1024,977,1,46,0.94573317,0.45480152,0.45259939,87-,0.65698267,3,8,0.600586
D,philschmid-qwen2.5-3b-r1-countdown,public_ckpt100,100,seed4,public_lineage_fork,115,cd/490228,1024,974,1,49,0.66671712,0.41425464,0.37275986,56+,0.68253968,2,5,0.894531
D,philschmid-qwen2.5-3b-r1-countdown,public_ckpt100,100,seed4,public_lineage_fork,115,cd/490227,1024,1011,1,12,1.09148814,0.67817971,0.14504193,43-,0.45041934,3,5,0.845703
D,philschmid-qwen2.5-3b-r1-countdown,public_ckpt100,100,seed4,public_lineage_fork,115,cd/490225,1024,1008,1,15,0.30708553,0.19080297,0.89361702,91-,0.93171697,1,5,0.955078
D,philschmid-qwen2.5-3b-r1-countdown,public_ckpt100,100,seed4,public_lineage_fork,115,cd/490221,1024,982,0,42,0.42769601,0.26574247,0.82173692,79-,0.89029964,1,5,0.93457
D,philschmid-qwen2.5-3b-r1-countdown,public_ckpt100,100,seed4,public_lineage_fork,115,cd/490219,1024,949,1,74,0.69981818,0.43482148,0.40147136,94-,0.69206516,2,5,0.798828
D,philschmid-qwen2.5-3b-r1-countdown,public_ckpt100,100,seed4,public_lineage_fork,115,cd/490217,1024,948,2,74,0.49166294,0.44753089,0.6340179,74-,0.81569247,2,3,0.0
D,philschmid-qwen2.5-3b-r1-countdown,public_ckpt100,100,seed4,public_lineage_fork,115,cd/490215,1024,1002,0,22,0.48728721,0.30276857,0.8442011,61-,0.88551518,1,5,0.678711
D,philschmid-qwen2.5-3b-r1-countdown,public_ckpt100,100,seed4,public_lineage_fork,115,cd/490214,1024,947,0,77,0.04189112,0.03813094,0.98892989,73-,0.99367422,1,3,0.932617
D,philschmid-qwen2.5-3b-r1-countdown,public_ckpt100,100,seed4,public_lineage_fork,115,cd/490213,1024,1015,2,7,1.14285086,0.58730916,0.24447717,44-,0.55621011,2,7,0.546875
D,philschmid-qwen2.5-3b-r1-countdown,public_ckpt100,100,seed4,public_lineage_fork,115,cd/490212,1024,1016,0,8,1.00403491,0.62384196,0.08934708,49-,0.4796269,3,5,0.939453
D,philschmid-qwen2.5-3b-r1-countdown,public_ckpt100,100,seed4,public_lineage_fork,115,cd/490211,1024,1007,3,14,0.4011084,0.24922266,0.84992571,79-,0.90391283,1,5,0.963867
D,philschmid-qwen2.5-3b-r1-countdown,public_ckpt100,100,seed4,public_lineage_fork,115,cd/490208,1024,955,3,66,0.4266842,0.2651138,0.76344648,94-,0.87571802,2,5,0.967773
D,philschmid-qwen2.5-3b-r1-countdown,public_ckpt100,100,seed4,public_lineage_fork,115,cd/490207,1024,888,0,136,0.97364519,0.60495977,0.31330713,80-,0.59011791,3,5,0.921875
D,philschmid-qwen2.5-3b-r1-countdown,public_ckpt100,100,seed4,public_lineage_fork,115,cd/490206,1024,1012,0,12,0.48807307,0.30325685,0.75012321,68-,0.86200099,2,5,0.799805
D,philschmid-qwen2.5-3b-r1-countdown,public_ckpt100,100,seed4,public_lineage_fork,115,cd/490205,1024,910,0,114,0.73741477,0.45818156,0.09643836,72-,0.54410959,2,5,0.922852
D,philschmid-qwen2.5-3b-r1-countdown,public_ckpt100,100,seed4,public_lineage_fork,115,cd/490204,1024,1014,0,10,0.80332666,0.38631846,0.5589391,90-,0.74508841,2,8,0.241211
D,philschmid-qwen2.5-3b-r1-countdown,public_ckpt100,100,seed4,public_lineage_fork,115,cd/490203,1024,748,1,275,0.69434516,0.6320202,0.08805871,40+,0.5436958,2,3,0.813477
D,philschmid-qwen2.5-3b-r1-countdown,public_ckpt100,100,seed4,public_lineage_fork,115,cd/490202,1024,895,2,127,0.01237439,0.01785248,0.99665179,97-,0.99832589,1,2,0.000977
D,philschmid-qwen2.5-3b-r1-countdown,public_ckpt100,100,seed4,public_lineage_fork,115,cd/490201,1024,1014,0,10,0.68427757,0.42516556,0.54107231,82-,0.75110674,2,5,0.96582
D,philschmid-qwen2.5-3b-r1-countdown,public_ckpt100,100,seed4,public_lineage_fork,115,cd/490199,1024,845,0,179,0.88430287,0.54944826,0.3280236,57-,0.62831858,2,5,0.977539
D,philschmid-qwen2.5-3b-r1-countdown,public_ckpt100,100,seed4,public_lineage_fork,120,cd/490363,1024,1020,1,3,0.7252258,0.34875989,0.609375,83-,0.77392578,2,8,0.708008
D,philschmid-qwen2.5-3b-r1-countdown,public_ckpt100,100,seed4,public_lineage_fork,120,cd/490361,1024,961,0,63,0.02325977,0.02117195,0.99532468,98-,0.99688312,1,3,0.638672
D,philschmid-qwen2.5-3b-r1-countdown,public_ckpt100,100,seed4,public_lineage_fork,120,cd/490360,1024,381,0,643,0.77529613,0.3984234,0.32509753,73-,0.64889467,2,7,0.399414
D,philschmid-qwen2.5-3b-r1-countdown,public_ckpt100,100,seed4,public_lineage_fork,120,cd/490357,1024,1019,1,4,0.39519288,0.24554714,0.81253059,89-,0.89720999,1,5,0.946289
D,philschmid-qwen2.5-3b-r1-countdown,public_ckpt100,100,seed4,public_lineage_fork,120,cd/490356,1024,938,0,86,0.15027754,0.08387149,0.95536663,79-,0.97290117,1,6,0.0
D,philschmid-qwen2.5-3b-r1-countdown,public_ckpt100,100,seed4,public_lineage_fork,120,cd/490354,1024,1023,1,0,0.62425922,0.27111234,0.67120623,72-,0.81079767,2,10,0.676758
D,philschmid-qwen2.5-3b-r1-countdown,public_ckpt100,100,seed4,public_lineage_fork,120,cd/490353,1024,910,1,113,0.09021448,0.05605341,0.97863014,62-,0.98575342,1,5,0.938477
D,philschmid-qwen2.5-3b-r1-countdown,public_ckpt100,100,seed4,public_lineage_fork,120,cd/490352,1024,258,0,766,0.05567679,0.03459393,0.99040307,57-,0.99232246,1,5,0.0
D,philschmid-qwen2.5-3b-r1-countdown,public_ckpt100,100,seed4,public_lineage_fork,120,cd/490351,1024,758,0,266,0.39826921,0.20466989,0.79448457,77+,0.8910046,1,7,0.629883
D,philschmid-qwen2.5-3b-r1-countdown,public_ckpt100,100,seed4,public_lineage_fork,120,cd/490348,1024,1017,0,7,0.34128806,0.21205419,0.85630211,52-,0.91760667,1,5,0.425781
D,philschmid-qwen2.5-3b-r1-countdown,public_ckpt100,100,seed4,public_lineage_fork,120,cd/490347,1024,1020,0,4,0.76693479,0.36881767,0.61816406,59-,0.76611328,2,8,0.224609
D,philschmid-qwen2.5-3b-r1-countdown,public_ckpt100,100,seed4,public_lineage_fork,120,cd/490344,1024,1009,0,15,0.37241307,0.33898498,0.76397823,88-,0.88124691,2,3,0.694336
D,philschmid-qwen2.5-3b-r1-countdown,public_ckpt100,100,seed4,public_lineage_fork,120,cd/490343,1024,1020,0,4,0.36396199,0.18703946,0.81191988,94-,0.901319,1,7,0.124023
D,philschmid-qwen2.5-3b-r1-countdown,public_ckpt100,100,seed4,public_lineage_fork,120,cd/490342,1024,970,1,53,1.17791033,0.60532617,0.269132,68+,0.51309707,3,7,0.486328
D,philschmid-qwen2.5-3b-r1-countdown,public_ckpt100,100,seed4,public_lineage_fork,120,cd/490341,1024,1018,0,6,0.87885353,0.39998348,0.39119804,62-,0.65281174,2,9,0.601562
D,philschmid-qwen2.5-3b-r1-countdown,public_ckpt100,100,seed4,public_lineage_fork,120,cd/490340,1024,917,0,107,0.16596922,0.11972149,0.92927095,96-,0.96354733,1,4,0.021484
D,philschmid-qwen2.5-3b-r1-countdown,public_ckpt100,100,seed4,public_lineage_fork,120,cd/490339,1024,708,0,316,0.19709402,0.1224614,0.94159043,45+,0.96199859,1,5,0.94043
D,philschmid-qwen2.5-3b-r1-countdown,public_ckpt100,100,seed4,public_lineage_fork,120,cd/490338,1024,1022,0,2,0.34567372,0.16623392,0.86939571,92-,0.92153996,1,8,0.704102
D,philschmid-qwen2.5-3b-r1-countdown,public_ckpt100,100,seed4,public_lineage_fork,120,cd/490337,1024,1020,1,3,0.331091,0.20571841,0.83227384,79-,0.91198044,1,5,0.948242
D,philschmid-qwen2.5-3b-r1-countdown,public_ckpt100,100,seed4,public_lineage_fork,120,cd/490335,1024,1016,0,8,0.75139818,0.38614228,0.03433055,65+,0.51250613,2,7,0.84668
D,philschmid-qwen2.5-3b-r1-countdown,public_ckpt100,100,seed4,public_lineage_fork,120,cd/490334,1024,686,1,337,0.45081776,0.28010882,0.70297749,46+,0.84894699,2,5,0.946289
D,philschmid-qwen2.5-3b-r1-countdown,public_ckpt100,100,seed4,public_lineage_fork,120,cd/490333,1024,242,0,782,0.45902144,0.41781932,0.69404517,55-,0.84394251,2,3,0.001953
D,philschmid-qwen2.5-3b-r1-countdown,public_ckpt100,100,seed4,public_lineage_fork,120,cd/490331,1024,1023,0,1,0.79594097,0.38276669,0.56767283,63-,0.73953262,2,8,0.345703
D,philschmid-qwen2.5-3b-r1-countdown,public_ckpt100,100,seed4,public_lineage_fork,120,cd/490330,1024,18,0,1006,0.58471615,0.53223158,0.61538462,85-,0.79487179,2,3,0.006836
D,philschmid-qwen2.5-3b-r1-countdown,public_ckpt100,100,seed4,public_lineage_fork,120,cd/490327,1024,1020,0,4,0.66870551,0.32157937,0.65332031,95-,0.80126953,2,8,0.561523
D,philschmid-qwen2.5-3b-r1-countdown,public_ckpt100,100,seed4,public_lineage_fork,120,cd/490325,1024,993,0,31,0.57861616,0.29734988,0.70446563,90-,0.8283994,2,7,0.325195
D,philschmid-qwen2.5-3b-r1-countdown,public_ckpt100,100,seed4,public_lineage_fork,120,cd/490324,1024,959,0,65,0.15920089,0.09891708,0.95059802,99-,0.96983879,1,5,0.966797
D,philschmid-qwen2.5-3b-r1-countdown,public_ckpt100,100,seed4,public_lineage_fork,120,cd/490322,1024,1018,1,5,0.74248171,0.46132983,0.0244978,55-,0.50808427,2,5,0.946289
D,philschmid-qwen2.5-3b-r1-countdown,public_ckpt100,100,seed4,public_lineage_fork,120,cd/490321,1024,996,0,28,0.5417909,0.49315933,0.5754386,64-,0.78546366,2,3,0.0
D,philschmid-qwen2.5-3b-r1-countdown,public_ckpt100,100,seed4,public_lineage_fork,120,cd/490320,1024,47,1,976,0.43339887,0.62526241,0.6875,36*,0.84375,2,2,0.085938
D,philschmid-qwen2.5-3b-r1-countdown,public_ckpt100,100,seed4,public_lineage_fork,120,cd/490317,1024,1008,0,16,0.52015407,0.3231899,0.72439386,47-,0.84463137,2,5,0.870117
D,philschmid-qwen2.5-3b-r1-countdown,public_ckpt100,100,seed4,public_lineage_fork,120,cd/490316,1024,978,0,46,0.71714228,0.44558555,0.01019888,26-,0.50331464,2,5,0.842773
D,philschmid-qwen2.5-3b-r1-countdown,public_ckpt100,100,seed4,public_lineage_fork,120,cd/490315,1024,954,0,70,0.25094183,0.15591893,0.92838474,87-,0.951908,1,5,0.855469
D,philschmid-qwen2.5-3b-r1-countdown,public_ckpt100,100,seed4,public_lineage_fork,120,cd/490313,1024,1010,0,14,0.46078815,0.28630378,0.79703704,98-,0.88148148,1,5,0.929688
D,philschmid-qwen2.5-3b-r1-countdown,public_ckpt100,100,seed4,public_lineage_fork,120,cd/490312,1024,996,0,28,0.37474973,0.3411119,0.75588972,90-,0.87769424,2,3,0.814453
D,philschmid-qwen2.5-3b-r1-countdown,public_ckpt100,100,seed4,public_lineage_fork,120,cd/490309,1024,1012,0,12,0.6393305,0.25728552,0.68172888,96-,0.8089391,2,12,0.00293
D,philschmid-qwen2.5-3b-r1-countdown,public_ckpt100,100,seed4,public_lineage_fork,120,cd/490308,1024,6,0,1018,0.65175656,0.94028596,0.28571429,11*,0.64285714,2,2,0.438477
D,philschmid-qwen2.5-3b-r1-countdown,public_ckpt100,100,seed4,public_lineage_fork,120,cd/490307,1024,1017,0,7,0.57854308,0.27822041,0.81194907,72-,0.87022527,1,8,0.623047
D,philschmid-qwen2.5-3b-r1-countdown,public_ckpt100,100,seed4,public_lineage_fork,120,cd/490306,1024,8,0,1016,0.45056121,0.65002242,0.66666667,50-,0.83333333,2,2,0.0
D,philschmid-qwen2.5-3b-r1-countdown,public_ckpt100,100,seed4,public_lineage_fork,120,cd/490305,1024,9,3,1012,0.56233514,0.81127812,0.5,15*,0.75,2,2,0.413086
D,philschmid-qwen2.5-3b-r1-countdown,public_ckpt100,100,seed4,public_lineage_fork,120,cd/490304,1024,90,20,914,0.32000477,0.29128089,0.87431694,76-,0.92349727,1,3,0.0
D,philschmid-qwen2.5-3b-r1-countdown,public_ckpt100,100,seed4,public_lineage_fork,120,cd/490303,1024,1012,0,12,1.14706002,0.55161927,0.25885827,68+,0.53100394,3,8,0.446289
D,philschmid-qwen2.5-3b-r1-countdown,public_ckpt100,100,seed4,public_lineage_fork,120,cd/490297,1024,990,0,34,0.65027694,0.59190757,0.40746344,30+,0.69944528,2,3,0.959961
D,philschmid-qwen2.5-3b-r1-countdown,public_ckpt100,100,seed4,public_lineage_fork,120,cd/490296,1024,1019,1,4,0.60789072,0.29233364,0.69794721,99-,0.82649071,2,8,0.775391
D,philschmid-qwen2.5-3b-r1-countdown,public_ckpt100,100,seed4,public_lineage_fork,120,cd/490292,1024,947,0,77,0.78985093,0.3430279,0.43487395,44+,0.69485294,2,10,0.02832
D,philschmid-qwen2.5-3b-r1-countdown,public_ckpt100,100,seed4,public_lineage_fork,120,cd/490290,1024,929,0,95,0.55260546,0.34335308,0.59151906,40-,0.79173376,2,5,0.879883
D,philschmid-qwen2.5-3b-r1-countdown,public_ckpt100,100,seed4,public_lineage_fork,120,cd/490288,1024,135,0,889,0.1556429,0.08686596,0.96376812,24*,0.97463768,1,6,0.005859
D,philschmid-qwen2.5-3b-r1-countdown,public_ckpt100,100,seed4,public_lineage_fork,120,cd/490287,1024,1021,1,2,0.74535407,0.46311452,0.50806058,97-,0.7234978,2,5,0.81543
D,philschmid-qwen2.5-3b-r1-countdown,public_ckpt100,100,seed4,public_lineage_fork,120,cd/490283,1024,1015,0,9,0.35118559,0.21820388,0.82162162,91-,0.90565111,1,5,0.813477
D,philschmid-qwen2.5-3b-r1-countdown,public_ckpt100,100,seed4,public_lineage_fork,120,cd/490282,1024,971,0,53,0.69646993,0.4327411,0.13251156,78-,0.56548536,2,5,0.945312
D,philschmid-qwen2.5-3b-r1-countdown,public_ckpt100,100,seed4,public_lineage_fork,120,cd/490281,1024,688,1,335,0.24639898,0.15309629,0.88196959,27-,0.93917451,1,5,0.880859
D,philschmid-qwen2.5-3b-r1-countdown,public_ckpt100,100,seed4,public_lineage_fork,120,cd/490280,1024,1014,0,10,0.48018297,0.29835445,0.74864732,45-,0.86128874,2,5,0.871094
D,philschmid-qwen2.5-3b-r1-countdown,public_ckpt100,100,seed4,public_lineage_fork,120,cd/490279,1024,1018,0,6,0.58414481,0.36294958,0.70651641,50-,0.82361587,2,5,0.862305
D,philschmid-qwen2.5-3b-r1-countdown,public_ckpt100,100,seed4,public_lineage_fork,120,cd/490276,1024,1022,0,2,0.10977124,0.06820471,0.96144461,83-,0.9795022,1,5,0.895508
D,philschmid-qwen2.5-3b-r1-countdown,public_ckpt100,100,seed4,public_lineage_fork,120,cd/490275,1024,273,0,751,0.01333095,0.0192325,0.99635036,59-,0.99817518,1,2,0.001953
D,philschmid-qwen2.5-3b-r1-countdown,public_ckpt100,100,seed4,public_lineage_fork,120,cd/490274,1024,867,0,157,0.13271797,0.09573578,0.95166858,55-,0.97410817,1,4,0.0
D,philschmid-qwen2.5-3b-r1-countdown,public_ckpt100,100,seed4,public_lineage_fork,120,cd/490271,1024,1019,0,5,0.48486386,0.30126285,0.74106706,95-,0.85805188,2,5,0.942383
D,philschmid-qwen2.5-3b-r1-countdown,public_ckpt100,100,seed4,public_lineage_fork,120,cd/490270,1024,821,0,203,0.22756962,0.32831357,0.87956204,88-,0.93978102,1,2,0.0
D,philschmid-qwen2.5-3b-r1-countdown,public_ckpt100,100,seed4,public_lineage_fork,120,cd/490268,1024,947,0,77,0.35339591,0.32167482,0.86452293,11+,0.91354771,1,3,0.907227
D,philschmid-qwen2.5-3b-r1-countdown,public_ckpt100,100,seed4,public_lineage_fork,120,cd/490267,1024,956,0,68,0.17594386,0.10932007,0.93583725,75-,0.96452791,1,5,0.975586
D,philschmid-qwen2.5-3b-r1-countdown,public_ckpt100,100,seed4,public_lineage_fork,120,cd/490266,1024,972,0,52,0.6665481,0.41414962,0.66803489,92-,0.78860954,2,5,0.0
D,philschmid-qwen2.5-3b-r1-countdown,public_ckpt100,100,seed4,public_lineage_fork,120,cd/490264,1024,13,1,1010,0.29875806,0.2719413,0.89655172,34-,0.93103448,1,3,0.000977
D,philschmid-qwen2.5-3b-r1-countdown,public_ckpt100,100,seed4,public_lineage_fork,120,cd/490263,1024,1022,1,1,0.89326009,0.4295673,0.66569201,32-,0.75389864,1,8,0.376953
D,philschmid-qwen2.5-3b-r1-countdown,public_ckpt100,100,seed4,public_lineage_fork,120,cd/490262,1024,234,2,788,0.6194451,0.56384323,0.45435244,32*,0.72399151,2,3,0.063477
D,philschmid-qwen2.5-3b-r1-countdown,public_ckpt100,100,seed4,public_lineage_fork,120,cd/490261,1024,1019,0,5,0.51673168,0.32106345,0.70778267,60-,0.84140969,2,5,0.907227
D,philschmid-qwen2.5-3b-r1-countdown,public_ckpt100,100,seed4,public_lineage_fork,120,cd/490260,1024,841,0,183,0.546979,0.49788174,0.56498516,67-,0.78041543,2,3,0.805664
D,philschmid-qwen2.5-3b-r1-countdown,public_ckpt100,100,seed4,public_lineage_fork,120,cd/490259,1024,920,0,104,0.17173333,0.15631841,0.9234943,74-,0.96093326,1,3,0.447266
D,philschmid-qwen2.5-3b-r1-countdown,public_ckpt100,100,seed4,public_lineage_fork,120,cd/490258,1024,1024,0,0,0.60310547,0.29003242,0.75486381,84-,0.84484436,1,8,0.820312
D,philschmid-qwen2.5-3b-r1-countdown,public_ckpt100,100,seed4,public_lineage_fork,120,cd/490256,1024,1022,1,1,0.49370475,0.30675601,0.77306003,79-,0.86627623,1,5,0.944336
D,philschmid-qwen2.5-3b-r1-countdown,public_ckpt100,100,seed4,public_lineage_fork,120,cd/490254,1024,8,1,1015,0.40945862,0.3727053,0.84210526,90*,0.89473684,1,3,0.092773
D,philschmid-qwen2.5-3b-r1-countdown,public_ckpt100,100,seed4,public_lineage_fork,120,cd/490249,1024,1012,0,12,0.51222041,0.26322922,0.74052191,96-,0.85425899,2,7,0.867188
D,philschmid-qwen2.5-3b-r1-countdown,public_ckpt100,100,seed4,public_lineage_fork,120,cd/490248,1024,760,0,264,0.65960289,0.95160582,0.25755585,54-,0.62877792,2,2,0.004883
D,philschmid-qwen2.5-3b-r1-countdown,public_ckpt100,100,seed4,public_lineage_fork,120,cd/490246,1024,1022,0,2,0.46393301,0.28825779,0.761347,52-,0.8682284,2,5,0.921875
D,philschmid-qwen2.5-3b-r1-countdown,public_ckpt100,100,seed4,public_lineage_fork,120,cd/490245,1024,1023,0,1,0.53302333,0.25633004,0.81402142,93-,0.875852,1,8,0.783203
D,philschmid-qwen2.5-3b-r1-countdown,public_ckpt100,100,seed4,public_lineage_fork,120,cd/490243,1024,1017,0,7,0.65625954,0.40775698,0.42569887,72-,0.70769985,2,5,0.564453
D,philschmid-qwen2.5-3b-r1-countdown,public_ckpt100,100,seed4,public_lineage_fork,120,cd/490241,1024,1020,1,3,0.19225058,0.119452,0.91442543,98-,0.95599022,1,5,0.926758
D,philschmid-qwen2.5-3b-r1-countdown,public_ckpt100,100,seed4,public_lineage_fork,120,cd/490240,1024,1014,0,10,0.07392779,0.04593392,0.9847516,85-,0.98917855,1,5,0.527344
D,philschmid-qwen2.5-3b-r1-countdown,public_ckpt100,100,seed4,public_lineage_fork,120,cd/490239,1024,431,0,593,0.03207609,0.02919692,0.99190751,27-,0.99537572,1,3,0.0
D,philschmid-qwen2.5-3b-r1-countdown,public_ckpt100,100,seed4,public_lineage_fork,120,cd/490237,1024,889,2,133,0.00476634,0.00687638,0.9988764,96-,0.9994382,1,2,0.00293
D,philschmid-qwen2.5-3b-r1-countdown,public_ckpt100,100,seed4,public_lineage_fork,120,cd/490236,1024,1023,1,0,0.67834186,0.32621348,0.69620253,97-,0.80574489,2,8,0.744141
D,philschmid-qwen2.5-3b-r1-countdown,public_ckpt100,100,seed4,public_lineage_fork,120,cd/490235,1024,1023,0,1,0.51877655,0.26659841,0.71992207,90-,0.84802728,2,7,0.608398
D,philschmid-qwen2.5-3b-r1-countdown,public_ckpt100,100,seed4,public_lineage_fork,120,cd/490234,1024,975,0,49,0.38537281,0.23944559,0.84398977,83-,0.90792839,1,5,0.956055
D,philschmid-qwen2.5-3b-r1-countdown,public_ckpt100,100,seed4,public_lineage_fork,120,cd/490233,1024,1011,0,13,0.37958285,0.23584808,0.8653182,92-,0.91119882,1,5,0.941406
D,philschmid-qwen2.5-3b-r1-countdown,public_ckpt100,100,seed4,public_lineage_fork,120,cd/490232,1024,851,0,173,0.00990115,0.00901242,0.99824047,88-,0.99882698,1,3,0.0
D,philschmid-qwen2.5-3b-r1-countdown,public_ckpt100,100,seed4,public_lineage_fork,120,cd/490231,1024,1020,0,4,0.51127609,0.24587183,0.75,66-,0.85986328,2,8,0.832031
D,philschmid-qwen2.5-3b-r1-countdown,public_ckpt100,100,seed4,public_lineage_fork,120,cd/490229,1024,1010,0,14,0.84025059,0.40407512,0.3234714,87-,0.632643,2,8,0.667969
D,philschmid-qwen2.5-3b-r1-countdown,public_ckpt100,100,seed4,public_lineage_fork,120,cd/490228,1024,1013,0,11,0.58508808,0.36353566,0.49039882,56+,0.74396849,2,5,0.922852
D,philschmid-qwen2.5-3b-r1-countdown,public_ckpt100,100,seed4,public_lineage_fork,120,cd/490227,1024,1021,0,3,1.00969809,0.6273607,0.03615046,43+,0.44894968,3,5,0.868164
D,philschmid-qwen2.5-3b-r1-countdown,public_ckpt100,100,seed4,public_lineage_fork,120,cd/490225,1024,1007,1,16,0.2214307,0.13758263,0.93016345,91-,0.95443289,1,5,0.967773
D,philschmid-qwen2.5-3b-r1-countdown,public_ckpt100,100,seed4,public_lineage_fork,120,cd/490221,1024,1004,0,20,0.43663919,0.27129918,0.79980129,79-,0.88375559,1,5,0.948242
D,philschmid-qwen2.5-3b-r1-countdown,public_ckpt100,100,seed4,public_lineage_fork,120,cd/490219,1024,965,0,59,0.68958696,0.42846447,0.28010336,94-,0.6372093,2,5,0.847656
D,philschmid-qwen2.5-3b-r1-countdown,public_ckpt100,100,seed4,public_lineage_fork,120,cd/490217,1024,918,2,104,0.45201826,0.41144476,0.66992931,74-,0.83469277,2,3,0.0
D,philschmid-qwen2.5-3b-r1-countdown,public_ckpt100,100,seed4,public_lineage_fork,120,cd/490215,1024,1021,0,3,0.38683391,0.24035342,0.87445042,61-,0.91402052,1,5,0.522461
D,philschmid-qwen2.5-3b-r1-countdown,public_ckpt100,100,seed4,public_lineage_fork,120,cd/490214,1024,926,0,98,0.12058008,0.10975672,0.95525606,73-,0.97628032,1,3,0.923828
D,philschmid-qwen2.5-3b-r1-countdown,public_ckpt100,100,seed4,public_lineage_fork,120,cd/490213,1024,1023,0,1,1.03370676,0.53122019,0.33999026,44-,0.61617146,2,7,0.652344
D,philschmid-qwen2.5-3b-r1-countdown,public_ckpt100,100,seed4,public_lineage_fork,120,cd/490212,1024,1022,0,2,0.92295547,0.57346448,0.03806735,49+,0.48169839,2,5,0.954102
D,philschmid-qwen2.5-3b-r1-countdown,public_ckpt100,100,seed4,public_lineage_fork,120,cd/490211,1024,1018,0,6,0.36781469,0.22853612,0.8544831,79-,0.91082803,1,5,0.977539
D,philschmid-qwen2.5-3b-r1-countdown,public_ckpt100,100,seed4,public_lineage_fork,120,cd/490208,1024,968,1,55,0.44431407,0.27606785,0.69551777,94-,0.84647089,2,5,0.974609
D,philschmid-qwen2.5-3b-r1-countdown,public_ckpt100,100,seed4,public_lineage_fork,120,cd/490207,1024,928,0,96,0.92109593,0.57230908,0.21386351,80-,0.56260075,2,5,0.960938
D,philschmid-qwen2.5-3b-r1-countdown,public_ckpt100,100,seed4,public_lineage_fork,120,cd/490206,1024,1022,0,2,0.63967464,0.3974522,0.61786237,68-,0.78818936,2,5,0.861328
D,philschmid-qwen2.5-3b-r1-countdown,public_ckpt100,100,seed4,public_lineage_fork,120,cd/490205,1024,963,0,61,0.71181977,0.44227849,0.00207147,72+,0.49974107,2,5,0.94043
D,philschmid-qwen2.5-3b-r1-countdown,public_ckpt100,100,seed4,public_lineage_fork,120,cd/490204,1024,1023,0,1,0.75584927,0.36348667,0.5443038,90-,0.74148004,2,8,0.295898
D,philschmid-qwen2.5-3b-r1-countdown,public_ckpt100,100,seed4,public_lineage_fork,120,cd/490203,1024,849,0,175,0.67331595,0.61287859,0.21987066,40+,0.60964139,2,3,0.867188
D,philschmid-qwen2.5-3b-r1-countdown,public_ckpt100,100,seed4,public_lineage_fork,120,cd/490202,1024,879,2,143,0.00481408,0.00694525,0.99886364,97-,0.99943182,1,2,0.0
D,philschmid-qwen2.5-3b-r1-countdown,public_ckpt100,100,seed4,public_lineage_fork,120,cd/490201,1024,1021,0,3,0.7771669,0.48288094,0.36150464,82-,0.65901319,2,5,0.969727
D,philschmid-qwen2.5-3b-r1-countdown,public_ckpt100,100,seed4,public_lineage_fork,120,cd/490199,1024,878,0,146,0.83185115,0.51685818,0.02612152,57-,0.49687677,2,5,0.991211
D,philschmid-qwen2.5-3b-r1-countdown,public_ckpt100,100,seed4,public_lineage_fork,125,cd/490363,1024,1024,0,0,0.84734571,0.40748715,0.3881323,83-,0.65515564,2,8,0.643555
D,philschmid-qwen2.5-3b-r1-countdown,public_ckpt100,100,seed4,public_lineage_fork,125,cd/490361,1024,926,0,98,0.0426943,0.03886203,0.98867925,98-,0.993531,1,3,0.604492
D,philschmid-qwen2.5-3b-r1-countdown,public_ckpt100,100,seed4,public_lineage_fork,125,cd/490360,1024,239,0,785,0.75455665,0.38776541,0.22268041,73-,0.60412371,2,7,0.460938
D,philschmid-qwen2.5-3b-r1-countdown,public_ckpt100,100,seed4,public_lineage_fork,125,cd/490357,1024,1024,0,0,0.39048854,0.24262417,0.75304433,89-,0.87530443,2,5,0.954102
D,philschmid-qwen2.5-3b-r1-countdown,public_ckpt100,100,seed4,public_lineage_fork,125,cd/490356,1024,963,0,61,0.09478387,0.05289989,0.97619048,79-,0.98498965,1,6,0.0
D,philschmid-qwen2.5-3b-r1-countdown,public_ckpt100,100,seed4,public_lineage_fork,125,cd/490354,1024,1024,0,0,0.71972954,0.31257457,0.48396501,72-,0.72351798,2,10,0.648438
D,philschmid-qwen2.5-3b-r1-countdown,public_ckpt100,100,seed4,public_lineage_fork,125,cd/490353,1024,877,0,147,0.06581718,0.04089451,0.98237635,62-,0.98976691,1,5,0.978516
D,philschmid-qwen2.5-3b-r1-countdown,public_ckpt100,100,seed4,public_lineage_fork,125,cd/490352,1024,329,0,695,0.04521118,0.02809128,0.99245852,57-,0.99396682,1,5,0.0
D,philschmid-qwen2.5-3b-r1-countdown,public_ckpt100,100,seed4,public_lineage_fork,125,cd/490351,1024,600,1,423,0.12778901,0.06567056,0.95774648,77+,0.97680199,1,7,0.694336
D,philschmid-qwen2.5-3b-r1-countdown,public_ckpt100,100,seed4,public_lineage_fork,125,cd/490348,1024,1023,0,1,0.42391328,0.26339213,0.81911263,52-,0.89078498,1,5,0.612305
D,philschmid-qwen2.5-3b-r1-countdown,public_ckpt100,100,seed4,public_lineage_fork,125,cd/490347,1024,1024,0,0,1.0123934,0.48685831,0.32101167,59-,0.57928016,3,8,0.223633
D,philschmid-qwen2.5-3b-r1-countdown,public_ckpt100,100,seed4,public_lineage_fork,125,cd/490344,1024,1008,0,16,0.40220812,0.36610561,0.72709262,88-,0.86329866,2,3,0.655273
D,philschmid-qwen2.5-3b-r1-countdown,public_ckpt100,100,seed4,public_lineage_fork,125,cd/490343,1024,1021,0,3,0.58745996,0.3018947,0.49975598,94-,0.74816984,2,7,0.24707
D,philschmid-qwen2.5-3b-r1-countdown,public_ckpt100,100,seed4,public_lineage_fork,125,cd/490342,1024,991,0,33,1.04149996,0.5352251,0.01809955,55+,0.45500251,2,7,0.571289
D,philschmid-qwen2.5-3b-r1-countdown,public_ckpt100,100,seed4,public_lineage_fork,125,cd/490341,1024,1023,0,1,1.04379501,0.47505158,0.10218978,62-,0.47347932,3,9,0.714844
D,philschmid-qwen2.5-3b-r1-countdown,public_ckpt100,100,seed4,public_lineage_fork,125,cd/490340,1024,827,0,197,0.14140656,0.10200327,0.946924,96-,0.97165259,1,4,0.008789
D,philschmid-qwen2.5-3b-r1-countdown,public_ckpt100,100,seed4,public_lineage_fork,125,cd/490339,1024,640,0,384,0.03551846,0.02206886,0.99299611,45+,0.99533074,1,5,0.961914
D,philschmid-qwen2.5-3b-r1-countdown,public_ckpt100,100,seed4,public_lineage_fork,125,cd/490338,1024,1024,0,0,0.33633227,0.16174163,0.84533074,92-,0.91585603,1,8,0.711914
D,philschmid-qwen2.5-3b-r1-countdown,public_ckpt100,100,seed4,public_lineage_fork,125,cd/490337,1024,1023,0,1,0.36502848,0.22680494,0.778157,79-,0.88785958,2,5,0.961914
D,philschmid-qwen2.5-3b-r1-countdown,public_ckpt100,100,seed4,public_lineage_fork,125,cd/490335,1024,1023,0,1,0.68119934,0.35006721,0.30589381,65+,0.6502679,2,7,0.873047
D,philschmid-qwen2.5-3b-r1-countdown,public_ckpt100,100,seed4,public_lineage_fork,125,cd/490334,1024,582,0,442,0.28971039,0.18000719,0.84516681,46+,0.92130026,1,5,0.939453
D,philschmid-qwen2.5-3b-r1-countdown,public_ckpt100,100,seed4,public_lineage_fork,125,cd/490333,1024,212,0,812,0.65193772,0.59341929,0.38875878,55-,0.69086651,2,3,0.000977
D,philschmid-qwen2.5-3b-r1-countdown,public_ckpt100,100,seed4,public_lineage_fork,125,cd/490331,1024,1024,0,0,0.8168288,0.39281162,0.3307393,63-,0.64250973,2,8,0.329102
D,philschmid-qwen2.5-3b-r1-countdown,public_ckpt100,100,seed4,public_lineage_fork,125,cd/490330,1024,5,0,1019,0.53596105,0.48785277,0.76923077,85-,0.84615385,1,3,0.011719
D,philschmid-qwen2.5-3b-r1-countdown,public_ckpt100,100,seed4,public_lineage_fork,125,cd/490327,1024,1023,0,1,0.74695215,0.35920806,0.47419669,95-,0.71908471,2,8,0.550781
D,philschmid-qwen2.5-3b-r1-countdown,public_ckpt100,100,seed4,public_lineage_fork,125,cd/490325,1024,1014,0,10,0.5057122,0.25988466,0.78329238,90-,0.86240786,1,7,0.358398
D,philschmid-qwen2.5-3b-r1-countdown,public_ckpt100,100,seed4,public_lineage_fork,125,cd/490324,1024,939,0,85,0.16739568,0.10400878,0.93043016,99-,0.96388741,1,5,0.976562
D,philschmid-qwen2.5-3b-r1-countdown,public_ckpt100,100,seed4,public_lineage_fork,125,cd/490322,1024,1023,1,0,0.72468056,0.45026935,0.17942467,55+,0.58556802,2,5,0.958008
D,philschmid-qwen2.5-3b-r1-countdown,public_ckpt100,100,seed4,public_lineage_fork,125,cd/490321,1024,1020,0,4,0.68407793,0.62267456,0.16054821,64-,0.58002937,2,3,0.0
D,philschmid-qwen2.5-3b-r1-countdown,public_ckpt100,100,seed4,public_lineage_fork,125,cd/490320,1024,11,0,1013,0.51174007,0.73828487,0.58333333,36*,0.79166667,2,2,0.12207
D,philschmid-qwen2.5-3b-r1-countdown,public_ckpt100,100,seed4,public_lineage_fork,125,cd/490317,1024,1020,0,4,0.7132844,0.44318852,0.50171149,47-,0.72811736,2,5,0.916992
D,philschmid-qwen2.5-3b-r1-countdown,public_ckpt100,100,seed4,public_lineage_fork,125,cd/490316,1024,1001,0,23,0.677727,0.42109546,0.23218734,13+,0.61534629,2,5,0.814453
D,philschmid-qwen2.5-3b-r1-countdown,public_ckpt100,100,seed4,public_lineage_fork,125,cd/490315,1024,946,0,78,0.25306998,0.15724122,0.91302056,87-,0.94833948,1,5,0.864258
D,philschmid-qwen2.5-3b-r1-countdown,public_ckpt100,100,seed4,public_lineage_fork,125,cd/490313,1024,1014,0,10,0.42949402,0.26685964,0.74766355,98-,0.86915888,2,5,0.913086
D,philschmid-qwen2.5-3b-r1-countdown,public_ckpt100,100,seed4,public_lineage_fork,125,cd/490312,1024,1003,0,21,0.41432286,0.37713292,0.71378795,90-,0.8566451,2,3,0.711914
D,philschmid-qwen2.5-3b-r1-countdown,public_ckpt100,100,seed4,public_lineage_fork,125,cd/490309,1024,999,0,25,0.84815559,0.34132292,0.48557214,96-,0.69104478,2,12,0.001953
D,philschmid-qwen2.5-3b-r1-countdown,public_ckpt100,100,seed4,public_lineage_fork,125,cd/490308,1024,2,0,1022,0.45056121,0.65002242,0.66666667,3*,0.83333333,2,2,0.46875
D,philschmid-qwen2.5-3b-r1-countdown,public_ckpt100,100,seed4,public_lineage_fork,125,cd/490307,1024,1024,0,0,0.59534414,0.28630001,0.79280156,72-,0.85846304,1,8,0.683594
D,philschmid-qwen2.5-3b-r1-countdown,public_ckpt100,100,seed4,public_lineage_fork,125,cd/490306,1024,3,0,1021,0.37677016,0.54356444,0.75,50-,0.875,2,2,0.0
D,philschmid-qwen2.5-3b-r1-countdown,public_ckpt100,100,seed4,public_lineage_fork,125,cd/490305,1024,0,1,1023,0.69314718,1.0,0.0,3*,0.5,2,2,0.424805
D,philschmid-qwen2.5-3b-r1-countdown,public_ckpt100,100,seed4,public_lineage_fork,125,cd/490304,1024,45,5,974,0.20158365,0.18348934,0.92473118,76-,0.95698925,1,3,0.0
D,philschmid-qwen2.5-3b-r1-countdown,public_ckpt100,100,seed4,public_lineage_fork,125,cd/490303,1024,1023,0,1,1.07406951,0.51651825,0.14508277,68+,0.50486855,3,8,0.402344
D,philschmid-qwen2.5-3b-r1-countdown,public_ckpt100,100,seed4,public_lineage_fork,125,cd/490297,1024,1020,0,4,0.72189338,0.65709567,0.28781204,30+,0.63582966,2,3,0.989258
D,philschmid-qwen2.5-3b-r1-countdown,public_ckpt100,100,seed4,public_lineage_fork,125,cd/490296,1024,1024,0,0,0.77569678,0.3730313,0.50486381,99-,0.71741245,2,8,0.69043
D,philschmid-qwen2.5-3b-r1-countdown,public_ckpt100,100,seed4,public_lineage_fork,125,cd/490292,1024,1009,0,15,0.75622705,0.32842523,0.09664694,44+,0.54289941,2,10,0.012695
D,philschmid-qwen2.5-3b-r1-countdown,public_ckpt100,100,seed4,public_lineage_fork,125,cd/490290,1024,915,0,109,0.54106072,0.33617993,0.58419619,40-,0.78964578,2,5,0.925781
D,philschmid-qwen2.5-3b-r1-countdown,public_ckpt100,100,seed4,public_lineage_fork,125,cd/490288,1024,63,0,961,0.22210677,0.12396015,0.95454545,24*,0.96212121,1,6,0.000977
D,philschmid-qwen2.5-3b-r1-countdown,public_ckpt100,100,seed4,public_lineage_fork,125,cd/490287,1024,1024,0,0,0.87756987,0.54526482,0.35070628,97-,0.62786167,2,5,0.847656
D,philschmid-qwen2.5-3b-r1-countdown,public_ckpt100,100,seed4,public_lineage_fork,125,cd/490283,1024,1008,0,16,0.32198932,0.20006321,0.85304305,91-,0.91984166,1,5,0.84082
D,philschmid-qwen2.5-3b-r1-countdown,public_ckpt100,100,seed4,public_lineage_fork,125,cd/490282,1024,969,0,55,0.68541465,0.42587207,0.19866186,78+,0.59855893,2,5,0.955078
D,philschmid-qwen2.5-3b-r1-countdown,public_ckpt100,100,seed4,public_lineage_fork,125,cd/490281,1024,535,0,489,0.30306569,0.1883053,0.83534884,27-,0.91627907,1,5,0.831055
D,philschmid-qwen2.5-3b-r1-countdown,public_ckpt100,100,seed4,public_lineage_fork,125,cd/490280,1024,1009,0,15,0.50153033,0.31161832,0.66040534,45-,0.82600099,2,5,0.925781
D,philschmid-qwen2.5-3b-r1-countdown,public_ckpt100,100,seed4,public_lineage_fork,125,cd/490279,1024,1020,0,4,0.60851863,0.37809388,0.6601467,50-,0.80635697,2,5,0.899414
D,philschmid-qwen2.5-3b-r1-countdown,public_ckpt100,100,seed4,public_lineage_fork,125,cd/490276,1024,1024,0,0,0.09492052,0.05897743,0.96639065,83-,0.98246469,1,5,0.893555
D,philschmid-qwen2.5-3b-r1-countdown,public_ckpt100,100,seed4,public_lineage_fork,125,cd/490275,1024,143,0,881,0.05790752,0.08354289,0.97916667,59-,0.98958333,1,2,0.0
D,philschmid-qwen2.5-3b-r1-countdown,public_ckpt100,100,seed4,public_lineage_fork,125,cd/490274,1024,734,0,290,0.09173204,0.06617068,0.9673913,55-,0.9830163,1,4,0.0
D,philschmid-qwen2.5-3b-r1-countdown,public_ckpt100,100,seed4,public_lineage_fork,125,cd/490271,1024,1024,0,0,0.55546341,0.34512882,0.63516805,95-,0.80808573,2,5,0.952148
D,philschmid-qwen2.5-3b-r1-countdown,public_ckpt100,100,seed4,public_lineage_fork,125,cd/490270,1024,706,0,318,0.23115019,0.33347924,0.87694484,88-,0.93847242,1,2,0.0
D,philschmid-qwen2.5-3b-r1-countdown,public_ckpt100,100,seed4,public_lineage_fork,125,cd/490268,1024,1011,0,13,0.33512147,0.30504071,0.85728395,11+,0.91703704,1,3,0.985352
D,philschmid-qwen2.5-3b-r1-countdown,public_ckpt100,100,seed4,public_lineage_fork,125,cd/490267,1024,976,0,48,0.11393526,0.07079196,0.95963209,75-,0.97853858,1,5,0.983398
D,philschmid-qwen2.5-3b-r1-countdown,public_ckpt100,100,seed4,public_lineage_fork,125,cd/490266,1024,961,0,63,0.93391593,0.58027459,0.40373638,92-,0.61805916,3,5,0.0
D,philschmid-qwen2.5-3b-r1-countdown,public_ckpt100,100,seed4,public_lineage_fork,125,cd/490264,1024,1,0,1023,0.95027054,0.86497352,0.4,34-,0.6,3,3,0.0
D,philschmid-qwen2.5-3b-r1-countdown,public_ckpt100,100,seed4,public_lineage_fork,125,cd/490263,1024,1024,0,0,1.07995856,0.51935029,0.49513619,32-,0.63570039,3,8,0.367188
D,philschmid-qwen2.5-3b-r1-countdown,public_ckpt100,100,seed4,public_lineage_fork,125,cd/490262,1024,139,1,884,0.53668682,0.48851339,0.57651246,32*,0.78647687,2,3,0.057617
D,philschmid-qwen2.5-3b-r1-countdown,public_ckpt100,100,seed4,public_lineage_fork,125,cd/490261,1024,1017,0,7,0.50303805,0.31255512,0.76998529,60-,0.86071604,1,5,0.90918
D,philschmid-qwen2.5-3b-r1-countdown,public_ckpt100,100,seed4,public_lineage_fork,125,cd/490260,1024,863,0,161,0.63076182,0.57414415,0.37941006,67-,0.68883748,2,3,0.814453
D,philschmid-qwen2.5-3b-r1-countdown,public_ckpt100,100,seed4,public_lineage_fork,125,cd/490259,1024,891,0,133,0.10989158,0.10002763,0.9557423,74-,0.97759104,1,3,0.463867
D,philschmid-qwen2.5-3b-r1-countdown,public_ckpt100,100,seed4,public_lineage_fork,125,cd/490258,1024,1024,0,0,0.59105747,0.28423856,0.73929961,84-,0.83608949,1,8,0.803711
D,philschmid-qwen2.5-3b-r1-countdown,public_ckpt100,100,seed4,public_lineage_fork,125,cd/490256,1024,1024,0,0,0.62757943,0.38993702,0.58938139,79-,0.7788602,2,5,0.953125
D,philschmid-qwen2.5-3b-r1-countdown,public_ckpt100,100,seed4,public_lineage_fork,125,cd/490254,1024,1,0,1023,0.95027054,0.86497352,0.4,90/,0.6,3,3,0.085938
D,philschmid-qwen2.5-3b-r1-countdown,public_ckpt100,100,seed4,public_lineage_fork,125,cd/490249,1024,1020,0,4,0.59550751,0.30603032,0.57156815,96-,0.77821202,2,7,0.886719
D,philschmid-qwen2.5-3b-r1-countdown,public_ckpt100,100,seed4,public_lineage_fork,125,cd/490248,1024,578,0,446,0.63591392,0.91742985,0.33506045,54-,0.66753022,2,2,0.0
D,philschmid-qwen2.5-3b-r1-countdown,public_ckpt100,100,seed4,public_lineage_fork,125,cd/490246,1024,1024,0,0,0.4433672,0.27547953,0.72868972,52-,0.85971749,2,5,0.96582
D,philschmid-qwen2.5-3b-r1-countdown,public_ckpt100,100,seed4,public_lineage_fork,125,cd/490245,1024,1024,0,0,0.68428167,0.32906993,0.71400778,93-,0.8098249,1,8,0.761719
D,philschmid-qwen2.5-3b-r1-countdown,public_ckpt100,100,seed4,public_lineage_fork,125,cd/490243,1024,1022,0,2,0.72292251,0.44917701,0.17862372,72-,0.58516349,2,5,0.611328
D,philschmid-qwen2.5-3b-r1-countdown,public_ckpt100,100,seed4,public_lineage_fork,125,cd/490241,1024,1023,0,1,0.27787556,0.1726538,0.84934178,98-,0.92393954,1,5,0.90918
D,philschmid-qwen2.5-3b-r1-countdown,public_ckpt100,100,seed4,public_lineage_fork,125,cd/490240,1024,1010,0,14,0.03692123,0.02294045,0.99259259,85-,0.99506173,1,5,0.572266
D,philschmid-qwen2.5-3b-r1-countdown,public_ckpt100,100,seed4,public_lineage_fork,125,cd/490239,1024,352,0,672,0.02138505,0.01946551,0.99575672,27-,0.99717115,1,3,0.0
D,philschmid-qwen2.5-3b-r1-countdown,public_ckpt100,100,seed4,public_lineage_fork,125,cd/490237,1024,913,0,111,0.00465575,0.00671682,0.99890591,96-,0.99945295,1,2,0.0
D,philschmid-qwen2.5-3b-r1-countdown,public_ckpt100,100,seed4,public_lineage_fork,125,cd/490236,1024,1023,0,1,0.72426412,0.34829742,0.66699124,97-,0.78042843,2,8,0.750977
D,philschmid-qwen2.5-3b-r1-countdown,public_ckpt100,100,seed4,public_lineage_fork,125,cd/490235,1024,1024,0,0,0.64133957,0.32958334,0.48759124,90-,0.73722628,2,7,0.691406
D,philschmid-qwen2.5-3b-r1-countdown,public_ckpt100,100,seed4,public_lineage_fork,125,cd/490234,1024,983,0,41,0.38254687,0.23768974,0.80162354,83-,0.89446981,1,5,0.966797
D,philschmid-qwen2.5-3b-r1-countdown,public_ckpt100,100,seed4,public_lineage_fork,125,cd/490233,1024,1018,0,6,0.36045859,0.22396552,0.8544831,92-,0.91180794,1,5,0.975586
D,philschmid-qwen2.5-3b-r1-countdown,public_ckpt100,100,seed4,public_lineage_fork,125,cd/490232,1024,864,0,160,0.00976993,0.00889298,0.9982669,88-,0.9988446,1,3,0.0
D,philschmid-qwen2.5-3b-r1-countdown,public_ckpt100,100,seed4,public_lineage_fork,125,cd/490231,1024,1024,0,0,0.60201868,0.28950979,0.57587549,66-,0.77966926,2,8,0.81543
D,philschmid-qwen2.5-3b-r1-countdown,public_ckpt100,100,seed4,public_lineage_fork,125,cd/490229,1024,1022,0,2,0.81672134,0.39275994,0.13840156,16+,0.55409357,2,8,0.736328
D,philschmid-qwen2.5-3b-r1-countdown,public_ckpt100,100,seed4,public_lineage_fork,125,cd/490228,1024,1024,0,0,0.45724375,0.28410151,0.67218704,56+,0.83536288,2,5,0.913086
D,philschmid-qwen2.5-3b-r1-countdown,public_ckpt100,100,seed4,public_lineage_fork,125,cd/490227,1024,1021,0,3,0.98652195,0.61296055,0.18563752,43+,0.52320469,3,5,0.887695
D,philschmid-qwen2.5-3b-r1-countdown,public_ckpt100,100,seed4,public_lineage_fork,125,cd/490225,1024,1010,0,14,0.14409445,0.08953091,0.95604938,91-,0.97333333,1,5,0.988281
D,philschmid-qwen2.5-3b-r1-countdown,public_ckpt100,100,seed4,public_lineage_fork,125,cd/490221,1024,1021,0,3,0.58577414,0.36396194,0.6468002,79-,0.80654617,2,5,0.96582
D,philschmid-qwen2.5-3b-r1-countdown,public_ckpt100,100,seed4,public_lineage_fork,125,cd/490219,1024,920,0,104,0.71236843,0.44261939,0.11707317,94-,0.55663957,2,5,0.865234
D,philschmid-qwen2.5-3b-r1-countdown,public_ckpt100,100,seed4,public_lineage_fork,125,cd/490217,1024,829,0,195,0.4871324,0.44340702,0.62492474,74-,0.81216135,2,3,0.0
D,philschmid-qwen2.5-3b-r1-countdown,public_ckpt100,100,seed4,public_lineage_fork,125,cd/490215,1024,1023,0,1,0.36047366,0.22397488,0.872745,61-,0.91906387,1,5,0.412109
D,philschmid-qwen2.5-3b-r1-countdown,public_ckpt100,100,seed4,public_lineage_fork,125,cd/490214,1024,950,0,74,0.16409318,0.14936405,0.92800841,73-,0.96321597,1,3,0.898438
D,philschmid-qwen2.5-3b-r1-countdown,public_ckpt100,100,seed4,public_lineage_fork,125,cd/490213,1024,1023,0,1,1.02648375,0.5275083,0.10716025,44-,0.50414028,2,7,0.658203
D,philschmid-qwen2.5-3b-r1-countdown,public_ckpt100,100,seed4,public_lineage_fork,125,cd/490212,1024,1024,0,0,0.95260204,0.59188492,0.20750122,49+,0.5460302,3,5,0.959961
D,philschmid-qwen2.5-3b-r1-countdown,public_ckpt100,100,seed4,public_lineage_fork,125,cd/490211,1024,1021,0,3,0.24672648,0.15329978,0.9184172,79-,0.9482169,1,5,0.982422
D,philschmid-qwen2.5-3b-r1-countdown,public_ckpt100,100,seed4,public_lineage_fork,125,cd/490208,1024,948,0,76,0.46221143,0.28718811,0.66701736,94-,0.83271962,2,5,0.990234
D,philschmid-qwen2.5-3b-r1-countdown,public_ckpt100,100,seed4,public_lineage_fork,125,cd/490207,1024,937,0,87,0.89152885,0.55393802,0.06173497,80+,0.49866951,2,5,0.959961
D,philschmid-qwen2.5-3b-r1-countdown,public_ckpt100,100,seed4,public_lineage_fork,125,cd/490206,1024,1024,0,0,0.73722668,0.45806469,0.5523624,68-,0.73989284,2,5,0.900391
D,philschmid-qwen2.5-3b-r1-countdown,public_ckpt100,100,seed4,public_lineage_fork,125,cd/490205,1024,911,0,113,0.71110774,0.44183608,0.05692392,72+,0.5270936,2,5,0.939453
D,philschmid-qwen2.5-3b-r1-countdown,public_ckpt100,100,seed4,public_lineage_fork,125,cd/490204,1024,1022,0,2,0.85707439,0.41216566,0.41423002,90-,0.66423002,2,8,0.405273
D,philschmid-qwen2.5-3b-r1-countdown,public_ckpt100,100,seed4,public_lineage_fork,125,cd/490203,1024,916,0,108,0.69258805,0.63042081,0.09809264,40+,0.54877384,2,3,0.914062
D,philschmid-qwen2.5-3b-r1-countdown,public_ckpt100,100,seed4,public_lineage_fork,125,cd/490202,1024,833,0,191,0.00504741,0.00728187,0.99880096,97-,0.99940048,1,2,0.0
D,philschmid-qwen2.5-3b-r1-countdown,public_ckpt100,100,seed4,public_lineage_fork,125,cd/490201,1024,1022,0,2,0.78884362,0.4901361,0.22059541,82-,0.59492435,2,5,0.987305
D,philschmid-qwen2.5-3b-r1-countdown,public_ckpt100,100,seed4,public_lineage_fork,125,cd/490199,1024,843,0,181,0.76874076,0.47764549,0.27202839,57+,0.62389119,2,5,0.993164
D,philschmid-qwen2.5-3b-r1-countdown,public_ckpt100,100,seed5,public_lineage_fork,105,cd/490363,1024,953,22,49,1.17635599,0.56570765,0.41483804,83-,0.61912226,2,8,0.439453
D,philschmid-qwen2.5-3b-r1-countdown,public_ckpt100,100,seed5,public_lineage_fork,105,cd/490361,1024,848,17,159,0.04017309,0.03656713,0.99117128,98-,0.99411418,1,3,0.648438
D,philschmid-qwen2.5-3b-r1-countdown,public_ckpt100,100,seed5,public_lineage_fork,105,cd/490360,1024,496,7,521,0.97320512,0.5001285,0.62862863,73-,0.72772773,1,7,0.119141
D,philschmid-qwen2.5-3b-r1-countdown,public_ckpt100,100,seed5,public_lineage_fork,105,cd/490357,1024,918,26,80,0.80752119,0.50174112,0.6376969,89-,0.75991309,2,5,0.758789
D,philschmid-qwen2.5-3b-r1-countdown,public_ckpt100,100,seed5,public_lineage_fork,105,cd/490356,1024,827,5,192,0.7316305,0.40833076,0.68072289,79-,0.79939759,2,6,0.00293
D,philschmid-qwen2.5-3b-r1-countdown,public_ckpt100,100,seed5,public_lineage_fork,105,cd/490354,1024,944,19,61,1.2695678,0.55136629,0.18756586,72-,0.50316122,3,10,0.415039
D,philschmid-qwen2.5-3b-r1-countdown,public_ckpt100,100,seed5,public_lineage_fork,105,cd/490353,1024,711,27,286,0.56610096,0.3517383,0.66152768,62-,0.81920112,2,5,0.639648
D,philschmid-qwen2.5-3b-r1-countdown,public_ckpt100,100,seed5,public_lineage_fork,105,cd/490352,1024,225,10,789,0.6331203,0.39337976,0.77362637,57-,0.84175824,1,5,0.001953
D,philschmid-qwen2.5-3b-r1-countdown,public_ckpt100,100,seed5,public_lineage_fork,105,cd/490351,1024,578,21,425,1.13200847,0.58173728,0.14789338,77+,0.50128977,3,7,0.421875
D,philschmid-qwen2.5-3b-r1-countdown,public_ckpt100,100,seed5,public_lineage_fork,105,cd/490348,1024,935,11,78,0.52952901,0.32901487,0.82453333,52-,0.872,1,5,0.135742
D,philschmid-qwen2.5-3b-r1-countdown,public_ckpt100,100,seed5,public_lineage_fork,105,cd/490347,1024,942,10,72,1.1122777,0.53489251,0.43657505,59-,0.63160677,2,8,0.244141
D,philschmid-qwen2.5-3b-r1-countdown,public_ckpt100,100,seed5,public_lineage_fork,105,cd/490344,1024,853,21,150,0.47256849,0.43015037,0.65301346,88-,0.82562902,2,3,0.783203
D,philschmid-qwen2.5-3b-r1-countdown,public_ckpt100,100,seed5,public_lineage_fork,105,cd/490343,1024,934,11,79,0.91246059,0.46891199,0.62186667,94-,0.744,2,7,0.078125
D,philschmid-qwen2.5-3b-r1-countdown,public_ckpt100,100,seed5,public_lineage_fork,105,cd/490342,1024,773,9,242,1.54828788,0.79566257,0.04507405,55+,0.29813265,4,7,0.176758
D,philschmid-qwen2.5-3b-r1-countdown,public_ckpt100,100,seed5,public_lineage_fork,105,cd/490341,1024,910,25,89,1.28886243,0.58658657,0.08310552,62-,0.45325314,2,9,0.183594
D,philschmid-qwen2.5-3b-r1-countdown,public_ckpt100,100,seed5,public_lineage_fork,105,cd/490340,1024,702,6,316,0.57183796,0.4124939,0.62926136,96-,0.8046875,2,4,0.146484
D,philschmid-qwen2.5-3b-r1-countdown,public_ckpt100,100,seed5,public_lineage_fork,105,cd/490339,1024,748,14,262,0.99746787,0.61976163,0.46902065,45+,0.65356429,3,5,0.873047
D,philschmid-qwen2.5-3b-r1-countdown,public_ckpt100,100,seed5,public_lineage_fork,105,cd/490338,1024,898,17,109,0.88390237,0.42506719,0.61308204,92-,0.75554324,2,8,0.30957
D,philschmid-qwen2.5-3b-r1-countdown,public_ckpt100,100,seed5,public_lineage_fork,105,cd/490337,1024,948,25,51,0.83215354,0.51704606,0.60389269,79-,0.74539716,2,5,0.750977
D,philschmid-qwen2.5-3b-r1-countdown,public_ckpt100,100,seed5,public_lineage_fork,105,cd/490335,1024,877,13,134,1.36617282,0.70207395,0.23055082,65+,0.49801249,2,7,0.436523
D,philschmid-qwen2.5-3b-r1-countdown,public_ckpt100,100,seed5,public_lineage_fork,105,cd/490334,1024,751,26,247,0.75737677,0.47058465,0.47511612,46+,0.7146649,2,5,0.883789
D,philschmid-qwen2.5-3b-r1-countdown,public_ckpt100,100,seed5,public_lineage_fork,105,cd/490333,1024,193,15,816,0.78615733,0.71559124,0.42673522,55-,0.68123393,2,3,0.00293
D,philschmid-qwen2.5-3b-r1-countdown,public_ckpt100,100,seed5,public_lineage_fork,105,cd/490331,1024,937,6,81,1.34055954,0.64467287,0.20191286,63-,0.48618491,3,8,0.387695
D,philschmid-qwen2.5-3b-r1-countdown,public_ckpt100,100,seed5,public_lineage_fork,105,cd/490330,1024,61,3,960,1.01153408,0.920738,0.064,85-,0.456,3,3,0.004883
D,philschmid-qwen2.5-3b-r1-countdown,public_ckpt100,100,seed5,public_lineage_fork,105,cd/490327,1024,917,17,90,1.23270021,0.59280349,0.20304017,95-,0.52171553,2,8,0.264648
D,philschmid-qwen2.5-3b-r1-countdown,public_ckpt100,100,seed5,public_lineage_fork,105,cd/490325,1024,805,16,203,0.53511355,0.27499396,0.79529994,90-,0.87260359,1,7,0.063477
D,philschmid-qwen2.5-3b-r1-countdown,public_ckpt100,100,seed5,public_lineage_fork,105,cd/490324,1024,846,24,154,0.61670065,0.38317766,0.76605775,99-,0.8385386,1,5,0.749023
D,philschmid-qwen2.5-3b-r1-countdown,public_ckpt100,100,seed5,public_lineage_fork,105,cd/490322,1024,882,32,110,0.89772167,0.55778584,0.0825325,55-,0.5161108,2,5,0.706055
D,philschmid-qwen2.5-3b-r1-countdown,public_ckpt100,100,seed5,public_lineage_fork,105,cd/490321,1024,603,1,420,0.60180717,0.54778849,0.63523573,64-,0.79818031,2,3,0.0
D,philschmid-qwen2.5-3b-r1-countdown,public_ckpt100,100,seed5,public_lineage_fork,105,cd/490320,1024,247,33,744,0.55098695,0.79490614,0.52016129,36*,0.76008065,2,2,0.057617
D,philschmid-qwen2.5-3b-r1-countdown,public_ckpt100,100,seed5,public_lineage_fork,105,cd/490317,1024,928,17,79,0.76790685,0.47712735,0.69210102,47-,0.78291241,1,5,0.642578
D,philschmid-qwen2.5-3b-r1-countdown,public_ckpt100,100,seed5,public_lineage_fork,105,cd/490316,1024,840,13,171,0.92298243,0.57348123,0.18872404,26-,0.55964392,2,5,0.697266
D,philschmid-qwen2.5-3b-r1-countdown,public_ckpt100,100,seed5,public_lineage_fork,105,cd/490315,1024,944,20,60,0.68444356,0.4252687,0.6856841,87-,0.80876915,2,5,0.831055
D,philschmid-qwen2.5-3b-r1-countdown,public_ckpt100,100,seed5,public_lineage_fork,105,cd/490313,1024,929,22,73,0.80555842,0.50052159,0.56038647,98-,0.73913043,2,5,0.830078
D,philschmid-qwen2.5-3b-r1-countdown,public_ckpt100,100,seed5,public_lineage_fork,105,cd/490312,1024,823,8,193,0.40859597,0.37192008,0.74590661,90-,0.87022438,2,3,0.842773
D,philschmid-qwen2.5-3b-r1-countdown,public_ckpt100,100,seed5,public_lineage_fork,105,cd/490309,1024,906,21,97,1.05413696,0.42421592,0.47149123,96-,0.66611842,2,12,0.005859
D,philschmid-qwen2.5-3b-r1-countdown,public_ckpt100,100,seed5,public_lineage_fork,105,cd/490308,1024,76,12,936,0.65175656,0.94028596,0.28571429,11*,0.64285714,2,2,0.178711
D,philschmid-qwen2.5-3b-r1-countdown,public_ckpt100,100,seed5,public_lineage_fork,105,cd/490307,1024,896,24,104,0.92447517,0.44457858,0.63333333,72-,0.74388889,2,8,0.396484
D,philschmid-qwen2.5-3b-r1-countdown,public_ckpt100,100,seed5,public_lineage_fork,105,cd/490306,1024,76,4,944,0.34732914,0.50109002,0.77922078,50-,0.88961039,2,2,0.000977
D,philschmid-qwen2.5-3b-r1-countdown,public_ckpt100,100,seed5,public_lineage_fork,105,cd/490305,1024,103,20,901,0.40391482,0.58272591,0.72115385,15*,0.86057692,2,2,0.180664
D,philschmid-qwen2.5-3b-r1-countdown,public_ckpt100,100,seed5,public_lineage_fork,105,cd/490304,1024,206,40,778,0.35168351,0.32011612,0.85783133,76-,0.91325301,1,3,0.0
D,philschmid-qwen2.5-3b-r1-countdown,public_ckpt100,100,seed5,public_lineage_fork,105,cd/490303,1024,862,7,155,1.60790621,0.77323944,0.1108545,68+,0.34006928,4,8,0.288086
D,philschmid-qwen2.5-3b-r1-countdown,public_ckpt100,100,seed5,public_lineage_fork,105,cd/490297,1024,747,15,262,0.72858275,0.6631846,0.27120908,22+,0.62725451,2,3,0.764648
D,philschmid-qwen2.5-3b-r1-countdown,public_ckpt100,100,seed5,public_lineage_fork,105,cd/490296,1024,901,17,106,1.07983285,0.51928983,0.36022099,99-,0.6160221,2,8,0.364258
D,philschmid-qwen2.5-3b-r1-countdown,public_ckpt100,100,seed5,public_lineage_fork,105,cd/490292,1024,751,5,268,1.3633123,0.59207901,0.10714286,44+,0.4292328,3,10,0.055664
D,philschmid-qwen2.5-3b-r1-countdown,public_ckpt100,100,seed5,public_lineage_fork,105,cd/490290,1024,732,29,263,1.05826046,0.65753419,0.08985705,40-,0.4894486,2,5,0.621094
D,philschmid-qwen2.5-3b-r1-countdown,public_ckpt100,100,seed5,public_lineage_fork,105,cd/490288,1024,370,3,651,0.445407,0.24858638,0.86595174,24*,0.90482574,1,6,0.004883
D,philschmid-qwen2.5-3b-r1-countdown,public_ckpt100,100,seed5,public_lineage_fork,105,cd/490287,1024,934,15,75,0.99953191,0.6210441,0.5285638,97-,0.68713294,2,5,0.506836
D,philschmid-qwen2.5-3b-r1-countdown,public_ckpt100,100,seed5,public_lineage_fork,105,cd/490283,1024,883,17,124,0.43867355,0.2725632,0.87634105,91-,0.90626765,1,5,0.532227
D,philschmid-qwen2.5-3b-r1-countdown,public_ckpt100,100,seed5,public_lineage_fork,105,cd/490282,1024,910,14,100,0.84348462,0.52408646,0.30356164,78-,0.62739726,2,5,0.838867
D,philschmid-qwen2.5-3b-r1-countdown,public_ckpt100,100,seed5,public_lineage_fork,105,cd/490281,1024,704,16,304,0.63914367,0.39712229,0.64118896,27-,0.79617834,2,5,0.833008
D,philschmid-qwen2.5-3b-r1-countdown,public_ckpt100,100,seed5,public_lineage_fork,105,cd/490280,1024,959,17,48,0.82754707,0.51418391,0.55018201,45-,0.73478939,2,5,0.757812
D,philschmid-qwen2.5-3b-r1-countdown,public_ckpt100,100,seed5,public_lineage_fork,105,cd/490279,1024,917,33,74,0.8694689,0.5402314,0.56769984,50-,0.70636215,3,5,0.628906
D,philschmid-qwen2.5-3b-r1-countdown,public_ckpt100,100,seed5,public_lineage_fork,105,cd/490276,1024,957,18,49,0.60207795,0.37409207,0.70244919,83-,0.82803544,2,5,0.861328
D,philschmid-qwen2.5-3b-r1-countdown,public_ckpt100,100,seed5,public_lineage_fork,105,cd/490275,1024,232,12,780,0.27729941,0.40005848,0.84120172,59-,0.92060086,1,2,0.015625
D,philschmid-qwen2.5-3b-r1-countdown,public_ckpt100,100,seed5,public_lineage_fork,105,cd/490274,1024,757,13,254,0.3988514,0.28771047,0.84848485,55-,0.9057971,1,4,0.000977
D,philschmid-qwen2.5-3b-r1-countdown,public_ckpt100,100,seed5,public_lineage_fork,105,cd/490271,1024,931,16,77,0.77666872,0.48257141,0.59989288,95-,0.75040171,2,5,0.785156
D,philschmid-qwen2.5-3b-r1-countdown,public_ckpt100,100,seed5,public_lineage_fork,105,cd/490270,1024,676,16,332,0.57533113,0.83002736,0.47562777,88-,0.73781388,2,2,0.001953
D,philschmid-qwen2.5-3b-r1-countdown,public_ckpt100,100,seed5,public_lineage_fork,105,cd/490268,1024,597,17,410,0.74758399,0.68048028,0.47619048,11+,0.70927318,2,3,0.584961
D,philschmid-qwen2.5-3b-r1-countdown,public_ckpt100,100,seed5,public_lineage_fork,105,cd/490267,1024,885,24,115,0.71269808,0.44282422,0.58366197,75-,0.76225352,2,5,0.797852
D,philschmid-qwen2.5-3b-r1-countdown,public_ckpt100,100,seed5,public_lineage_fork,105,cd/490266,1024,862,29,133,0.80921348,0.50279261,0.55292076,92-,0.72469636,2,5,0.0
D,philschmid-qwen2.5-3b-r1-countdown,public_ckpt100,100,seed5,public_lineage_fork,105,cd/490264,1024,137,13,874,0.57559888,0.52393268,0.68592058,34-,0.81949458,2,3,0.012695
D,philschmid-qwen2.5-3b-r1-countdown,public_ckpt100,100,seed5,public_lineage_fork,105,cd/490263,1024,932,24,68,1.37906983,0.6631924,0.48611111,32-,0.60416667,2,8,0.308594
D,philschmid-qwen2.5-3b-r1-countdown,public_ckpt100,100,seed5,public_lineage_fork,105,cd/490262,1024,507,15,502,0.75220629,0.68468767,0.42084562,32*,0.68731563,2,3,0.037109
D,philschmid-qwen2.5-3b-r1-countdown,public_ckpt100,100,seed5,public_lineage_fork,105,cd/490261,1024,928,15,81,0.68213064,0.4238316,0.74798495,60-,0.82482536,1,5,0.848633
D,philschmid-qwen2.5-3b-r1-countdown,public_ckpt100,100,seed5,public_lineage_fork,105,cd/490260,1024,678,37,309,0.71592335,0.65166152,0.37674761,67-,0.67623252,2,3,0.722656
D,philschmid-qwen2.5-3b-r1-countdown,public_ckpt100,100,seed5,public_lineage_fork,105,cd/490259,1024,736,31,257,0.25855723,0.23534894,0.90169492,74-,0.94169492,1,3,0.569336
D,philschmid-qwen2.5-3b-r1-countdown,public_ckpt100,100,seed5,public_lineage_fork,105,cd/490258,1024,913,17,94,0.84012918,0.40401673,0.72410033,84-,0.79225736,1,8,0.547852
D,philschmid-qwen2.5-3b-r1-countdown,public_ckpt100,100,seed5,public_lineage_fork,105,cd/490256,1024,919,32,73,0.89917175,0.55868682,0.64460119,79-,0.74389582,1,5,0.791016
D,philschmid-qwen2.5-3b-r1-countdown,public_ckpt100,100,seed5,public_lineage_fork,105,cd/490254,1024,129,8,887,0.92559358,0.84251159,0.09195402,90*,0.50191571,2,3,0.039062
D,philschmid-qwen2.5-3b-r1-countdown,public_ckpt100,100,seed5,public_lineage_fork,105,cd/490249,1024,882,5,137,1.00647141,0.51722399,0.56126482,96-,0.70299266,2,7,0.644531
D,philschmid-qwen2.5-3b-r1-countdown,public_ckpt100,100,seed5,public_lineage_fork,105,cd/490248,1024,697,17,310,0.66064159,0.95310435,0.25358166,54-,0.62679083,2,2,0.008789
D,philschmid-qwen2.5-3b-r1-countdown,public_ckpt100,100,seed5,public_lineage_fork,105,cd/490246,1024,934,16,74,0.90737989,0.56378683,0.61719167,52-,0.72984517,3,5,0.755859
D,philschmid-qwen2.5-3b-r1-countdown,public_ckpt100,100,seed5,public_lineage_fork,105,cd/490245,1024,937,13,74,1.02857462,0.49463983,0.61530287,93-,0.70828905,1,8,0.444336
D,philschmid-qwen2.5-3b-r1-countdown,public_ckpt100,100,seed5,public_lineage_fork,105,cd/490243,1024,897,6,121,0.75654217,0.47006608,0.66370206,72-,0.77987771,2,5,0.271484
D,philschmid-qwen2.5-3b-r1-countdown,public_ckpt100,100,seed5,public_lineage_fork,105,cd/490241,1024,934,13,77,0.67116667,0.4170193,0.6972771,98-,0.81313401,2,5,0.71875
D,philschmid-qwen2.5-3b-r1-countdown,public_ckpt100,100,seed5,public_lineage_fork,105,cd/490240,1024,894,14,116,0.49876464,0.3098999,0.76854434,85-,0.86726157,1,5,0.294922
D,philschmid-qwen2.5-3b-r1-countdown,public_ckpt100,100,seed5,public_lineage_fork,105,cd/490239,1024,286,10,728,0.27872294,0.25370456,0.86956522,27-,0.93043478,1,3,0.000977
D,philschmid-qwen2.5-3b-r1-countdown,public_ckpt100,100,seed5,public_lineage_fork,105,cd/490237,1024,710,22,292,0.08846873,0.1276334,0.96483826,96-,0.98241913,1,2,0.019531
D,philschmid-qwen2.5-3b-r1-countdown,public_ckpt100,100,seed5,public_lineage_fork,105,cd/490236,1024,909,26,89,1.01697339,0.48906082,0.39101862,97-,0.64457831,2,8,0.597656
D,philschmid-qwen2.5-3b-r1-countdown,public_ckpt100,100,seed5,public_lineage_fork,105,cd/490235,1024,923,11,90,0.85994769,0.44192569,0.68213708,90-,0.77441986,1,7,0.211914
D,philschmid-qwen2.5-3b-r1-countdown,public_ckpt100,100,seed5,public_lineage_fork,105,cd/490234,1024,920,12,92,0.789275,0.49040413,0.55718157,83-,0.74092141,2,5,0.838867
D,philschmid-qwen2.5-3b-r1-countdown,public_ckpt100,100,seed5,public_lineage_fork,105,cd/490233,1024,859,31,134,0.67381136,0.41866253,0.72896111,92-,0.82240279,1,5,0.629883
D,philschmid-qwen2.5-3b-r1-countdown,public_ckpt100,100,seed5,public_lineage_fork,105,cd/490232,1024,653,27,344,0.02246457,0.02044813,0.99465241,88-,0.99694423,1,3,0.0
D,philschmid-qwen2.5-3b-r1-countdown,public_ckpt100,100,seed5,public_lineage_fork,105,cd/490231,1024,926,16,82,0.94226639,0.45313435,0.60215054,66-,0.73709677,2,8,0.418945
D,philschmid-qwen2.5-3b-r1-countdown,public_ckpt100,100,seed5,public_lineage_fork,105,cd/490229,1024,864,10,150,1.27076381,0.61110822,0.33294931,87-,0.53513825,3,8,0.378906
D,philschmid-qwen2.5-3b-r1-countdown,public_ckpt100,100,seed5,public_lineage_fork,105,cd/490228,1024,859,34,131,0.76334312,0.47429175,0.21706326,56+,0.59953569,2,5,0.759766
D,philschmid-qwen2.5-3b-r1-countdown,public_ckpt100,100,seed5,public_lineage_fork,105,cd/490227,1024,937,25,62,1.23387058,0.7666469,0.01170836,35+,0.33368813,3,5,0.750977
D,philschmid-qwen2.5-3b-r1-countdown,public_ckpt100,100,seed5,public_lineage_fork,105,cd/490225,1024,911,19,94,0.73097668,0.45418134,0.60755337,91-,0.76902025,2,5,0.802734
D,philschmid-qwen2.5-3b-r1-countdown,public_ckpt100,100,seed5,public_lineage_fork,105,cd/490221,1024,863,11,150,0.44981505,0.2794858,0.84113229,79-,0.89139226,1,5,0.820312
D,philschmid-qwen2.5-3b-r1-countdown,public_ckpt100,100,seed5,public_lineage_fork,105,cd/490219,1024,766,14,244,1.1008796,0.68401495,0.12491867,94-,0.49772284,2,5,0.616211
D,philschmid-qwen2.5-3b-r1-countdown,public_ckpt100,100,seed5,public_lineage_fork,105,cd/490217,1024,870,11,143,0.52125676,0.47446835,0.64486517,74-,0.81640849,2,3,0.001953
D,philschmid-qwen2.5-3b-r1-countdown,public_ckpt100,100,seed5,public_lineage_fork,105,cd/490215,1024,913,19,92,0.67120386,0.41704241,0.74276352,61-,0.81977062,1,5,0.814453
D,philschmid-qwen2.5-3b-r1-countdown,public_ckpt100,100,seed5,public_lineage_fork,105,cd/490214,1024,879,18,127,0.08641796,0.07866102,0.97558206,73-,0.98523566,1,3,0.936523
D,philschmid-qwen2.5-3b-r1-countdown,public_ckpt100,100,seed5,public_lineage_fork,105,cd/490213,1024,906,20,98,1.55109641,0.79710587,0.02638813,34-,0.34909291,3,7,0.21875
D,philschmid-qwen2.5-3b-r1-countdown,public_ckpt100,100,seed5,public_lineage_fork,105,cd/490212,1024,943,21,60,1.2264591,0.76204188,0.01163406,49-,0.37281861,3,5,0.848633
D,philschmid-qwen2.5-3b-r1-countdown,public_ckpt100,100,seed5,public_lineage_fork,105,cd/490211,1024,884,23,117,0.63130096,0.39224934,0.70163565,79-,0.82177101,2,5,0.811523
D,philschmid-qwen2.5-3b-r1-countdown,public_ckpt100,100,seed5,public_lineage_fork,105,cd/490208,1024,815,26,183,0.74749002,0.46444166,0.46727829,94-,0.71376147,2,5,0.849609
D,philschmid-qwen2.5-3b-r1-countdown,public_ckpt100,100,seed5,public_lineage_fork,105,cd/490207,1024,763,26,235,1.1889595,0.73874208,0.34879164,80-,0.54800784,3,5,0.786133
D,philschmid-qwen2.5-3b-r1-countdown,public_ckpt100,100,seed5,public_lineage_fork,105,cd/490206,1024,914,26,84,0.81463656,0.50616216,0.62956901,68-,0.75995636,2,5,0.512695
D,philschmid-qwen2.5-3b-r1-countdown,public_ckpt100,100,seed5,public_lineage_fork,105,cd/490205,1024,720,26,278,0.87962381,0.54654101,0.00692042,72+,0.48235294,2,5,0.735352
D,philschmid-qwen2.5-3b-r1-countdown,public_ckpt100,100,seed5,public_lineage_fork,105,cd/490204,1024,907,15,102,1.19599138,0.57515028,0.2766191,90-,0.55598244,2,8,0.130859
D,philschmid-qwen2.5-3b-r1-countdown,public_ckpt100,100,seed5,public_lineage_fork,105,cd/490203,1024,726,16,282,0.67504637,0.61445368,0.33402062,38+,0.66323024,2,3,0.691406
D,philschmid-qwen2.5-3b-r1-countdown,public_ckpt100,100,seed5,public_lineage_fork,105,cd/490202,1024,747,12,265,0.0434483,0.06268265,0.98529412,97-,0.99264706,1,2,0.003906
D,philschmid-qwen2.5-3b-r1-countdown,public_ckpt100,100,seed5,public_lineage_fork,105,cd/490201,1024,921,24,79,0.83924678,0.52145334,0.27937195,82-,0.61884136,2,5,0.871094
D,philschmid-qwen2.5-3b-r1-countdown,public_ckpt100,100,seed5,public_lineage_fork,105,cd/490199,1024,659,18,347,1.1441847,0.71092192,0.35676493,57-,0.57671958,3,5,0.914062
D,philschmid-qwen2.5-3b-r1-countdown,public_ckpt100,100,seed5,public_lineage_fork,110,cd/490363,1024,978,15,31,1.05502627,0.50736039,0.52240326,83-,0.68279022,2,8,0.46582
D,philschmid-qwen2.5-3b-r1-countdown,public_ckpt100,100,seed5,public_lineage_fork,110,cd/490361,1024,849,43,132,0.08264504,0.07522675,0.97589653,98-,0.98589065,1,3,0.571289
D,philschmid-qwen2.5-3b-r1-countdown,public_ckpt100,100,seed5,public_lineage_fork,110,cd/490360,1024,420,14,590,0.93952877,0.48282228,0.59268005,73-,0.72845336,2,7,0.186523
D,philschmid-qwen2.5-3b-r1-countdown,public_ckpt100,100,seed5,public_lineage_fork,110,cd/490357,1024,958,22,44,0.71104219,0.44179535,0.68922436,89-,0.80010411,2,5,0.851562
D,philschmid-qwen2.5-3b-r1-countdown,public_ckpt100,100,seed5,public_lineage_fork,110,cd/490356,1024,835,12,177,0.54269281,0.30288262,0.78639618,79-,0.86694511,1,6,0.001953
D,philschmid-qwen2.5-3b-r1-countdown,public_ckpt100,100,seed5,public_lineage_fork,110,cd/490354,1024,981,13,30,1.20830209,0.52475893,0.22008114,72-,0.52281947,3,10,0.474609
D,philschmid-qwen2.5-3b-r1-countdown,public_ckpt100,100,seed5,public_lineage_fork,110,cd/490353,1024,778,28,218,0.41963702,0.26073514,0.81742473,62-,0.89493914,1,5,0.789062
D,philschmid-qwen2.5-3b-r1-countdown,public_ckpt100,100,seed5,public_lineage_fork,110,cd/490352,1024,189,15,820,0.31290587,0.19441935,0.91383812,57-,0.93733681,1,5,0.0
D,philschmid-qwen2.5-3b-r1-countdown,public_ckpt100,100,seed5,public_lineage_fork,110,cd/490351,1024,613,12,399,0.80508957,0.4137342,0.49635036,77+,0.7161395,2,7,0.444336
D,philschmid-qwen2.5-3b-r1-countdown,public_ckpt100,100,seed5,public_lineage_fork,110,cd/490348,1024,970,12,42,0.38782793,0.24097104,0.88431877,52-,0.91465296,1,5,0.198242
D,philschmid-qwen2.5-3b-r1-countdown,public_ckpt100,100,seed5,public_lineage_fork,110,cd/490347,1024,953,19,52,0.98962307,0.4759081,0.49738767,59-,0.68599791,2,8,0.259766
D,philschmid-qwen2.5-3b-r1-countdown,public_ckpt100,100,seed5,public_lineage_fork,110,cd/490344,1024,884,39,101,0.45711229,0.41608154,0.67193676,88-,0.8351214,2,3,0.776367
D,philschmid-qwen2.5-3b-r1-countdown,public_ckpt100,100,seed5,public_lineage_fork,110,cd/490343,1024,934,13,77,0.80865347,0.41556568,0.71573333,94-,0.79413333,1,7,0.078125
D,philschmid-qwen2.5-3b-r1-countdown,public_ckpt100,100,seed5,public_lineage_fork,110,cd/490342,1024,785,9,230,1.5160166,0.77907842,0.06848446,55+,0.31515536,4,7,0.22168
D,philschmid-qwen2.5-3b-r1-countdown,public_ckpt100,100,seed5,public_lineage_fork,110,cd/490341,1024,952,16,56,1.18347274,0.53862165,0.06377418,62-,0.45007841,3,9,0.25
D,philschmid-qwen2.5-3b-r1-countdown,public_ckpt100,100,seed5,public_lineage_fork,110,cd/490340,1024,817,9,198,0.43241484,0.31192137,0.75457875,96-,0.87118437,2,4,0.099609
D,philschmid-qwen2.5-3b-r1-countdown,public_ckpt100,100,seed5,public_lineage_fork,110,cd/490339,1024,765,35,224,0.75608979,0.469785,0.66058632,45+,0.77198697,2,5,0.910156
D,philschmid-qwen2.5-3b-r1-countdown,public_ckpt100,100,seed5,public_lineage_fork,110,cd/490338,1024,954,24,46,0.68932569,0.33149559,0.69832985,92-,0.81889353,2,8,0.383789
D,philschmid-qwen2.5-3b-r1-countdown,public_ckpt100,100,seed5,public_lineage_fork,110,cd/490337,1024,970,15,39,0.75114231,0.46671096,0.63958869,79-,0.77686375,2,5,0.830078
D,philschmid-qwen2.5-3b-r1-countdown,public_ckpt100,100,seed5,public_lineage_fork,110,cd/490335,1024,893,17,114,1.15515547,0.59363248,0.33351924,65+,0.58951478,2,7,0.506836
D,philschmid-qwen2.5-3b-r1-countdown,public_ckpt100,100,seed5,public_lineage_fork,110,cd/490334,1024,796,24,204,0.61452389,0.38182516,0.63869756,46+,0.80338134,2,5,0.916016
D,philschmid-qwen2.5-3b-r1-countdown,public_ckpt100,100,seed5,public_lineage_fork,110,cd/490333,1024,181,21,822,0.79082389,0.71983892,0.36164384,55-,0.65479452,2,3,0.001953
D,philschmid-qwen2.5-3b-r1-countdown,public_ckpt100,100,seed5,public_lineage_fork,110,cd/490331,1024,970,13,41,1.32927766,0.63924743,0.1899384,63-,0.48408624,3,8,0.363281
D,philschmid-qwen2.5-3b-r1-countdown,public_ckpt100,100,seed5,public_lineage_fork,110,cd/490330,1024,62,4,958,0.94239591,0.85780573,0.23622047,90*,0.55905512,3,3,0.007812
D,philschmid-qwen2.5-3b-r1-countdown,public_ckpt100,100,seed5,public_lineage_fork,110,cd/490327,1024,944,20,60,1.12693439,0.54194089,0.28059072,95-,0.57120253,2,8,0.277344
D,philschmid-qwen2.5-3b-r1-countdown,public_ckpt100,100,seed5,public_lineage_fork,110,cd/490325,1024,856,12,156,0.44691566,0.22966922,0.84351367,90-,0.90110529,1,7,0.109375
D,philschmid-qwen2.5-3b-r1-countdown,public_ckpt100,100,seed5,public_lineage_fork,110,cd/490324,1024,880,28,116,0.58311106,0.36230727,0.75807365,99-,0.8470255,1,5,0.823242
D,philschmid-qwen2.5-3b-r1-countdown,public_ckpt100,100,seed5,public_lineage_fork,110,cd/490322,1024,899,46,79,0.85713885,0.53257031,0.18191902,55+,0.56960621,2,5,0.773438
D,philschmid-qwen2.5-3b-r1-countdown,public_ckpt100,100,seed5,public_lineage_fork,110,cd/490321,1024,729,2,293,0.59274439,0.5395392,0.57494867,64-,0.77823409,2,3,0.0
D,philschmid-qwen2.5-3b-r1-countdown,public_ckpt100,100,seed5,public_lineage_fork,110,cd/490320,1024,194,31,799,0.56092228,0.80923979,0.5025641,36*,0.75128205,2,2,0.060547
D,philschmid-qwen2.5-3b-r1-countdown,public_ckpt100,100,seed5,public_lineage_fork,110,cd/490317,1024,964,20,40,0.61090146,0.37957442,0.76668391,47-,0.83962752,1,5,0.722656
D,philschmid-qwen2.5-3b-r1-countdown,public_ckpt100,100,seed5,public_lineage_fork,110,cd/490316,1024,882,25,117,0.86542099,0.53771629,0.19785189,26-,0.57603166,2,5,0.743164
D,philschmid-qwen2.5-3b-r1-countdown,public_ckpt100,100,seed5,public_lineage_fork,110,cd/490315,1024,970,13,41,0.49836603,0.30965223,0.78868895,87-,0.87455013,1,5,0.860352
D,philschmid-qwen2.5-3b-r1-countdown,public_ckpt100,100,seed5,public_lineage_fork,110,cd/490313,1024,954,27,43,0.6672109,0.41456144,0.62519603,98-,0.7877679,2,5,0.845703
D,philschmid-qwen2.5-3b-r1-countdown,public_ckpt100,100,seed5,public_lineage_fork,110,cd/490312,1024,869,6,149,0.3462026,0.31512719,0.79035037,90-,0.89431361,2,3,0.824219
D,philschmid-qwen2.5-3b-r1-countdown,public_ckpt100,100,seed5,public_lineage_fork,110,cd/490309,1024,928,18,78,0.88545089,0.35633165,0.57601713,96-,0.73072805,2,12,0.008789
D,philschmid-qwen2.5-3b-r1-countdown,public_ckpt100,100,seed5,public_lineage_fork,110,cd/490308,1024,71,18,935,0.58408593,0.84265788,0.45833333,11*,0.72916667,2,2,0.274414
D,philschmid-qwen2.5-3b-r1-countdown,public_ckpt100,100,seed5,public_lineage_fork,110,cd/490307,1024,940,22,62,0.74688569,0.35917609,0.68220339,72-,0.79925847,2,8,0.433594
D,philschmid-qwen2.5-3b-r1-countdown,public_ckpt100,100,seed5,public_lineage_fork,110,cd/490306,1024,55,16,953,0.3937871,0.5681147,0.73214286,50-,0.86607143,2,2,0.0
D,philschmid-qwen2.5-3b-r1-countdown,public_ckpt100,100,seed5,public_lineage_fork,110,cd/490305,1024,59,22,943,0.51174007,0.73828487,0.58333333,15*,0.79166667,2,2,0.258789
D,philschmid-qwen2.5-3b-r1-countdown,public_ckpt100,100,seed5,public_lineage_fork,110,cd/490304,1024,182,49,793,0.40456708,0.36825282,0.84468665,76-,0.89645777,1,3,0.0
D,philschmid-qwen2.5-3b-r1-countdown,public_ckpt100,100,seed5,public_lineage_fork,110,cd/490303,1024,895,11,118,1.4868145,0.71500664,0.13681869,68+,0.39655172,4,8,0.338867
D,philschmid-qwen2.5-3b-r1-countdown,public_ckpt100,100,seed5,public_lineage_fork,110,cd/490297,1024,841,28,155,0.73426853,0.66836001,0.15905045,22+,0.57388724,2,3,0.887695
D,philschmid-qwen2.5-3b-r1-countdown,public_ckpt100,100,seed5,public_lineage_fork,110,cd/490296,1024,922,15,87,0.92411293,0.44440438,0.50863931,99-,0.70140389,2,8,0.47168
D,philschmid-qwen2.5-3b-r1-countdown,public_ckpt100,100,seed5,public_lineage_fork,110,cd/490292,1024,778,10,236,1.15755593,0.50272015,0.11749681,44+,0.48339719,3,10,0.06543
D,philschmid-qwen2.5-3b-r1-countdown,public_ckpt100,100,seed5,public_lineage_fork,110,cd/490290,1024,800,32,192,0.90624242,0.56308008,0.03613707,40-,0.49034268,2,5,0.727539
D,philschmid-qwen2.5-3b-r1-countdown,public_ckpt100,100,seed5,public_lineage_fork,110,cd/490288,1024,343,4,677,0.34696533,0.19364504,0.90751445,24*,0.93208092,1,6,0.005859
D,philschmid-qwen2.5-3b-r1-countdown,public_ckpt100,100,seed5,public_lineage_fork,110,cd/490287,1024,957,14,53,0.87627373,0.54445948,0.55237103,97-,0.71860344,2,5,0.557617
D,philschmid-qwen2.5-3b-r1-countdown,public_ckpt100,100,seed5,public_lineage_fork,110,cd/490283,1024,915,24,85,0.35089352,0.2180224,0.90354223,91-,0.92915531,1,5,0.631836
D,philschmid-qwen2.5-3b-r1-countdown,public_ckpt100,100,seed5,public_lineage_fork,110,cd/490282,1024,950,21,53,0.82894751,0.51505405,0.24671916,78-,0.60419948,2,5,0.888672
D,philschmid-qwen2.5-3b-r1-countdown,public_ckpt100,100,seed5,public_lineage_fork,110,cd/490281,1024,814,17,193,0.59715288,0.37103194,0.60502143,27-,0.79179424,2,5,0.880859
D,philschmid-qwen2.5-3b-r1-countdown,public_ckpt100,100,seed5,public_lineage_fork,110,cd/490280,1024,971,28,25,0.61619799,0.38286534,0.6779661,45-,0.8171546,2,5,0.775391
D,philschmid-qwen2.5-3b-r1-countdown,public_ckpt100,100,seed5,public_lineage_fork,110,cd/490279,1024,917,45,62,0.8050488,0.50020494,0.59923872,50-,0.73355084,3,5,0.717773
D,philschmid-qwen2.5-3b-r1-countdown,public_ckpt100,100,seed5,public_lineage_fork,110,cd/490276,1024,971,21,32,0.50211522,0.31198172,0.7211094,83-,0.85002568,2,5,0.876953
D,philschmid-qwen2.5-3b-r1-countdown,public_ckpt100,100,seed5,public_lineage_fork,110,cd/490275,1024,220,8,796,0.26553104,0.38308031,0.85067873,59-,0.92533937,1,2,0.005859
D,philschmid-qwen2.5-3b-r1-countdown,public_ckpt100,100,seed5,public_lineage_fork,110,cd/490274,1024,809,16,199,0.26901242,0.19405145,0.9161529,55-,0.94389642,1,4,0.0
D,philschmid-qwen2.5-3b-r1-countdown,public_ckpt100,100,seed5,public_lineage_fork,110,cd/490271,1024,942,20,62,0.66211478,0.41139504,0.65537321,95-,0.79671784,2,5,0.841797
D,philschmid-qwen2.5-3b-r1-countdown,public_ckpt100,100,seed5,public_lineage_fork,110,cd/490270,1024,738,16,270,0.57775909,0.83353017,0.47090663,88-,0.73545332,2,2,0.0
D,philschmid-qwen2.5-3b-r1-countdown,public_ckpt100,100,seed5,public_lineage_fork,110,cd/490268,1024,738,14,272,0.68856153,0.62675571,0.52332657,11+,0.74036511,2,3,0.677734
D,philschmid-qwen2.5-3b-r1-countdown,public_ckpt100,100,seed5,public_lineage_fork,110,cd/490267,1024,939,32,53,0.54677675,0.3397315,0.685077,75-,0.82899628,2,5,0.880859
D,philschmid-qwen2.5-3b-r1-countdown,public_ckpt100,100,seed5,public_lineage_fork,110,cd/490266,1024,904,29,91,0.67931157,0.42208001,0.67622725,92-,0.79591837,2,5,0.0
D,philschmid-qwen2.5-3b-r1-countdown,public_ckpt100,100,seed5,public_lineage_fork,110,cd/490264,1024,69,23,932,0.60361949,0.54943814,0.70921986,34-,0.81560284,2,3,0.001953
D,philschmid-qwen2.5-3b-r1-countdown,public_ckpt100,100,seed5,public_lineage_fork,110,cd/490263,1024,954,15,55,1.16256075,0.55907354,0.63465553,32-,0.70093946,1,8,0.364258
D,philschmid-qwen2.5-3b-r1-countdown,public_ckpt100,100,seed5,public_lineage_fork,110,cd/490262,1024,430,21,573,0.72789109,0.66255503,0.36384705,32*,0.66859791,2,3,0.032227
D,philschmid-qwen2.5-3b-r1-countdown,public_ckpt100,100,seed5,public_lineage_fork,110,cd/490261,1024,964,16,44,0.58780939,0.36522651,0.79875841,60-,0.8561821,1,5,0.882812
D,philschmid-qwen2.5-3b-r1-countdown,public_ckpt100,100,seed5,public_lineage_fork,110,cd/490260,1024,725,32,267,0.66598379,0.60620457,0.52030282,67-,0.74397798,2,3,0.675781
D,philschmid-qwen2.5-3b-r1-countdown,public_ckpt100,100,seed5,public_lineage_fork,110,cd/490259,1024,800,26,198,0.26462888,0.24087558,0.87835309,74-,0.93512165,1,3,0.529297
D,philschmid-qwen2.5-3b-r1-countdown,public_ckpt100,100,seed5,public_lineage_fork,110,cd/490258,1024,966,15,43,0.79622445,0.38290302,0.71030928,84-,0.80051546,1,8,0.588867
D,philschmid-qwen2.5-3b-r1-countdown,public_ckpt100,100,seed5,public_lineage_fork,110,cd/490256,1024,968,20,36,0.75282444,0.46775613,0.71509531,79-,0.79701185,1,5,0.841797
D,philschmid-qwen2.5-3b-r1-countdown,public_ckpt100,100,seed5,public_lineage_fork,110,cd/490254,1024,73,12,939,0.78606858,0.71551045,0.4966443,90*,0.70469799,2,3,0.055664
D,philschmid-qwen2.5-3b-r1-countdown,public_ckpt100,100,seed5,public_lineage_fork,110,cd/490249,1024,922,13,89,0.77323591,0.39736465,0.67314965,96-,0.78390059,2,7,0.688477
D,philschmid-qwen2.5-3b-r1-countdown,public_ckpt100,100,seed5,public_lineage_fork,110,cd/490248,1024,722,18,284,0.59944237,0.86481254,0.42600277,54-,0.71300138,2,2,0.004883
D,philschmid-qwen2.5-3b-r1-countdown,public_ckpt100,100,seed5,public_lineage_fork,110,cd/490246,1024,956,17,51,0.6930195,0.43059723,0.71465832,52-,0.80594679,1,5,0.824219
D,philschmid-qwen2.5-3b-r1-countdown,public_ckpt100,100,seed5,public_lineage_fork,110,cd/490245,1024,958,12,54,0.90178406,0.43366646,0.65384615,93-,0.752079,1,8,0.501953
D,philschmid-qwen2.5-3b-r1-countdown,public_ckpt100,100,seed5,public_lineage_fork,110,cd/490243,1024,932,14,78,0.69927717,0.43448533,0.70733012,72-,0.80310326,1,5,0.361328
D,philschmid-qwen2.5-3b-r1-countdown,public_ckpt100,100,seed5,public_lineage_fork,110,cd/490241,1024,957,23,44,0.53312696,0.3312504,0.73996873,98-,0.85200625,2,5,0.833984
D,philschmid-qwen2.5-3b-r1-countdown,public_ckpt100,100,seed5,public_lineage_fork,110,cd/490240,1024,926,11,87,0.36103615,0.22432437,0.85945073,85-,0.91707054,1,5,0.34668
D,philschmid-qwen2.5-3b-r1-countdown,public_ckpt100,100,seed5,public_lineage_fork,110,cd/490239,1024,295,20,709,0.19015309,0.1730848,0.92748735,27-,0.95952782,1,3,0.0
D,philschmid-qwen2.5-3b-r1-countdown,public_ckpt100,100,seed5,public_lineage_fork,110,cd/490237,1024,795,18,211,0.02824902,0.04075472,0.99120603,96-,0.99560302,1,2,0.007812
D,philschmid-qwen2.5-3b-r1-countdown,public_ckpt100,100,seed5,public_lineage_fork,110,cd/490236,1024,948,23,53,0.89911381,0.43238234,0.47689076,97-,0.69590336,2,8,0.642578
D,philschmid-qwen2.5-3b-r1-countdown,public_ckpt100,100,seed5,public_lineage_fork,110,cd/490235,1024,957,18,49,0.71356227,0.36669847,0.74544508,90-,0.8209266,1,7,0.299805
D,philschmid-qwen2.5-3b-r1-countdown,public_ckpt100,100,seed5,public_lineage_fork,110,cd/490234,1024,934,22,68,0.65725792,0.4083773,0.61825948,83-,0.78857448,2,5,0.876953
D,philschmid-qwen2.5-3b-r1-countdown,public_ckpt100,100,seed5,public_lineage_fork,110,cd/490233,1024,910,33,81,0.5212324,0.3238599,0.8,92-,0.8739726,1,5,0.716797
D,philschmid-qwen2.5-3b-r1-countdown,public_ckpt100,100,seed5,public_lineage_fork,110,cd/490232,1024,767,30,227,0.01955062,0.01779574,0.99544567,88-,0.99739753,1,3,0.0
D,philschmid-qwen2.5-3b-r1-countdown,public_ckpt100,100,seed5,public_lineage_fork,110,cd/490231,1024,971,18,35,0.6843319,0.32909408,0.68307692,66-,0.81282051,2,8,0.475586
D,philschmid-qwen2.5-3b-r1-countdown,public_ckpt100,100,seed5,public_lineage_fork,110,cd/490229,1024,910,11,103,1.12831039,0.5426026,0.37636761,87-,0.58588621,3,8,0.425781
D,philschmid-qwen2.5-3b-r1-countdown,public_ckpt100,100,seed5,public_lineage_fork,110,cd/490228,1024,925,32,67,0.68118626,0.42324482,0.43126685,56+,0.70781671,2,5,0.855469
D,philschmid-qwen2.5-3b-r1-countdown,public_ckpt100,100,seed5,public_lineage_fork,110,cd/490227,1024,965,30,29,1.17606379,0.73072952,0.14366925,43+,0.42739018,3,5,0.772461
D,philschmid-qwen2.5-3b-r1-countdown,public_ckpt100,100,seed5,public_lineage_fork,110,cd/490225,1024,955,26,43,0.55933086,0.3475318,0.72689295,91-,0.83916449,2,5,0.855469
D,philschmid-qwen2.5-3b-r1-countdown,public_ckpt100,100,seed5,public_lineage_fork,110,cd/490221,1024,913,21,90,0.56110239,0.34863252,0.7689787,79-,0.8514473,1,5,0.899414
D,philschmid-qwen2.5-3b-r1-countdown,public_ckpt100,100,seed5,public_lineage_fork,110,cd/490219,1024,826,18,180,0.97060451,0.60307049,0.11225106,94-,0.51840676,2,5,0.683594
D,philschmid-qwen2.5-3b-r1-countdown,public_ckpt100,100,seed5,public_lineage_fork,110,cd/490217,1024,889,16,119,0.54256973,0.49386825,0.59180236,74-,0.79225154,2,3,0.001953
D,philschmid-qwen2.5-3b-r1-countdown,public_ckpt100,100,seed5,public_lineage_fork,110,cd/490215,1024,950,16,58,0.64917443,0.40335475,0.74015748,61-,0.82152231,1,5,0.848633
D,philschmid-qwen2.5-3b-r1-countdown,public_ckpt100,100,seed5,public_lineage_fork,110,cd/490214,1024,881,32,111,0.07547472,0.06870005,0.98016997,73-,0.98753541,1,3,0.90918
D,philschmid-qwen2.5-3b-r1-countdown,public_ckpt100,100,seed5,public_lineage_fork,110,cd/490213,1024,965,14,45,1.43936278,0.73968615,0.09499226,34-,0.40836345,3,7,0.336914
D,philschmid-qwen2.5-3b-r1-countdown,public_ckpt100,100,seed5,public_lineage_fork,110,cd/490212,1024,964,31,29,1.11422399,0.69230629,0.15726849,49+,0.48887739,3,5,0.881836
D,philschmid-qwen2.5-3b-r1-countdown,public_ckpt100,100,seed5,public_lineage_fork,110,cd/490211,1024,941,37,46,0.59155734,0.36755524,0.70376259,79-,0.82935877,2,5,0.899414
D,philschmid-qwen2.5-3b-r1-countdown,public_ckpt100,100,seed5,public_lineage_fork,110,cd/490208,1024,875,22,127,0.68737481,0.42708998,0.4980057,94-,0.73561254,2,5,0.916016
D,philschmid-qwen2.5-3b-r1-countdown,public_ckpt100,100,seed5,public_lineage_fork,110,cd/490207,1024,805,42,177,1.11802674,0.69466907,0.30959752,80-,0.54551084,3,5,0.831055
D,philschmid-qwen2.5-3b-r1-countdown,public_ckpt100,100,seed5,public_lineage_fork,110,cd/490206,1024,957,20,47,0.71968722,0.44716681,0.68577384,68-,0.79676915,2,5,0.646484
D,philschmid-qwen2.5-3b-r1-countdown,public_ckpt100,100,seed5,public_lineage_fork,110,cd/490205,1024,831,19,174,0.87288292,0.54235265,0.12357528,72+,0.53929214,2,5,0.805664
D,philschmid-qwen2.5-3b-r1-countdown,public_ckpt100,100,seed5,public_lineage_fork,110,cd/490204,1024,946,13,65,1.045076,0.50257532,0.38105263,90-,0.62578947,2,8,0.179688
D,philschmid-qwen2.5-3b-r1-countdown,public_ckpt100,100,seed5,public_lineage_fork,110,cd/490203,1024,790,23,211,0.69499366,0.63261049,0.14529375,38+,0.57169931,2,3,0.803711
D,philschmid-qwen2.5-3b-r1-countdown,public_ckpt100,100,seed5,public_lineage_fork,110,cd/490202,1024,795,6,223,0.01370576,0.01977324,0.99623116,97-,0.99811558,1,2,0.001953
D,philschmid-qwen2.5-3b-r1-countdown,public_ckpt100,100,seed5,public_lineage_fork,110,cd/490201,1024,953,32,39,0.83992457,0.52187448,0.14233386,82-,0.55416013,2,5,0.891602
D,philschmid-qwen2.5-3b-r1-countdown,public_ckpt100,100,seed5,public_lineage_fork,110,cd/490199,1024,722,21,281,1.1278217,0.70075502,0.16149068,57-,0.48654244,3,5,0.941406
D,philschmid-qwen2.5-3b-r1-countdown,public_ckpt100,100,seed5,public_lineage_fork,115,cd/490363,1024,1005,7,12,0.88226312,0.42427888,0.58572844,83-,0.73488603,2,8,0.427734
D,philschmid-qwen2.5-3b-r1-countdown,public_ckpt100,100,seed5,public_lineage_fork,115,cd/490361,1024,860,35,129,0.04544929,0.04136973,0.98781196,98-,0.9930354,1,3,0.491211
D,philschmid-qwen2.5-3b-r1-countdown,public_ckpt100,100,seed5,public_lineage_fork,115,cd/490360,1024,370,10,644,0.6980611,0.35873244,0.7523427,73-,0.8313253,1,7,0.234375
D,philschmid-qwen2.5-3b-r1-countdown,public_ckpt100,100,seed5,public_lineage_fork,115,cd/490357,1024,975,11,38,0.49718656,0.30891938,0.80511509,89-,0.87723785,1,5,0.904297
D,philschmid-qwen2.5-3b-r1-countdown,public_ckpt100,100,seed5,public_lineage_fork,115,cd/490356,1024,856,8,160,0.3758527,0.20976739,0.85331781,79-,0.91327125,1,6,0.00293
D,philschmid-qwen2.5-3b-r1-countdown,public_ckpt100,100,seed5,public_lineage_fork,115,cd/490354,1024,996,14,14,1.06059825,0.46061197,0.36663337,72-,0.61188811,3,10,0.535156
D,philschmid-qwen2.5-3b-r1-countdown,public_ckpt100,100,seed5,public_lineage_fork,115,cd/490353,1024,805,33,186,0.28620143,0.17782695,0.90773994,62-,0.94055728,1,5,0.895508
D,philschmid-qwen2.5-3b-r1-countdown,public_ckpt100,100,seed5,public_lineage_fork,115,cd/490352,1024,240,17,767,0.2355681,0.14636669,0.93195876,57-,0.95463918,1,5,0.0
D,philschmid-qwen2.5-3b-r1-countdown,public_ckpt100,100,seed5,public_lineage_fork,115,cd/490351,1024,668,20,336,0.6298073,0.32365693,0.69694713,77+,0.82278481,2,7,0.485352
D,philschmid-qwen2.5-3b-r1-countdown,public_ckpt100,100,seed5,public_lineage_fork,115,cd/490348,1024,979,15,30,0.364078,0.22621438,0.89149261,52-,0.9225675,1,5,0.287109
D,philschmid-qwen2.5-3b-r1-countdown,public_ckpt100,100,seed5,public_lineage_fork,115,cd/490347,1024,982,14,28,1.02077753,0.49089023,0.46044625,59-,0.65973631,2,8,0.194336
D,philschmid-qwen2.5-3b-r1-countdown,public_ckpt100,100,seed5,public_lineage_fork,115,cd/490344,1024,927,28,69,0.34734764,0.31616945,0.78298331,88-,0.8912224,2,3,0.719727
D,philschmid-qwen2.5-3b-r1-countdown,public_ckpt100,100,seed5,public_lineage_fork,115,cd/490343,1024,935,9,80,0.60591054,0.31137642,0.78955781,94-,0.85402238,1,7,0.067383
D,philschmid-qwen2.5-3b-r1-countdown,public_ckpt100,100,seed5,public_lineage_fork,115,cd/490342,1024,790,14,220,1.4587005,0.74962377,0.00756144,68+,0.30308759,4,7,0.274414
D,philschmid-qwen2.5-3b-r1-countdown,public_ckpt100,100,seed5,public_lineage_fork,115,cd/490341,1024,976,19,29,1.11201053,0.5060978,0.13258542,44-,0.49107598,3,9,0.367188
D,philschmid-qwen2.5-3b-r1-countdown,public_ckpt100,100,seed5,public_lineage_fork,115,cd/490340,1024,860,9,155,0.22885747,0.16508577,0.89675174,96-,0.94605568,1,4,0.075195
D,philschmid-qwen2.5-3b-r1-countdown,public_ckpt100,100,seed5,public_lineage_fork,115,cd/490339,1024,769,26,229,0.61860785,0.38436267,0.72456254,45+,0.82760855,2,5,0.879883
D,philschmid-qwen2.5-3b-r1-countdown,public_ckpt100,100,seed5,public_lineage_fork,115,cd/490338,1024,976,14,34,0.57977341,0.27881207,0.75306122,92-,0.85459184,2,8,0.438477
D,philschmid-qwen2.5-3b-r1-countdown,public_ckpt100,100,seed5,public_lineage_fork,115,cd/490337,1024,988,16,20,0.58124841,0.36114994,0.681474,79-,0.82433115,2,5,0.884766
D,philschmid-qwen2.5-3b-r1-countdown,public_ckpt100,100,seed5,public_lineage_fork,115,cd/490335,1024,918,17,89,1.04639947,0.53774295,0.42864894,65+,0.6527401,2,7,0.567383
D,philschmid-qwen2.5-3b-r1-countdown,public_ckpt100,100,seed5,public_lineage_fork,115,cd/490334,1024,787,34,203,0.48884405,0.30373588,0.6789107,46+,0.83533882,2,5,0.911133
D,philschmid-qwen2.5-3b-r1-countdown,public_ckpt100,100,seed5,public_lineage_fork,115,cd/490333,1024,129,17,878,0.85282976,0.7762791,0.08429119,82+,0.51724138,2,3,0.0
D,philschmid-qwen2.5-3b-r1-countdown,public_ckpt100,100,seed5,public_lineage_fork,115,cd/490331,1024,990,15,19,1.31044359,0.63019016,0.25050302,63-,0.51559356,3,8,0.316406
D,philschmid-qwen2.5-3b-r1-countdown,public_ckpt100,100,seed5,public_lineage_fork,115,cd/490330,1024,48,0,976,0.89938126,0.8186521,0.02020202,85-,0.47474747,2,3,0.005859
D,philschmid-qwen2.5-3b-r1-countdown,public_ckpt100,100,seed5,public_lineage_fork,115,cd/490327,1024,971,16,37,0.9761389,0.46942359,0.35589744,95-,0.62923077,2,8,0.320312
D,philschmid-qwen2.5-3b-r1-countdown,public_ckpt100,100,seed5,public_lineage_fork,115,cd/490325,1024,910,9,105,0.28578986,0.14686693,0.92063492,90-,0.94636015,1,7,0.112305
D,philschmid-qwen2.5-3b-r1-countdown,public_ckpt100,100,seed5,public_lineage_fork,115,cd/490324,1024,914,36,74,0.50006279,0.31070648,0.75613748,99-,0.86252046,2,5,0.90625
D,philschmid-qwen2.5-3b-r1-countdown,public_ckpt100,100,seed5,public_lineage_fork,115,cd/490322,1024,949,44,31,0.68809185,0.42753551,0.43930636,55+,0.70993169,2,5,0.875977
D,philschmid-qwen2.5-3b-r1-countdown,public_ckpt100,100,seed5,public_lineage_fork,115,cd/490321,1024,814,3,207,0.56720473,0.516292,0.53341508,64-,0.76456162,2,3,0.0
D,philschmid-qwen2.5-3b-r1-countdown,public_ckpt100,100,seed5,public_lineage_fork,115,cd/490320,1024,157,25,842,0.45225493,0.65246594,0.66455696,36*,0.83227848,2,2,0.072266
D,philschmid-qwen2.5-3b-r1-countdown,public_ckpt100,100,seed5,public_lineage_fork,115,cd/490317,1024,978,17,29,0.40741478,0.25314103,0.85466599,47-,0.90515043,1,5,0.81543
D,philschmid-qwen2.5-3b-r1-countdown,public_ckpt100,100,seed5,public_lineage_fork,115,cd/490316,1024,923,11,90,0.78438918,0.4873684,0.27444625,26-,0.62290654,2,5,0.791016
D,philschmid-qwen2.5-3b-r1-countdown,public_ckpt100,100,seed5,public_lineage_fork,115,cd/490315,1024,987,22,15,0.37130866,0.23070704,0.83476503,87-,0.90803436,1,5,0.875977
D,philschmid-qwen2.5-3b-r1-countdown,public_ckpt100,100,seed5,public_lineage_fork,115,cd/490313,1024,985,20,19,0.59093555,0.3671689,0.64101266,98-,0.80759494,2,5,0.90332
D,philschmid-qwen2.5-3b-r1-countdown,public_ckpt100,100,seed5,public_lineage_fork,115,cd/490312,1024,916,4,104,0.38581538,0.35118429,0.76185286,90-,0.87901907,2,3,0.818359
D,philschmid-qwen2.5-3b-r1-countdown,public_ckpt100,100,seed5,public_lineage_fork,115,cd/490309,1024,916,25,83,0.91465031,0.36808236,0.55422993,96-,0.70986985,3,12,0.006836
D,philschmid-qwen2.5-3b-r1-countdown,public_ckpt100,100,seed5,public_lineage_fork,115,cd/490308,1024,34,9,981,0.383662,0.55350727,0.74285714,11*,0.87142857,2,2,0.458984
D,philschmid-qwen2.5-3b-r1-countdown,public_ckpt100,100,seed5,public_lineage_fork,115,cd/490307,1024,972,18,34,0.57259919,0.275362,0.74077869,72-,0.84989754,2,8,0.489258
D,philschmid-qwen2.5-3b-r1-countdown,public_ckpt100,100,seed5,public_lineage_fork,115,cd/490306,1024,21,10,993,0.35405114,0.51078782,0.77272727,50-,0.88636364,2,2,0.0
D,philschmid-qwen2.5-3b-r1-countdown,public_ckpt100,100,seed5,public_lineage_fork,115,cd/490305,1024,39,24,961,0.57565563,0.83049552,0.475,15*,0.7375,2,2,0.349609
D,philschmid-qwen2.5-3b-r1-countdown,public_ckpt100,100,seed5,public_lineage_fork,115,cd/490304,1024,114,41,869,0.42850149,0.39003887,0.82251082,76-,0.88744589,1,3,0.0
D,philschmid-qwen2.5-3b-r1-countdown,public_ckpt100,100,seed5,public_lineage_fork,115,cd/490303,1024,940,10,74,1.3769742,0.66218462,0.16207627,68+,0.43802966,4,8,0.345703
D,philschmid-qwen2.5-3b-r1-countdown,public_ckpt100,100,seed5,public_lineage_fork,115,cd/490297,1024,881,40,103,0.75539306,0.6875884,0.11104816,22+,0.54787535,2,3,0.929688
D,philschmid-qwen2.5-3b-r1-countdown,public_ckpt100,100,seed5,public_lineage_fork,115,cd/490296,1024,963,16,45,0.79483686,0.38223573,0.6008273,99-,0.75956567,2,8,0.489258
D,philschmid-qwen2.5-3b-r1-countdown,public_ckpt100,100,seed5,public_lineage_fork,115,cd/490292,1024,805,25,194,1.02938084,0.44705442,0.12345679,44+,0.51049383,2,10,0.052734
D,philschmid-qwen2.5-3b-r1-countdown,public_ckpt100,100,seed5,public_lineage_fork,115,cd/490290,1024,873,25,126,0.8533689,0.53022791,0.01484866,40-,0.4882924,2,5,0.71582
D,philschmid-qwen2.5-3b-r1-countdown,public_ckpt100,100,seed5,public_lineage_fork,115,cd/490288,1024,301,4,719,0.31832407,0.17766004,0.91776316,24*,0.93914474,1,6,0.000977
D,philschmid-qwen2.5-3b-r1-countdown,public_ckpt100,100,seed5,public_lineage_fork,115,cd/490287,1024,980,8,36,0.8835113,0.54895643,0.52620865,97-,0.70687023,2,5,0.661133
D,philschmid-qwen2.5-3b-r1-countdown,public_ckpt100,100,seed5,public_lineage_fork,115,cd/490283,1024,951,15,58,0.17918054,0.11133113,0.95332984,91-,0.96853697,1,5,0.616211
D,philschmid-qwen2.5-3b-r1-countdown,public_ckpt100,100,seed5,public_lineage_fork,115,cd/490282,1024,961,29,34,0.76203917,0.47348156,0.00934094,78+,0.49870265,2,5,0.928711
D,philschmid-qwen2.5-3b-r1-countdown,public_ckpt100,100,seed5,public_lineage_fork,115,cd/490281,1024,880,7,137,0.45169421,0.28065339,0.70141643,27-,0.84815864,2,5,0.908203
D,philschmid-qwen2.5-3b-r1-countdown,public_ckpt100,100,seed5,public_lineage_fork,115,cd/490280,1024,990,21,13,0.51916341,0.32257436,0.7768262,45-,0.86700252,1,5,0.814453
D,philschmid-qwen2.5-3b-r1-countdown,public_ckpt100,100,seed5,public_lineage_fork,115,cd/490279,1024,938,33,53,0.74852947,0.46508751,0.65284423,50-,0.76501861,3,5,0.77832
D,philschmid-qwen2.5-3b-r1-countdown,public_ckpt100,100,seed5,public_lineage_fork,115,cd/490276,1024,994,18,12,0.35297276,0.21931431,0.7997993,83-,0.89764175,1,5,0.911133
D,philschmid-qwen2.5-3b-r1-countdown,public_ckpt100,100,seed5,public_lineage_fork,115,cd/490275,1024,205,5,814,0.15635477,0.22557225,0.92718447,59-,0.96359223,1,2,0.005859
D,philschmid-qwen2.5-3b-r1-countdown,public_ckpt100,100,seed5,public_lineage_fork,115,cd/490274,1024,842,14,168,0.12720202,0.09175686,0.96800948,55-,0.97808057,1,4,0.0
D,philschmid-qwen2.5-3b-r1-countdown,public_ckpt100,100,seed5,public_lineage_fork,115,cd/490271,1024,970,22,32,0.45465706,0.28249431,0.76606684,95-,0.8714653,2,5,0.919922
D,philschmid-qwen2.5-3b-r1-countdown,public_ckpt100,100,seed5,public_lineage_fork,115,cd/490270,1024,831,17,176,0.52608527,0.75898061,0.56129808,88-,0.78064904,2,2,0.0
D,philschmid-qwen2.5-3b-r1-countdown,public_ckpt100,100,seed5,public_lineage_fork,115,cd/490268,1024,777,12,235,0.51492218,0.46870237,0.65895954,11+,0.82273603,2,3,0.777344
D,philschmid-qwen2.5-3b-r1-countdown,public_ckpt100,100,seed5,public_lineage_fork,115,cd/490267,1024,969,27,28,0.4576112,0.28432983,0.73700463,75-,0.86103963,2,5,0.938477
D,philschmid-qwen2.5-3b-r1-countdown,public_ckpt100,100,seed5,public_lineage_fork,115,cd/490266,1024,914,25,85,0.60754827,0.37749096,0.73104201,92-,0.82214948,1,5,0.0
D,philschmid-qwen2.5-3b-r1-countdown,public_ckpt100,100,seed5,public_lineage_fork,115,cd/490264,1024,47,15,962,0.68882468,0.62699524,0.63917526,34-,0.77319588,2,3,0.003906
D,philschmid-qwen2.5-3b-r1-countdown,public_ckpt100,100,seed5,public_lineage_fork,115,cd/490263,1024,986,17,21,0.95955488,0.46144836,0.71616162,32-,0.76919192,1,8,0.337891
D,philschmid-qwen2.5-3b-r1-countdown,public_ckpt100,100,seed5,public_lineage_fork,115,cd/490262,1024,331,25,668,0.72168863,0.6569093,0.21052632,32*,0.6,2,3,0.06543
D,philschmid-qwen2.5-3b-r1-countdown,public_ckpt100,100,seed5,public_lineage_fork,115,cd/490261,1024,979,20,25,0.44268101,0.27505317,0.84666327,60-,0.89709628,1,5,0.898438
D,philschmid-qwen2.5-3b-r1-countdown,public_ckpt100,100,seed5,public_lineage_fork,115,cd/490260,1024,800,18,206,0.65185418,0.59334324,0.50779788,67-,0.74173425,2,3,0.600586
D,philschmid-qwen2.5-3b-r1-countdown,public_ckpt100,100,seed5,public_lineage_fork,115,cd/490259,1024,842,20,162,0.17217622,0.15672155,0.9365738,74-,0.96443391,1,3,0.452148
D,philschmid-qwen2.5-3b-r1-countdown,public_ckpt100,100,seed5,public_lineage_fork,115,cd/490258,1024,986,13,25,0.58882363,0.28316431,0.72727273,84-,0.84191919,2,8,0.65625
D,philschmid-qwen2.5-3b-r1-countdown,public_ckpt100,100,seed5,public_lineage_fork,115,cd/490256,1024,972,27,25,0.6769327,0.42060194,0.75012827,79-,0.82247306,1,5,0.924805
D,philschmid-qwen2.5-3b-r1-countdown,public_ckpt100,100,seed5,public_lineage_fork,115,cd/490254,1024,44,19,961,0.58646248,0.53382116,0.63736264,90*,0.8021978,2,3,0.078125
D,philschmid-qwen2.5-3b-r1-countdown,public_ckpt100,100,seed5,public_lineage_fork,115,cd/490249,1024,964,10,50,0.58760481,0.30196914,0.73178295,96-,0.84186047,2,7,0.760742
D,philschmid-qwen2.5-3b-r1-countdown,public_ckpt100,100,seed5,public_lineage_fork,115,cd/490248,1024,771,12,241,0.53123447,0.76640934,0.55310881,54-,0.7765544,2,2,0.000977
D,philschmid-qwen2.5-3b-r1-countdown,public_ckpt100,100,seed5,public_lineage_fork,115,cd/490246,1024,974,12,38,0.58470462,0.36329741,0.76395289,52-,0.84331797,1,5,0.874023
D,philschmid-qwen2.5-3b-r1-countdown,public_ckpt100,100,seed5,public_lineage_fork,115,cd/490245,1024,988,10,26,0.87470395,0.42064368,0.64717742,93-,0.75957661,2,8,0.522461
D,philschmid-qwen2.5-3b-r1-countdown,public_ckpt100,100,seed5,public_lineage_fork,115,cd/490243,1024,961,11,52,0.69216996,0.43006938,0.654904,72-,0.78930981,2,5,0.44043
D,philschmid-qwen2.5-3b-r1-countdown,public_ckpt100,100,seed5,public_lineage_fork,115,cd/490241,1024,978,22,24,0.51218534,0.31823864,0.74553799,98-,0.85721571,2,5,0.893555
D,philschmid-qwen2.5-3b-r1-countdown,public_ckpt100,100,seed5,public_lineage_fork,115,cd/490240,1024,947,15,62,0.25021942,0.15547007,0.92469721,85-,0.95155345,1,5,0.4375
D,philschmid-qwen2.5-3b-r1-countdown,public_ckpt100,100,seed5,public_lineage_fork,115,cd/490239,1024,301,20,703,0.09566083,0.08707424,0.97520661,27-,0.98347107,1,3,0.0
D,philschmid-qwen2.5-3b-r1-countdown,public_ckpt100,100,seed5,public_lineage_fork,115,cd/490237,1024,876,12,136,0.01260579,0.01818631,0.99657925,96-,0.99828962,1,2,0.004883
D,philschmid-qwen2.5-3b-r1-countdown,public_ckpt100,100,seed5,public_lineage_fork,115,cd/490236,1024,977,20,27,0.84698547,0.40731391,0.53720693,97-,0.72528033,2,8,0.603516
D,philschmid-qwen2.5-3b-r1-countdown,public_ckpt100,100,seed5,public_lineage_fork,115,cd/490235,1024,982,15,27,0.61489113,0.31599153,0.77422628,90-,0.84576357,1,7,0.34375
D,philschmid-qwen2.5-3b-r1-countdown,public_ckpt100,100,seed5,public_lineage_fork,115,cd/490234,1024,979,17,28,0.54095968,0.33611714,0.67040245,83-,0.82577687,2,5,0.916992
D,philschmid-qwen2.5-3b-r1-countdown,public_ckpt100,100,seed5,public_lineage_fork,115,cd/490233,1024,933,42,49,0.48001742,0.29825159,0.77284874,92-,0.87172635,1,5,0.806641
D,philschmid-qwen2.5-3b-r1-countdown,public_ckpt100,100,seed5,public_lineage_fork,115,cd/490232,1024,840,24,160,0.02612455,0.02377959,0.99465241,88-,0.99643494,1,3,0.0
D,philschmid-qwen2.5-3b-r1-countdown,public_ckpt100,100,seed5,public_lineage_fork,115,cd/490231,1024,967,10,47,0.62435223,0.30024995,0.67353244,66-,0.81719876,2,8,0.530273
D,philschmid-qwen2.5-3b-r1-countdown,public_ckpt100,100,seed5,public_lineage_fork,115,cd/490229,1024,956,9,59,0.96900846,0.46599457,0.48020833,87-,0.6515625,3,8,0.479492
D,philschmid-qwen2.5-3b-r1-countdown,public_ckpt100,100,seed5,public_lineage_fork,115,cd/490228,1024,946,34,44,0.58986172,0.3665017,0.55034265,56+,0.77016342,2,5,0.893555
D,philschmid-qwen2.5-3b-r1-countdown,public_ckpt100,100,seed5,public_lineage_fork,115,cd/490227,1024,970,39,15,1.07037613,0.66506208,0.2848329,43+,0.53419023,3,5,0.829102
D,philschmid-qwen2.5-3b-r1-countdown,public_ckpt100,100,seed5,public_lineage_fork,115,cd/490225,1024,960,34,30,0.40219701,0.24989905,0.82181818,91-,0.89714286,1,5,0.917969
D,philschmid-qwen2.5-3b-r1-countdown,public_ckpt100,100,seed5,public_lineage_fork,115,cd/490221,1024,947,20,57,0.58792978,0.36530131,0.72564508,79-,0.83043707,2,5,0.922852
D,philschmid-qwen2.5-3b-r1-countdown,public_ckpt100,100,seed5,public_lineage_fork,115,cd/490219,1024,861,26,137,0.86114356,0.53505858,0.03242617,94-,0.49739433,2,5,0.780273
D,philschmid-qwen2.5-3b-r1-countdown,public_ckpt100,100,seed5,public_lineage_fork,115,cd/490217,1024,933,7,84,0.54044229,0.49193178,0.58640984,74-,0.79026217,2,3,0.000977
D,philschmid-qwen2.5-3b-r1-countdown,public_ckpt100,100,seed5,public_lineage_fork,115,cd/490215,1024,977,21,26,0.53775775,0.33412768,0.78101072,61-,0.85706993,1,5,0.853516
D,philschmid-qwen2.5-3b-r1-countdown,public_ckpt100,100,seed5,public_lineage_fork,115,cd/490214,1024,935,24,65,0.03696308,0.03364524,0.99199146,73-,0.99466097,1,3,0.854492
D,philschmid-qwen2.5-3b-r1-countdown,public_ckpt100,100,seed5,public_lineage_fork,115,cd/490213,1024,973,12,39,1.30873652,0.67255753,0.30209933,34-,0.50947261,3,7,0.40625
D,philschmid-qwen2.5-3b-r1-countdown,public_ckpt100,100,seed5,public_lineage_fork,115,cd/490212,1024,973,37,14,0.9674923,0.60113677,0.27473091,49+,0.58175295,2,5,0.891602
D,philschmid-qwen2.5-3b-r1-countdown,public_ckpt100,100,seed5,public_lineage_fork,115,cd/490211,1024,973,27,24,0.47486279,0.29504884,0.77396207,79-,0.8728857,1,5,0.941406
D,philschmid-qwen2.5-3b-r1-countdown,public_ckpt100,100,seed5,public_lineage_fork,115,cd/490208,1024,924,12,88,0.61458726,0.38186453,0.57744199,94-,0.77873718,2,5,0.949219
D,philschmid-qwen2.5-3b-r1-countdown,public_ckpt100,100,seed5,public_lineage_fork,115,cd/490207,1024,835,47,142,1.05640599,0.65638195,0.24358209,80-,0.54268657,3,5,0.916016
D,philschmid-qwen2.5-3b-r1-countdown,public_ckpt100,100,seed5,public_lineage_fork,115,cd/490206,1024,988,12,24,0.67117601,0.4170251,0.69257951,68-,0.80817769,2,5,0.75
D,philschmid-qwen2.5-3b-r1-countdown,public_ckpt100,100,seed5,public_lineage_fork,115,cd/490205,1024,885,19,120,0.75519942,0.46923178,0.20169014,72+,0.59323944,2,5,0.875
D,philschmid-qwen2.5-3b-r1-countdown,public_ckpt100,100,seed5,public_lineage_fork,115,cd/490204,1024,973,17,34,1.01554363,0.48837325,0.41351075,90-,0.64534289,2,8,0.199219
D,philschmid-qwen2.5-3b-r1-countdown,public_ckpt100,100,seed5,public_lineage_fork,115,cd/490203,1024,851,31,142,0.70005253,0.63721528,0.1829912,38+,0.58944282,2,3,0.87793
D,philschmid-qwen2.5-3b-r1-countdown,public_ckpt100,100,seed5,public_lineage_fork,115,cd/490202,1024,877,11,136,0.01259338,0.01816841,0.99658314,97-,0.99829157,1,2,0.001953
D,philschmid-qwen2.5-3b-r1-countdown,public_ckpt100,100,seed5,public_lineage_fork,115,cd/490201,1024,978,21,25,0.769034,0.47782769,0.0917899,82-,0.53799082,2,5,0.944336
D,philschmid-qwen2.5-3b-r1-countdown,public_ckpt100,100,seed5,public_lineage_fork,115,cd/490199,1024,794,31,199,1.02291071,0.63557016,0.01883239,57-,0.45511613,2,5,0.964844
D,philschmid-qwen2.5-3b-r1-countdown,public_ckpt100,100,seed5,public_lineage_fork,120,cd/490363,1024,1009,8,7,0.91177355,0.43847039,0.50345508,83-,0.6964462,2,8,0.430664
D,philschmid-qwen2.5-3b-r1-countdown,public_ckpt100,100,seed5,public_lineage_fork,120,cd/490361,1024,829,13,182,0.02642295,0.02405121,0.99458158,98-,0.99638772,1,3,0.401367
D,philschmid-qwen2.5-3b-r1-countdown,public_ckpt100,100,seed5,public_lineage_fork,120,cd/490360,1024,332,11,681,0.49716995,0.25549481,0.83457526,73-,0.88971684,1,7,0.245117
D,philschmid-qwen2.5-3b-r1-countdown,public_ckpt100,100,seed5,public_lineage_fork,120,cd/490357,1024,997,14,13,0.4368242,0.27141413,0.8084042,89-,0.88994497,1,5,0.950195
D,philschmid-qwen2.5-3b-r1-countdown,public_ckpt100,100,seed5,public_lineage_fork,120,cd/490356,1024,868,7,149,0.23907534,0.13343049,0.91159587,79-,0.95005741,1,6,0.0
D,philschmid-qwen2.5-3b-r1-countdown,public_ckpt100,100,seed5,public_lineage_fork,120,cd/490354,1024,998,14,12,1.03406122,0.44908708,0.35692921,72-,0.60468594,3,10,0.490234
D,philschmid-qwen2.5-3b-r1-countdown,public_ckpt100,100,seed5,public_lineage_fork,120,cd/490353,1024,845,29,150,0.15071851,0.09364668,0.95811209,62-,0.97286136,1,5,0.922852
D,philschmid-qwen2.5-3b-r1-countdown,public_ckpt100,100,seed5,public_lineage_fork,120,cd/490352,1024,351,9,664,0.14493784,0.09005494,0.96181047,57-,0.97454031,1,5,0.0
D,philschmid-qwen2.5-3b-r1-countdown,public_ckpt100,100,seed5,public_lineage_fork,120,cd/490351,1024,673,20,331,0.41825012,0.21493804,0.80266075,77+,0.89209165,1,7,0.482422
D,philschmid-qwen2.5-3b-r1-countdown,public_ckpt100,100,seed5,public_lineage_fork,120,cd/490348,1024,997,4,23,0.36919337,0.22939274,0.86943472,52-,0.91695848,1,5,0.385742
D,philschmid-qwen2.5-3b-r1-countdown,public_ckpt100,100,seed5,public_lineage_fork,120,cd/490347,1024,999,9,16,1.22309144,0.58818265,0.39282154,59-,0.58175474,3,8,0.194336
D,philschmid-qwen2.5-3b-r1-countdown,public_ckpt100,100,seed5,public_lineage_fork,120,cd/490344,1024,927,24,73,0.32641214,0.29711313,0.80236941,88-,0.90091546,1,3,0.704102
D,philschmid-qwen2.5-3b-r1-countdown,public_ckpt100,100,seed5,public_lineage_fork,120,cd/490343,1024,959,7,58,0.49102986,0.25233943,0.82285714,94-,0.88571429,1,7,0.095703
D,philschmid-qwen2.5-3b-r1-countdown,public_ckpt100,100,seed5,public_lineage_fork,120,cd/490342,1024,786,14,224,1.35891466,0.69834399,0.09119696,68+,0.36542115,4,7,0.335938
D,philschmid-qwen2.5-3b-r1-countdown,public_ckpt100,100,seed5,public_lineage_fork,120,cd/490341,1024,992,16,16,1.04345251,0.4748957,0.2288008,44-,0.53938786,3,9,0.462891
D,philschmid-qwen2.5-3b-r1-countdown,public_ckpt100,100,seed5,public_lineage_fork,120,cd/490340,1024,871,5,148,0.27506895,0.1984203,0.87743414,96-,0.93413517,1,4,0.052734
D,philschmid-qwen2.5-3b-r1-countdown,public_ckpt100,100,seed5,public_lineage_fork,120,cd/490339,1024,791,24,209,0.51734879,0.32144687,0.76496534,45+,0.86137366,1,5,0.897461
D,philschmid-qwen2.5-3b-r1-countdown,public_ckpt100,100,seed5,public_lineage_fork,120,cd/490338,1024,982,7,35,0.42710431,0.20539376,0.79817444,92-,0.88894523,1,8,0.486328
D,philschmid-qwen2.5-3b-r1-countdown,public_ckpt100,100,seed5,public_lineage_fork,120,cd/490337,1024,992,12,20,0.5022891,0.31208977,0.70789341,79-,0.84514832,2,5,0.889648
D,philschmid-qwen2.5-3b-r1-countdown,public_ckpt100,100,seed5,public_lineage_fork,120,cd/490335,1024,939,21,64,0.81696603,0.41983749,0.52095491,65+,0.72838196,2,7,0.577148
D,philschmid-qwen2.5-3b-r1-countdown,public_ckpt100,100,seed5,public_lineage_fork,120,cd/490334,1024,771,25,228,0.45738599,0.28418989,0.70717518,46+,0.85003232,2,5,0.922852
D,philschmid-qwen2.5-3b-r1-countdown,public_ckpt100,100,seed5,public_lineage_fork,120,cd/490333,1024,120,11,893,0.79804066,0.72640791,0.23045267,82+,0.59670782,2,3,0.001953
D,philschmid-qwen2.5-3b-r1-countdown,public_ckpt100,100,seed5,public_lineage_fork,120,cd/490331,1024,995,15,14,1.24088477,0.59673943,0.32432432,63-,0.55805806,3,8,0.267578
D,philschmid-qwen2.5-3b-r1-countdown,public_ckpt100,100,seed5,public_lineage_fork,120,cd/490330,1024,52,3,969,0.84291366,0.76725308,0.11214953,90*,0.53271028,2,3,0.005859
D,philschmid-qwen2.5-3b-r1-countdown,public_ckpt100,100,seed5,public_lineage_fork,120,cd/490327,1024,993,9,22,0.87866491,0.4225485,0.3671013,95-,0.64944835,2,8,0.325195
D,philschmid-qwen2.5-3b-r1-countdown,public_ckpt100,100,seed5,public_lineage_fork,120,cd/490325,1024,928,5,91,0.19402885,0.09971111,0.94149222,90-,0.96457327,1,7,0.112305
D,philschmid-qwen2.5-3b-r1-countdown,public_ckpt100,100,seed5,public_lineage_fork,120,cd/490324,1024,917,15,92,0.44971542,0.2794239,0.75802066,99-,0.87058184,2,5,0.94043
D,philschmid-qwen2.5-3b-r1-countdown,public_ckpt100,100,seed5,public_lineage_fork,120,cd/490322,1024,973,32,19,0.61246891,0.38054833,0.53100974,55+,0.7590979,2,5,0.917969
D,philschmid-qwen2.5-3b-r1-countdown,public_ckpt100,100,seed5,public_lineage_fork,120,cd/490321,1024,849,6,169,0.65333286,0.5946892,0.39153439,64-,0.69194591,2,3,0.0
D,philschmid-qwen2.5-3b-r1-countdown,public_ckpt100,100,seed5,public_lineage_fork,120,cd/490320,1024,93,13,918,0.41147548,0.59363364,0.71276596,36*,0.85638298,2,2,0.089844
D,philschmid-qwen2.5-3b-r1-countdown,public_ckpt100,100,seed5,public_lineage_fork,120,cd/490317,1024,1000,10,14,0.44386076,0.2757862,0.83291771,47-,0.89027431,1,5,0.861328
D,philschmid-qwen2.5-3b-r1-countdown,public_ckpt100,100,seed5,public_lineage_fork,120,cd/490316,1024,960,13,51,0.77680211,0.48265429,0.21818182,26-,0.59792208,2,5,0.84082
D,philschmid-qwen2.5-3b-r1-countdown,public_ckpt100,100,seed5,public_lineage_fork,120,cd/490315,1024,1003,13,8,0.31607546,0.19638873,0.86126305,87-,0.92342118,1,5,0.871094
D,philschmid-qwen2.5-3b-r1-countdown,public_ckpt100,100,seed5,public_lineage_fork,120,cd/490313,1024,999,12,13,0.50675288,0.31486327,0.68397404,98-,0.83524713,2,5,0.918945
D,philschmid-qwen2.5-3b-r1-countdown,public_ckpt100,100,seed5,public_lineage_fork,120,cd/490312,1024,906,5,113,0.53908384,0.49069526,0.6137741,90-,0.80165289,2,3,0.768555
D,philschmid-qwen2.5-3b-r1-countdown,public_ckpt100,100,seed5,public_lineage_fork,120,cd/490309,1024,916,11,97,0.95986383,0.38627762,0.47939262,96-,0.6697397,3,12,0.008789
D,philschmid-qwen2.5-3b-r1-countdown,public_ckpt100,100,seed5,public_lineage_fork,120,cd/490308,1024,8,9,1007,0.21455916,0.30954343,0.88888889,11*,0.94444444,1,2,0.564453
D,philschmid-qwen2.5-3b-r1-countdown,public_ckpt100,100,seed5,public_lineage_fork,120,cd/490307,1024,973,22,29,0.47285832,0.22739678,0.78710338,72-,0.87973388,1,8,0.490234
D,philschmid-qwen2.5-3b-r1-countdown,public_ckpt100,100,seed5,public_lineage_fork,120,cd/490306,1024,13,12,999,0.34049978,0.49123734,0.78571429,50-,0.89285714,2,2,0.0
D,philschmid-qwen2.5-3b-r1-countdown,public_ckpt100,100,seed5,public_lineage_fork,120,cd/490305,1024,15,14,995,0.67546458,0.9744894,0.1875,15*,0.59375,2,2,0.479492
D,philschmid-qwen2.5-3b-r1-countdown,public_ckpt100,100,seed5,public_lineage_fork,120,cd/490304,1024,80,24,920,0.48014733,0.43704893,0.77300613,76-,0.86503067,1,3,0.0
D,philschmid-qwen2.5-3b-r1-countdown,public_ckpt100,100,seed5,public_lineage_fork,120,cd/490303,1024,959,6,59,1.27279384,0.61208445,0.07580478,68+,0.43354102,3,8,0.389648
D,philschmid-qwen2.5-3b-r1-countdown,public_ckpt100,100,seed5,public_lineage_fork,120,cd/490297,1024,922,22,80,0.72525705,0.66015742,0.0205739,30+,0.50730915,2,3,0.962891
D,philschmid-qwen2.5-3b-r1-countdown,public_ckpt100,100,seed5,public_lineage_fork,120,cd/490296,1024,987,8,29,0.75197669,0.36162434,0.629667,99-,0.77144299,2,8,0.518555
D,philschmid-qwen2.5-3b-r1-countdown,public_ckpt100,100,seed5,public_lineage_fork,120,cd/490292,1024,865,10,149,1.00212449,0.43521714,0.06321839,44+,0.48563218,2,10,0.043945
D,philschmid-qwen2.5-3b-r1-countdown,public_ckpt100,100,seed5,public_lineage_fork,120,cd/490290,1024,901,22,101,0.80169278,0.49811973,0.0320974,40-,0.50415053,2,5,0.739258
D,philschmid-qwen2.5-3b-r1-countdown,public_ckpt100,100,seed5,public_lineage_fork,120,cd/490288,1024,278,4,742,0.15426991,0.08609967,0.95729537,24*,0.97330961,1,6,0.00293
D,philschmid-qwen2.5-3b-r1-countdown,public_ckpt100,100,seed5,public_lineage_fork,120,cd/490287,1024,995,8,21,0.79895679,0.49641976,0.55137845,97-,0.73032581,2,5,0.706055
D,philschmid-qwen2.5-3b-r1-countdown,public_ckpt100,100,seed5,public_lineage_fork,120,cd/490283,1024,961,9,54,0.10143137,0.06302285,0.97976129,91-,0.98443176,1,5,0.666016
D,philschmid-qwen2.5-3b-r1-countdown,public_ckpt100,100,seed5,public_lineage_fork,120,cd/490282,1024,986,20,18,0.72319263,0.44934485,0.11330298,78+,0.5538695,2,5,0.933594
D,philschmid-qwen2.5-3b-r1-countdown,public_ckpt100,100,seed5,public_lineage_fork,120,cd/490281,1024,859,8,157,0.42095471,0.26155387,0.73012188,27-,0.8630296,2,5,0.921875
D,philschmid-qwen2.5-3b-r1-countdown,public_ckpt100,100,seed5,public_lineage_fork,120,cd/490280,1024,1001,13,10,0.52893492,0.32864575,0.75037369,45-,0.85650224,2,5,0.821289
D,philschmid-qwen2.5-3b-r1-countdown,public_ckpt100,100,seed5,public_lineage_fork,120,cd/490279,1024,974,25,25,0.6680695,0.41509492,0.67793139,50-,0.79928315,2,5,0.845703
D,philschmid-qwen2.5-3b-r1-countdown,public_ckpt100,100,seed5,public_lineage_fork,120,cd/490276,1024,997,18,9,0.34022511,0.21139374,0.8154077,83-,0.90495248,1,5,0.921875
D,philschmid-qwen2.5-3b-r1-countdown,public_ckpt100,100,seed5,public_lineage_fork,120,cd/490275,1024,221,11,792,0.06171999,0.08904312,0.97747748,59-,0.98873874,1,2,0.006836
D,philschmid-qwen2.5-3b-r1-countdown,public_ckpt100,100,seed5,public_lineage_fork,120,cd/490274,1024,865,6,153,0.09565767,0.06900243,0.97577855,55-,0.98442907,1,4,0.0
D,philschmid-qwen2.5-3b-r1-countdown,public_ckpt100,100,seed5,public_lineage_fork,120,cd/490271,1024,988,8,28,0.4041495,0.25111221,0.80161535,95-,0.89197375,1,5,0.950195
D,philschmid-qwen2.5-3b-r1-countdown,public_ckpt100,100,seed5,public_lineage_fork,120,cd/490270,1024,844,16,164,0.51403506,0.74159583,0.57988166,88-,0.78994083,2,2,0.0
D,philschmid-qwen2.5-3b-r1-countdown,public_ckpt100,100,seed5,public_lineage_fork,120,cd/490268,1024,821,12,191,0.42230869,0.38440194,0.73677812,11+,0.86504559,2,3,0.862305
D,philschmid-qwen2.5-3b-r1-countdown,public_ckpt100,100,seed5,public_lineage_fork,120,cd/490267,1024,999,13,12,0.45368537,0.28189057,0.73489765,75-,0.86120819,2,5,0.958984
D,philschmid-qwen2.5-3b-r1-countdown,public_ckpt100,100,seed5,public_lineage_fork,120,cd/490266,1024,929,12,83,0.5530829,0.34364972,0.75791734,92-,0.84326355,1,5,0.0
D,philschmid-qwen2.5-3b-r1-countdown,public_ckpt100,100,seed5,public_lineage_fork,120,cd/490264,1024,33,25,966,0.58015748,0.52808209,0.72463768,34-,0.82608696,2,3,0.000977
D,philschmid-qwen2.5-3b-r1-countdown,public_ckpt100,100,seed5,public_lineage_fork,120,cd/490263,1024,996,13,15,0.82789943,0.39813547,0.754,32-,0.8055,1,8,0.359375
D,philschmid-qwen2.5-3b-r1-countdown,public_ckpt100,100,seed5,public_lineage_fork,120,cd/490262,1024,283,19,722,0.73350785,0.66766762,0.08787346,32*,0.53954306,2,3,0.064453
D,philschmid-qwen2.5-3b-r1-countdown,public_ckpt100,100,seed5,public_lineage_fork,120,cd/490261,1024,1006,5,13,0.38224674,0.23750325,0.83787804,60-,0.90580069,1,5,0.896484
D,philschmid-qwen2.5-3b-r1-countdown,public_ckpt100,100,seed5,public_lineage_fork,120,cd/490260,1024,866,12,146,0.70715488,0.64368012,0.36772334,67-,0.67377522,2,3,0.583008
D,philschmid-qwen2.5-3b-r1-countdown,public_ckpt100,100,seed5,public_lineage_fork,120,cd/490259,1024,850,13,161,0.16655633,0.15160611,0.93012331,74-,0.96359366,1,3,0.421875
D,philschmid-qwen2.5-3b-r1-countdown,public_ckpt100,100,seed5,public_lineage_fork,120,cd/490258,1024,996,4,24,0.5136144,0.24699632,0.758,84-,0.8645,2,8,0.666016
D,philschmid-qwen2.5-3b-r1-countdown,public_ckpt100,100,seed5,public_lineage_fork,120,cd/490256,1024,994,12,18,0.57772429,0.35896028,0.76969393,79-,0.84746613,1,5,0.925781
D,philschmid-qwen2.5-3b-r1-countdown,public_ckpt100,100,seed5,public_lineage_fork,120,cd/490254,1024,24,5,995,0.61308539,0.55805437,0.54901961,90*,0.76470588,2,3,0.074219
D,philschmid-qwen2.5-3b-r1-countdown,public_ckpt100,100,seed5,public_lineage_fork,120,cd/490249,1024,982,10,32,0.53476047,0.27481252,0.77929985,96-,0.86402841,1,7,0.818359
D,philschmid-qwen2.5-3b-r1-countdown,public_ckpt100,100,seed5,public_lineage_fork,120,cd/490248,1024,794,3,227,0.44648943,0.64414809,0.67169811,54-,0.83584906,2,2,0.000977
D,philschmid-qwen2.5-3b-r1-countdown,public_ckpt100,100,seed5,public_lineage_fork,120,cd/490246,1024,981,12,31,0.49900238,0.31004761,0.80020336,52-,0.87188612,1,5,0.921875
D,philschmid-qwen2.5-3b-r1-countdown,public_ckpt100,100,seed5,public_lineage_fork,120,cd/490245,1024,1001,10,13,0.78236843,0.37623968,0.69154229,93-,0.79054726,1,8,0.522461
D,philschmid-qwen2.5-3b-r1-countdown,public_ckpt100,100,seed5,public_lineage_fork,120,cd/490243,1024,987,3,34,0.81665555,0.50741662,0.53259222,72-,0.71298636,2,5,0.542969
D,philschmid-qwen2.5-3b-r1-countdown,public_ckpt100,100,seed5,public_lineage_fork,120,cd/490241,1024,993,13,18,0.42075244,0.26142819,0.78653943,98-,0.88448016,1,5,0.927734
D,philschmid-qwen2.5-3b-r1-countdown,public_ckpt100,100,seed5,public_lineage_fork,120,cd/490240,1024,978,6,40,0.12234961,0.07602009,0.96991331,85-,0.97960224,1,5,0.504883
D,philschmid-qwen2.5-3b-r1-countdown,public_ckpt100,100,seed5,public_lineage_fork,120,cd/490239,1024,279,16,729,0.14332441,0.1304595,0.9483066,27-,0.9714795,1,3,0.0
D,philschmid-qwen2.5-3b-r1-countdown,public_ckpt100,100,seed5,public_lineage_fork,120,cd/490237,1024,896,9,119,0.00473351,0.00682902,0.99888517,96-,0.99944259,1,2,0.000977
D,philschmid-qwen2.5-3b-r1-countdown,public_ckpt100,100,seed5,public_lineage_fork,120,cd/490236,1024,996,10,18,0.85408707,0.41072906,0.575,97-,0.7375,2,8,0.576172
D,philschmid-qwen2.5-3b-r1-countdown,public_ckpt100,100,seed5,public_lineage_fork,120,cd/490235,1024,992,11,21,0.56107283,0.2883344,0.77749874,90-,0.85836263,1,7,0.40918
D,philschmid-qwen2.5-3b-r1-countdown,public_ckpt100,100,seed5,public_lineage_fork,120,cd/490234,1024,994,11,19,0.47126686,0.29281456,0.70747617,83-,0.84846964,2,5,0.951172
D,philschmid-qwen2.5-3b-r1-countdown,public_ckpt100,100,seed5,public_lineage_fork,120,cd/490233,1024,981,25,18,0.47716363,0.29647844,0.75343162,92-,0.86578546,2,5,0.902344
D,philschmid-qwen2.5-3b-r1-countdown,public_ckpt100,100,seed5,public_lineage_fork,120,cd/490232,1024,883,17,124,0.01730487,0.01575157,0.99604296,88-,0.99773884,1,3,0.0
D,philschmid-qwen2.5-3b-r1-countdown,public_ckpt100,100,seed5,public_lineage_fork,120,cd/490231,1024,994,8,22,0.55436672,0.26659404,0.66032064,66-,0.82114228,2,8,0.585938
D,philschmid-qwen2.5-3b-r1-countdown,public_ckpt100,100,seed5,public_lineage_fork,120,cd/490229,1024,960,12,52,0.89622676,0.43099397,0.48651452,87-,0.66545643,3,8,0.538086
D,philschmid-qwen2.5-3b-r1-countdown,public_ckpt100,100,seed5,public_lineage_fork,120,cd/490228,1024,958,32,34,0.57640151,0.3581384,0.55596044,56+,0.774076,2,5,0.917969
D,philschmid-qwen2.5-3b-r1-countdown,public_ckpt100,100,seed5,public_lineage_fork,120,cd/490227,1024,982,32,10,1.03357638,0.64219711,0.30777044,43+,0.56323007,3,5,0.851562
D,philschmid-qwen2.5-3b-r1-countdown,public_ckpt100,100,seed5,public_lineage_fork,120,cd/490225,1024,979,23,22,0.33502436,0.20816234,0.83953133,91-,0.91339786,1,5,0.948242
D,philschmid-qwen2.5-3b-r1-countdown,public_ckpt100,100,seed5,public_lineage_fork,120,cd/490221,1024,970,22,32,0.62837403,0.39043073,0.69305913,79-,0.81491003,2,5,0.953125
D,philschmid-qwen2.5-3b-r1-countdown,public_ckpt100,100,seed5,public_lineage_fork,120,cd/490219,1024,906,27,91,0.79089015,0.49140768,0.01761145,94-,0.49917446,2,5,0.860352
D,philschmid-qwen2.5-3b-r1-countdown,public_ckpt100,100,seed5,public_lineage_fork,120,cd/490217,1024,965,8,51,0.51220547,0.46622951,0.6125194,74-,0.80444904,2,3,0.001953
D,philschmid-qwen2.5-3b-r1-countdown,public_ckpt100,100,seed5,public_lineage_fork,120,cd/490215,1024,1001,9,14,0.48983329,0.30435053,0.79820628,61-,0.87144993,1,5,0.834961
D,philschmid-qwen2.5-3b-r1-countdown,public_ckpt100,100,seed5,public_lineage_fork,120,cd/490214,1024,954,14,56,0.03590288,0.03268021,0.99110413,73-,0.99476714,1,3,0.832031
D,philschmid-qwen2.5-3b-r1-countdown,public_ckpt100,100,seed5,public_lineage_fork,120,cd/490213,1024,994,5,25,1.1448554,0.58833929,0.32982456,34-,0.56691729,3,7,0.510742
D,philschmid-qwen2.5-3b-r1-countdown,public_ckpt100,100,seed5,public_lineage_fork,120,cd/490212,1024,985,29,10,0.93313425,0.57978891,0.32708861,49+,0.61012658,2,5,0.900391
D,philschmid-qwen2.5-3b-r1-countdown,public_ckpt100,100,seed5,public_lineage_fork,120,cd/490211,1024,984,23,17,0.39921149,0.24804404,0.79675621,79-,0.89153573,1,5,0.956055
D,philschmid-qwen2.5-3b-r1-countdown,public_ckpt100,100,seed5,public_lineage_fork,120,cd/490208,1024,946,13,65,0.60791904,0.37772134,0.49235635,94-,0.74275171,2,5,0.960938
D,philschmid-qwen2.5-3b-r1-countdown,public_ckpt100,100,seed5,public_lineage_fork,120,cd/490207,1024,884,34,106,0.99022811,0.61526332,0.22673435,80-,0.55217146,3,5,0.947266
D,philschmid-qwen2.5-3b-r1-countdown,public_ckpt100,100,seed5,public_lineage_fork,120,cd/490206,1024,999,7,18,0.72168484,0.44840801,0.59910135,68-,0.76635047,2,5,0.825195
D,philschmid-qwen2.5-3b-r1-countdown,public_ckpt100,100,seed5,public_lineage_fork,120,cd/490205,1024,937,15,72,0.72044286,0.44763632,0.12666312,72+,0.56040447,2,5,0.889648
D,philschmid-qwen2.5-3b-r1-countdown,public_ckpt100,100,seed5,public_lineage_fork,120,cd/490204,1024,991,5,28,0.84943154,0.40849022,0.50653266,90-,0.70904523,2,8,0.206055
D,philschmid-qwen2.5-3b-r1-countdown,public_ckpt100,100,seed5,public_lineage_fork,120,cd/490203,1024,872,19,133,0.68436588,0.62293667,0.20034345,38+,0.59931311,2,3,0.916992
D,philschmid-qwen2.5-3b-r1-countdown,public_ckpt100,100,seed5,public_lineage_fork,120,cd/490202,1024,898,5,121,0.00472422,0.00681561,0.99888765,97-,0.99944383,1,2,0.001953
D,philschmid-qwen2.5-3b-r1-countdown,public_ckpt100,100,seed5,public_lineage_fork,120,cd/490201,1024,994,14,16,0.75396785,0.46846656,0.10436528,82-,0.54641244,2,5,0.961914
D,philschmid-qwen2.5-3b-r1-countdown,public_ckpt100,100,seed5,public_lineage_fork,120,cd/490199,1024,837,17,170,0.94292723,0.58587363,0.08814771,57+,0.50684932,2,5,0.96582
D,philschmid-qwen2.5-3b-r1-countdown,public_ckpt100,100,seed5,public_lineage_fork,125,cd/490363,1024,1016,4,4,0.91263077,0.43888263,0.48333333,83-,0.69166667,2,8,0.488281
D,philschmid-qwen2.5-3b-r1-countdown,public_ckpt100,100,seed5,public_lineage_fork,125,cd/490361,1024,871,2,151,0.03879609,0.03531373,0.99025788,98-,0.99426934,1,3,0.432617
D,philschmid-qwen2.5-3b-r1-countdown,public_ckpt100,100,seed5,public_lineage_fork,125,cd/490360,1024,337,5,682,0.32320935,0.16609675,0.89574156,73-,0.93245228,1,7,0.307617
D,philschmid-qwen2.5-3b-r1-countdown,public_ckpt100,100,seed5,public_lineage_fork,125,cd/490357,1024,1013,7,4,0.37920807,0.23561522,0.83308715,89-,0.90645002,1,5,0.958008
D,philschmid-qwen2.5-3b-r1-countdown,public_ckpt100,100,seed5,public_lineage_fork,125,cd/490356,1024,902,2,120,0.13896341,0.07755695,0.96353591,79-,0.97624309,1,6,0.0
D,philschmid-qwen2.5-3b-r1-countdown,public_ckpt100,100,seed5,public_lineage_fork,125,cd/490354,1024,1009,11,4,1.01385632,0.4403122,0.34319527,72-,0.61193294,2,10,0.574219
D,philschmid-qwen2.5-3b-r1-countdown,public_ckpt100,100,seed5,public_lineage_fork,125,cd/490353,1024,818,17,189,0.11856597,0.07366918,0.97135893,62-,0.9804997,1,5,0.955078
D,philschmid-qwen2.5-3b-r1-countdown,public_ckpt100,100,seed5,public_lineage_fork,125,cd/490352,1024,381,4,639,0.13850565,0.0860584,0.96479791,57-,0.97653194,1,5,0.0
D,philschmid-qwen2.5-3b-r1-countdown,public_ckpt100,100,seed5,public_lineage_fork,125,cd/490351,1024,692,7,325,0.44589418,0.22914428,0.77066858,77+,0.87634795,2,7,0.503906
D,philschmid-qwen2.5-3b-r1-countdown,public_ckpt100,100,seed5,public_lineage_fork,125,cd/490348,1024,1006,3,15,0.36088793,0.22423228,0.85473475,52-,0.91472484,1,5,0.545898
D,philschmid-qwen2.5-3b-r1-countdown,public_ckpt100,100,seed5,public_lineage_fork,125,cd/490347,1024,1002,7,15,1.33693052,0.64292768,0.2833002,59-,0.49254473,3,8,0.204102
D,philschmid-qwen2.5-3b-r1-countdown,public_ckpt100,100,seed5,public_lineage_fork,125,cd/490344,1024,965,8,51,0.29605353,0.26947953,0.82876358,88-,0.91412312,1,3,0.689453
D,philschmid-qwen2.5-3b-r1-countdown,public_ckpt100,100,seed5,public_lineage_fork,125,cd/490343,1024,990,5,29,0.42636576,0.21910865,0.82737796,94-,0.8983392,1,7,0.12793
D,philschmid-qwen2.5-3b-r1-countdown,public_ckpt100,100,seed5,public_lineage_fork,125,cd/490342,1024,811,6,207,1.34424802,0.69080683,0.15101289,68+,0.39963168,4,7,0.389648
D,philschmid-qwen2.5-3b-r1-countdown,public_ckpt100,100,seed5,public_lineage_fork,125,cd/490341,1024,1012,2,10,0.98948136,0.45033237,0.3364486,44-,0.6025578,3,9,0.573242
D,philschmid-qwen2.5-3b-r1-countdown,public_ckpt100,100,seed5,public_lineage_fork,125,cd/490340,1024,940,3,81,0.19896093,0.14351997,0.92038217,96-,0.95700637,1,4,0.024414
D,philschmid-qwen2.5-3b-r1-countdown,public_ckpt100,100,seed5,public_lineage_fork,125,cd/490339,1024,800,5,219,0.43439336,0.26990377,0.78753894,45+,0.88286604,1,5,0.898438
D,philschmid-qwen2.5-3b-r1-countdown,public_ckpt100,100,seed5,public_lineage_fork,125,cd/490338,1024,1008,5,11,0.29325654,0.14102659,0.86462451,92-,0.92835968,1,8,0.607422
D,philschmid-qwen2.5-3b-r1-countdown,public_ckpt100,100,seed5,public_lineage_fork,125,cd/490337,1024,1018,4,2,0.43569938,0.27071525,0.73101421,79-,0.86183244,2,5,0.919922
D,philschmid-qwen2.5-3b-r1-countdown,public_ckpt100,100,seed5,public_lineage_fork,125,cd/490335,1024,971,13,40,0.72138086,0.37071643,0.50384813,65+,0.73524885,2,7,0.641602
D,philschmid-qwen2.5-3b-r1-countdown,public_ckpt100,100,seed5,public_lineage_fork,125,cd/490334,1024,797,10,217,0.44181494,0.27451506,0.71794872,46+,0.8561601,2,5,0.931641
D,philschmid-qwen2.5-3b-r1-countdown,public_ckpt100,100,seed5,public_lineage_fork,125,cd/490333,1024,86,9,929,0.69225974,0.63012197,0.25142857,82+,0.62285714,2,3,0.001953
D,philschmid-qwen2.5-3b-r1-countdown,public_ckpt100,100,seed5,public_lineage_fork,125,cd/490331,1024,1010,6,8,1.28657607,0.6187123,0.31163708,63-,0.53106509,3,8,0.266602
D,philschmid-qwen2.5-3b-r1-countdown,public_ckpt100,100,seed5,public_lineage_fork,125,cd/490330,1024,32,2,990,0.821907,0.74813199,0.20895522,90*,0.58208955,2,3,0.013672
D,philschmid-qwen2.5-3b-r1-countdown,public_ckpt100,100,seed5,public_lineage_fork,125,cd/490327,1024,1009,5,10,0.88286261,0.42456717,0.34748272,95-,0.64116486,2,8,0.368164
D,philschmid-qwen2.5-3b-r1-countdown,public_ckpt100,100,seed5,public_lineage_fork,125,cd/490325,1024,959,3,62,0.16213772,0.0833223,0.95168831,90-,0.97090909,1,7,0.15332
D,philschmid-qwen2.5-3b-r1-countdown,public_ckpt100,100,seed5,public_lineage_fork,125,cd/490324,1024,972,7,45,0.33761986,0.20977502,0.82503848,99-,0.90867111,1,5,0.97168
D,philschmid-qwen2.5-3b-r1-countdown,public_ckpt100,100,seed5,public_lineage_fork,125,cd/490322,1024,995,15,14,0.5772329,0.35865497,0.52531328,55+,0.760401,2,5,0.958008
D,philschmid-qwen2.5-3b-r1-countdown,public_ckpt100,100,seed5,public_lineage_fork,125,cd/490321,1024,925,3,96,0.61561924,0.56036078,0.43820831,64-,0.71721533,2,3,0.0
D,philschmid-qwen2.5-3b-r1-countdown,public_ckpt100,100,seed5,public_lineage_fork,125,cd/490320,1024,68,9,947,0.27806087,0.40115704,0.84057971,36*,0.92028986,1,2,0.130859
D,philschmid-qwen2.5-3b-r1-countdown,public_ckpt100,100,seed5,public_lineage_fork,125,cd/490317,1024,1018,3,3,0.39471614,0.24525093,0.85154336,47-,0.90298873,1,5,0.881836
D,philschmid-qwen2.5-3b-r1-countdown,public_ckpt100,100,seed5,public_lineage_fork,125,cd/490316,1024,977,4,43,0.76539586,0.47556719,0.21235324,26-,0.59673303,2,5,0.882812
D,philschmid-qwen2.5-3b-r1-countdown,public_ckpt100,100,seed5,public_lineage_fork,125,cd/490315,1024,1017,1,6,0.23018673,0.14302306,0.90534576,87-,0.94899461,1,5,0.897461
D,philschmid-qwen2.5-3b-r1-countdown,public_ckpt100,100,seed5,public_lineage_fork,125,cd/490313,1024,1014,5,5,0.42020782,0.2610898,0.74963109,98-,0.87112641,2,5,0.901367
D,philschmid-qwen2.5-3b-r1-countdown,public_ckpt100,100,seed5,public_lineage_fork,125,cd/490312,1024,929,2,93,0.66937105,0.60928779,0.40515852,90-,0.69586244,2,3,0.761719
D,philschmid-qwen2.5-3b-r1-countdown,public_ckpt100,100,seed5,public_lineage_fork,125,cd/490309,1024,918,4,102,1.00664025,0.40510184,0.37445887,96-,0.61201299,3,12,0.008789
D,philschmid-qwen2.5-3b-r1-countdown,public_ckpt100,100,seed5,public_lineage_fork,125,cd/490308,1024,3,6,1015,0.66156324,0.954434,0.25,3*,0.625,2,2,0.615234
D,philschmid-qwen2.5-3b-r1-countdown,public_ckpt100,100,seed5,public_lineage_fork,125,cd/490307,1024,1006,6,12,0.35303495,0.16977393,0.84851485,72-,0.91633663,1,8,0.582031
D,philschmid-qwen2.5-3b-r1-countdown,public_ckpt100,100,seed5,public_lineage_fork,125,cd/490306,1024,8,4,1012,0.21455916,0.30954343,0.88888889,50-,0.94444444,1,2,0.0
D,philschmid-qwen2.5-3b-r1-countdown,public_ckpt100,100,seed5,public_lineage_fork,125,cd/490305,1024,6,9,1009,0.51957984,0.74959526,0.57142857,15*,0.78571429,2,2,0.581055
D,philschmid-qwen2.5-3b-r1-countdown,public_ckpt100,100,seed5,public_lineage_fork,125,cd/490304,1024,42,14,968,0.28202799,0.25671294,0.87356322,76-,0.93103448,1,3,0.0
D,philschmid-qwen2.5-3b-r1-countdown,public_ckpt100,100,seed5,public_lineage_fork,125,cd/490303,1024,995,5,24,1.23081234,0.59189562,0.05305305,68+,0.42992993,3,8,0.412109
D,philschmid-qwen2.5-3b-r1-countdown,public_ckpt100,100,seed5,public_lineage_fork,125,cd/490297,1024,957,13,54,0.71251661,0.64856057,0.066771,30+,0.53155973,2,3,0.979492
D,philschmid-qwen2.5-3b-r1-countdown,public_ckpt100,100,seed5,public_lineage_fork,125,cd/490296,1024,1004,5,15,0.6648809,0.31974013,0.65873016,99-,0.79910714,2,8,0.526367
D,philschmid-qwen2.5-3b-r1-countdown,public_ckpt100,100,seed5,public_lineage_fork,125,cd/490292,1024,891,11,122,0.91334885,0.39666237,0.11049107,44+,0.52734375,2,10,0.026367
D,philschmid-qwen2.5-3b-r1-countdown,public_ckpt100,100,seed5,public_lineage_fork,125,cd/490290,1024,939,15,70,0.74181837,0.46091767,0.13489113,40-,0.56240042,2,5,0.860352
D,philschmid-qwen2.5-3b-r1-countdown,public_ckpt100,100,seed5,public_lineage_fork,125,cd/490288,1024,245,2,777,0.13211306,0.0737337,0.96370968,24*,0.97782258,1,6,0.001953
D,philschmid-qwen2.5-3b-r1-countdown,public_ckpt100,100,seed5,public_lineage_fork,125,cd/490287,1024,1014,3,7,0.80658813,0.50116138,0.51254304,97-,0.70978849,2,5,0.798828
D,philschmid-qwen2.5-3b-r1-countdown,public_ckpt100,100,seed5,public_lineage_fork,125,cd/490283,1024,997,4,23,0.06326449,0.03930844,0.98749375,91-,0.9909955,1,5,0.795898
D,philschmid-qwen2.5-3b-r1-countdown,public_ckpt100,100,seed5,public_lineage_fork,125,cd/490282,1024,1000,6,18,0.73396374,0.45603731,0.17356608,78+,0.58204489,2,5,0.956055
D,philschmid-qwen2.5-3b-r1-countdown,public_ckpt100,100,seed5,public_lineage_fork,125,cd/490281,1024,832,1,191,0.38268592,0.23777613,0.75733972,27-,0.87777112,2,5,0.886719
D,philschmid-qwen2.5-3b-r1-countdown,public_ckpt100,100,seed5,public_lineage_fork,125,cd/490280,1024,1016,3,5,0.57020109,0.35428586,0.69415808,45-,0.83014237,2,5,0.828125
D,philschmid-qwen2.5-3b-r1-countdown,public_ckpt100,100,seed5,public_lineage_fork,125,cd/490279,1024,1000,9,15,0.56731782,0.35249438,0.72917706,50-,0.83441397,2,5,0.886719
D,philschmid-qwen2.5-3b-r1-countdown,public_ckpt100,100,seed5,public_lineage_fork,125,cd/490276,1024,1011,8,5,0.24356879,0.1513378,0.88603848,83-,0.94079921,1,5,0.916992
D,philschmid-qwen2.5-3b-r1-countdown,public_ckpt100,100,seed5,public_lineage_fork,125,cd/490275,1024,244,8,772,0.07487597,0.1080232,0.97142857,59-,0.98571429,1,2,0.003906
D,philschmid-qwen2.5-3b-r1-countdown,public_ckpt100,100,seed5,public_lineage_fork,125,cd/490274,1024,934,0,90,0.06084161,0.04388794,0.98611111,55-,0.9909188,1,4,0.0
D,philschmid-qwen2.5-3b-r1-countdown,public_ckpt100,100,seed5,public_lineage_fork,125,cd/490271,1024,1004,5,15,0.30115627,0.18711891,0.86239444,95-,0.92548435,1,5,0.970703
D,philschmid-qwen2.5-3b-r1-countdown,public_ckpt100,100,seed5,public_lineage_fork,125,cd/490270,1024,881,8,135,0.48609142,0.70128168,0.62018141,88-,0.8100907,2,2,0.0
D,philschmid-qwen2.5-3b-r1-countdown,public_ckpt100,100,seed5,public_lineage_fork,125,cd/490268,1024,826,6,192,0.27585144,0.2510908,0.86646526,11+,0.92990937,1,3,0.917969
D,philschmid-qwen2.5-3b-r1-countdown,public_ckpt100,100,seed5,public_lineage_fork,125,cd/490267,1024,1008,4,12,0.33760246,0.2097642,0.81741712,75-,0.90598714,1,5,0.970703
D,philschmid-qwen2.5-3b-r1-countdown,public_ckpt100,100,seed5,public_lineage_fork,125,cd/490266,1024,915,10,99,0.50257072,0.31226475,0.78910082,92-,0.86594005,1,5,0.0
D,philschmid-qwen2.5-3b-r1-countdown,public_ckpt100,100,seed5,public_lineage_fork,125,cd/490264,1024,23,7,994,0.32864379,0.29914447,0.85714286,34-,0.91836735,1,3,0.000977
D,philschmid-qwen2.5-3b-r1-countdown,public_ckpt100,100,seed5,public_lineage_fork,125,cd/490263,1024,1016,5,3,0.54661149,0.26286456,0.85196078,32-,0.88676471,1,8,0.324219
D,philschmid-qwen2.5-3b-r1-countdown,public_ckpt100,100,seed5,public_lineage_fork,125,cd/490262,1024,201,5,818,0.72589609,0.6607391,0.22222222,5*,0.60493827,2,3,0.069336
D,philschmid-qwen2.5-3b-r1-countdown,public_ckpt100,100,seed5,public_lineage_fork,125,cd/490261,1024,1011,5,8,0.2524862,0.15687849,0.9097188,60-,0.94671929,1,5,0.899414
D,philschmid-qwen2.5-3b-r1-countdown,public_ckpt100,100,seed5,public_lineage_fork,125,cd/490260,1024,903,2,119,0.72654685,0.66133144,0.29519071,67-,0.6384743,2,3,0.584961
D,philschmid-qwen2.5-3b-r1-countdown,public_ckpt100,100,seed5,public_lineage_fork,125,cd/490259,1024,883,3,138,0.1149373,0.10462044,0.95308084,74-,0.97625777,1,3,0.493164
D,philschmid-qwen2.5-3b-r1-countdown,public_ckpt100,100,seed5,public_lineage_fork,125,cd/490258,1024,1004,10,10,0.4125464,0.19839288,0.80654762,84-,0.89434524,1,8,0.692383
D,philschmid-qwen2.5-3b-r1-countdown,public_ckpt100,100,seed5,public_lineage_fork,125,cd/490256,1024,1015,2,7,0.48057867,0.29860031,0.81572482,79-,0.87616708,1,5,0.958984
D,philschmid-qwen2.5-3b-r1-countdown,public_ckpt100,100,seed5,public_lineage_fork,125,cd/490254,1024,16,1,1007,0.41964977,0.38198168,0.8,90*,0.88571429,1,3,0.100586
D,philschmid-qwen2.5-3b-r1-countdown,public_ckpt100,100,seed5,public_lineage_fork,125,cd/490249,1024,1003,8,13,0.39191292,0.2014034,0.86040735,96-,0.91058122,1,7,0.847656
D,philschmid-qwen2.5-3b-r1-countdown,public_ckpt100,100,seed5,public_lineage_fork,125,cd/490248,1024,775,3,246,0.37299158,0.5381131,0.75386598,54-,0.87693299,2,2,0.0
D,philschmid-qwen2.5-3b-r1-countdown,public_ckpt100,100,seed5,public_lineage_fork,125,cd/490246,1024,1013,4,7,0.44031366,0.27358226,0.82717873,52-,0.89069424,1,5,0.945312
D,philschmid-qwen2.5-3b-r1-countdown,public_ckpt100,100,seed5,public_lineage_fork,125,cd/490245,1024,1016,2,6,0.65038892,0.31277096,0.74313725,93-,0.82990196,1,8,0.512695
D,philschmid-qwen2.5-3b-r1-countdown,public_ckpt100,100,seed5,public_lineage_fork,125,cd/490243,1024,1014,1,9,0.86948032,0.5402385,0.49877029,72-,0.68125922,3,5,0.652344
D,philschmid-qwen2.5-3b-r1-countdown,public_ckpt100,100,seed5,public_lineage_fork,125,cd/490241,1024,1007,10,7,0.35346704,0.21962142,0.81129272,98-,0.90193165,1,5,0.9375
D,philschmid-qwen2.5-3b-r1-countdown,public_ckpt100,100,seed5,public_lineage_fork,125,cd/490240,1024,993,2,29,0.06038644,0.03752021,0.98543446,85-,0.99095932,1,5,0.530273
D,philschmid-qwen2.5-3b-r1-countdown,public_ckpt100,100,seed5,public_lineage_fork,125,cd/490239,1024,327,15,682,0.02278892,0.02074337,0.99543379,27-,0.99695586,1,3,0.0
D,philschmid-qwen2.5-3b-r1-countdown,public_ckpt100,100,seed5,public_lineage_fork,125,cd/490237,1024,961,9,54,0.01163633,0.01678768,0.9968815,96-,0.99844075,1,2,0.000977
D,philschmid-qwen2.5-3b-r1-countdown,public_ckpt100,100,seed5,public_lineage_fork,125,cd/490236,1024,1006,6,12,0.72184922,0.3471361,0.68217822,97-,0.80148515,2,8,0.487305
D,philschmid-qwen2.5-3b-r1-countdown,public_ckpt100,100,seed5,public_lineage_fork,125,cd/490235,1024,1002,8,14,0.38174339,0.19617729,0.88413725,90-,0.91844853,1,7,0.523438
D,philschmid-qwen2.5-3b-r1-countdown,public_ckpt100,100,seed5,public_lineage_fork,125,cd/490234,1024,1004,9,11,0.42848576,0.26623317,0.74913065,83-,0.869846,2,5,0.958984
D,philschmid-qwen2.5-3b-r1-countdown,public_ckpt100,100,seed5,public_lineage_fork,125,cd/490233,1024,1000,12,12,0.37871367,0.23530803,0.78802993,92-,0.89027431,2,5,0.96582
D,philschmid-qwen2.5-3b-r1-countdown,public_ckpt100,100,seed5,public_lineage_fork,125,cd/490232,1024,933,5,86,0.0164968,0.01501603,0.99625468,88-,0.99785982,1,3,0.0
D,philschmid-qwen2.5-3b-r1-countdown,public_ckpt100,100,seed5,public_lineage_fork,125,cd/490231,1024,1009,5,10,0.51696952,0.24860979,0.67917078,66-,0.83267522,2,8,0.615234
D,philschmid-qwen2.5-3b-r1-countdown,public_ckpt100,100,seed5,public_lineage_fork,125,cd/490229,1024,994,8,22,0.87232751,0.41950086,0.48697395,87-,0.67985972,3,8,0.607422
D,philschmid-qwen2.5-3b-r1-countdown,public_ckpt100,100,seed5,public_lineage_fork,125,cd/490228,1024,995,12,17,0.50049836,0.31097712,0.63258145,56+,0.81453634,2,5,0.952148
D,philschmid-qwen2.5-3b-r1-countdown,public_ckpt100,100,seed5,public_lineage_fork,125,cd/490227,1024,1011,9,4,0.95660708,0.5943734,0.28317711,43+,0.57868772,3,5,0.908203
D,philschmid-qwen2.5-3b-r1-countdown,public_ckpt100,100,seed5,public_lineage_fork,125,cd/490225,1024,1012,6,6,0.2155077,0.13390246,0.90882208,91-,0.95170034,1,5,0.96582
D,philschmid-qwen2.5-3b-r1-countdown,public_ckpt100,100,seed5,public_lineage_fork,125,cd/490221,1024,1007,3,14,0.52485427,0.32611029,0.73402675,79-,0.84943041,2,5,0.977539
D,philschmid-qwen2.5-3b-r1-countdown,public_ckpt100,100,seed5,public_lineage_fork,125,cd/490219,1024,947,16,61,0.73980264,0.45966522,0.06635071,94-,0.52922591,2,5,0.902344
D,philschmid-qwen2.5-3b-r1-countdown,public_ckpt100,100,seed5,public_lineage_fork,125,cd/490217,1024,976,6,42,0.47401499,0.43146704,0.64961637,74-,0.82404092,2,3,0.0
D,philschmid-qwen2.5-3b-r1-countdown,public_ckpt100,100,seed5,public_lineage_fork,125,cd/490215,1024,1008,1,15,0.42359821,0.26319636,0.82038595,61-,0.89015339,1,5,0.74707
D,philschmid-qwen2.5-3b-r1-countdown,public_ckpt100,100,seed5,public_lineage_fork,125,cd/490214,1024,974,2,48,0.04090483,0.03723318,0.98923629,73-,0.99384931,1,3,0.789062
D,philschmid-qwen2.5-3b-r1-countdown,public_ckpt100,100,seed5,public_lineage_fork,125,cd/490213,1024,1011,3,10,0.94674478,0.48653057,0.45243963,34-,0.67077378,2,7,0.599609
D,philschmid-qwen2.5-3b-r1-countdown,public_ckpt100,100,seed5,public_lineage_fork,125,cd/490212,1024,1012,7,5,0.87420442,0.54317375,0.27106949,49+,0.60177427,2,5,0.93457
D,philschmid-qwen2.5-3b-r1-countdown,public_ckpt100,100,seed5,public_lineage_fork,125,cd/490211,1024,1000,10,14,0.32852223,0.20412234,0.82593516,79-,0.91022444,1,5,0.96582
D,philschmid-qwen2.5-3b-r1-countdown,public_ckpt100,100,seed5,public_lineage_fork,125,cd/490208,1024,969,3,52,0.61318407,0.38099269,0.47040659,94-,0.73237262,2,5,0.974609
D,philschmid-qwen2.5-3b-r1-countdown,public_ckpt100,100,seed5,public_lineage_fork,125,cd/490207,1024,942,13,69,0.91531462,0.56871695,0.28798306,80-,0.59872949,2,5,0.952148
D,philschmid-qwen2.5-3b-r1-countdown,public_ckpt100,100,seed5,public_lineage_fork,125,cd/490206,1024,1015,2,7,0.68646866,0.42652696,0.57985258,68-,0.76707617,2,5,0.875
D,philschmid-qwen2.5-3b-r1-countdown,public_ckpt100,100,seed5,public_lineage_fork,125,cd/490205,1024,965,5,54,0.72587622,0.45101225,0.09405685,72+,0.54418605,2,5,0.932617
D,philschmid-qwen2.5-3b-r1-countdown,public_ckpt100,100,seed5,public_lineage_fork,125,cd/490204,1024,1013,3,8,0.78859203,0.3792326,0.5093412,90-,0.71927237,2,8,0.270508
D,philschmid-qwen2.5-3b-r1-countdown,public_ckpt100,100,seed5,public_lineage_fork,125,cd/490203,1024,894,5,125,0.65492934,0.59614237,0.31155779,38+,0.65494137,2,3,0.963867
D,philschmid-qwen2.5-3b-r1-countdown,public_ckpt100,100,seed5,public_lineage_fork,125,cd/490202,1024,939,0,85,0.00454189,0.00655257,0.99893617,97-,0.99946809,1,2,0.0
D,philschmid-qwen2.5-3b-r1-countdown,public_ckpt100,100,seed5,public_lineage_fork,125,cd/490201,1024,1009,6,9,0.71543721,0.44452613,0.12061295,82-,0.55808206,2,5,0.976562
D,philschmid-qwen2.5-3b-r1-countdown,public_ckpt100,100,seed5,public_lineage_fork,125,cd/490199,1024,903,3,118,0.91027381,0.56558492,0.07730536,57+,0.50635008,2,5,0.977539
