simulator,transition_model,start_checkpoint,target_checkpoint,horizon,simulation_replicate,predicted_pairwise_js,observed_pairwise_js,predicted_winner_disagreement,observed_winner_disagreement,absolute_js_error,absolute_winner_error
S0,R1,100,105,5,0,0.00149676,0.00209239,0.01132075,0.02641509,0.00059564,0.01509434
S0,R1,100,110,10,0,0.00144081,0.0065204,0.02264151,0.06981132,0.00507959,0.04716981
S0,R1,100,115,15,0,0.00149311,0.0136584,0.00566038,0.09150943,0.01216529,0.08584906
S0,R1,100,120,20,0,0.0015935,0.01905078,0.01509434,0.09622642,0.01745728,0.08113208
S0,R1,100,125,25,0,0.00181099,0.02574466,0.00377358,0.11949686,0.02393368,0.11572327
S0,R1,100,105,5,1,0.00140234,0.00209239,0.01132075,0.02641509,0.00069006,0.01509434
S0,R1,100,110,10,1,0.00138651,0.0065204,0.01698113,0.06981132,0.00513389,0.05283019
S0,R1,100,115,15,1,0.00148389,0.0136584,0.01320755,0.09150943,0.01217451,0.07830189
S0,R1,100,120,20,1,0.00130753,0.01905078,0.01698113,0.09622642,0.01774325,0.07924528
S0,R1,100,125,25,1,0.00195792,0.02574466,0.0,0.11949686,0.02378674,0.11949686
S0,R1,100,105,5,2,0.00153293,0.00209239,0.01698113,0.02641509,0.00055947,0.00943396
S0,R1,100,110,10,2,0.00152888,0.0065204,0.01886792,0.06981132,0.00499152,0.0509434
S0,R1,100,115,15,2,0.00151166,0.0136584,0.00566038,0.09150943,0.01214674,0.08584906
S0,R1,100,120,20,2,0.00176949,0.01905078,0.01509434,0.09622642,0.01728129,0.08113208
S0,R1,100,125,25,2,0.00208092,0.02574466,0.00377358,0.11949686,0.02366374,0.11572327
S0,R1,100,105,5,3,0.00155167,0.00209239,0.01320755,0.02641509,0.00054072,0.01320755
S0,R1,100,110,10,3,0.00158146,0.0065204,0.01698113,0.06981132,0.00493894,0.05283019
S0,R1,100,115,15,3,0.00161931,0.0136584,0.00754717,0.09150943,0.01203909,0.08396226
S0,R1,100,120,20,3,0.00157184,0.01905078,0.00943396,0.09622642,0.01747893,0.08679245
S0,R1,100,125,25,3,0.00208158,0.02574466,0.00754717,0.11949686,0.02366308,0.11194969
S0,R1,100,105,5,4,0.0015837,0.00209239,0.01509434,0.02641509,0.0005087,0.01132075
S0,R1,100,110,10,4,0.00164025,0.0065204,0.01886792,0.06981132,0.00488015,0.0509434
S0,R1,100,115,15,4,0.00166389,0.0136584,0.00754717,0.09150943,0.01199451,0.08396226
S0,R1,100,120,20,4,0.00163574,0.01905078,0.01320755,0.09622642,0.01741503,0.08301887
S0,R1,100,125,25,4,0.00206715,0.02574466,0.00377358,0.11949686,0.02367751,0.11572327
S0,R1,100,105,5,5,0.00149328,0.00209239,0.01698113,0.02641509,0.00059911,0.00943396
S0,R1,100,110,10,5,0.00156919,0.0065204,0.02264151,0.06981132,0.00495121,0.04716981
S0,R1,100,115,15,5,0.00138905,0.0136584,0.01509434,0.09150943,0.01226935,0.07641509
S0,R1,100,120,20,5,0.00145903,0.01905078,0.00943396,0.09622642,0.01759174,0.08679245
S0,R1,100,125,25,5,0.00231971,0.02574466,0.00377358,0.11949686,0.02342495,0.11572327
S0,R1,100,105,5,6,0.0015202,0.00209239,0.01320755,0.02641509,0.00057219,0.01320755
S0,R1,100,110,10,6,0.00138511,0.0065204,0.00754717,0.06981132,0.00513529,0.06226415
S0,R1,100,115,15,6,0.00156393,0.0136584,0.00566038,0.09150943,0.01209447,0.08584906
S0,R1,100,120,20,6,0.00177116,0.01905078,0.01509434,0.09622642,0.01727962,0.08113208
S0,R1,100,125,25,6,0.00192307,0.02574466,0.00377358,0.11949686,0.02382159,0.11572327
S0,R1,100,105,5,7,0.00145372,0.00209239,0.01509434,0.02641509,0.00063867,0.01132075
S0,R1,100,110,10,7,0.00147764,0.0065204,0.0245283,0.06981132,0.00504276,0.04528302
S0,R1,100,115,15,7,0.00140757,0.0136584,0.00943396,0.09150943,0.01225083,0.08207547
S0,R1,100,120,20,7,0.00161693,0.01905078,0.01886792,0.09622642,0.01743385,0.07735849
S0,R1,100,125,25,7,0.00149867,0.02574466,0.0,0.11949686,0.02424599,0.11949686
S0,R1,100,105,5,8,0.00143585,0.00209239,0.01320755,0.02641509,0.00065655,0.01320755
S0,R1,100,110,10,8,0.00133062,0.0065204,0.0245283,0.06981132,0.00518978,0.04528302
S0,R1,100,115,15,8,0.00144442,0.0136584,0.00566038,0.09150943,0.01221398,0.08584906
S0,R1,100,120,20,8,0.0015288,0.01905078,0.00754717,0.09622642,0.01752197,0.08867925
S0,R1,100,125,25,8,0.00219703,0.02574466,0.00566038,0.11949686,0.02354763,0.11383648
S0,R1,100,105,5,9,0.00145651,0.00209239,0.01132075,0.02641509,0.00063588,0.01509434
S0,R1,100,110,10,9,0.00146304,0.0065204,0.01509434,0.06981132,0.00505737,0.05471698
S0,R1,100,115,15,9,0.00156687,0.0136584,0.00377358,0.09150943,0.01209154,0.08773585
S0,R1,100,120,20,9,0.00160794,0.01905078,0.01509434,0.09622642,0.01744284,0.08113208
S0,R1,100,125,25,9,0.00204865,0.02574466,0.00943396,0.11949686,0.02369602,0.11006289
S0,R1,100,105,5,10,0.00144202,0.00209239,0.00943396,0.02641509,0.00065037,0.01698113
S0,R1,100,110,10,10,0.00134893,0.0065204,0.01886792,0.06981132,0.00517147,0.0509434
S0,R1,100,115,15,10,0.00161366,0.0136584,0.0,0.09150943,0.01204474,0.09150943
S0,R1,100,120,20,10,0.00172314,0.01905078,0.01698113,0.09622642,0.01732764,0.07924528
S0,R1,100,125,25,10,0.00197604,0.02574466,0.00377358,0.11949686,0.02376862,0.11572327
S0,R1,100,105,5,11,0.00164606,0.00209239,0.01886792,0.02641509,0.00044634,0.00754717
S0,R1,100,110,10,11,0.00145849,0.0065204,0.01509434,0.06981132,0.00506191,0.05471698
S0,R1,100,115,15,11,0.00143411,0.0136584,0.00943396,0.09150943,0.01222429,0.08207547
S0,R1,100,120,20,11,0.00267824,0.01905078,0.01698113,0.09622642,0.01637254,0.07924528
S0,R1,100,125,25,11,0.00227013,0.02574466,0.00377358,0.11949686,0.02347453,0.11572327
S0,R1,100,105,5,12,0.00131504,0.00209239,0.00754717,0.02641509,0.00077736,0.01886792
S0,R1,100,110,10,12,0.00152571,0.0065204,0.02264151,0.06981132,0.00499469,0.04716981
S0,R1,100,115,15,12,0.00150996,0.0136584,0.00943396,0.09150943,0.01214844,0.08207547
S0,R1,100,120,20,12,0.00156449,0.01905078,0.01886792,0.09622642,0.01748628,0.07735849
S0,R1,100,125,25,12,0.00202865,0.02574466,0.00377358,0.11949686,0.02371602,0.11572327
S0,R1,100,105,5,13,0.0014295,0.00209239,0.00943396,0.02641509,0.00066289,0.01698113
S0,R1,100,110,10,13,0.00139319,0.0065204,0.02641509,0.06981132,0.00512721,0.04339623
S0,R1,100,115,15,13,0.00157814,0.0136584,0.00943396,0.09150943,0.01208026,0.08207547
S0,R1,100,120,20,13,0.00178741,0.01905078,0.01320755,0.09622642,0.01726336,0.08301887
S0,R1,100,125,25,13,0.00225957,0.02574466,0.00377358,0.11949686,0.02348509,0.11572327
S0,R1,100,105,5,14,0.00138403,0.00209239,0.01509434,0.02641509,0.00070836,0.01132075
S0,R1,100,110,10,14,0.00153242,0.0065204,0.01886792,0.06981132,0.00498798,0.0509434
S0,R1,100,115,15,14,0.00132724,0.0136584,0.00377358,0.09150943,0.01233116,0.08773585
S0,R1,100,120,20,14,0.00167263,0.01905078,0.02264151,0.09622642,0.01737815,0.07358491
S0,R1,100,125,25,14,0.0016148,0.02574466,0.0,0.11949686,0.02412986,0.11949686
S0,R1,100,105,5,15,0.00143417,0.00209239,0.01509434,0.02641509,0.00065823,0.01132075
S0,R1,100,110,10,15,0.00145704,0.0065204,0.02264151,0.06981132,0.00506336,0.04716981
S0,R1,100,115,15,15,0.00136813,0.0136584,0.01509434,0.09150943,0.01229027,0.07641509
S0,R1,100,120,20,15,0.00190569,0.01905078,0.01320755,0.09622642,0.01714509,0.08301887
S0,R1,100,125,25,15,0.00156812,0.02574466,0.0,0.11949686,0.02417655,0.11949686
S0,R1,100,105,5,16,0.00155269,0.00209239,0.02075472,0.02641509,0.00053971,0.00566038
S0,R1,100,110,10,16,0.00153148,0.0065204,0.01886792,0.06981132,0.00498892,0.0509434
S0,R1,100,115,15,16,0.00148398,0.0136584,0.00377358,0.09150943,0.01217442,0.08773585
S0,R1,100,120,20,16,0.00163235,0.01905078,0.01509434,0.09622642,0.01741843,0.08113208
S0,R1,100,125,25,16,0.00196464,0.02574466,0.0,0.11949686,0.02378002,0.11949686
S0,R1,100,105,5,17,0.00162472,0.00209239,0.01698113,0.02641509,0.00046768,0.00943396
S0,R1,100,110,10,17,0.00148907,0.0065204,0.01320755,0.06981132,0.00503133,0.05660377
S0,R1,100,115,15,17,0.00163719,0.0136584,0.00943396,0.09150943,0.01202121,0.08207547
S0,R1,100,120,20,17,0.00157487,0.01905078,0.01320755,0.09622642,0.01747591,0.08301887
S0,R1,100,125,25,17,0.001825,0.02574466,0.01132075,0.11949686,0.02391966,0.1081761
S0,R1,100,105,5,18,0.00144623,0.00209239,0.00754717,0.02641509,0.00064616,0.01886792
S0,R1,100,110,10,18,0.0012824,0.0065204,0.01509434,0.06981132,0.005238,0.05471698
S0,R1,100,115,15,18,0.00154482,0.0136584,0.00943396,0.09150943,0.01211358,0.08207547
S0,R1,100,120,20,18,0.00182042,0.01905078,0.00943396,0.09622642,0.01723035,0.08679245
S0,R1,100,125,25,18,0.00182519,0.02574466,0.0,0.11949686,0.02391948,0.11949686
S0,R1,100,105,5,19,0.00140003,0.00209239,0.01509434,0.02641509,0.00069236,0.01132075
S0,R1,100,110,10,19,0.00136184,0.0065204,0.01886792,0.06981132,0.00515856,0.0509434
S0,R1,100,115,15,19,0.00150931,0.0136584,0.00943396,0.09150943,0.01214909,0.08207547
S0,R1,100,120,20,19,0.00168937,0.01905078,0.00943396,0.09622642,0.0173614,0.08679245
S0,R1,100,125,25,19,0.00191949,0.02574466,0.0,0.11949686,0.02382517,0.11949686
S0,R1,100,105,5,20,0.00149762,0.00209239,0.01320755,0.02641509,0.00059477,0.01320755
S0,R1,100,110,10,20,0.00138566,0.0065204,0.01886792,0.06981132,0.00513474,0.0509434
S0,R1,100,115,15,20,0.00150633,0.0136584,0.00377358,0.09150943,0.01215207,0.08773585
S0,R1,100,120,20,20,0.00148215,0.01905078,0.01698113,0.09622642,0.01756863,0.07924528
S0,R1,100,125,25,20,0.00201277,0.02574466,0.0,0.11949686,0.02373189,0.11949686
S0,R1,100,105,5,21,0.00136312,0.00209239,0.00754717,0.02641509,0.00072928,0.01886792
S0,R1,100,110,10,21,0.00144852,0.0065204,0.02075472,0.06981132,0.00507188,0.0490566
S0,R1,100,115,15,21,0.00151645,0.0136584,0.0,0.09150943,0.01214195,0.09150943
S0,R1,100,120,20,21,0.00201014,0.01905078,0.00943396,0.09622642,0.01704063,0.08679245
S0,R1,100,125,25,21,0.00180548,0.02574466,0.00377358,0.11949686,0.02393918,0.11572327
S0,R1,100,105,5,22,0.00151199,0.00209239,0.00943396,0.02641509,0.0005804,0.01698113
S0,R1,100,110,10,22,0.00146607,0.0065204,0.01886792,0.06981132,0.00505433,0.0509434
S0,R1,100,115,15,22,0.00155103,0.0136584,0.02264151,0.09150943,0.01210737,0.06886792
S0,R1,100,120,20,22,0.00165071,0.01905078,0.01132075,0.09622642,0.01740006,0.08490566
S0,R1,100,125,25,22,0.00187052,0.02574466,0.00377358,0.11949686,0.02387414,0.11572327
S0,R1,100,105,5,23,0.00157925,0.00209239,0.01132075,0.02641509,0.00051314,0.01509434
S0,R1,100,110,10,23,0.00141191,0.0065204,0.01132075,0.06981132,0.00510849,0.05849057
S0,R1,100,115,15,23,0.00168459,0.0136584,0.01132075,0.09150943,0.01197381,0.08018868
S0,R1,100,120,20,23,0.00149372,0.01905078,0.01886792,0.09622642,0.01755706,0.07735849
S0,R1,100,125,25,23,0.0020484,0.02574466,0.0,0.11949686,0.02369626,0.11949686
S0,R1,100,105,5,24,0.00137411,0.00209239,0.00943396,0.02641509,0.00071828,0.01698113
S0,R1,100,110,10,24,0.00138495,0.0065204,0.01886792,0.06981132,0.00513545,0.0509434
S0,R1,100,115,15,24,0.00155446,0.0136584,0.00377358,0.09150943,0.01210394,0.08773585
S0,R1,100,120,20,24,0.00160025,0.01905078,0.01509434,0.09622642,0.01745053,0.08113208
S0,R1,100,125,25,24,0.00210956,0.02574466,0.0,0.11949686,0.0236351,0.11949686
S0,R1,100,105,5,25,0.00146112,0.00209239,0.0245283,0.02641509,0.00063127,0.00188679
S0,R1,100,110,10,25,0.00161555,0.0065204,0.01886792,0.06981132,0.00490485,0.0509434
S0,R1,100,115,15,25,0.00148769,0.0136584,0.00566038,0.09150943,0.01217071,0.08584906
S0,R1,100,120,20,25,0.0017667,0.01905078,0.01132075,0.09622642,0.01728408,0.08490566
S0,R1,100,125,25,25,0.00181888,0.02574466,0.0,0.11949686,0.02392579,0.11949686
S0,R1,100,105,5,26,0.00152225,0.00209239,0.02264151,0.02641509,0.00057014,0.00377358
S0,R1,100,110,10,26,0.00149611,0.0065204,0.01320755,0.06981132,0.00502429,0.05660377
S0,R1,100,115,15,26,0.0015007,0.0136584,0.01698113,0.09150943,0.0121577,0.0745283
S0,R1,100,120,20,26,0.00182493,0.01905078,0.01509434,0.09622642,0.01722584,0.08113208
S0,R1,100,125,25,26,0.00208406,0.02574466,0.01320755,0.11949686,0.0236606,0.10628931
S0,R1,100,105,5,27,0.0015227,0.00209239,0.02264151,0.02641509,0.0005697,0.00377358
S0,R1,100,110,10,27,0.00162181,0.0065204,0.01698113,0.06981132,0.00489859,0.05283019
S0,R1,100,115,15,27,0.00141917,0.0136584,0.00943396,0.09150943,0.01223923,0.08207547
S0,R1,100,120,20,27,0.00182463,0.01905078,0.01509434,0.09622642,0.01722614,0.08113208
S0,R1,100,125,25,27,0.00196986,0.02574466,0.00377358,0.11949686,0.02377481,0.11572327
S0,R1,100,105,5,28,0.00145874,0.00209239,0.00943396,0.02641509,0.00063366,0.01698113
S0,R1,100,110,10,28,0.00166363,0.0065204,0.02264151,0.06981132,0.00485677,0.04716981
S0,R1,100,115,15,28,0.00154439,0.0136584,0.00566038,0.09150943,0.01211401,0.08584906
S0,R1,100,120,20,28,0.00169629,0.01905078,0.01132075,0.09622642,0.01735449,0.08490566
S0,R1,100,125,25,28,0.0016312,0.02574466,0.0,0.11949686,0.02411347,0.11949686
S0,R1,100,105,5,29,0.00140061,0.00209239,0.01132075,0.02641509,0.00069179,0.01509434
S0,R1,100,110,10,29,0.00141146,0.0065204,0.02264151,0.06981132,0.00510894,0.04716981
S0,R1,100,115,15,29,0.00139381,0.0136584,0.00943396,0.09150943,0.01226459,0.08207547
S0,R1,100,120,20,29,0.00151639,0.01905078,0.01509434,0.09622642,0.01753439,0.08113208
S0,R1,100,125,25,29,0.00185962,0.02574466,0.00377358,0.11949686,0.02388504,0.11572327
S0,R1,100,105,5,30,0.00146852,0.00209239,0.00754717,0.02641509,0.00062387,0.01886792
S0,R1,100,110,10,30,0.0013291,0.0065204,0.01320755,0.06981132,0.00519131,0.05660377
S0,R1,100,115,15,30,0.00147608,0.0136584,0.00566038,0.09150943,0.01218232,0.08584906
S0,R1,100,120,20,30,0.00166485,0.01905078,0.01886792,0.09622642,0.01738593,0.07735849
S0,R1,100,125,25,30,0.00222621,0.02574466,0.0,0.11949686,0.02351846,0.11949686
S0,R1,100,105,5,31,0.0014174,0.00209239,0.01320755,0.02641509,0.00067499,0.01320755
S0,R1,100,110,10,31,0.00129662,0.0065204,0.01132075,0.06981132,0.00522378,0.05849057
S0,R1,100,115,15,31,0.00164599,0.0136584,0.01320755,0.09150943,0.01201241,0.07830189
S0,R1,100,120,20,31,0.00161671,0.01905078,0.01886792,0.09622642,0.01743407,0.07735849
S0,R1,100,125,25,31,0.00196508,0.02574466,0.01509434,0.11949686,0.02377958,0.10440252
S0,R1,100,105,5,32,0.00140661,0.00209239,0.00943396,0.02641509,0.00068579,0.01698113
S0,R1,100,110,10,32,0.00146281,0.0065204,0.01886792,0.06981132,0.0050576,0.0509434
S0,R1,100,115,15,32,0.00171286,0.0136584,0.00566038,0.09150943,0.01194554,0.08584906
S0,R1,100,120,20,32,0.00180965,0.01905078,0.01509434,0.09622642,0.01724113,0.08113208
S0,R1,100,125,25,32,0.00227615,0.02574466,0.00754717,0.11949686,0.02346852,0.11194969
S0,R1,100,105,5,33,0.00138347,0.00209239,0.01132075,0.02641509,0.00070892,0.01509434
S0,R1,100,110,10,33,0.00142026,0.0065204,0.02264151,0.06981132,0.00510014,0.04716981
S0,R1,100,115,15,33,0.00135903,0.0136584,0.0,0.09150943,0.01229937,0.09150943
S0,R1,100,120,20,33,0.00160113,0.01905078,0.01509434,0.09622642,0.01744964,0.08113208
S0,R1,100,125,25,33,0.00190511,0.02574466,0.00754717,0.11949686,0.02383955,0.11194969
S0,R1,100,105,5,34,0.0015408,0.00209239,0.01698113,0.02641509,0.00055159,0.00943396
S0,R1,100,110,10,34,0.00149152,0.0065204,0.01698113,0.06981132,0.00502888,0.05283019
S0,R1,100,115,15,34,0.00139496,0.0136584,0.01320755,0.09150943,0.01226344,0.07830189
S0,R1,100,120,20,34,0.00154938,0.01905078,0.01509434,0.09622642,0.0175014,0.08113208
S0,R1,100,125,25,34,0.00162228,0.02574466,0.0,0.11949686,0.02412238,0.11949686
S0,R1,100,105,5,35,0.00146145,0.00209239,0.01886792,0.02641509,0.00063094,0.00754717
S0,R1,100,110,10,35,0.00148742,0.0065204,0.01509434,0.06981132,0.00503298,0.05471698
S0,R1,100,115,15,35,0.00161131,0.0136584,0.00566038,0.09150943,0.01204709,0.08584906
S0,R1,100,120,20,35,0.00182671,0.01905078,0.02075472,0.09622642,0.01722407,0.0754717
S0,R1,100,125,25,35,0.00156476,0.02574466,0.0,0.11949686,0.0241799,0.11949686
S0,R1,100,105,5,36,0.00142892,0.00209239,0.01320755,0.02641509,0.00066347,0.01320755
S0,R1,100,110,10,36,0.00126433,0.0065204,0.0245283,0.06981132,0.00525607,0.04528302
S0,R1,100,115,15,36,0.00133577,0.0136584,0.00943396,0.09150943,0.01232263,0.08207547
S0,R1,100,120,20,36,0.00171245,0.01905078,0.00754717,0.09622642,0.01733833,0.08867925
S0,R1,100,125,25,36,0.00188644,0.02574466,0.0,0.11949686,0.02385822,0.11949686
S0,R1,100,105,5,37,0.00156471,0.00209239,0.0245283,0.02641509,0.00052768,0.00188679
S0,R1,100,110,10,37,0.00151671,0.0065204,0.00943396,0.06981132,0.00500369,0.06037736
S0,R1,100,115,15,37,0.00165061,0.0136584,0.00943396,0.09150943,0.01200779,0.08207547
S0,R1,100,120,20,37,0.00157985,0.01905078,0.01132075,0.09622642,0.01747092,0.08490566
S0,R1,100,125,25,37,0.00181788,0.02574466,0.00754717,0.11949686,0.02392678,0.11194969
S0,R1,100,105,5,38,0.00147779,0.00209239,0.01509434,0.02641509,0.0006146,0.01132075
S0,R1,100,110,10,38,0.00141804,0.0065204,0.02075472,0.06981132,0.00510236,0.0490566
S0,R1,100,115,15,38,0.00155855,0.0136584,0.00754717,0.09150943,0.01209985,0.08396226
S0,R1,100,120,20,38,0.00167183,0.01905078,0.01886792,0.09622642,0.01737894,0.07735849
S0,R1,100,125,25,38,0.00203688,0.02574466,0.00754717,0.11949686,0.02370778,0.11194969
S0,R1,100,105,5,39,0.00144263,0.00209239,0.0245283,0.02641509,0.00064976,0.00188679
S0,R1,100,110,10,39,0.00135517,0.0065204,0.0245283,0.06981132,0.00516523,0.04528302
S0,R1,100,115,15,39,0.00141836,0.0136584,0.00377358,0.09150943,0.01224004,0.08773585
S0,R1,100,120,20,39,0.00145291,0.01905078,0.01509434,0.09622642,0.01759787,0.08113208
S0,R1,100,125,25,39,0.00165103,0.02574466,0.0,0.11949686,0.02409364,0.11949686
S0,R1,100,105,5,40,0.00149389,0.00209239,0.01509434,0.02641509,0.0005985,0.01132075
S0,R1,100,110,10,40,0.00135358,0.0065204,0.00377358,0.06981132,0.00516682,0.06603774
S0,R1,100,115,15,40,0.00158431,0.0136584,0.01132075,0.09150943,0.01207409,0.08018868
S0,R1,100,120,20,40,0.00140261,0.01905078,0.01132075,0.09622642,0.01764817,0.08490566
S0,R1,100,125,25,40,0.00174452,0.02574466,0.0,0.11949686,0.02400014,0.11949686
S0,R1,100,105,5,41,0.00145249,0.00209239,0.01320755,0.02641509,0.00063991,0.01320755
S0,R1,100,110,10,41,0.00147954,0.0065204,0.01698113,0.06981132,0.00504086,0.05283019
S0,R1,100,115,15,41,0.00140546,0.0136584,0.00754717,0.09150943,0.01225294,0.08396226
S0,R1,100,120,20,41,0.00173436,0.01905078,0.02075472,0.09622642,0.01731642,0.0754717
S0,R1,100,125,25,41,0.0020792,0.02574466,0.00377358,0.11949686,0.02366546,0.11572327
S0,R1,100,105,5,42,0.00153718,0.00209239,0.01886792,0.02641509,0.00055522,0.00754717
S0,R1,100,110,10,42,0.00172178,0.0065204,0.01698113,0.06981132,0.00479862,0.05283019
S0,R1,100,115,15,42,0.00145698,0.0136584,0.00377358,0.09150943,0.01220142,0.08773585
S0,R1,100,120,20,42,0.00178122,0.01905078,0.01698113,0.09622642,0.01726956,0.07924528
S0,R1,100,125,25,42,0.00241831,0.02574466,0.00754717,0.11949686,0.02332636,0.11194969
S0,R1,100,105,5,43,0.0014748,0.00209239,0.01320755,0.02641509,0.0006176,0.01320755
S0,R1,100,110,10,43,0.00155395,0.0065204,0.02075472,0.06981132,0.00496645,0.0490566
S0,R1,100,115,15,43,0.00147688,0.0136584,0.01698113,0.09150943,0.01218152,0.0745283
S0,R1,100,120,20,43,0.00183426,0.01905078,0.01509434,0.09622642,0.01721652,0.08113208
S0,R1,100,125,25,43,0.00167891,0.02574466,0.0,0.11949686,0.02406575,0.11949686
S0,R1,100,105,5,44,0.00144499,0.00209239,0.0245283,0.02641509,0.0006474,0.00188679
S0,R1,100,110,10,44,0.00151631,0.0065204,0.01886792,0.06981132,0.00500409,0.0509434
S0,R1,100,115,15,44,0.00159022,0.0136584,0.00566038,0.09150943,0.01206818,0.08584906
S0,R1,100,120,20,44,0.00154879,0.01905078,0.01509434,0.09622642,0.01750199,0.08113208
S0,R1,100,125,25,44,0.00180159,0.02574466,0.00377358,0.11949686,0.02394307,0.11572327
S0,R1,100,105,5,45,0.0015053,0.00209239,0.01698113,0.02641509,0.00058709,0.00943396
S0,R1,100,110,10,45,0.0015418,0.0065204,0.02075472,0.06981132,0.0049786,0.0490566
S0,R1,100,115,15,45,0.00142952,0.0136584,0.00377358,0.09150943,0.01222888,0.08773585
S0,R1,100,120,20,45,0.00170816,0.01905078,0.02075472,0.09622642,0.01734261,0.0754717
S0,R1,100,125,25,45,0.00170825,0.02574466,0.0,0.11949686,0.02403641,0.11949686
S0,R1,100,105,5,46,0.0015486,0.00209239,0.00754717,0.02641509,0.00054379,0.01886792
S0,R1,100,110,10,46,0.00142252,0.0065204,0.01698113,0.06981132,0.00509788,0.05283019
S0,R1,100,115,15,46,0.00149721,0.0136584,0.00566038,0.09150943,0.01216119,0.08584906
S0,R1,100,120,20,46,0.00192862,0.01905078,0.01698113,0.09622642,0.01712216,0.07924528
S0,R1,100,125,25,46,0.00186719,0.02574466,0.0,0.11949686,0.02387747,0.11949686
S0,R1,100,105,5,47,0.00148729,0.00209239,0.01509434,0.02641509,0.0006051,0.01132075
S0,R1,100,110,10,47,0.00139865,0.0065204,0.01698113,0.06981132,0.00512175,0.05283019
S0,R1,100,115,15,47,0.00140235,0.0136584,0.00377358,0.09150943,0.01225605,0.08773585
S0,R1,100,120,20,47,0.00160058,0.01905078,0.01509434,0.09622642,0.0174502,0.08113208
S0,R1,100,125,25,47,0.00198992,0.02574466,0.0,0.11949686,0.02375475,0.11949686
S0,R1,100,105,5,48,0.00154982,0.00209239,0.01509434,0.02641509,0.00054258,0.01132075
S0,R1,100,110,10,48,0.001534,0.0065204,0.02075472,0.06981132,0.0049864,0.0490566
S0,R1,100,115,15,48,0.00140357,0.0136584,0.00377358,0.09150943,0.01225484,0.08773585
S0,R1,100,120,20,48,0.00155308,0.01905078,0.00943396,0.09622642,0.0174977,0.08679245
S0,R1,100,125,25,48,0.00192746,0.02574466,0.00566038,0.11949686,0.02381721,0.11383648
S0,R1,100,105,5,49,0.00147176,0.00209239,0.02264151,0.02641509,0.00062064,0.00377358
S0,R1,100,110,10,49,0.0015027,0.0065204,0.00754717,0.06981132,0.0050177,0.06226415
S0,R1,100,115,15,49,0.00144195,0.0136584,0.00566038,0.09150943,0.01221645,0.08584906
S0,R1,100,120,20,49,0.00151088,0.01905078,0.01509434,0.09622642,0.0175399,0.08113208
S0,R1,100,125,25,49,0.00167484,0.02574466,0.0,0.11949686,0.02406983,0.11949686
S0,R1,100,105,5,50,0.00157463,0.00209239,0.01320755,0.02641509,0.00051777,0.01320755
S0,R1,100,110,10,50,0.00145822,0.0065204,0.01509434,0.06981132,0.00506219,0.05471698
S0,R1,100,115,15,50,0.00155342,0.0136584,0.01320755,0.09150943,0.01210498,0.07830189
S0,R1,100,120,20,50,0.00172295,0.01905078,0.01698113,0.09622642,0.01732782,0.07924528
S0,R1,100,125,25,50,0.00178327,0.02574466,0.00377358,0.11949686,0.0239614,0.11572327
S0,R1,100,105,5,51,0.0015341,0.00209239,0.01886792,0.02641509,0.0005583,0.00754717
S0,R1,100,110,10,51,0.0015175,0.0065204,0.01509434,0.06981132,0.0050029,0.05471698
S0,R1,100,115,15,51,0.00137446,0.0136584,0.00377358,0.09150943,0.01228394,0.08773585
S0,R1,100,120,20,51,0.00167281,0.01905078,0.01320755,0.09622642,0.01737797,0.08301887
S0,R1,100,125,25,51,0.00282064,0.02574466,0.01132075,0.11949686,0.02292402,0.1081761
S0,R1,100,105,5,52,0.00147874,0.00209239,0.01698113,0.02641509,0.00061366,0.00943396
S0,R1,100,110,10,52,0.00138022,0.0065204,0.01886792,0.06981132,0.00514018,0.0509434
S0,R1,100,115,15,52,0.00160744,0.0136584,0.00377358,0.09150943,0.01205096,0.08773585
S0,R1,100,120,20,52,0.00187306,0.01905078,0.01509434,0.09622642,0.01717771,0.08113208
S0,R1,100,125,25,52,0.00197815,0.02574466,0.00566038,0.11949686,0.02376651,0.11383648
S0,R1,100,105,5,53,0.00150621,0.00209239,0.00377358,0.02641509,0.00058618,0.02264151
S0,R1,100,110,10,53,0.00139438,0.0065204,0.02075472,0.06981132,0.00512602,0.0490566
S0,R1,100,115,15,53,0.00141792,0.0136584,0.01320755,0.09150943,0.01224048,0.07830189
S0,R1,100,120,20,53,0.00152272,0.01905078,0.01698113,0.09622642,0.01752806,0.07924528
S0,R1,100,125,25,53,0.00210598,0.02574466,0.00754717,0.11949686,0.02363868,0.11194969
S0,R1,100,105,5,54,0.00140351,0.00209239,0.01698113,0.02641509,0.00068889,0.00943396
S0,R1,100,110,10,54,0.00141535,0.0065204,0.01132075,0.06981132,0.00510505,0.05849057
S0,R1,100,115,15,54,0.00149743,0.0136584,0.00943396,0.09150943,0.01216097,0.08207547
S0,R1,100,120,20,54,0.00181267,0.01905078,0.01132075,0.09622642,0.0172381,0.08490566
S0,R1,100,125,25,54,0.00179363,0.02574466,0.00377358,0.11949686,0.02395103,0.11572327
S0,R1,100,105,5,55,0.00147112,0.00209239,0.01509434,0.02641509,0.00062127,0.01132075
S0,R1,100,110,10,55,0.00148946,0.0065204,0.0245283,0.06981132,0.00503094,0.04528302
S0,R1,100,115,15,55,0.00145056,0.0136584,0.00377358,0.09150943,0.01220784,0.08773585
S0,R1,100,120,20,55,0.00184659,0.01905078,0.01698113,0.09622642,0.01720419,0.07924528
S0,R1,100,125,25,55,0.00238427,0.02574466,0.00943396,0.11949686,0.02336039,0.11006289
S0,R1,100,105,5,56,0.00135512,0.00209239,0.00377358,0.02641509,0.00073727,0.02264151
S0,R1,100,110,10,56,0.00169262,0.0065204,0.01509434,0.06981132,0.00482778,0.05471698
S0,R1,100,115,15,56,0.00142362,0.0136584,0.00754717,0.09150943,0.01223478,0.08396226
S0,R1,100,120,20,56,0.00167642,0.01905078,0.00754717,0.09622642,0.01737435,0.08867925
S0,R1,100,125,25,56,0.0021223,0.02574466,0.00566038,0.11949686,0.02362236,0.11383648
S0,R1,100,105,5,57,0.0015894,0.00209239,0.01132075,0.02641509,0.00050299,0.01509434
S0,R1,100,110,10,57,0.00163741,0.0065204,0.03018868,0.06981132,0.00488299,0.03962264
S0,R1,100,115,15,57,0.00143558,0.0136584,0.00754717,0.09150943,0.01222282,0.08396226
S0,R1,100,120,20,57,0.00155884,0.01905078,0.01320755,0.09622642,0.01749194,0.08301887
S0,R1,100,125,25,57,0.00193808,0.02574466,0.00377358,0.11949686,0.02380658,0.11572327
S0,R1,100,105,5,58,0.0013792,0.00209239,0.00943396,0.02641509,0.0007132,0.01698113
S0,R1,100,110,10,58,0.00145282,0.0065204,0.03018868,0.06981132,0.00506758,0.03962264
S0,R1,100,115,15,58,0.00151781,0.0136584,0.01320755,0.09150943,0.01214059,0.07830189
S0,R1,100,120,20,58,0.00204634,0.01905078,0.01320755,0.09622642,0.01700443,0.08301887
S0,R1,100,125,25,58,0.00177087,0.02574466,0.00377358,0.11949686,0.0239738,0.11572327
S0,R1,100,105,5,59,0.00160785,0.00209239,0.01509434,0.02641509,0.00048454,0.01132075
S0,R1,100,110,10,59,0.00142565,0.0065204,0.02075472,0.06981132,0.00509475,0.0490566
S0,R1,100,115,15,59,0.00145097,0.0136584,0.01132075,0.09150943,0.01220743,0.08018868
S0,R1,100,120,20,59,0.0016047,0.01905078,0.01132075,0.09622642,0.01744608,0.08490566
S0,R1,100,125,25,59,0.00173551,0.02574466,0.00377358,0.11949686,0.02400915,0.11572327
S0,R1,100,105,5,60,0.00155932,0.00209239,0.02264151,0.02641509,0.00053307,0.00377358
S0,R1,100,110,10,60,0.00146832,0.0065204,0.01509434,0.06981132,0.00505209,0.05471698
S0,R1,100,115,15,60,0.00154399,0.0136584,0.00943396,0.09150943,0.01211441,0.08207547
S0,R1,100,120,20,60,0.00159613,0.01905078,0.00377358,0.09622642,0.01745465,0.09245283
S0,R1,100,125,25,60,0.00175047,0.02574466,0.0,0.11949686,0.02399419,0.11949686
S0,R1,100,105,5,61,0.00142837,0.00209239,0.02075472,0.02641509,0.00066402,0.00566038
S0,R1,100,110,10,61,0.00167031,0.0065204,0.01509434,0.06981132,0.00485009,0.05471698
S0,R1,100,115,15,61,0.00145719,0.0136584,0.01509434,0.09150943,0.01220121,0.07641509
S0,R1,100,120,20,61,0.00164495,0.01905078,0.00943396,0.09622642,0.01740582,0.08679245
S0,R1,100,125,25,61,0.00168719,0.02574466,0.0,0.11949686,0.02405747,0.11949686
S0,R1,100,105,5,62,0.00142196,0.00209239,0.00377358,0.02641509,0.00067043,0.02264151
S0,R1,100,110,10,62,0.00148408,0.0065204,0.02264151,0.06981132,0.00503632,0.04716981
S0,R1,100,115,15,62,0.00163605,0.0136584,0.00377358,0.09150943,0.01202235,0.08773585
S0,R1,100,120,20,62,0.00170602,0.01905078,0.01320755,0.09622642,0.01734475,0.08301887
S0,R1,100,125,25,62,0.00184586,0.02574466,0.00377358,0.11949686,0.02389881,0.11572327
S0,R1,100,105,5,63,0.00158942,0.00209239,0.02075472,0.02641509,0.00050297,0.00566038
S0,R1,100,110,10,63,0.00156111,0.0065204,0.01509434,0.06981132,0.00495929,0.05471698
S0,R1,100,115,15,63,0.00157486,0.0136584,0.00566038,0.09150943,0.01208354,0.08584906
S0,R1,100,120,20,63,0.00199359,0.01905078,0.02264151,0.09622642,0.01705719,0.07358491
S0,R1,100,125,25,63,0.00196177,0.02574466,0.00377358,0.11949686,0.02378289,0.11572327
S0,R1,100,105,5,64,0.00138553,0.00209239,0.01320755,0.02641509,0.00070687,0.01320755
S0,R1,100,110,10,64,0.00141477,0.0065204,0.01320755,0.06981132,0.00510564,0.05660377
S0,R1,100,115,15,64,0.00149488,0.0136584,0.00754717,0.09150943,0.01216352,0.08396226
S0,R1,100,120,20,64,0.0018154,0.01905078,0.01320755,0.09622642,0.01723537,0.08301887
S0,R1,100,125,25,64,0.00188084,0.02574466,0.00377358,0.11949686,0.02386382,0.11572327
S0,R1,100,105,5,65,0.00149412,0.00209239,0.01132075,0.02641509,0.00059827,0.01509434
S0,R1,100,110,10,65,0.00137996,0.0065204,0.01698113,0.06981132,0.00514045,0.05283019
S0,R1,100,115,15,65,0.00141558,0.0136584,0.01320755,0.09150943,0.01224282,0.07830189
S0,R1,100,120,20,65,0.00173233,0.01905078,0.01320755,0.09622642,0.01731844,0.08301887
S0,R1,100,125,25,65,0.00206571,0.02574466,0.00377358,0.11949686,0.02367895,0.11572327
S0,R1,100,105,5,66,0.0014938,0.00209239,0.01886792,0.02641509,0.00059859,0.00754717
S0,R1,100,110,10,66,0.00137144,0.0065204,0.01320755,0.06981132,0.00514896,0.05660377
S0,R1,100,115,15,66,0.0015133,0.0136584,0.01886792,0.09150943,0.0121451,0.07264151
S0,R1,100,120,20,66,0.00142613,0.01905078,0.01509434,0.09622642,0.01762465,0.08113208
S0,R1,100,125,25,66,0.00186984,0.02574466,0.00377358,0.11949686,0.02387482,0.11572327
S0,R1,100,105,5,67,0.00137134,0.00209239,0.01698113,0.02641509,0.00072105,0.00943396
S0,R1,100,110,10,67,0.00139409,0.0065204,0.01320755,0.06981132,0.00512631,0.05660377
S0,R1,100,115,15,67,0.0014947,0.0136584,0.00377358,0.09150943,0.0121637,0.08773585
S0,R1,100,120,20,67,0.0017286,0.01905078,0.01509434,0.09622642,0.01732218,0.08113208
S0,R1,100,125,25,67,0.00214042,0.02574466,0.00377358,0.11949686,0.02360425,0.11572327
S0,R1,100,105,5,68,0.00137585,0.00209239,0.00943396,0.02641509,0.00071654,0.01698113
S0,R1,100,110,10,68,0.00148441,0.0065204,0.02264151,0.06981132,0.00503599,0.04716981
S0,R1,100,115,15,68,0.00158961,0.0136584,0.01132075,0.09150943,0.01206879,0.08018868
S0,R1,100,120,20,68,0.00185096,0.01905078,0.01698113,0.09622642,0.01719982,0.07924528
S0,R1,100,125,25,68,0.00175677,0.02574466,0.0,0.11949686,0.02398789,0.11949686
S0,R1,100,105,5,69,0.00147183,0.00209239,0.00754717,0.02641509,0.00062056,0.01886792
S0,R1,100,110,10,69,0.00153732,0.0065204,0.0245283,0.06981132,0.00498308,0.04528302
S0,R1,100,115,15,69,0.00150805,0.0136584,0.00943396,0.09150943,0.01215035,0.08207547
S0,R1,100,120,20,69,0.00144225,0.01905078,0.01698113,0.09622642,0.01760852,0.07924528
S0,R1,100,125,25,69,0.00198526,0.02574466,0.00377358,0.11949686,0.0237594,0.11572327
S0,R1,100,105,5,70,0.0014549,0.00209239,0.00943396,0.02641509,0.00063749,0.01698113
S0,R1,100,110,10,70,0.00154017,0.0065204,0.01698113,0.06981132,0.00498023,0.05283019
S0,R1,100,115,15,70,0.00124676,0.0136584,0.00943396,0.09150943,0.01241164,0.08207547
S0,R1,100,120,20,70,0.00182032,0.01905078,0.01509434,0.09622642,0.01723046,0.08113208
S0,R1,100,125,25,70,0.00175161,0.02574466,0.0,0.11949686,0.02399305,0.11949686
S0,R1,100,105,5,71,0.0015048,0.00209239,0.02264151,0.02641509,0.00058759,0.00377358
S0,R1,100,110,10,71,0.00147911,0.0065204,0.01886792,0.06981132,0.00504129,0.0509434
S0,R1,100,115,15,71,0.00191675,0.0136584,0.01132075,0.09150943,0.01174165,0.08018868
S0,R1,100,120,20,71,0.00129732,0.01905078,0.00566038,0.09622642,0.01775345,0.09056604
S0,R1,100,125,25,71,0.00288725,0.02574466,0.00566038,0.11949686,0.02285741,0.11383648
S0,R1,100,105,5,72,0.00148748,0.00209239,0.02264151,0.02641509,0.00060491,0.00377358
S0,R1,100,110,10,72,0.00137707,0.0065204,0.01509434,0.06981132,0.00514333,0.05471698
S0,R1,100,115,15,72,0.00155882,0.0136584,0.00566038,0.09150943,0.01209958,0.08584906
S0,R1,100,120,20,72,0.001761,0.01905078,0.01698113,0.09622642,0.01728977,0.07924528
S0,R1,100,125,25,72,0.00193467,0.02574466,0.00377358,0.11949686,0.02380999,0.11572327
S0,R1,100,105,5,73,0.00146424,0.00209239,0.00754717,0.02641509,0.00062815,0.01886792
S0,R1,100,110,10,73,0.00141179,0.0065204,0.0245283,0.06981132,0.00510861,0.04528302
S0,R1,100,115,15,73,0.00142841,0.0136584,0.00377358,0.09150943,0.01222999,0.08773585
S0,R1,100,120,20,73,0.00164065,0.01905078,0.00943396,0.09622642,0.01741012,0.08679245
S0,R1,100,125,25,73,0.00174724,0.02574466,0.00566038,0.11949686,0.02399742,0.11383648
S0,R1,100,105,5,74,0.0015245,0.00209239,0.02264151,0.02641509,0.0005679,0.00377358
S0,R1,100,110,10,74,0.00148525,0.0065204,0.02264151,0.06981132,0.00503515,0.04716981
S0,R1,100,115,15,74,0.00150295,0.0136584,0.00377358,0.09150943,0.01215545,0.08773585
S0,R1,100,120,20,74,0.00207253,0.01905078,0.01509434,0.09622642,0.01697825,0.08113208
S0,R1,100,125,25,74,0.00245166,0.02574466,0.00943396,0.11949686,0.02329301,0.11006289
S0,R1,100,105,5,75,0.00140624,0.00209239,0.01698113,0.02641509,0.00068615,0.00943396
S0,R1,100,110,10,75,0.0015603,0.0065204,0.01320755,0.06981132,0.0049601,0.05660377
S0,R1,100,115,15,75,0.00152273,0.0136584,0.00566038,0.09150943,0.01213567,0.08584906
S0,R1,100,120,20,75,0.0017991,0.01905078,0.01509434,0.09622642,0.01725168,0.08113208
S0,R1,100,125,25,75,0.00224644,0.02574466,0.00754717,0.11949686,0.02349822,0.11194969
S0,R1,100,105,5,76,0.00140937,0.00209239,0.01320755,0.02641509,0.00068303,0.01320755
S0,R1,100,110,10,76,0.00152567,0.0065204,0.01320755,0.06981132,0.00499473,0.05660377
S0,R1,100,115,15,76,0.00164965,0.0136584,0.00566038,0.09150943,0.01200875,0.08584906
S0,R1,100,120,20,76,0.00205844,0.01905078,0.01509434,0.09622642,0.01699234,0.08113208
S0,R1,100,125,25,76,0.00222753,0.02574466,0.00377358,0.11949686,0.02351714,0.11572327
S0,R1,100,105,5,77,0.00151701,0.00209239,0.00754717,0.02641509,0.00057539,0.01886792
S0,R1,100,110,10,77,0.00153985,0.0065204,0.03018868,0.06981132,0.00498055,0.03962264
S0,R1,100,115,15,77,0.00160728,0.0136584,0.00377358,0.09150943,0.01205112,0.08773585
S0,R1,100,120,20,77,0.00201837,0.01905078,0.01886792,0.09622642,0.0170324,0.07735849
S0,R1,100,125,25,77,0.00202436,0.02574466,0.00754717,0.11949686,0.02372031,0.11194969
S0,R1,100,105,5,78,0.00152745,0.00209239,0.02641509,0.02641509,0.00056495,0.0
S0,R1,100,110,10,78,0.00145227,0.0065204,0.02264151,0.06981132,0.00506813,0.04716981
S0,R1,100,115,15,78,0.00173597,0.0136584,0.01509434,0.09150943,0.01192243,0.07641509
S0,R1,100,120,20,78,0.00185734,0.01905078,0.01320755,0.09622642,0.01719344,0.08301887
S0,R1,100,125,25,78,0.00284109,0.02574466,0.00377358,0.11949686,0.02290357,0.11572327
S0,R1,100,105,5,79,0.00153352,0.00209239,0.02264151,0.02641509,0.00055888,0.00377358
S0,R1,100,110,10,79,0.00141586,0.0065204,0.01509434,0.06981132,0.00510454,0.05471698
S0,R1,100,115,15,79,0.00153289,0.0136584,0.00943396,0.09150943,0.01212551,0.08207547
S0,R1,100,120,20,79,0.00147008,0.01905078,0.01886792,0.09622642,0.0175807,0.07735849
S0,R1,100,125,25,79,0.00212985,0.02574466,0.00377358,0.11949686,0.02361481,0.11572327
S0,R1,100,105,5,80,0.00149193,0.00209239,0.01320755,0.02641509,0.00060047,0.01320755
S0,R1,100,110,10,80,0.00149615,0.0065204,0.01886792,0.06981132,0.00502425,0.0509434
S0,R1,100,115,15,80,0.00140058,0.0136584,0.00943396,0.09150943,0.01225782,0.08207547
S0,R1,100,120,20,80,0.00156049,0.01905078,0.01698113,0.09622642,0.01749028,0.07924528
S0,R1,100,125,25,80,0.00166641,0.02574466,0.0,0.11949686,0.02407825,0.11949686
S0,R1,100,105,5,81,0.00149163,0.00209239,0.01320755,0.02641509,0.00060077,0.01320755
S0,R1,100,110,10,81,0.00140113,0.0065204,0.0245283,0.06981132,0.00511927,0.04528302
S0,R1,100,115,15,81,0.00157118,0.0136584,0.00377358,0.09150943,0.01208722,0.08773585
S0,R1,100,120,20,81,0.00176605,0.01905078,0.01886792,0.09622642,0.01728473,0.07735849
S0,R1,100,125,25,81,0.00201661,0.02574466,0.00566038,0.11949686,0.02372806,0.11383648
S0,R1,100,105,5,82,0.00143157,0.00209239,0.01698113,0.02641509,0.00066083,0.00943396
S0,R1,100,110,10,82,0.00140885,0.0065204,0.02075472,0.06981132,0.00511155,0.0490566
S0,R1,100,115,15,82,0.0015753,0.0136584,0.01132075,0.09150943,0.0120831,0.08018868
S0,R1,100,120,20,82,0.00172732,0.01905078,0.02075472,0.09622642,0.01732345,0.0754717
S0,R1,100,125,25,82,0.00210821,0.02574466,0.00943396,0.11949686,0.02363645,0.11006289
S0,R1,100,105,5,83,0.00152356,0.00209239,0.02075472,0.02641509,0.00056884,0.00566038
S0,R1,100,110,10,83,0.00149001,0.0065204,0.02641509,0.06981132,0.00503039,0.04339623
S0,R1,100,115,15,83,0.00145481,0.0136584,0.00754717,0.09150943,0.01220359,0.08396226
S0,R1,100,120,20,83,0.00185799,0.01905078,0.01886792,0.09622642,0.01719279,0.07735849
S0,R1,100,125,25,83,0.00168486,0.02574466,0.00566038,0.11949686,0.0240598,0.11383648
S0,R1,100,105,5,84,0.00162001,0.00209239,0.01320755,0.02641509,0.00047238,0.01320755
S0,R1,100,110,10,84,0.00145714,0.0065204,0.03396226,0.06981132,0.00506327,0.03584906
S0,R1,100,115,15,84,0.0014604,0.0136584,0.01132075,0.09150943,0.012198,0.08018868
S0,R1,100,120,20,84,0.00174525,0.01905078,0.01886792,0.09622642,0.01730552,0.07735849
S0,R1,100,125,25,84,0.00144281,0.02574466,0.00377358,0.11949686,0.02430185,0.11572327
S0,R1,100,105,5,85,0.00161933,0.00209239,0.00754717,0.02641509,0.00047307,0.01886792
S0,R1,100,110,10,85,0.00133242,0.0065204,0.02075472,0.06981132,0.00518798,0.0490566
S0,R1,100,115,15,85,0.0015001,0.0136584,0.00377358,0.09150943,0.0121583,0.08773585
S0,R1,100,120,20,85,0.00190488,0.01905078,0.01698113,0.09622642,0.0171459,0.07924528
S0,R1,100,125,25,85,0.00176033,0.02574466,0.0,0.11949686,0.02398433,0.11949686
S0,R1,100,105,5,86,0.0015906,0.00209239,0.02641509,0.02641509,0.00050179,0.0
S0,R1,100,110,10,86,0.00153271,0.0065204,0.01886792,0.06981132,0.00498769,0.0509434
S0,R1,100,115,15,86,0.001418,0.0136584,0.01132075,0.09150943,0.0122404,0.08018868
S0,R1,100,120,20,86,0.00204867,0.01905078,0.00754717,0.09622642,0.01700211,0.08867925
S0,R1,100,125,25,86,0.00240757,0.02574466,0.01320755,0.11949686,0.02333709,0.10628931
S0,R1,100,105,5,87,0.00155298,0.00209239,0.01320755,0.02641509,0.00053942,0.01320755
S0,R1,100,110,10,87,0.00148814,0.0065204,0.0245283,0.06981132,0.00503226,0.04528302
S0,R1,100,115,15,87,0.00155122,0.0136584,0.00566038,0.09150943,0.01210718,0.08584906
S0,R1,100,120,20,87,0.00160958,0.01905078,0.01886792,0.09622642,0.0174412,0.07735849
S0,R1,100,125,25,87,0.00180079,0.02574466,0.00377358,0.11949686,0.02394387,0.11572327
S0,R1,100,105,5,88,0.00147194,0.00209239,0.01320755,0.02641509,0.00062046,0.01320755
S0,R1,100,110,10,88,0.00136768,0.0065204,0.01886792,0.06981132,0.00515272,0.0509434
S0,R1,100,115,15,88,0.00165174,0.0136584,0.0,0.09150943,0.01200666,0.09150943
S0,R1,100,120,20,88,0.00157318,0.01905078,0.01698113,0.09622642,0.01747759,0.07924528
S0,R1,100,125,25,88,0.0018279,0.02574466,0.0,0.11949686,0.02391676,0.11949686
S0,R1,100,105,5,89,0.00147003,0.00209239,0.00943396,0.02641509,0.00062237,0.01698113
S0,R1,100,110,10,89,0.00152459,0.0065204,0.01886792,0.06981132,0.00499581,0.0509434
S0,R1,100,115,15,89,0.00154066,0.0136584,0.00943396,0.09150943,0.01211774,0.08207547
S0,R1,100,120,20,89,0.00149717,0.01905078,0.01886792,0.09622642,0.0175536,0.07735849
S0,R1,100,125,25,89,0.00146882,0.02574466,0.0,0.11949686,0.02427584,0.11949686
S0,R1,100,105,5,90,0.0013534,0.00209239,0.01509434,0.02641509,0.000739,0.01132075
S0,R1,100,110,10,90,0.00157499,0.0065204,0.0245283,0.06981132,0.00494541,0.04528302
S0,R1,100,115,15,90,0.00154989,0.0136584,0.00754717,0.09150943,0.01210851,0.08396226
S0,R1,100,120,20,90,0.00143261,0.01905078,0.01320755,0.09622642,0.01761817,0.08301887
S0,R1,100,125,25,90,0.00188298,0.02574466,0.0,0.11949686,0.02386168,0.11949686
S0,R1,100,105,5,91,0.00147606,0.00209239,0.01320755,0.02641509,0.00061633,0.01320755
S0,R1,100,110,10,91,0.0016157,0.0065204,0.02075472,0.06981132,0.0049047,0.0490566
S0,R1,100,115,15,91,0.00143515,0.0136584,0.00377358,0.09150943,0.01222325,0.08773585
S0,R1,100,120,20,91,0.00181121,0.01905078,0.01698113,0.09622642,0.01723956,0.07924528
S0,R1,100,125,25,91,0.00143134,0.02574466,0.0,0.11949686,0.02431332,0.11949686
S0,R1,100,105,5,92,0.0013376,0.00209239,0.02075472,0.02641509,0.00075479,0.00566038
S0,R1,100,110,10,92,0.00130064,0.0065204,0.01886792,0.06981132,0.00521976,0.0509434
S0,R1,100,115,15,92,0.00172034,0.0136584,0.00566038,0.09150943,0.01193806,0.08584906
S0,R1,100,120,20,92,0.00156578,0.01905078,0.00566038,0.09622642,0.01748499,0.09056604
S0,R1,100,125,25,92,0.00151956,0.02574466,0.0,0.11949686,0.02422511,0.11949686
S0,R1,100,105,5,93,0.00145246,0.00209239,0.01698113,0.02641509,0.00063993,0.00943396
S0,R1,100,110,10,93,0.00156408,0.0065204,0.01698113,0.06981132,0.00495632,0.05283019
S0,R1,100,115,15,93,0.00136728,0.0136584,0.00566038,0.09150943,0.01229112,0.08584906
S0,R1,100,120,20,93,0.00165451,0.01905078,0.00943396,0.09622642,0.01739627,0.08679245
S0,R1,100,125,25,93,0.00201977,0.02574466,0.00377358,0.11949686,0.0237249,0.11572327
S0,R1,100,105,5,94,0.00148658,0.00209239,0.01132075,0.02641509,0.00060581,0.01509434
S0,R1,100,110,10,94,0.00138873,0.0065204,0.03396226,0.06981132,0.00513167,0.03584906
S0,R1,100,115,15,94,0.0016541,0.0136584,0.01132075,0.09150943,0.0120043,0.08018868
S0,R1,100,120,20,94,0.00153131,0.01905078,0.01132075,0.09622642,0.01751946,0.08490566
S0,R1,100,125,25,94,0.00208459,0.02574466,0.00377358,0.11949686,0.02366007,0.11572327
S0,R1,100,105,5,95,0.00144595,0.00209239,0.02075472,0.02641509,0.00064644,0.00566038
S0,R1,100,110,10,95,0.00157024,0.0065204,0.01320755,0.06981132,0.00495016,0.05660377
S0,R1,100,115,15,95,0.00137638,0.0136584,0.00377358,0.09150943,0.01228202,0.08773585
S0,R1,100,120,20,95,0.0017009,0.01905078,0.01698113,0.09622642,0.01734988,0.07924528
S0,R1,100,125,25,95,0.00206131,0.02574466,0.00377358,0.11949686,0.02368335,0.11572327
S0,R1,100,105,5,96,0.00155074,0.00209239,0.01320755,0.02641509,0.00054165,0.01320755
S0,R1,100,110,10,96,0.00146019,0.0065204,0.01132075,0.06981132,0.00506021,0.05849057
S0,R1,100,115,15,96,0.00141701,0.0136584,0.01698113,0.09150943,0.01224139,0.0745283
S0,R1,100,120,20,96,0.00167066,0.01905078,0.00566038,0.09622642,0.01738012,0.09056604
S0,R1,100,125,25,96,0.00200527,0.02574466,0.01132075,0.11949686,0.0237394,0.1081761
S0,R1,100,105,5,97,0.00151694,0.00209239,0.00943396,0.02641509,0.00057545,0.01698113
S0,R1,100,110,10,97,0.00145077,0.0065204,0.02264151,0.06981132,0.00506963,0.04716981
S0,R1,100,115,15,97,0.00144409,0.0136584,0.00754717,0.09150943,0.01221431,0.08396226
S0,R1,100,120,20,97,0.00196062,0.01905078,0.01509434,0.09622642,0.01709016,0.08113208
S0,R1,100,125,25,97,0.00178132,0.02574466,0.00377358,0.11949686,0.02396334,0.11572327
S0,R1,100,105,5,98,0.00143756,0.00209239,0.01698113,0.02641509,0.00065484,0.00943396
S0,R1,100,110,10,98,0.00142897,0.0065204,0.01698113,0.06981132,0.00509143,0.05283019
S0,R1,100,115,15,98,0.00155673,0.0136584,0.00943396,0.09150943,0.01210167,0.08207547
S0,R1,100,120,20,98,0.00200966,0.01905078,0.02075472,0.09622642,0.01704111,0.0754717
S0,R1,100,125,25,98,0.001677,0.02574466,0.00377358,0.11949686,0.02406766,0.11572327
S0,R1,100,105,5,99,0.00150656,0.00209239,0.00943396,0.02641509,0.00058583,0.01698113
S0,R1,100,110,10,99,0.00140781,0.0065204,0.0245283,0.06981132,0.00511259,0.04528302
S0,R1,100,115,15,99,0.0015031,0.0136584,0.00754717,0.09150943,0.0121553,0.08396226
S0,R1,100,120,20,99,0.0018816,0.01905078,0.01509434,0.09622642,0.01716918,0.08113208
S0,R1,100,125,25,99,0.00165665,0.02574466,0.0,0.11949686,0.02408801,0.11949686
S0,R1,100,105,5,100,0.00141994,0.00209239,0.01886792,0.02641509,0.00067245,0.00754717
S0,R1,100,110,10,100,0.00145634,0.0065204,0.02641509,0.06981132,0.00506406,0.04339623
S0,R1,100,115,15,100,0.00162777,0.0136584,0.00943396,0.09150943,0.01203063,0.08207547
S0,R1,100,120,20,100,0.0017528,0.01905078,0.01698113,0.09622642,0.01729798,0.07924528
S0,R1,100,125,25,100,0.00172491,0.02574466,0.0,0.11949686,0.02401975,0.11949686
S0,R1,100,105,5,101,0.00145254,0.00209239,0.00754717,0.02641509,0.00063985,0.01886792
S0,R1,100,110,10,101,0.00148412,0.0065204,0.01886792,0.06981132,0.00503628,0.0509434
S0,R1,100,115,15,101,0.00152756,0.0136584,0.01320755,0.09150943,0.01213084,0.07830189
S0,R1,100,120,20,101,0.00169061,0.01905078,0.02075472,0.09622642,0.01736017,0.0754717
S0,R1,100,125,25,101,0.00211037,0.02574466,0.00377358,0.11949686,0.02363429,0.11572327
S0,R1,100,105,5,102,0.00144386,0.00209239,0.01320755,0.02641509,0.00064853,0.01320755
S0,R1,100,110,10,102,0.00153027,0.0065204,0.01886792,0.06981132,0.00499014,0.0509434
S0,R1,100,115,15,102,0.00148009,0.0136584,0.00943396,0.09150943,0.01217831,0.08207547
S0,R1,100,120,20,102,0.00162376,0.01905078,0.00943396,0.09622642,0.01742701,0.08679245
S0,R1,100,125,25,102,0.00169192,0.02574466,0.00377358,0.11949686,0.02405274,0.11572327
S0,R1,100,105,5,103,0.00145174,0.00209239,0.01698113,0.02641509,0.00064066,0.00943396
S0,R1,100,110,10,103,0.00144255,0.0065204,0.01886792,0.06981132,0.00507785,0.0509434
S0,R1,100,115,15,103,0.00152137,0.0136584,0.00566038,0.09150943,0.01213703,0.08584906
S0,R1,100,120,20,103,0.0018985,0.01905078,0.01698113,0.09622642,0.01715228,0.07924528
S0,R1,100,125,25,103,0.0025601,0.02574466,0.00943396,0.11949686,0.02318456,0.11006289
S0,R1,100,105,5,104,0.00128147,0.00209239,0.01509434,0.02641509,0.00081092,0.01132075
S0,R1,100,110,10,104,0.0013929,0.0065204,0.01886792,0.06981132,0.0051275,0.0509434
S0,R1,100,115,15,104,0.0014725,0.0136584,0.01320755,0.09150943,0.0121859,0.07830189
S0,R1,100,120,20,104,0.00172351,0.01905078,0.01320755,0.09622642,0.01732727,0.08301887
S0,R1,100,125,25,104,0.00193981,0.02574466,0.0,0.11949686,0.02380485,0.11949686
S0,R1,100,105,5,105,0.00134838,0.00209239,0.01509434,0.02641509,0.00074401,0.01132075
S0,R1,100,110,10,105,0.00144644,0.0065204,0.02830189,0.06981132,0.00507396,0.04150943
S0,R1,100,115,15,105,0.00159235,0.0136584,0.01698113,0.09150943,0.01206605,0.0745283
S0,R1,100,120,20,105,0.00164667,0.01905078,0.01509434,0.09622642,0.0174041,0.08113208
S0,R1,100,125,25,105,0.00181873,0.02574466,0.0,0.11949686,0.02392593,0.11949686
S0,R1,100,105,5,106,0.0015589,0.00209239,0.01698113,0.02641509,0.0005335,0.00943396
S0,R1,100,110,10,106,0.00150727,0.0065204,0.01509434,0.06981132,0.00501313,0.05471698
S0,R1,100,115,15,106,0.00145684,0.0136584,0.00377358,0.09150943,0.01220156,0.08773585
S0,R1,100,120,20,106,0.00168029,0.01905078,0.01320755,0.09622642,0.01737049,0.08301887
S0,R1,100,125,25,106,0.00205366,0.02574466,0.00377358,0.11949686,0.023691,0.11572327
S0,R1,100,105,5,107,0.00142269,0.00209239,0.01886792,0.02641509,0.00066971,0.00754717
S0,R1,100,110,10,107,0.00138906,0.0065204,0.03207547,0.06981132,0.00513134,0.03773585
S0,R1,100,115,15,107,0.00162886,0.0136584,0.00754717,0.09150943,0.01202954,0.08396226
S0,R1,100,120,20,107,0.00163589,0.01905078,0.00377358,0.09622642,0.01741488,0.09245283
S0,R1,100,125,25,107,0.001839,0.02574466,0.00943396,0.11949686,0.02390567,0.11006289
S0,R1,100,105,5,108,0.00154357,0.00209239,0.02264151,0.02641509,0.00054882,0.00377358
S0,R1,100,110,10,108,0.00146268,0.0065204,0.01886792,0.06981132,0.00505772,0.0509434
S0,R1,100,115,15,108,0.00157465,0.0136584,0.01320755,0.09150943,0.01208375,0.07830189
S0,R1,100,120,20,108,0.00143666,0.01905078,0.01320755,0.09622642,0.01761411,0.08301887
S0,R1,100,125,25,108,0.0020818,0.02574466,0.0,0.11949686,0.02366286,0.11949686
S0,R1,100,105,5,109,0.00144552,0.00209239,0.01320755,0.02641509,0.00064687,0.01320755
S0,R1,100,110,10,109,0.00152344,0.0065204,0.02075472,0.06981132,0.00499696,0.0490566
S0,R1,100,115,15,109,0.00139955,0.0136584,0.01132075,0.09150943,0.01225885,0.08018868
S0,R1,100,120,20,109,0.00154122,0.01905078,0.00754717,0.09622642,0.01750956,0.08867925
S0,R1,100,125,25,109,0.00209148,0.02574466,0.00377358,0.11949686,0.02365318,0.11572327
S0,R1,100,105,5,110,0.00139849,0.00209239,0.01509434,0.02641509,0.0006939,0.01132075
S0,R1,100,110,10,110,0.00146201,0.0065204,0.01886792,0.06981132,0.00505839,0.0509434
S0,R1,100,115,15,110,0.00125402,0.0136584,0.01320755,0.09150943,0.01240438,0.07830189
S0,R1,100,120,20,110,0.00156993,0.01905078,0.01509434,0.09622642,0.01748085,0.08113208
S0,R1,100,125,25,110,0.00209133,0.02574466,0.00377358,0.11949686,0.02365333,0.11572327
S0,R1,100,105,5,111,0.00148943,0.00209239,0.01509434,0.02641509,0.00060297,0.01132075
S0,R1,100,110,10,111,0.00146898,0.0065204,0.03207547,0.06981132,0.00505142,0.03773585
S0,R1,100,115,15,111,0.00153539,0.0136584,0.00943396,0.09150943,0.01212301,0.08207547
S0,R1,100,120,20,111,0.00154507,0.01905078,0.01509434,0.09622642,0.01750571,0.08113208
S0,R1,100,125,25,111,0.00169937,0.02574466,0.00377358,0.11949686,0.02404529,0.11572327
S0,R1,100,105,5,112,0.00142886,0.00209239,0.00754717,0.02641509,0.00066354,0.01886792
S0,R1,100,110,10,112,0.00136532,0.0065204,0.02075472,0.06981132,0.00515508,0.0490566
S0,R1,100,115,15,112,0.00137036,0.0136584,0.00943396,0.09150943,0.01228804,0.08207547
S0,R1,100,120,20,112,0.00157936,0.01905078,0.01698113,0.09622642,0.01747142,0.07924528
S0,R1,100,125,25,112,0.00169782,0.02574466,0.0,0.11949686,0.02404684,0.11949686
S0,R1,100,105,5,113,0.00148052,0.00209239,0.01320755,0.02641509,0.00061188,0.01320755
S0,R1,100,110,10,113,0.00128429,0.0065204,0.00943396,0.06981132,0.00523611,0.06037736
S0,R1,100,115,15,113,0.00148857,0.0136584,0.00754717,0.09150943,0.01216983,0.08396226
S0,R1,100,120,20,113,0.00182184,0.01905078,0.01320755,0.09622642,0.01722893,0.08301887
S0,R1,100,125,25,113,0.00197147,0.02574466,0.00754717,0.11949686,0.02377319,0.11194969
S0,R1,100,105,5,114,0.00152626,0.00209239,0.01320755,0.02641509,0.00056614,0.01320755
S0,R1,100,110,10,114,0.00155882,0.0065204,0.02264151,0.06981132,0.00496158,0.04716981
S0,R1,100,115,15,114,0.00134089,0.0136584,0.00377358,0.09150943,0.01231751,0.08773585
S0,R1,100,120,20,114,0.00132766,0.01905078,0.01132075,0.09622642,0.01772311,0.08490566
S0,R1,100,125,25,114,0.00193801,0.02574466,0.00754717,0.11949686,0.02380665,0.11194969
S0,R1,100,105,5,115,0.00159209,0.00209239,0.02075472,0.02641509,0.0005003,0.00566038
S0,R1,100,110,10,115,0.00154306,0.0065204,0.02264151,0.06981132,0.00497734,0.04716981
S0,R1,100,115,15,115,0.00140858,0.0136584,0.0,0.09150943,0.01224982,0.09150943
S0,R1,100,120,20,115,0.00174563,0.01905078,0.00754717,0.09622642,0.01730514,0.08867925
S0,R1,100,125,25,115,0.00156749,0.02574466,0.0,0.11949686,0.02417717,0.11949686
S0,R1,100,105,5,116,0.00144471,0.00209239,0.01698113,0.02641509,0.00064768,0.00943396
S0,R1,100,110,10,116,0.00136316,0.0065204,0.01698113,0.06981132,0.00515724,0.05283019
S0,R1,100,115,15,116,0.00136684,0.0136584,0.00566038,0.09150943,0.01229156,0.08584906
S0,R1,100,120,20,116,0.00157992,0.01905078,0.01698113,0.09622642,0.01747085,0.07924528
S0,R1,100,125,25,116,0.00164168,0.02574466,0.0,0.11949686,0.02410298,0.11949686
S0,R1,100,105,5,117,0.00138477,0.00209239,0.01509434,0.02641509,0.00070763,0.01132075
S0,R1,100,110,10,117,0.00140826,0.0065204,0.01509434,0.06981132,0.00511214,0.05471698
S0,R1,100,115,15,117,0.00142712,0.0136584,0.00377358,0.09150943,0.01223128,0.08773585
S0,R1,100,120,20,117,0.00151397,0.01905078,0.01698113,0.09622642,0.01753681,0.07924528
S0,R1,100,125,25,117,0.00176731,0.02574466,0.00377358,0.11949686,0.02397735,0.11572327
S0,R1,100,105,5,118,0.00145339,0.00209239,0.01320755,0.02641509,0.000639,0.01320755
S0,R1,100,110,10,118,0.00145058,0.0065204,0.01698113,0.06981132,0.00506982,0.05283019
S0,R1,100,115,15,118,0.00140082,0.0136584,0.00377358,0.09150943,0.01225758,0.08773585
S0,R1,100,120,20,118,0.00159136,0.01905078,0.01132075,0.09622642,0.01745941,0.08490566
S0,R1,100,125,25,118,0.00223176,0.02574466,0.00377358,0.11949686,0.0235129,0.11572327
S0,R1,100,105,5,119,0.0015331,0.00209239,0.01886792,0.02641509,0.00055929,0.00754717
S0,R1,100,110,10,119,0.00139653,0.0065204,0.02641509,0.06981132,0.00512387,0.04339623
S0,R1,100,115,15,119,0.00149248,0.0136584,0.00377358,0.09150943,0.01216592,0.08773585
S0,R1,100,120,20,119,0.0014988,0.01905078,0.00754717,0.09622642,0.01755198,0.08867925
S0,R1,100,125,25,119,0.00189557,0.02574466,0.00377358,0.11949686,0.02384909,0.11572327
S0,R1,100,105,5,120,0.0014754,0.00209239,0.01886792,0.02641509,0.00061699,0.00754717
S0,R1,100,110,10,120,0.00139113,0.0065204,0.01886792,0.06981132,0.00512927,0.0509434
S0,R1,100,115,15,120,0.00170792,0.0136584,0.00377358,0.09150943,0.01195048,0.08773585
S0,R1,100,120,20,120,0.00170416,0.01905078,0.01320755,0.09622642,0.01734661,0.08301887
S0,R1,100,125,25,120,0.00166264,0.02574466,0.00754717,0.11949686,0.02408202,0.11194969
S0,R1,100,105,5,121,0.00139626,0.00209239,0.01698113,0.02641509,0.00069614,0.00943396
S0,R1,100,110,10,121,0.00143732,0.0065204,0.02641509,0.06981132,0.00508308,0.04339623
S0,R1,100,115,15,121,0.00153327,0.0136584,0.00377358,0.09150943,0.01212513,0.08773585
S0,R1,100,120,20,121,0.00205393,0.01905078,0.01698113,0.09622642,0.01699684,0.07924528
S0,R1,100,125,25,121,0.00167425,0.02574466,0.00377358,0.11949686,0.02407042,0.11572327
S0,R1,100,105,5,122,0.00146052,0.00209239,0.01132075,0.02641509,0.00063187,0.01509434
S0,R1,100,110,10,122,0.00125164,0.0065204,0.01886792,0.06981132,0.00526876,0.0509434
S0,R1,100,115,15,122,0.00143984,0.0136584,0.00566038,0.09150943,0.01221856,0.08584906
S0,R1,100,120,20,122,0.00156643,0.01905078,0.01698113,0.09622642,0.01748434,0.07924528
S0,R1,100,125,25,122,0.00220906,0.02574466,0.00754717,0.11949686,0.0235356,0.11194969
S0,R1,100,105,5,123,0.0013671,0.00209239,0.01886792,0.02641509,0.0007253,0.00754717
S0,R1,100,110,10,123,0.00140323,0.0065204,0.02075472,0.06981132,0.00511717,0.0490566
S0,R1,100,115,15,123,0.00160271,0.0136584,0.00754717,0.09150943,0.01205569,0.08396226
S0,R1,100,120,20,123,0.0016767,0.01905078,0.01698113,0.09622642,0.01737407,0.07924528
S0,R1,100,125,25,123,0.00197139,0.02574466,0.00754717,0.11949686,0.02377327,0.11194969
S0,R1,100,105,5,124,0.00150791,0.00209239,0.01509434,0.02641509,0.00058448,0.01132075
S0,R1,100,110,10,124,0.00160809,0.0065204,0.02264151,0.06981132,0.00491231,0.04716981
S0,R1,100,115,15,124,0.00148012,0.0136584,0.00943396,0.09150943,0.01217828,0.08207547
S0,R1,100,120,20,124,0.00165746,0.01905078,0.01509434,0.09622642,0.01739331,0.08113208
S0,R1,100,125,25,124,0.0018602,0.02574466,0.00377358,0.11949686,0.02388446,0.11572327
S0,R1,100,105,5,125,0.00132284,0.00209239,0.01509434,0.02641509,0.00076956,0.01132075
S0,R1,100,110,10,125,0.00152546,0.0065204,0.02830189,0.06981132,0.00499495,0.04150943
S0,R1,100,115,15,125,0.00130373,0.0136584,0.01509434,0.09150943,0.01235468,0.07641509
S0,R1,100,120,20,125,0.00146198,0.01905078,0.01320755,0.09622642,0.0175888,0.08301887
S0,R1,100,125,25,125,0.00202201,0.02574466,0.00377358,0.11949686,0.02372265,0.11572327
S0,R1,100,105,5,126,0.00142761,0.00209239,0.01509434,0.02641509,0.00066478,0.01132075
S0,R1,100,110,10,126,0.0014371,0.0065204,0.02264151,0.06981132,0.0050833,0.04716981
S0,R1,100,115,15,126,0.00171496,0.0136584,0.01132075,0.09150943,0.01194344,0.08018868
S0,R1,100,120,20,126,0.00157589,0.01905078,0.01509434,0.09622642,0.01747488,0.08113208
S0,R1,100,125,25,126,0.00247498,0.02574466,0.00566038,0.11949686,0.02326968,0.11383648
S0,R1,100,105,5,127,0.0014462,0.00209239,0.01320755,0.02641509,0.0006462,0.01320755
S0,R1,100,110,10,127,0.00160645,0.0065204,0.01698113,0.06981132,0.00491395,0.05283019
S0,R1,100,115,15,127,0.00166246,0.0136584,0.00943396,0.09150943,0.01199594,0.08207547
S0,R1,100,120,20,127,0.00152933,0.01905078,0.00943396,0.09622642,0.01752145,0.08679245
S0,R1,100,125,25,127,0.00199445,0.02574466,0.00754717,0.11949686,0.02375021,0.11194969
S0,R1,100,105,5,128,0.00147674,0.00209239,0.01320755,0.02641509,0.00061565,0.01320755
S0,R1,100,110,10,128,0.00133622,0.0065204,0.01509434,0.06981132,0.00518418,0.05471698
S0,R1,100,115,15,128,0.00134415,0.0136584,0.01320755,0.09150943,0.01231425,0.07830189
S0,R1,100,120,20,128,0.00159545,0.01905078,0.01132075,0.09622642,0.01745533,0.08490566
S0,R1,100,125,25,128,0.00175794,0.02574466,0.0,0.11949686,0.02398672,0.11949686
S0,R1,100,105,5,129,0.00141214,0.00209239,0.01698113,0.02641509,0.00068025,0.00943396
S0,R1,100,110,10,129,0.00135198,0.0065204,0.02264151,0.06981132,0.00516842,0.04716981
S0,R1,100,115,15,129,0.00158051,0.0136584,0.01320755,0.09150943,0.01207789,0.07830189
S0,R1,100,120,20,129,0.00172454,0.01905078,0.01320755,0.09622642,0.01732623,0.08301887
S0,R1,100,125,25,129,0.00221458,0.02574466,0.00754717,0.11949686,0.02353008,0.11194969
S0,R1,100,105,5,130,0.00146021,0.00209239,0.01698113,0.02641509,0.00063218,0.00943396
S0,R1,100,110,10,130,0.00147443,0.0065204,0.01509434,0.06981132,0.00504597,0.05471698
S0,R1,100,115,15,130,0.00147442,0.0136584,0.00943396,0.09150943,0.01218398,0.08207547
S0,R1,100,120,20,130,0.00151187,0.01905078,0.01132075,0.09622642,0.0175389,0.08490566
S0,R1,100,125,25,130,0.00180866,0.02574466,0.00566038,0.11949686,0.02393601,0.11383648
S0,R1,100,105,5,131,0.00144828,0.00209239,0.00754717,0.02641509,0.00064411,0.01886792
S0,R1,100,110,10,131,0.00148568,0.0065204,0.0245283,0.06981132,0.00503472,0.04528302
S0,R1,100,115,15,131,0.00136843,0.0136584,0.00377358,0.09150943,0.01228997,0.08773585
S0,R1,100,120,20,131,0.00166471,0.01905078,0.01509434,0.09622642,0.01738607,0.08113208
S0,R1,100,125,25,131,0.00160441,0.02574466,0.0,0.11949686,0.02414025,0.11949686
S0,R1,100,105,5,132,0.00147637,0.00209239,0.01132075,0.02641509,0.00061603,0.01509434
S0,R1,100,110,10,132,0.00129662,0.0065204,0.01698113,0.06981132,0.00522378,0.05283019
S0,R1,100,115,15,132,0.00135666,0.0136584,0.00943396,0.09150943,0.01230174,0.08207547
S0,R1,100,120,20,132,0.00169846,0.01905078,0.01509434,0.09622642,0.01735232,0.08113208
S0,R1,100,125,25,132,0.00202057,0.02574466,0.00377358,0.11949686,0.02372409,0.11572327
S0,R1,100,105,5,133,0.00149557,0.00209239,0.01132075,0.02641509,0.00059683,0.01509434
S0,R1,100,110,10,133,0.00139125,0.0065204,0.02264151,0.06981132,0.00512915,0.04716981
S0,R1,100,115,15,133,0.00153464,0.0136584,0.00943396,0.09150943,0.01212376,0.08207547
S0,R1,100,120,20,133,0.00193889,0.01905078,0.01886792,0.09622642,0.01711188,0.07735849
S0,R1,100,125,25,133,0.0016467,0.02574466,0.0,0.11949686,0.02409796,0.11949686
S0,R1,100,105,5,134,0.00146202,0.00209239,0.00377358,0.02641509,0.00063037,0.02264151
S0,R1,100,110,10,134,0.00159208,0.0065204,0.02641509,0.06981132,0.00492832,0.04339623
S0,R1,100,115,15,134,0.00146784,0.0136584,0.00566038,0.09150943,0.01219056,0.08584906
S0,R1,100,120,20,134,0.0018665,0.01905078,0.00943396,0.09622642,0.01718427,0.08679245
S0,R1,100,125,25,134,0.00164904,0.02574466,0.01132075,0.11949686,0.02409562,0.1081761
S0,R1,100,105,5,135,0.0014872,0.00209239,0.01509434,0.02641509,0.0006052,0.01132075
S0,R1,100,110,10,135,0.0014628,0.0065204,0.01886792,0.06981132,0.0050576,0.0509434
S0,R1,100,115,15,135,0.00150349,0.0136584,0.00754717,0.09150943,0.01215491,0.08396226
S0,R1,100,120,20,135,0.00163392,0.01905078,0.01509434,0.09622642,0.01741686,0.08113208
S0,R1,100,125,25,135,0.00187648,0.02574466,0.00566038,0.11949686,0.02386818,0.11383648
S0,R1,100,105,5,136,0.00164532,0.00209239,0.01320755,0.02641509,0.00044708,0.01320755
S0,R1,100,110,10,136,0.00139298,0.0065204,0.02830189,0.06981132,0.00512742,0.04150943
S0,R1,100,115,15,136,0.00152825,0.0136584,0.01509434,0.09150943,0.01213015,0.07641509
S0,R1,100,120,20,136,0.0021841,0.01905078,0.02264151,0.09622642,0.01686667,0.07358491
S0,R1,100,125,25,136,0.00141357,0.02574466,0.0,0.11949686,0.02433109,0.11949686
S0,R1,100,105,5,137,0.0015427,0.00209239,0.00943396,0.02641509,0.00054969,0.01698113
S0,R1,100,110,10,137,0.00143459,0.0065204,0.02641509,0.06981132,0.00508581,0.04339623
S0,R1,100,115,15,137,0.00149669,0.0136584,0.01132075,0.09150943,0.01216171,0.08018868
S0,R1,100,120,20,137,0.00196062,0.01905078,0.01320755,0.09622642,0.01709015,0.08301887
S0,R1,100,125,25,137,0.00193419,0.02574466,0.00377358,0.11949686,0.02381047,0.11572327
S0,R1,100,105,5,138,0.00140639,0.00209239,0.01132075,0.02641509,0.000686,0.01509434
S0,R1,100,110,10,138,0.00158996,0.0065204,0.01698113,0.06981132,0.00493044,0.05283019
S0,R1,100,115,15,138,0.00133688,0.0136584,0.01320755,0.09150943,0.01232152,0.07830189
S0,R1,100,120,20,138,0.00206403,0.01905078,0.01509434,0.09622642,0.01698674,0.08113208
S0,R1,100,125,25,138,0.00162091,0.02574466,0.0,0.11949686,0.02412376,0.11949686
S0,R1,100,105,5,139,0.00148115,0.00209239,0.01509434,0.02641509,0.00061124,0.01132075
S0,R1,100,110,10,139,0.00145064,0.0065204,0.02075472,0.06981132,0.00506976,0.0490566
S0,R1,100,115,15,139,0.00161697,0.0136584,0.01320755,0.09150943,0.01204143,0.07830189
S0,R1,100,120,20,139,0.00163257,0.01905078,0.01132075,0.09622642,0.01741821,0.08490566
S0,R1,100,125,25,139,0.00200429,0.02574466,0.00754717,0.11949686,0.02374037,0.11194969
S0,R1,100,105,5,140,0.00147241,0.00209239,0.01698113,0.02641509,0.00061998,0.00943396
S0,R1,100,110,10,140,0.00142145,0.0065204,0.01698113,0.06981132,0.00509895,0.05283019
S0,R1,100,115,15,140,0.00153575,0.0136584,0.00754717,0.09150943,0.01212265,0.08396226
S0,R1,100,120,20,140,0.00170177,0.01905078,0.01509434,0.09622642,0.01734901,0.08113208
S0,R1,100,125,25,140,0.00164163,0.02574466,0.00377358,0.11949686,0.02410303,0.11572327
S0,R1,100,105,5,141,0.00144623,0.00209239,0.00943396,0.02641509,0.00064616,0.01698113
S0,R1,100,110,10,141,0.00151374,0.0065204,0.01886792,0.06981132,0.00500666,0.0509434
S0,R1,100,115,15,141,0.00156522,0.0136584,0.00943396,0.09150943,0.01209319,0.08207547
S0,R1,100,120,20,141,0.00178715,0.01905078,0.01320755,0.09622642,0.01726363,0.08301887
S0,R1,100,125,25,141,0.00148884,0.02574466,0.00943396,0.11949686,0.02425583,0.11006289
S0,R1,100,105,5,142,0.00130156,0.00209239,0.0245283,0.02641509,0.00079083,0.00188679
S0,R1,100,110,10,142,0.00142603,0.0065204,0.01132075,0.06981132,0.00509437,0.05849057
S0,R1,100,115,15,142,0.00159194,0.0136584,0.01320755,0.09150943,0.01206646,0.07830189
S0,R1,100,120,20,142,0.00162498,0.01905078,0.01320755,0.09622642,0.0174258,0.08301887
S0,R1,100,125,25,142,0.0023532,0.02574466,0.00566038,0.11949686,0.02339146,0.11383648
S0,R1,100,105,5,143,0.00151853,0.00209239,0.00943396,0.02641509,0.00057386,0.01698113
S0,R1,100,110,10,143,0.00135845,0.0065204,0.01698113,0.06981132,0.00516195,0.05283019
S0,R1,100,115,15,143,0.00141603,0.0136584,0.0,0.09150943,0.01224237,0.09150943
S0,R1,100,120,20,143,0.00191329,0.01905078,0.02264151,0.09622642,0.01713749,0.07358491
S0,R1,100,125,25,143,0.00203265,0.02574466,0.00754717,0.11949686,0.02371201,0.11194969
S0,R1,100,105,5,144,0.00126291,0.00209239,0.01886792,0.02641509,0.00082949,0.00754717
S0,R1,100,110,10,144,0.00160403,0.0065204,0.01320755,0.06981132,0.00491637,0.05660377
S0,R1,100,115,15,144,0.00150318,0.0136584,0.00943396,0.09150943,0.01215522,0.08207547
S0,R1,100,120,20,144,0.00170376,0.01905078,0.01698113,0.09622642,0.01734702,0.07924528
S0,R1,100,125,25,144,0.00213606,0.02574466,0.00754717,0.11949686,0.0236086,0.11194969
S0,R1,100,105,5,145,0.0015257,0.00209239,0.01698113,0.02641509,0.00056669,0.00943396
S0,R1,100,110,10,145,0.00153253,0.0065204,0.0245283,0.06981132,0.00498787,0.04528302
S0,R1,100,115,15,145,0.00136406,0.0136584,0.00943396,0.09150943,0.01229434,0.08207547
S0,R1,100,120,20,145,0.00197615,0.01905078,0.01132075,0.09622642,0.01707463,0.08490566
S0,R1,100,125,25,145,0.00186932,0.02574466,0.00754717,0.11949686,0.02387534,0.11194969
S0,R1,100,105,5,146,0.00158264,0.00209239,0.01320755,0.02641509,0.00050975,0.01320755
S0,R1,100,110,10,146,0.00132317,0.0065204,0.03018868,0.06981132,0.00519723,0.03962264
S0,R1,100,115,15,146,0.00172056,0.0136584,0.01509434,0.09150943,0.01193784,0.07641509
S0,R1,100,120,20,146,0.00209459,0.01905078,0.01886792,0.09622642,0.01695618,0.07735849
S0,R1,100,125,25,146,0.00196633,0.02574466,0.00377358,0.11949686,0.02377833,0.11572327
S0,R1,100,105,5,147,0.001519,0.00209239,0.0245283,0.02641509,0.00057339,0.00188679
S0,R1,100,110,10,147,0.00146303,0.0065204,0.01132075,0.06981132,0.00505738,0.05849057
S0,R1,100,115,15,147,0.00144162,0.0136584,0.00377358,0.09150943,0.01221678,0.08773585
S0,R1,100,120,20,147,0.00155619,0.01905078,0.01509434,0.09622642,0.01749458,0.08113208
S0,R1,100,125,25,147,0.0023069,0.02574466,0.00377358,0.11949686,0.02343776,0.11572327
S0,R1,100,105,5,148,0.00138448,0.00209239,0.02075472,0.02641509,0.00070791,0.00566038
S0,R1,100,110,10,148,0.00141036,0.0065204,0.02075472,0.06981132,0.00511004,0.0490566
S0,R1,100,115,15,148,0.001342,0.0136584,0.00566038,0.09150943,0.0123164,0.08584906
S0,R1,100,120,20,148,0.0014478,0.01905078,0.00943396,0.09622642,0.01760298,0.08679245
S0,R1,100,125,25,148,0.00179307,0.02574466,0.0,0.11949686,0.0239516,0.11949686
S0,R1,100,105,5,149,0.00148888,0.00209239,0.01886792,0.02641509,0.00060352,0.00754717
S0,R1,100,110,10,149,0.00168931,0.0065204,0.01509434,0.06981132,0.00483109,0.05471698
S0,R1,100,115,15,149,0.0014349,0.0136584,0.00943396,0.09150943,0.0122235,0.08207547
S0,R1,100,120,20,149,0.00135489,0.01905078,0.01509434,0.09622642,0.01769588,0.08113208
S0,R1,100,125,25,149,0.00251904,0.02574466,0.00377358,0.11949686,0.02322562,0.11572327
S0,R1,100,105,5,150,0.0014844,0.00209239,0.01509434,0.02641509,0.00060799,0.01132075
S0,R1,100,110,10,150,0.00134888,0.0065204,0.02830189,0.06981132,0.00517152,0.04150943
S0,R1,100,115,15,150,0.00148978,0.0136584,0.01320755,0.09150943,0.01216863,0.07830189
S0,R1,100,120,20,150,0.00192434,0.01905078,0.01320755,0.09622642,0.01712644,0.08301887
S0,R1,100,125,25,150,0.00182532,0.02574466,0.00754717,0.11949686,0.02391934,0.11194969
S0,R1,100,105,5,151,0.00145577,0.00209239,0.01698113,0.02641509,0.00063662,0.00943396
S0,R1,100,110,10,151,0.0013683,0.0065204,0.01698113,0.06981132,0.0051521,0.05283019
S0,R1,100,115,15,151,0.001745,0.0136584,0.01132075,0.09150943,0.0119134,0.08018868
S0,R1,100,120,20,151,0.00172679,0.01905078,0.00943396,0.09622642,0.01732399,0.08679245
S0,R1,100,125,25,151,0.00209575,0.02574466,0.00377358,0.11949686,0.02364891,0.11572327
S0,R1,100,105,5,152,0.00140159,0.00209239,0.01132075,0.02641509,0.0006908,0.01509434
S0,R1,100,110,10,152,0.0016006,0.0065204,0.01320755,0.06981132,0.0049198,0.05660377
S0,R1,100,115,15,152,0.00139074,0.0136584,0.00943396,0.09150943,0.01226766,0.08207547
S0,R1,100,120,20,152,0.00162156,0.01905078,0.01509434,0.09622642,0.01742922,0.08113208
S0,R1,100,125,25,152,0.00223488,0.02574466,0.00754717,0.11949686,0.02350978,0.11194969
S0,R1,100,105,5,153,0.00144733,0.00209239,0.01698113,0.02641509,0.00064506,0.00943396
S0,R1,100,110,10,153,0.00132853,0.0065204,0.0245283,0.06981132,0.00519187,0.04528302
S0,R1,100,115,15,153,0.00142519,0.0136584,0.00566038,0.09150943,0.01223321,0.08584906
S0,R1,100,120,20,153,0.00183936,0.01905078,0.01320755,0.09622642,0.01721142,0.08301887
S0,R1,100,125,25,153,0.00181038,0.02574466,0.0,0.11949686,0.02393428,0.11949686
S0,R1,100,105,5,154,0.00145304,0.00209239,0.01509434,0.02641509,0.00063935,0.01132075
S0,R1,100,110,10,154,0.00146377,0.0065204,0.02641509,0.06981132,0.00505663,0.04339623
S0,R1,100,115,15,154,0.00161297,0.0136584,0.01320755,0.09150943,0.01204543,0.07830189
S0,R1,100,120,20,154,0.0017108,0.01905078,0.01509434,0.09622642,0.01733997,0.08113208
S0,R1,100,125,25,154,0.00185531,0.02574466,0.00754717,0.11949686,0.02388935,0.11194969
S0,R1,100,105,5,155,0.00150179,0.00209239,0.02641509,0.02641509,0.0005906,0.0
S0,R1,100,110,10,155,0.00143649,0.0065204,0.01320755,0.06981132,0.00508391,0.05660377
S0,R1,100,115,15,155,0.001609,0.0136584,0.01320755,0.09150943,0.0120494,0.07830189
S0,R1,100,120,20,155,0.001846,0.01905078,0.0245283,0.09622642,0.01720478,0.07169811
S0,R1,100,125,25,155,0.00152653,0.02574466,0.0,0.11949686,0.02421814,0.11949686
S0,R1,100,105,5,156,0.00143208,0.00209239,0.00943396,0.02641509,0.00066031,0.01698113
S0,R1,100,110,10,156,0.00160809,0.0065204,0.02264151,0.06981132,0.00491231,0.04716981
S0,R1,100,115,15,156,0.00159418,0.0136584,0.00943396,0.09150943,0.01206422,0.08207547
S0,R1,100,120,20,156,0.00170853,0.01905078,0.01698113,0.09622642,0.01734225,0.07924528
S0,R1,100,125,25,156,0.00233165,0.02574466,0.00754717,0.11949686,0.02341302,0.11194969
S0,R1,100,105,5,157,0.00146658,0.00209239,0.01698113,0.02641509,0.00062582,0.00943396
S0,R1,100,110,10,157,0.00144261,0.0065204,0.01886792,0.06981132,0.00507779,0.0509434
S0,R1,100,115,15,157,0.00152021,0.0136584,0.00754717,0.09150943,0.01213819,0.08396226
S0,R1,100,120,20,157,0.00207441,0.01905078,0.01132075,0.09622642,0.01697636,0.08490566
S0,R1,100,125,25,157,0.00182032,0.02574466,0.00377358,0.11949686,0.02392434,0.11572327
S0,R1,100,105,5,158,0.00154373,0.00209239,0.02264151,0.02641509,0.00054866,0.00377358
S0,R1,100,110,10,158,0.00140534,0.0065204,0.01132075,0.06981132,0.00511506,0.05849057
S0,R1,100,115,15,158,0.00160414,0.0136584,0.00377358,0.09150943,0.01205426,0.08773585
S0,R1,100,120,20,158,0.00148232,0.01905078,0.01320755,0.09622642,0.01756845,0.08301887
S0,R1,100,125,25,158,0.00226198,0.02574466,0.00377358,0.11949686,0.02348268,0.11572327
S0,R1,100,105,5,159,0.00155335,0.00209239,0.01886792,0.02641509,0.00053905,0.00754717
S0,R1,100,110,10,159,0.00145249,0.0065204,0.01886792,0.06981132,0.00506791,0.0509434
S0,R1,100,115,15,159,0.00147751,0.0136584,0.00943396,0.09150943,0.01218089,0.08207547
S0,R1,100,120,20,159,0.0014142,0.01905078,0.01698113,0.09622642,0.01763657,0.07924528
S0,R1,100,125,25,159,0.00155795,0.02574466,0.0,0.11949686,0.02418671,0.11949686
S0,R1,100,105,5,160,0.0014929,0.00209239,0.01509434,0.02641509,0.00059949,0.01132075
S0,R1,100,110,10,160,0.00139738,0.0065204,0.01886792,0.06981132,0.00512302,0.0509434
S0,R1,100,115,15,160,0.00136517,0.0136584,0.00754717,0.09150943,0.01229323,0.08396226
S0,R1,100,120,20,160,0.00190446,0.01905078,0.01509434,0.09622642,0.01714631,0.08113208
S0,R1,100,125,25,160,0.00167526,0.02574466,0.0,0.11949686,0.02406941,0.11949686
S0,R1,100,105,5,161,0.00142841,0.00209239,0.00943396,0.02641509,0.00066398,0.01698113
S0,R1,100,110,10,161,0.00148851,0.0065204,0.02075472,0.06981132,0.00503189,0.0490566
S0,R1,100,115,15,161,0.00157123,0.0136584,0.01698113,0.09150943,0.01208717,0.0745283
S0,R1,100,120,20,161,0.00171383,0.01905078,0.01132075,0.09622642,0.01733695,0.08490566
S0,R1,100,125,25,161,0.00170101,0.02574466,0.0,0.11949686,0.02404365,0.11949686
S0,R1,100,105,5,162,0.00140386,0.00209239,0.01509434,0.02641509,0.00068853,0.01132075
S0,R1,100,110,10,162,0.00151004,0.0065204,0.0245283,0.06981132,0.00501036,0.04528302
S0,R1,100,115,15,162,0.00144154,0.0136584,0.00754717,0.09150943,0.01221686,0.08396226
S0,R1,100,120,20,162,0.00153651,0.01905078,0.01509434,0.09622642,0.01751427,0.08113208
S0,R1,100,125,25,162,0.00167798,0.02574466,0.0,0.11949686,0.02406668,0.11949686
S0,R1,100,105,5,163,0.00150642,0.00209239,0.02075472,0.02641509,0.00058597,0.00566038
S0,R1,100,110,10,163,0.00140717,0.0065204,0.02264151,0.06981132,0.00511323,0.04716981
S0,R1,100,115,15,163,0.00157664,0.0136584,0.01509434,0.09150943,0.01208176,0.07641509
S0,R1,100,120,20,163,0.00161893,0.01905078,0.01509434,0.09622642,0.01743184,0.08113208
S0,R1,100,125,25,163,0.00198087,0.02574466,0.0,0.11949686,0.02376379,0.11949686
S0,R1,100,105,5,164,0.00145045,0.00209239,0.01698113,0.02641509,0.00064195,0.00943396
S0,R1,100,110,10,164,0.00145704,0.0065204,0.01886792,0.06981132,0.00506336,0.0509434
S0,R1,100,115,15,164,0.00167859,0.0136584,0.00754717,0.09150943,0.01197981,0.08396226
S0,R1,100,120,20,164,0.00140603,0.01905078,0.01320755,0.09622642,0.01764475,0.08301887
S0,R1,100,125,25,164,0.00190852,0.02574466,0.00754717,0.11949686,0.02383614,0.11194969
S0,R1,100,105,5,165,0.00143548,0.00209239,0.01132075,0.02641509,0.00065691,0.01509434
S0,R1,100,110,10,165,0.0015246,0.0065204,0.01132075,0.06981132,0.0049958,0.05849057
S0,R1,100,115,15,165,0.001627,0.0136584,0.00754717,0.09150943,0.0120314,0.08396226
S0,R1,100,120,20,165,0.00173245,0.01905078,0.01698113,0.09622642,0.01731833,0.07924528
S0,R1,100,125,25,165,0.00203416,0.02574466,0.00754717,0.11949686,0.0237105,0.11194969
S0,R1,100,105,5,166,0.00146547,0.00209239,0.01320755,0.02641509,0.00062692,0.01320755
S0,R1,100,110,10,166,0.00149762,0.0065204,0.01509434,0.06981132,0.00502278,0.05471698
S0,R1,100,115,15,166,0.00127394,0.0136584,0.00377358,0.09150943,0.01238446,0.08773585
S0,R1,100,120,20,166,0.00177508,0.01905078,0.01886792,0.09622642,0.0172757,0.07735849
S0,R1,100,125,25,166,0.00172109,0.02574466,0.00377358,0.11949686,0.02402357,0.11572327
S0,R1,100,105,5,167,0.00153319,0.00209239,0.01698113,0.02641509,0.0005592,0.00943396
S0,R1,100,110,10,167,0.00143224,0.0065204,0.00943396,0.06981132,0.00508816,0.06037736
S0,R1,100,115,15,167,0.00160035,0.0136584,0.00943396,0.09150943,0.01205805,0.08207547
S0,R1,100,120,20,167,0.00177544,0.01905078,0.01320755,0.09622642,0.01727534,0.08301887
S0,R1,100,125,25,167,0.00214371,0.02574466,0.00377358,0.11949686,0.02360095,0.11572327
S0,R1,100,105,5,168,0.00156768,0.00209239,0.02075472,0.02641509,0.00052471,0.00566038
S0,R1,100,110,10,168,0.00146147,0.0065204,0.02264151,0.06981132,0.00505893,0.04716981
S0,R1,100,115,15,168,0.00151659,0.0136584,0.00566038,0.09150943,0.01214181,0.08584906
S0,R1,100,120,20,168,0.00148928,0.01905078,0.01509434,0.09622642,0.0175615,0.08113208
S0,R1,100,125,25,168,0.00203174,0.02574466,0.00754717,0.11949686,0.02371292,0.11194969
S0,R1,100,105,5,169,0.0014417,0.00209239,0.01509434,0.02641509,0.00065069,0.01132075
S0,R1,100,110,10,169,0.00159766,0.0065204,0.02830189,0.06981132,0.00492274,0.04150943
S0,R1,100,115,15,169,0.00148349,0.0136584,0.00377358,0.09150943,0.01217491,0.08773585
S0,R1,100,120,20,169,0.00170645,0.01905078,0.01509434,0.09622642,0.01734433,0.08113208
S0,R1,100,125,25,169,0.00232393,0.02574466,0.00943396,0.11949686,0.02342074,0.11006289
S0,R1,100,105,5,170,0.00151465,0.00209239,0.01320755,0.02641509,0.00057774,0.01320755
S0,R1,100,110,10,170,0.00141541,0.0065204,0.01698113,0.06981132,0.00510499,0.05283019
S0,R1,100,115,15,170,0.00148837,0.0136584,0.00566038,0.09150943,0.01217003,0.08584906
S0,R1,100,120,20,170,0.00166494,0.01905078,0.01320755,0.09622642,0.01738584,0.08301887
S0,R1,100,125,25,170,0.0017813,0.02574466,0.00377358,0.11949686,0.02396336,0.11572327
S0,R1,100,105,5,171,0.00136784,0.00209239,0.01886792,0.02641509,0.00072455,0.00754717
S0,R1,100,110,10,171,0.00141426,0.0065204,0.01886792,0.06981132,0.00510614,0.0509434
S0,R1,100,115,15,171,0.00166545,0.0136584,0.00754717,0.09150943,0.01199295,0.08396226
S0,R1,100,120,20,171,0.0016763,0.01905078,0.01509434,0.09622642,0.01737448,0.08113208
S0,R1,100,125,25,171,0.00178191,0.02574466,0.00377358,0.11949686,0.02396275,0.11572327
S0,R1,100,105,5,172,0.00143519,0.00209239,0.01886792,0.02641509,0.0006572,0.00754717
S0,R1,100,110,10,172,0.00140613,0.0065204,0.02075472,0.06981132,0.00511427,0.0490566
S0,R1,100,115,15,172,0.00181312,0.0136584,0.00377358,0.09150943,0.01184528,0.08773585
S0,R1,100,120,20,172,0.00186086,0.01905078,0.01698113,0.09622642,0.01718991,0.07924528
S0,R1,100,125,25,172,0.00224413,0.02574466,0.00566038,0.11949686,0.02350053,0.11383648
S0,R1,100,105,5,173,0.00142423,0.00209239,0.00754717,0.02641509,0.00066816,0.01886792
S0,R1,100,110,10,173,0.00147423,0.0065204,0.02641509,0.06981132,0.00504617,0.04339623
S0,R1,100,115,15,173,0.00145322,0.0136584,0.00943396,0.09150943,0.01220518,0.08207547
S0,R1,100,120,20,173,0.0018507,0.01905078,0.00943396,0.09622642,0.01720007,0.08679245
S0,R1,100,125,25,173,0.00158405,0.02574466,0.00377358,0.11949686,0.02416062,0.11572327
S0,R1,100,105,5,174,0.00148987,0.00209239,0.01886792,0.02641509,0.00060252,0.00754717
S0,R1,100,110,10,174,0.00137371,0.0065204,0.02075472,0.06981132,0.00514669,0.0490566
S0,R1,100,115,15,174,0.00152568,0.0136584,0.00566038,0.09150943,0.01213272,0.08584906
S0,R1,100,120,20,174,0.00150931,0.01905078,0.02264151,0.09622642,0.01754147,0.07358491
S0,R1,100,125,25,174,0.00234902,0.02574466,0.00566038,0.11949686,0.02339565,0.11383648
S0,R1,100,105,5,175,0.00152144,0.00209239,0.02075472,0.02641509,0.00057095,0.00566038
S0,R1,100,110,10,175,0.00153098,0.0065204,0.0245283,0.06981132,0.00498942,0.04528302
S0,R1,100,115,15,175,0.00145759,0.0136584,0.00943396,0.09150943,0.01220081,0.08207547
S0,R1,100,120,20,175,0.00146293,0.01905078,0.00943396,0.09622642,0.01758784,0.08679245
S0,R1,100,125,25,175,0.00185273,0.02574466,0.0,0.11949686,0.02389193,0.11949686
S0,R1,100,105,5,176,0.00140489,0.00209239,0.01132075,0.02641509,0.0006875,0.01509434
S0,R1,100,110,10,176,0.00152801,0.0065204,0.01698113,0.06981132,0.00499239,0.05283019
S0,R1,100,115,15,176,0.00161938,0.0136584,0.00377358,0.09150943,0.01203902,0.08773585
S0,R1,100,120,20,176,0.00159947,0.01905078,0.01132075,0.09622642,0.01745131,0.08490566
S0,R1,100,125,25,176,0.00193542,0.02574466,0.00377358,0.11949686,0.02380925,0.11572327
S0,R1,100,105,5,177,0.00131188,0.00209239,0.01698113,0.02641509,0.00078051,0.00943396
S0,R1,100,110,10,177,0.0013684,0.0065204,0.02075472,0.06981132,0.005152,0.0490566
S0,R1,100,115,15,177,0.00144177,0.0136584,0.00754717,0.09150943,0.01221663,0.08396226
S0,R1,100,120,20,177,0.00206221,0.01905078,0.01320755,0.09622642,0.01698856,0.08301887
S0,R1,100,125,25,177,0.00200328,0.02574466,0.0,0.11949686,0.02374138,0.11949686
S0,R1,100,105,5,178,0.00146386,0.00209239,0.01698113,0.02641509,0.00062854,0.00943396
S0,R1,100,110,10,178,0.00152787,0.0065204,0.01509434,0.06981132,0.00499253,0.05471698
S0,R1,100,115,15,178,0.00150699,0.0136584,0.01132075,0.09150943,0.01215141,0.08018868
S0,R1,100,120,20,178,0.00148914,0.01905078,0.01886792,0.09622642,0.01756163,0.07735849
S0,R1,100,125,25,178,0.00170571,0.02574466,0.0,0.11949686,0.02403895,0.11949686
S0,R1,100,105,5,179,0.00132217,0.00209239,0.02264151,0.02641509,0.00077022,0.00377358
S0,R1,100,110,10,179,0.00135874,0.0065204,0.00943396,0.06981132,0.00516166,0.06037736
S0,R1,100,115,15,179,0.00131178,0.0136584,0.01509434,0.09150943,0.01234662,0.07641509
S0,R1,100,120,20,179,0.00149261,0.01905078,0.00943396,0.09622642,0.01755816,0.08679245
S0,R1,100,125,25,179,0.00202722,0.02574466,0.00377358,0.11949686,0.02371744,0.11572327
S0,R1,100,105,5,180,0.00143515,0.00209239,0.00943396,0.02641509,0.00065724,0.01698113
S0,R1,100,110,10,180,0.00162926,0.0065204,0.01886792,0.06981132,0.00489114,0.0509434
S0,R1,100,115,15,180,0.00145212,0.0136584,0.00377358,0.09150943,0.01220628,0.08773585
S0,R1,100,120,20,180,0.0017728,0.01905078,0.01132075,0.09622642,0.01727798,0.08490566
S0,R1,100,125,25,180,0.00171962,0.02574466,0.00377358,0.11949686,0.02402504,0.11572327
S0,R1,100,105,5,181,0.00144542,0.00209239,0.01509434,0.02641509,0.00064697,0.01132075
S0,R1,100,110,10,181,0.00146842,0.0065204,0.0245283,0.06981132,0.00505198,0.04528302
S0,R1,100,115,15,181,0.00147888,0.0136584,0.00377358,0.09150943,0.01217952,0.08773585
S0,R1,100,120,20,181,0.00169781,0.01905078,0.01698113,0.09622642,0.01735297,0.07924528
S0,R1,100,125,25,181,0.00230326,0.02574466,0.01132075,0.11949686,0.0234414,0.1081761
S0,R1,100,105,5,182,0.00139409,0.00209239,0.01320755,0.02641509,0.0006983,0.01320755
S0,R1,100,110,10,182,0.0014662,0.0065204,0.01320755,0.06981132,0.0050542,0.05660377
S0,R1,100,115,15,182,0.00147626,0.0136584,0.01320755,0.09150943,0.01218214,0.07830189
S0,R1,100,120,20,182,0.00180312,0.01905078,0.01698113,0.09622642,0.01724765,0.07924528
S0,R1,100,125,25,182,0.00166324,0.02574466,0.00754717,0.11949686,0.02408142,0.11194969
S0,R1,100,105,5,183,0.00134429,0.00209239,0.01320755,0.02641509,0.00074811,0.01320755
S0,R1,100,110,10,183,0.00148795,0.0065204,0.01132075,0.06981132,0.00503246,0.05849057
S0,R1,100,115,15,183,0.00119677,0.0136584,0.00377358,0.09150943,0.01246163,0.08773585
S0,R1,100,120,20,183,0.00147426,0.01905078,0.01320755,0.09622642,0.01757652,0.08301887
S0,R1,100,125,25,183,0.00211306,0.02574466,0.00566038,0.11949686,0.0236316,0.11383648
S0,R1,100,105,5,184,0.00142258,0.00209239,0.01886792,0.02641509,0.00066982,0.00754717
S0,R1,100,110,10,184,0.00153327,0.0065204,0.0245283,0.06981132,0.00498713,0.04528302
S0,R1,100,115,15,184,0.00161815,0.0136584,0.01132075,0.09150943,0.01204025,0.08018868
S0,R1,100,120,20,184,0.00151355,0.01905078,0.01320755,0.09622642,0.01753723,0.08301887
S0,R1,100,125,25,184,0.00192883,0.02574466,0.00754717,0.11949686,0.02381583,0.11194969
S0,R1,100,105,5,185,0.00147745,0.00209239,0.01698113,0.02641509,0.00061495,0.00943396
S0,R1,100,110,10,185,0.00161753,0.0065204,0.01698113,0.06981132,0.00490287,0.05283019
S0,R1,100,115,15,185,0.00161177,0.0136584,0.00377358,0.09150943,0.01204663,0.08773585
S0,R1,100,120,20,185,0.00181641,0.01905078,0.01698113,0.09622642,0.01723436,0.07924528
S0,R1,100,125,25,185,0.00191674,0.02574466,0.00377358,0.11949686,0.02382792,0.11572327
S0,R1,100,105,5,186,0.00139531,0.00209239,0.0245283,0.02641509,0.00069708,0.00188679
S0,R1,100,110,10,186,0.00150814,0.0065204,0.0245283,0.06981132,0.00501226,0.04528302
S0,R1,100,115,15,186,0.00165286,0.0136584,0.01320755,0.09150943,0.01200554,0.07830189
S0,R1,100,120,20,186,0.0018912,0.01905078,0.01509434,0.09622642,0.01715957,0.08113208
S0,R1,100,125,25,186,0.001788,0.02574466,0.00377358,0.11949686,0.02395666,0.11572327
S0,R1,100,105,5,187,0.00143034,0.00209239,0.02075472,0.02641509,0.00066206,0.00566038
S0,R1,100,110,10,187,0.00144582,0.0065204,0.01886792,0.06981132,0.00507458,0.0509434
S0,R1,100,115,15,187,0.00145607,0.0136584,0.0,0.09150943,0.01220233,0.09150943
S0,R1,100,120,20,187,0.00170964,0.01905078,0.01132075,0.09622642,0.01734114,0.08490566
S0,R1,100,125,25,187,0.00195735,0.02574466,0.00377358,0.11949686,0.02378731,0.11572327
S0,R1,100,105,5,188,0.00149924,0.00209239,0.0245283,0.02641509,0.00059315,0.00188679
S0,R1,100,110,10,188,0.00145816,0.0065204,0.02264151,0.06981132,0.00506224,0.04716981
S0,R1,100,115,15,188,0.00148002,0.0136584,0.00943396,0.09150943,0.01217838,0.08207547
S0,R1,100,120,20,188,0.00179063,0.01905078,0.01320755,0.09622642,0.01726014,0.08301887
S0,R1,100,125,25,188,0.00178703,0.02574466,0.00377358,0.11949686,0.02395763,0.11572327
S0,R1,100,105,5,189,0.00146527,0.00209239,0.02264151,0.02641509,0.00062712,0.00377358
S0,R1,100,110,10,189,0.00149942,0.0065204,0.02075472,0.06981132,0.00502098,0.0490566
S0,R1,100,115,15,189,0.00156418,0.0136584,0.00377358,0.09150943,0.01209422,0.08773585
S0,R1,100,120,20,189,0.00162062,0.01905078,0.01320755,0.09622642,0.01743015,0.08301887
S0,R1,100,125,25,189,0.00209299,0.02574466,0.00754717,0.11949686,0.02365167,0.11194969
S0,R1,100,105,5,190,0.00149954,0.00209239,0.01698113,0.02641509,0.00059285,0.00943396
S0,R1,100,110,10,190,0.00149819,0.0065204,0.01320755,0.06981132,0.00502221,0.05660377
S0,R1,100,115,15,190,0.00147662,0.0136584,0.00566038,0.09150943,0.01218178,0.08584906
S0,R1,100,120,20,190,0.00166167,0.01905078,0.00943396,0.09622642,0.0173891,0.08679245
S0,R1,100,125,25,190,0.00148974,0.02574466,0.00566038,0.11949686,0.02425492,0.11383648
S0,R1,100,105,5,191,0.00156832,0.00209239,0.01886792,0.02641509,0.00052408,0.00754717
S0,R1,100,110,10,191,0.00142909,0.0065204,0.02641509,0.06981132,0.00509131,0.04339623
S0,R1,100,115,15,191,0.00150768,0.0136584,0.00754717,0.09150943,0.01215073,0.08396226
S0,R1,100,120,20,191,0.00156576,0.01905078,0.00754717,0.09622642,0.01748502,0.08867925
S0,R1,100,125,25,191,0.00209031,0.02574466,0.00566038,0.11949686,0.02365435,0.11383648
S0,R1,100,105,5,192,0.00137575,0.00209239,0.02075472,0.02641509,0.00071665,0.00566038
S0,R1,100,110,10,192,0.00139295,0.0065204,0.01132075,0.06981132,0.00512745,0.05849057
S0,R1,100,115,15,192,0.00161276,0.0136584,0.01320755,0.09150943,0.01204564,0.07830189
S0,R1,100,120,20,192,0.00177135,0.01905078,0.01886792,0.09622642,0.01727942,0.07735849
S0,R1,100,125,25,192,0.0018614,0.02574466,0.0,0.11949686,0.02388326,0.11949686
S0,R1,100,105,5,193,0.00152448,0.00209239,0.00943396,0.02641509,0.00056792,0.01698113
S0,R1,100,110,10,193,0.00137301,0.0065204,0.01509434,0.06981132,0.00514739,0.05471698
S0,R1,100,115,15,193,0.00146792,0.0136584,0.00754717,0.09150943,0.01219048,0.08396226
S0,R1,100,120,20,193,0.0016383,0.01905078,0.01320755,0.09622642,0.01741248,0.08301887
S0,R1,100,125,25,193,0.00188039,0.02574466,0.00377358,0.11949686,0.02386427,0.11572327
S0,R1,100,105,5,194,0.00156985,0.00209239,0.01886792,0.02641509,0.00052255,0.00754717
S0,R1,100,110,10,194,0.00159867,0.0065204,0.02264151,0.06981132,0.00492173,0.04716981
S0,R1,100,115,15,194,0.00159197,0.0136584,0.00377358,0.09150943,0.01206643,0.08773585
S0,R1,100,120,20,194,0.0014749,0.01905078,0.01320755,0.09622642,0.01757587,0.08301887
S0,R1,100,125,25,194,0.00158731,0.02574466,0.0,0.11949686,0.02415735,0.11949686
S0,R1,100,105,5,195,0.00145417,0.00209239,0.01698113,0.02641509,0.00063822,0.00943396
S0,R1,100,110,10,195,0.00139788,0.0065204,0.0245283,0.06981132,0.00512252,0.04528302
S0,R1,100,115,15,195,0.00153269,0.0136584,0.00377358,0.09150943,0.01212571,0.08773585
S0,R1,100,120,20,195,0.00171438,0.01905078,0.01886792,0.09622642,0.0173364,0.07735849
S0,R1,100,125,25,195,0.002944,0.02574466,0.00566038,0.11949686,0.02280066,0.11383648
S0,R1,100,105,5,196,0.00153901,0.00209239,0.01320755,0.02641509,0.00055338,0.01320755
S0,R1,100,110,10,196,0.00144057,0.0065204,0.01132075,0.06981132,0.00507983,0.05849057
S0,R1,100,115,15,196,0.00156512,0.0136584,0.00754717,0.09150943,0.01209328,0.08396226
S0,R1,100,120,20,196,0.00144514,0.01905078,0.00943396,0.09622642,0.01760564,0.08679245
S0,R1,100,125,25,196,0.00206859,0.02574466,0.0,0.11949686,0.02367607,0.11949686
S0,R1,100,105,5,197,0.00145956,0.00209239,0.02075472,0.02641509,0.00063284,0.00566038
S0,R1,100,110,10,197,0.00146641,0.0065204,0.01886792,0.06981132,0.00505399,0.0509434
S0,R1,100,115,15,197,0.00155713,0.0136584,0.01132075,0.09150943,0.01210127,0.08018868
S0,R1,100,120,20,197,0.00189199,0.01905078,0.01698113,0.09622642,0.01715878,0.07924528
S0,R1,100,125,25,197,0.00180497,0.02574466,0.0,0.11949686,0.02393969,0.11949686
S0,R1,100,105,5,198,0.00138279,0.00209239,0.01132075,0.02641509,0.00070961,0.01509434
S0,R1,100,110,10,198,0.00142179,0.0065204,0.02075472,0.06981132,0.00509861,0.0490566
S0,R1,100,115,15,198,0.00151629,0.0136584,0.00943396,0.09150943,0.01214211,0.08207547
S0,R1,100,120,20,198,0.00159552,0.01905078,0.01320755,0.09622642,0.01745526,0.08301887
S0,R1,100,125,25,198,0.00220264,0.02574466,0.00377358,0.11949686,0.02354202,0.11572327
S0,R1,100,105,5,199,0.00153968,0.00209239,0.02075472,0.02641509,0.00055271,0.00566038
S0,R1,100,110,10,199,0.00148616,0.0065204,0.01509434,0.06981132,0.00503424,0.05471698
S0,R1,100,115,15,199,0.0013598,0.0136584,0.00754717,0.09150943,0.0122986,0.08396226
S0,R1,100,120,20,199,0.00142439,0.01905078,0.01698113,0.09622642,0.01762638,0.07924528
S0,R1,100,125,25,199,0.0016036,0.02574466,0.00377358,0.11949686,0.02414107,0.11572327
S1,R1,100,105,5,0,0.02634066,0.00209239,0.12358491,0.02641509,0.02424826,0.09716981
S1,R1,100,110,10,0,0.05135883,0.0065204,0.20471698,0.06981132,0.04483843,0.13490566
S1,R1,100,115,15,0,0.07858053,0.0136584,0.28301887,0.09150943,0.06492213,0.19150943
S1,R1,100,120,20,0,0.10057634,0.01905078,0.30566038,0.09622642,0.08152557,0.20943396
S1,R1,100,125,25,0,0.12295249,0.02574466,0.35471698,0.11949686,0.09720783,0.23522013
S1,R1,100,105,5,1,0.02537543,0.00209239,0.13679245,0.02641509,0.02328304,0.11037736
S1,R1,100,110,10,1,0.05022356,0.0065204,0.2,0.06981132,0.04370316,0.13018868
S1,R1,100,115,15,1,0.07388695,0.0136584,0.23396226,0.09150943,0.06022855,0.14245283
S1,R1,100,120,20,1,0.0989851,0.01905078,0.2990566,0.09622642,0.07993432,0.20283019
S1,R1,100,125,25,1,0.11853332,0.02574466,0.36037736,0.11949686,0.09278866,0.2408805
S1,R1,100,105,5,2,0.02339687,0.00209239,0.11981132,0.02641509,0.02130447,0.09339623
S1,R1,100,110,10,2,0.04953027,0.0065204,0.18301887,0.06981132,0.04300987,0.11320755
S1,R1,100,115,15,2,0.07224461,0.0136584,0.2509434,0.09150943,0.05858621,0.15943396
S1,R1,100,120,20,2,0.09951492,0.01905078,0.30283019,0.09622642,0.08046415,0.20660377
S1,R1,100,125,25,2,0.11943421,0.02574466,0.34245283,0.11949686,0.09368955,0.22295597
S1,R1,100,105,5,3,0.02570826,0.00209239,0.13113208,0.02641509,0.02361586,0.10471698
S1,R1,100,110,10,3,0.05062053,0.0065204,0.18301887,0.06981132,0.04410013,0.11320755
S1,R1,100,115,15,3,0.07499494,0.0136584,0.23867925,0.09150943,0.06133654,0.14716981
S1,R1,100,120,20,3,0.09981556,0.01905078,0.27169811,0.09622642,0.08076479,0.1754717
S1,R1,100,125,25,3,0.12292527,0.02574466,0.34056604,0.11949686,0.09718061,0.22106918
S1,R1,100,105,5,4,0.02510153,0.00209239,0.14056604,0.02641509,0.02300913,0.11415094
S1,R1,100,110,10,4,0.04791303,0.0065204,0.20377358,0.06981132,0.04139263,0.13396226
S1,R1,100,115,15,4,0.06849877,0.0136584,0.23584906,0.09150943,0.05484037,0.14433962
S1,R1,100,120,20,4,0.09121685,0.01905078,0.27358491,0.09622642,0.07216607,0.17735849
S1,R1,100,125,25,4,0.1113101,0.02574466,0.33679245,0.11949686,0.08556544,0.2172956
S1,R1,100,105,5,5,0.02843855,0.00209239,0.12924528,0.02641509,0.02634616,0.10283019
S1,R1,100,110,10,5,0.05438897,0.0065204,0.22641509,0.06981132,0.04786857,0.15660377
S1,R1,100,115,15,5,0.07732071,0.0136584,0.28018868,0.09150943,0.06366231,0.18867925
S1,R1,100,120,20,5,0.10203354,0.01905078,0.31603774,0.09622642,0.08298276,0.21981132
S1,R1,100,125,25,5,0.12209955,0.02574466,0.35660377,0.11949686,0.09635489,0.23710692
S1,R1,100,105,5,6,0.02395171,0.00209239,0.1254717,0.02641509,0.02185932,0.0990566
S1,R1,100,110,10,6,0.04987433,0.0065204,0.19056604,0.06981132,0.04335393,0.12075472
S1,R1,100,115,15,6,0.08181541,0.0136584,0.27264151,0.09150943,0.06815701,0.18113208
S1,R1,100,120,20,6,0.10655056,0.01905078,0.33113208,0.09622642,0.08749979,0.23490566
S1,R1,100,125,25,6,0.12551789,0.02574466,0.35849057,0.11949686,0.09977322,0.23899371
S1,R1,100,105,5,7,0.02755222,0.00209239,0.13679245,0.02641509,0.02545983,0.11037736
S1,R1,100,110,10,7,0.0495967,0.0065204,0.20849057,0.06981132,0.0430763,0.13867925
S1,R1,100,115,15,7,0.07957414,0.0136584,0.29716981,0.09150943,0.06591574,0.20566038
S1,R1,100,120,20,7,0.10171085,0.01905078,0.31415094,0.09622642,0.08266007,0.21792453
S1,R1,100,125,25,7,0.12348049,0.02574466,0.34433962,0.11949686,0.09773583,0.22484277
S1,R1,100,105,5,8,0.026493,0.00209239,0.12830189,0.02641509,0.02440061,0.10188679
S1,R1,100,110,10,8,0.0512768,0.0065204,0.21132075,0.06981132,0.0447564,0.14150943
S1,R1,100,115,15,8,0.07596675,0.0136584,0.25471698,0.09150943,0.06230835,0.16320755
S1,R1,100,120,20,8,0.09665467,0.01905078,0.30566038,0.09622642,0.07760389,0.20943396
S1,R1,100,125,25,8,0.1170793,0.02574466,0.35754717,0.11949686,0.09133464,0.23805031
S1,R1,100,105,5,9,0.02642124,0.00209239,0.13962264,0.02641509,0.02432884,0.11320755
S1,R1,100,110,10,9,0.0531556,0.0065204,0.19056604,0.06981132,0.0466352,0.12075472
S1,R1,100,115,15,9,0.07738238,0.0136584,0.26226415,0.09150943,0.06372398,0.17075472
S1,R1,100,120,20,9,0.10154168,0.01905078,0.30849057,0.09622642,0.0824909,0.21226415
S1,R1,100,125,25,9,0.12186489,0.02574466,0.35283019,0.11949686,0.09612023,0.23333333
S1,R1,100,105,5,10,0.02626085,0.00209239,0.13584906,0.02641509,0.02416846,0.10943396
S1,R1,100,110,10,10,0.05204113,0.0065204,0.21603774,0.06981132,0.04552073,0.14622642
S1,R1,100,115,15,10,0.07975273,0.0136584,0.25943396,0.09150943,0.06609433,0.16792453
S1,R1,100,120,20,10,0.10330497,0.01905078,0.31792453,0.09622642,0.0842542,0.22169811
S1,R1,100,125,25,10,0.13017695,0.02574466,0.35566038,0.11949686,0.10443229,0.23616352
S1,R1,100,105,5,11,0.02728415,0.00209239,0.11698113,0.02641509,0.02519176,0.09056604
S1,R1,100,110,10,11,0.04972849,0.0065204,0.19716981,0.06981132,0.04320808,0.12735849
S1,R1,100,115,15,11,0.07598443,0.0136584,0.2509434,0.09150943,0.06232603,0.15943396
S1,R1,100,120,20,11,0.09408384,0.01905078,0.29245283,0.09622642,0.07503307,0.19622642
S1,R1,100,125,25,11,0.11001521,0.02574466,0.3254717,0.11949686,0.08427055,0.20597484
S1,R1,100,105,5,12,0.02599134,0.00209239,0.14716981,0.02641509,0.02389895,0.12075472
S1,R1,100,110,10,12,0.04940579,0.0065204,0.18207547,0.06981132,0.04288539,0.11226415
S1,R1,100,115,15,12,0.07228595,0.0136584,0.26320755,0.09150943,0.05862755,0.17169811
S1,R1,100,120,20,12,0.09565962,0.01905078,0.29433962,0.09622642,0.07660885,0.19811321
S1,R1,100,125,25,12,0.11817845,0.02574466,0.36698113,0.11949686,0.09243379,0.24748428
S1,R1,100,105,5,13,0.02662332,0.00209239,0.14056604,0.02641509,0.02453092,0.11415094
S1,R1,100,110,10,13,0.04729545,0.0065204,0.17641509,0.06981132,0.04077505,0.10660377
S1,R1,100,115,15,13,0.07941098,0.0136584,0.25849057,0.09150943,0.06575258,0.16698113
S1,R1,100,120,20,13,0.09940005,0.01905078,0.30377358,0.09622642,0.08034928,0.20754717
S1,R1,100,125,25,13,0.11560919,0.02574466,0.31981132,0.11949686,0.08986453,0.20031447
S1,R1,100,105,5,14,0.0280152,0.00209239,0.13962264,0.02641509,0.0259228,0.11320755
S1,R1,100,110,10,14,0.05393989,0.0065204,0.22169811,0.06981132,0.04741949,0.15188679
S1,R1,100,115,15,14,0.08054156,0.0136584,0.28301887,0.09150943,0.06688316,0.19150943
S1,R1,100,120,20,14,0.10012002,0.01905078,0.28301887,0.09622642,0.08106924,0.18679245
S1,R1,100,125,25,14,0.12361189,0.02574466,0.36320755,0.11949686,0.09786723,0.24371069
S1,R1,100,105,5,15,0.02840296,0.00209239,0.13584906,0.02641509,0.02631057,0.10943396
S1,R1,100,110,10,15,0.05298237,0.0065204,0.20943396,0.06981132,0.04646197,0.13962264
S1,R1,100,115,15,15,0.08549998,0.0136584,0.27641509,0.09150943,0.07184158,0.18490566
S1,R1,100,120,20,15,0.11333775,0.01905078,0.34433962,0.09622642,0.09428697,0.24811321
S1,R1,100,125,25,15,0.14258537,0.02574466,0.39622642,0.11949686,0.11684071,0.27672956
S1,R1,100,105,5,16,0.02416957,0.00209239,0.12264151,0.02641509,0.02207717,0.09622642
S1,R1,100,110,10,16,0.04792864,0.0065204,0.19245283,0.06981132,0.04140824,0.12264151
S1,R1,100,115,15,16,0.07570008,0.0136584,0.23207547,0.09150943,0.06204168,0.14056604
S1,R1,100,120,20,16,0.09992969,0.01905078,0.28113208,0.09622642,0.08087891,0.18490566
S1,R1,100,125,25,16,0.1159519,0.02574466,0.32358491,0.11949686,0.09020724,0.20408805
S1,R1,100,105,5,17,0.03059495,0.00209239,0.16886792,0.02641509,0.02850256,0.14245283
S1,R1,100,110,10,17,0.05739695,0.0065204,0.21320755,0.06981132,0.05087655,0.14339623
S1,R1,100,115,15,17,0.08319545,0.0136584,0.27924528,0.09150943,0.06953705,0.18773585
S1,R1,100,120,20,17,0.11007136,0.01905078,0.33301887,0.09622642,0.09102059,0.23679245
S1,R1,100,125,25,17,0.13132295,0.02574466,0.36509434,0.11949686,0.10557829,0.24559748
S1,R1,100,105,5,18,0.02545678,0.00209239,0.11886792,0.02641509,0.02336439,0.09245283
S1,R1,100,110,10,18,0.04855777,0.0065204,0.19811321,0.06981132,0.04203737,0.12830189
S1,R1,100,115,15,18,0.07497061,0.0136584,0.25660377,0.09150943,0.06131221,0.16509434
S1,R1,100,120,20,18,0.09700647,0.01905078,0.29339623,0.09622642,0.07795569,0.19716981
S1,R1,100,125,25,18,0.1199529,0.02574466,0.32735849,0.11949686,0.09420824,0.20786164
S1,R1,100,105,5,19,0.02318103,0.00209239,0.13396226,0.02641509,0.02108864,0.10754717
S1,R1,100,110,10,19,0.04512994,0.0065204,0.16792453,0.06981132,0.03860954,0.09811321
S1,R1,100,115,15,19,0.06958533,0.0136584,0.25943396,0.09150943,0.05592693,0.16792453
S1,R1,100,120,20,19,0.09027361,0.01905078,0.29150943,0.09622642,0.07122284,0.19528302
S1,R1,100,125,25,19,0.1070954,0.02574466,0.33018868,0.11949686,0.08135073,0.21069182
S1,R1,100,105,5,20,0.02733801,0.00209239,0.13584906,0.02641509,0.02524562,0.10943396
S1,R1,100,110,10,20,0.05797402,0.0065204,0.21320755,0.06981132,0.05145362,0.14339623
S1,R1,100,115,15,20,0.07981815,0.0136584,0.26509434,0.09150943,0.06615975,0.17358491
S1,R1,100,120,20,20,0.10261548,0.01905078,0.31226415,0.09622642,0.0835647,0.21603774
S1,R1,100,125,25,20,0.12552248,0.02574466,0.35188679,0.11949686,0.09977782,0.23238994
S1,R1,100,105,5,21,0.02681247,0.00209239,0.14245283,0.02641509,0.02472008,0.11603774
S1,R1,100,110,10,21,0.05514201,0.0065204,0.21226415,0.06981132,0.04862161,0.14245283
S1,R1,100,115,15,21,0.0805441,0.0136584,0.26415094,0.09150943,0.0668857,0.17264151
S1,R1,100,120,20,21,0.10682364,0.01905078,0.30471698,0.09622642,0.08777286,0.20849057
S1,R1,100,125,25,21,0.13055325,0.02574466,0.38113208,0.11949686,0.10480859,0.26163522
S1,R1,100,105,5,22,0.02636189,0.00209239,0.13396226,0.02641509,0.02426949,0.10754717
S1,R1,100,110,10,22,0.04810997,0.0065204,0.16320755,0.06981132,0.04158957,0.09339623
S1,R1,100,115,15,22,0.07314751,0.0136584,0.23207547,0.09150943,0.05948911,0.14056604
S1,R1,100,120,20,22,0.09721552,0.01905078,0.28584906,0.09622642,0.07816474,0.18962264
S1,R1,100,125,25,22,0.11871826,0.02574466,0.35471698,0.11949686,0.0929736,0.23522013
S1,R1,100,105,5,23,0.0243746,0.00209239,0.1254717,0.02641509,0.02228221,0.0990566
S1,R1,100,110,10,23,0.0506828,0.0065204,0.20566038,0.06981132,0.0441624,0.13584906
S1,R1,100,115,15,23,0.07196916,0.0136584,0.24716981,0.09150943,0.05831076,0.15566038
S1,R1,100,120,20,23,0.09717332,0.01905078,0.3245283,0.09622642,0.07812254,0.22830189
S1,R1,100,125,25,23,0.11547818,0.02574466,0.36037736,0.11949686,0.08973352,0.2408805
S1,R1,100,105,5,24,0.02804057,0.00209239,0.13679245,0.02641509,0.02594817,0.11037736
S1,R1,100,110,10,24,0.05669153,0.0065204,0.23867925,0.06981132,0.05017113,0.16886792
S1,R1,100,115,15,24,0.08578316,0.0136584,0.28396226,0.09150943,0.07212476,0.19245283
S1,R1,100,120,20,24,0.11176468,0.01905078,0.31886792,0.09622642,0.0927139,0.22264151
S1,R1,100,125,25,24,0.13205485,0.02574466,0.3754717,0.11949686,0.10631018,0.25597484
S1,R1,100,105,5,25,0.02815426,0.00209239,0.13490566,0.02641509,0.02606187,0.10849057
S1,R1,100,110,10,25,0.05035104,0.0065204,0.18867925,0.06981132,0.04383064,0.11886792
S1,R1,100,115,15,25,0.07054312,0.0136584,0.23679245,0.09150943,0.05688472,0.14528302
S1,R1,100,120,20,25,0.08907573,0.01905078,0.28867925,0.09622642,0.07002495,0.19245283
S1,R1,100,125,25,25,0.11750695,0.02574466,0.36415094,0.11949686,0.09176229,0.24465409
S1,R1,100,105,5,26,0.02812228,0.00209239,0.12358491,0.02641509,0.02602989,0.09716981
S1,R1,100,110,10,26,0.05266496,0.0065204,0.20943396,0.06981132,0.04614456,0.13962264
S1,R1,100,115,15,26,0.07931512,0.0136584,0.2509434,0.09150943,0.06565672,0.15943396
S1,R1,100,120,20,26,0.09768475,0.01905078,0.3009434,0.09622642,0.07863397,0.20471698
S1,R1,100,125,25,26,0.11367132,0.02574466,0.33301887,0.11949686,0.08792665,0.21352201
S1,R1,100,105,5,27,0.02290224,0.00209239,0.11792453,0.02641509,0.02080984,0.09150943
S1,R1,100,110,10,27,0.04467348,0.0065204,0.19056604,0.06981132,0.03815308,0.12075472
S1,R1,100,115,15,27,0.07249426,0.0136584,0.24245283,0.09150943,0.05883586,0.1509434
S1,R1,100,120,20,27,0.09352092,0.01905078,0.26509434,0.09622642,0.07447014,0.16886792
S1,R1,100,125,25,27,0.11621247,0.02574466,0.32830189,0.11949686,0.0904678,0.20880503
S1,R1,100,105,5,28,0.02557722,0.00209239,0.12735849,0.02641509,0.02348482,0.1009434
S1,R1,100,110,10,28,0.05079519,0.0065204,0.2254717,0.06981132,0.04427479,0.15566038
S1,R1,100,115,15,28,0.07539091,0.0136584,0.24622642,0.09150943,0.06173251,0.15471698
S1,R1,100,120,20,28,0.10356185,0.01905078,0.2990566,0.09622642,0.08451107,0.20283019
S1,R1,100,125,25,28,0.12054333,0.02574466,0.36037736,0.11949686,0.09479867,0.2408805
S1,R1,100,105,5,29,0.02474253,0.00209239,0.12641509,0.02641509,0.02265014,0.1
S1,R1,100,110,10,29,0.04849922,0.0065204,0.2,0.06981132,0.04197882,0.13018868
S1,R1,100,115,15,29,0.07518633,0.0136584,0.2509434,0.09150943,0.06152793,0.15943396
S1,R1,100,120,20,29,0.09890413,0.01905078,0.30377358,0.09622642,0.07985335,0.20754717
S1,R1,100,125,25,29,0.12187774,0.02574466,0.36698113,0.11949686,0.09613308,0.24748428
S1,R1,100,105,5,30,0.02673904,0.00209239,0.14339623,0.02641509,0.02464665,0.11698113
S1,R1,100,110,10,30,0.05361968,0.0065204,0.20283019,0.06981132,0.04709928,0.13301887
S1,R1,100,115,15,30,0.08281243,0.0136584,0.3,0.09150943,0.06915403,0.20849057
S1,R1,100,120,20,30,0.10989299,0.01905078,0.34528302,0.09622642,0.09084222,0.2490566
S1,R1,100,125,25,30,0.13016374,0.02574466,0.36603774,0.11949686,0.10441908,0.24654088
S1,R1,100,105,5,31,0.02778165,0.00209239,0.1490566,0.02641509,0.02568926,0.12264151
S1,R1,100,110,10,31,0.05607211,0.0065204,0.22830189,0.06981132,0.04955171,0.15849057
S1,R1,100,115,15,31,0.0824056,0.0136584,0.29056604,0.09150943,0.0687472,0.1990566
S1,R1,100,120,20,31,0.10640536,0.01905078,0.33113208,0.09622642,0.08735458,0.23490566
S1,R1,100,125,25,31,0.13020214,0.02574466,0.35943396,0.11949686,0.10445748,0.23993711
S1,R1,100,105,5,32,0.02377816,0.00209239,0.13113208,0.02641509,0.02168577,0.10471698
S1,R1,100,110,10,32,0.05254883,0.0065204,0.22264151,0.06981132,0.04602843,0.15283019
S1,R1,100,115,15,32,0.07953026,0.0136584,0.28207547,0.09150943,0.06587186,0.19056604
S1,R1,100,120,20,32,0.099317,0.01905078,0.3245283,0.09622642,0.08026622,0.22830189
S1,R1,100,125,25,32,0.11612482,0.02574466,0.36226415,0.11949686,0.09038016,0.2427673
S1,R1,100,105,5,33,0.0295787,0.00209239,0.16415094,0.02641509,0.02748631,0.13773585
S1,R1,100,110,10,33,0.05279941,0.0065204,0.2254717,0.06981132,0.04627901,0.15566038
S1,R1,100,115,15,33,0.07812578,0.0136584,0.26132075,0.09150943,0.06446738,0.16981132
S1,R1,100,120,20,33,0.0954633,0.01905078,0.29056604,0.09622642,0.07641252,0.19433962
S1,R1,100,125,25,33,0.12344156,0.02574466,0.3490566,0.11949686,0.0976969,0.22955975
S1,R1,100,105,5,34,0.02482722,0.00209239,0.10849057,0.02641509,0.02273483,0.08207547
S1,R1,100,110,10,34,0.04760554,0.0065204,0.18113208,0.06981132,0.04108514,0.11132075
S1,R1,100,115,15,34,0.06964638,0.0136584,0.2254717,0.09150943,0.05598798,0.13396226
S1,R1,100,120,20,34,0.08874593,0.01905078,0.28396226,0.09622642,0.06969515,0.18773585
S1,R1,100,125,25,34,0.11375237,0.02574466,0.36603774,0.11949686,0.08800771,0.24654088
S1,R1,100,105,5,35,0.02525226,0.00209239,0.10754717,0.02641509,0.02315987,0.08113208
S1,R1,100,110,10,35,0.0506848,0.0065204,0.1990566,0.06981132,0.0441644,0.12924528
S1,R1,100,115,15,35,0.07578167,0.0136584,0.23490566,0.09150943,0.06212327,0.14339623
S1,R1,100,120,20,35,0.10150535,0.01905078,0.29811321,0.09622642,0.08245457,0.20188679
S1,R1,100,125,25,35,0.12102152,0.02574466,0.35377358,0.11949686,0.09527686,0.23427673
S1,R1,100,105,5,36,0.02685293,0.00209239,0.12924528,0.02641509,0.02476053,0.10283019
S1,R1,100,110,10,36,0.05138897,0.0065204,0.21037736,0.06981132,0.04486857,0.14056604
S1,R1,100,115,15,36,0.07690697,0.0136584,0.25943396,0.09150943,0.06324857,0.16792453
S1,R1,100,120,20,36,0.09759868,0.01905078,0.26320755,0.09622642,0.0785479,0.16698113
S1,R1,100,125,25,36,0.12358238,0.02574466,0.33679245,0.11949686,0.09783772,0.2172956
S1,R1,100,105,5,37,0.02666398,0.00209239,0.13113208,0.02641509,0.02457158,0.10471698
S1,R1,100,110,10,37,0.05159229,0.0065204,0.20754717,0.06981132,0.04507189,0.13773585
S1,R1,100,115,15,37,0.08006685,0.0136584,0.25660377,0.09150943,0.06640845,0.16509434
S1,R1,100,120,20,37,0.10779893,0.01905078,0.30283019,0.09622642,0.08874815,0.20660377
S1,R1,100,125,25,37,0.12323732,0.02574466,0.33301887,0.11949686,0.09749266,0.21352201
S1,R1,100,105,5,38,0.02615654,0.00209239,0.13962264,0.02641509,0.02406415,0.11320755
S1,R1,100,110,10,38,0.04908445,0.0065204,0.17735849,0.06981132,0.04256405,0.10754717
S1,R1,100,115,15,38,0.07174531,0.0136584,0.22641509,0.09150943,0.05808691,0.13490566
S1,R1,100,120,20,38,0.09401067,0.01905078,0.28490566,0.09622642,0.07495989,0.18867925
S1,R1,100,125,25,38,0.1141011,0.02574466,0.33018868,0.11949686,0.08835644,0.21069182
S1,R1,100,105,5,39,0.02531776,0.00209239,0.1245283,0.02641509,0.02322536,0.09811321
S1,R1,100,110,10,39,0.05192734,0.0065204,0.19245283,0.06981132,0.04540694,0.12264151
S1,R1,100,115,15,39,0.07976218,0.0136584,0.25283019,0.09150943,0.06610378,0.16132075
S1,R1,100,120,20,39,0.1098097,0.01905078,0.33962264,0.09622642,0.09075892,0.24339623
S1,R1,100,125,25,39,0.12865636,0.02574466,0.38962264,0.11949686,0.10291169,0.27012579
S1,R1,100,105,5,40,0.02417209,0.00209239,0.12924528,0.02641509,0.0220797,0.10283019
S1,R1,100,110,10,40,0.04911204,0.0065204,0.19528302,0.06981132,0.04259164,0.1254717
S1,R1,100,115,15,40,0.07004847,0.0136584,0.23962264,0.09150943,0.05639007,0.14811321
S1,R1,100,120,20,40,0.09231031,0.01905078,0.31320755,0.09622642,0.07325953,0.21698113
S1,R1,100,125,25,40,0.12145378,0.02574466,0.37264151,0.11949686,0.09570912,0.25314465
S1,R1,100,105,5,41,0.02723487,0.00209239,0.12924528,0.02641509,0.02514247,0.10283019
S1,R1,100,110,10,41,0.05423186,0.0065204,0.18962264,0.06981132,0.04771146,0.11981132
S1,R1,100,115,15,41,0.08561256,0.0136584,0.28301887,0.09150943,0.07195416,0.19150943
S1,R1,100,120,20,41,0.10732086,0.01905078,0.32169811,0.09622642,0.08827009,0.2254717
S1,R1,100,125,25,41,0.12730352,0.02574466,0.37641509,0.11949686,0.10155885,0.25691824
S1,R1,100,105,5,42,0.02599039,0.00209239,0.13113208,0.02641509,0.023898,0.10471698
S1,R1,100,110,10,42,0.05394813,0.0065204,0.21886792,0.06981132,0.04742773,0.1490566
S1,R1,100,115,15,42,0.07778742,0.0136584,0.25188679,0.09150943,0.06412902,0.16037736
S1,R1,100,120,20,42,0.10413195,0.01905078,0.33301887,0.09622642,0.08508118,0.23679245
S1,R1,100,125,25,42,0.12780038,0.02574466,0.38018868,0.11949686,0.10205572,0.26069182
S1,R1,100,105,5,43,0.02923529,0.00209239,0.13490566,0.02641509,0.0271429,0.10849057
S1,R1,100,110,10,43,0.05583559,0.0065204,0.22264151,0.06981132,0.04931519,0.15283019
S1,R1,100,115,15,43,0.08577827,0.0136584,0.28301887,0.09150943,0.07211987,0.19150943
S1,R1,100,120,20,43,0.11035727,0.01905078,0.31698113,0.09622642,0.09130649,0.22075472
S1,R1,100,125,25,43,0.13363638,0.02574466,0.36981132,0.11949686,0.10789172,0.25031447
S1,R1,100,105,5,44,0.02675215,0.00209239,0.13018868,0.02641509,0.02465975,0.10377358
S1,R1,100,110,10,44,0.0542724,0.0065204,0.20660377,0.06981132,0.047752,0.13679245
S1,R1,100,115,15,44,0.07779973,0.0136584,0.27830189,0.09150943,0.06414133,0.18679245
S1,R1,100,120,20,44,0.1044537,0.01905078,0.33301887,0.09622642,0.08540293,0.23679245
S1,R1,100,125,25,44,0.12065161,0.02574466,0.35943396,0.11949686,0.09490695,0.23993711
S1,R1,100,105,5,45,0.02480678,0.00209239,0.11981132,0.02641509,0.02271438,0.09339623
S1,R1,100,110,10,45,0.05107055,0.0065204,0.21037736,0.06981132,0.04455015,0.14056604
S1,R1,100,115,15,45,0.07960319,0.0136584,0.28396226,0.09150943,0.06594479,0.19245283
S1,R1,100,120,20,45,0.09892088,0.01905078,0.32830189,0.09622642,0.0798701,0.23207547
S1,R1,100,125,25,45,0.1252997,0.02574466,0.35943396,0.11949686,0.09955503,0.23993711
S1,R1,100,105,5,46,0.02552652,0.00209239,0.12075472,0.02641509,0.02343413,0.09433962
S1,R1,100,110,10,46,0.0481764,0.0065204,0.18301887,0.06981132,0.041656,0.11320755
S1,R1,100,115,15,46,0.07261835,0.0136584,0.2509434,0.09150943,0.05895995,0.15943396
S1,R1,100,120,20,46,0.09106641,0.01905078,0.28396226,0.09622642,0.07201563,0.18773585
S1,R1,100,125,25,46,0.10533434,0.02574466,0.30471698,0.11949686,0.07958968,0.18522013
S1,R1,100,105,5,47,0.02657226,0.00209239,0.13018868,0.02641509,0.02447987,0.10377358
S1,R1,100,110,10,47,0.05274637,0.0065204,0.21509434,0.06981132,0.04622597,0.14528302
S1,R1,100,115,15,47,0.08070629,0.0136584,0.2754717,0.09150943,0.06704789,0.18396226
S1,R1,100,120,20,47,0.1052121,0.01905078,0.32358491,0.09622642,0.08616133,0.22735849
S1,R1,100,125,25,47,0.12250759,0.02574466,0.34716981,0.11949686,0.09676293,0.22767296
S1,R1,100,105,5,48,0.02634528,0.00209239,0.14528302,0.02641509,0.02425289,0.11886792
S1,R1,100,110,10,48,0.05257608,0.0065204,0.21603774,0.06981132,0.04605568,0.14622642
S1,R1,100,115,15,48,0.07929156,0.0136584,0.27358491,0.09150943,0.06563316,0.18207547
S1,R1,100,120,20,48,0.10526468,0.01905078,0.32641509,0.09622642,0.08621391,0.23018868
S1,R1,100,125,25,48,0.1286558,0.02574466,0.35471698,0.11949686,0.10291114,0.23522013
S1,R1,100,105,5,49,0.02594656,0.00209239,0.13207547,0.02641509,0.02385417,0.10566038
S1,R1,100,110,10,49,0.05086073,0.0065204,0.17924528,0.06981132,0.04434033,0.10943396
S1,R1,100,115,15,49,0.06973723,0.0136584,0.20943396,0.09150943,0.05607883,0.11792453
S1,R1,100,120,20,49,0.09634617,0.01905078,0.28584906,0.09622642,0.0772954,0.18962264
S1,R1,100,125,25,49,0.11965849,0.02574466,0.33301887,0.11949686,0.09391383,0.21352201
S1,R1,100,105,5,50,0.02725628,0.00209239,0.15188679,0.02641509,0.02516389,0.1254717
S1,R1,100,110,10,50,0.05263235,0.0065204,0.21320755,0.06981132,0.04611195,0.14339623
S1,R1,100,115,15,50,0.07201002,0.0136584,0.25377358,0.09150943,0.05835162,0.16226415
S1,R1,100,120,20,50,0.09443871,0.01905078,0.29056604,0.09622642,0.07538794,0.19433962
S1,R1,100,125,25,50,0.11350729,0.02574466,0.33301887,0.11949686,0.08776263,0.21352201
S1,R1,100,105,5,51,0.02513295,0.00209239,0.11981132,0.02641509,0.02304056,0.09339623
S1,R1,100,110,10,51,0.04829995,0.0065204,0.19622642,0.06981132,0.04177955,0.12641509
S1,R1,100,115,15,51,0.07474274,0.0136584,0.25188679,0.09150943,0.06108434,0.16037736
S1,R1,100,120,20,51,0.10464216,0.01905078,0.3009434,0.09622642,0.08559139,0.20471698
S1,R1,100,125,25,51,0.12537929,0.02574466,0.38018868,0.11949686,0.09963463,0.26069182
S1,R1,100,105,5,52,0.0260801,0.00209239,0.14245283,0.02641509,0.02398771,0.11603774
S1,R1,100,110,10,52,0.05161126,0.0065204,0.22830189,0.06981132,0.04509086,0.15849057
S1,R1,100,115,15,52,0.07680841,0.0136584,0.25660377,0.09150943,0.06315001,0.16509434
S1,R1,100,120,20,52,0.10311908,0.01905078,0.32358491,0.09622642,0.0840683,0.22735849
S1,R1,100,125,25,52,0.12523076,0.02574466,0.38113208,0.11949686,0.0994861,0.26163522
S1,R1,100,105,5,53,0.02965512,0.00209239,0.12830189,0.02641509,0.02756272,0.10188679
S1,R1,100,110,10,53,0.05620879,0.0065204,0.19716981,0.06981132,0.04968839,0.12735849
S1,R1,100,115,15,53,0.08440133,0.0136584,0.25283019,0.09150943,0.07074293,0.16132075
S1,R1,100,120,20,53,0.10809518,0.01905078,0.31698113,0.09622642,0.0890444,0.22075472
S1,R1,100,125,25,53,0.13121462,0.02574466,0.38113208,0.11949686,0.10546996,0.26163522
S1,R1,100,105,5,54,0.0280358,0.00209239,0.12641509,0.02641509,0.0259434,0.1
S1,R1,100,110,10,54,0.05047896,0.0065204,0.19339623,0.06981132,0.04395856,0.12358491
S1,R1,100,115,15,54,0.07878787,0.0136584,0.25660377,0.09150943,0.06512947,0.16509434
S1,R1,100,120,20,54,0.10622835,0.01905078,0.31603774,0.09622642,0.08717757,0.21981132
S1,R1,100,125,25,54,0.12616384,0.02574466,0.36037736,0.11949686,0.10041918,0.2408805
S1,R1,100,105,5,55,0.02779354,0.00209239,0.1245283,0.02641509,0.02570114,0.09811321
S1,R1,100,110,10,55,0.04797817,0.0065204,0.16320755,0.06981132,0.04145776,0.09339623
S1,R1,100,115,15,55,0.0763828,0.0136584,0.25943396,0.09150943,0.0627244,0.16792453
S1,R1,100,120,20,55,0.10319266,0.01905078,0.30660377,0.09622642,0.08414188,0.21037736
S1,R1,100,125,25,55,0.12395304,0.02574466,0.35754717,0.11949686,0.09820838,0.23805031
S1,R1,100,105,5,56,0.02684394,0.00209239,0.14245283,0.02641509,0.02475154,0.11603774
S1,R1,100,110,10,56,0.04962272,0.0065204,0.20849057,0.06981132,0.04310232,0.13867925
S1,R1,100,115,15,56,0.07728347,0.0136584,0.26886792,0.09150943,0.06362507,0.17735849
S1,R1,100,120,20,56,0.09880235,0.01905078,0.30566038,0.09622642,0.07975158,0.20943396
S1,R1,100,125,25,56,0.12221462,0.02574466,0.36792453,0.11949686,0.09646996,0.24842767
S1,R1,100,105,5,57,0.02403396,0.00209239,0.1245283,0.02641509,0.02194157,0.09811321
S1,R1,100,110,10,57,0.05173197,0.0065204,0.2,0.06981132,0.04521157,0.13018868
S1,R1,100,115,15,57,0.08009182,0.0136584,0.25566038,0.09150943,0.06643342,0.16415094
S1,R1,100,120,20,57,0.10832151,0.01905078,0.31037736,0.09622642,0.08927073,0.21415094
S1,R1,100,125,25,57,0.12865619,0.02574466,0.39150943,0.11949686,0.10291152,0.27201258
S1,R1,100,105,5,58,0.02570141,0.00209239,0.11132075,0.02641509,0.02360902,0.08490566
S1,R1,100,110,10,58,0.047242,0.0065204,0.16981132,0.06981132,0.0407216,0.1
S1,R1,100,115,15,58,0.07055408,0.0136584,0.2490566,0.09150943,0.05689568,0.15754717
S1,R1,100,120,20,58,0.10186654,0.01905078,0.32735849,0.09622642,0.08281576,0.23113208
S1,R1,100,125,25,58,0.11911141,0.02574466,0.35471698,0.11949686,0.09336675,0.23522013
S1,R1,100,105,5,59,0.02520911,0.00209239,0.11981132,0.02641509,0.02311671,0.09339623
S1,R1,100,110,10,59,0.04691125,0.0065204,0.18018868,0.06981132,0.04039085,0.11037736
S1,R1,100,115,15,59,0.06828493,0.0136584,0.21226415,0.09150943,0.05462652,0.12075472
S1,R1,100,120,20,59,0.09025134,0.01905078,0.25943396,0.09622642,0.07120056,0.16320755
S1,R1,100,125,25,59,0.10768146,0.02574466,0.31037736,0.11949686,0.0819368,0.1908805
S1,R1,100,105,5,60,0.027364,0.00209239,0.15283019,0.02641509,0.02527161,0.12641509
S1,R1,100,110,10,60,0.05675509,0.0065204,0.2009434,0.06981132,0.05023469,0.13113208
S1,R1,100,115,15,60,0.08115937,0.0136584,0.25471698,0.09150943,0.06750097,0.16320755
S1,R1,100,120,20,60,0.10776502,0.01905078,0.3245283,0.09622642,0.08871424,0.22830189
S1,R1,100,125,25,60,0.12601617,0.02574466,0.35377358,0.11949686,0.1002715,0.23427673
S1,R1,100,105,5,61,0.02427074,0.00209239,0.13773585,0.02641509,0.02217835,0.11132075
S1,R1,100,110,10,61,0.04676899,0.0065204,0.20849057,0.06981132,0.04024859,0.13867925
S1,R1,100,115,15,61,0.07192263,0.0136584,0.26037736,0.09150943,0.05826423,0.16886792
S1,R1,100,120,20,61,0.09173107,0.01905078,0.30377358,0.09622642,0.07268029,0.20754717
S1,R1,100,125,25,61,0.11278012,0.02574466,0.32075472,0.11949686,0.08703546,0.20125786
S1,R1,100,105,5,62,0.02857724,0.00209239,0.13584906,0.02641509,0.02648485,0.10943396
S1,R1,100,110,10,62,0.05427054,0.0065204,0.20377358,0.06981132,0.04775014,0.13396226
S1,R1,100,115,15,62,0.07812426,0.0136584,0.26226415,0.09150943,0.06446586,0.17075472
S1,R1,100,120,20,62,0.09841691,0.01905078,0.28301887,0.09622642,0.07936613,0.18679245
S1,R1,100,125,25,62,0.12376864,0.02574466,0.33773585,0.11949686,0.09802398,0.21823899
S1,R1,100,105,5,63,0.02456382,0.00209239,0.14245283,0.02641509,0.02247143,0.11603774
S1,R1,100,110,10,63,0.04675654,0.0065204,0.2009434,0.06981132,0.04023614,0.13113208
S1,R1,100,115,15,63,0.07286491,0.0136584,0.26886792,0.09150943,0.05920651,0.17735849
S1,R1,100,120,20,63,0.09831909,0.01905078,0.32169811,0.09622642,0.07926831,0.2254717
S1,R1,100,125,25,63,0.11932765,0.02574466,0.36226415,0.11949686,0.09358299,0.2427673
S1,R1,100,105,5,64,0.02756642,0.00209239,0.16792453,0.02641509,0.02547403,0.14150943
S1,R1,100,110,10,64,0.05218657,0.0065204,0.22924528,0.06981132,0.04566616,0.15943396
S1,R1,100,115,15,64,0.07605609,0.0136584,0.27924528,0.09150943,0.06239769,0.18773585
S1,R1,100,120,20,64,0.10502122,0.01905078,0.33867925,0.09622642,0.08597044,0.24245283
S1,R1,100,125,25,64,0.11850646,0.02574466,0.35471698,0.11949686,0.0927618,0.23522013
S1,R1,100,105,5,65,0.02675994,0.00209239,0.13113208,0.02641509,0.02466754,0.10471698
S1,R1,100,110,10,65,0.05216295,0.0065204,0.19339623,0.06981132,0.04564255,0.12358491
S1,R1,100,115,15,65,0.07705388,0.0136584,0.26320755,0.09150943,0.06339548,0.17169811
S1,R1,100,120,20,65,0.09589204,0.01905078,0.31981132,0.09622642,0.07684126,0.22358491
S1,R1,100,125,25,65,0.11832203,0.02574466,0.35188679,0.11949686,0.09257737,0.23238994
S1,R1,100,105,5,66,0.0244835,0.00209239,0.12264151,0.02641509,0.02239111,0.09622642
S1,R1,100,110,10,66,0.04769594,0.0065204,0.20566038,0.06981132,0.04117554,0.13584906
S1,R1,100,115,15,66,0.07327074,0.0136584,0.25754717,0.09150943,0.05961234,0.16603774
S1,R1,100,120,20,66,0.09628689,0.01905078,0.30754717,0.09622642,0.07723612,0.21132075
S1,R1,100,125,25,66,0.11520033,0.02574466,0.34716981,0.11949686,0.08945567,0.22767296
S1,R1,100,105,5,67,0.02674904,0.00209239,0.1254717,0.02641509,0.02465665,0.0990566
S1,R1,100,110,10,67,0.04711428,0.0065204,0.18679245,0.06981132,0.04059387,0.11698113
S1,R1,100,115,15,67,0.07287358,0.0136584,0.25377358,0.09150943,0.05921518,0.16226415
S1,R1,100,120,20,67,0.09298713,0.01905078,0.25849057,0.09622642,0.07393636,0.16226415
S1,R1,100,125,25,67,0.11735335,0.02574466,0.32924528,0.11949686,0.09160869,0.20974843
S1,R1,100,105,5,68,0.02816142,0.00209239,0.12264151,0.02641509,0.02606902,0.09622642
S1,R1,100,110,10,68,0.05248257,0.0065204,0.1990566,0.06981132,0.04596217,0.12924528
S1,R1,100,115,15,68,0.07822389,0.0136584,0.27830189,0.09150943,0.06456549,0.18679245
S1,R1,100,120,20,68,0.10053192,0.01905078,0.31698113,0.09622642,0.08148114,0.22075472
S1,R1,100,125,25,68,0.12661578,0.02574466,0.37641509,0.11949686,0.10087112,0.25691824
S1,R1,100,105,5,69,0.02514057,0.00209239,0.11792453,0.02641509,0.02304817,0.09150943
S1,R1,100,110,10,69,0.04804515,0.0065204,0.16509434,0.06981132,0.04152475,0.09528302
S1,R1,100,115,15,69,0.07150827,0.0136584,0.2254717,0.09150943,0.05784987,0.13396226
S1,R1,100,120,20,69,0.10169004,0.01905078,0.28018868,0.09622642,0.08263926,0.18396226
S1,R1,100,125,25,69,0.11907356,0.02574466,0.33867925,0.11949686,0.0933289,0.21918239
S1,R1,100,105,5,70,0.02452869,0.00209239,0.11509434,0.02641509,0.02243629,0.08867925
S1,R1,100,110,10,70,0.05007287,0.0065204,0.19339623,0.06981132,0.04355247,0.12358491
S1,R1,100,115,15,70,0.07524693,0.0136584,0.24811321,0.09150943,0.06158852,0.15660377
S1,R1,100,120,20,70,0.09771973,0.01905078,0.26886792,0.09622642,0.07866895,0.17264151
S1,R1,100,125,25,70,0.12352574,0.02574466,0.3490566,0.11949686,0.09778108,0.22955975
S1,R1,100,105,5,71,0.02395847,0.00209239,0.10943396,0.02641509,0.02186607,0.08301887
S1,R1,100,110,10,71,0.04892461,0.0065204,0.17830189,0.06981132,0.04240421,0.10849057
S1,R1,100,115,15,71,0.07501164,0.0136584,0.24622642,0.09150943,0.06135324,0.15471698
S1,R1,100,120,20,71,0.10649331,0.01905078,0.32358491,0.09622642,0.08744254,0.22735849
S1,R1,100,125,25,71,0.12296404,0.02574466,0.36981132,0.11949686,0.09721938,0.25031447
S1,R1,100,105,5,72,0.02568515,0.00209239,0.12830189,0.02641509,0.02359276,0.10188679
S1,R1,100,110,10,72,0.04913653,0.0065204,0.21698113,0.06981132,0.04261613,0.14716981
S1,R1,100,115,15,72,0.07374514,0.0136584,0.25377358,0.09150943,0.06008674,0.16226415
S1,R1,100,120,20,72,0.09970648,0.01905078,0.30283019,0.09622642,0.0806557,0.20660377
S1,R1,100,125,25,72,0.11986172,0.02574466,0.34150943,0.11949686,0.09411706,0.22201258
S1,R1,100,105,5,73,0.023714,0.00209239,0.11226415,0.02641509,0.0216216,0.08584906
S1,R1,100,110,10,73,0.04765672,0.0065204,0.20471698,0.06981132,0.04113632,0.13490566
S1,R1,100,115,15,73,0.07763613,0.0136584,0.25471698,0.09150943,0.06397773,0.16320755
S1,R1,100,120,20,73,0.10318563,0.01905078,0.31981132,0.09622642,0.08413486,0.22358491
S1,R1,100,125,25,73,0.12250282,0.02574466,0.36320755,0.11949686,0.09675815,0.24371069
S1,R1,100,105,5,74,0.02400074,0.00209239,0.11037736,0.02641509,0.02190835,0.08396226
S1,R1,100,110,10,74,0.04724731,0.0065204,0.18301887,0.06981132,0.04072691,0.11320755
S1,R1,100,115,15,74,0.07293807,0.0136584,0.24339623,0.09150943,0.05927967,0.15188679
S1,R1,100,120,20,74,0.09861075,0.01905078,0.29339623,0.09622642,0.07955997,0.19716981
S1,R1,100,125,25,74,0.12005061,0.02574466,0.36037736,0.11949686,0.09430595,0.2408805
S1,R1,100,105,5,75,0.02897959,0.00209239,0.13396226,0.02641509,0.0268872,0.10754717
S1,R1,100,110,10,75,0.05362099,0.0065204,0.18018868,0.06981132,0.04710059,0.11037736
S1,R1,100,115,15,75,0.07731864,0.0136584,0.22358491,0.09150943,0.06366024,0.13207547
S1,R1,100,120,20,75,0.09353534,0.01905078,0.27735849,0.09622642,0.07448457,0.18113208
S1,R1,100,125,25,75,0.11407853,0.02574466,0.30943396,0.11949686,0.08833387,0.18993711
S1,R1,100,105,5,76,0.02812904,0.00209239,0.14716981,0.02641509,0.02603665,0.12075472
S1,R1,100,110,10,76,0.05158078,0.0065204,0.20471698,0.06981132,0.04506038,0.13490566
S1,R1,100,115,15,76,0.07275189,0.0136584,0.25377358,0.09150943,0.05909349,0.16226415
S1,R1,100,120,20,76,0.09839654,0.01905078,0.32075472,0.09622642,0.07934576,0.2245283
S1,R1,100,125,25,76,0.12213452,0.02574466,0.36226415,0.11949686,0.09638986,0.2427673
S1,R1,100,105,5,77,0.02612774,0.00209239,0.1254717,0.02641509,0.02403535,0.0990566
S1,R1,100,110,10,77,0.0469861,0.0065204,0.19433962,0.06981132,0.0404657,0.1245283
S1,R1,100,115,15,77,0.06897655,0.0136584,0.26415094,0.09150943,0.05531815,0.17264151
S1,R1,100,120,20,77,0.09714703,0.01905078,0.29716981,0.09622642,0.07809625,0.2009434
S1,R1,100,125,25,77,0.11854402,0.02574466,0.32830189,0.11949686,0.09279936,0.20880503
S1,R1,100,105,5,78,0.02591491,0.00209239,0.12075472,0.02641509,0.02382252,0.09433962
S1,R1,100,110,10,78,0.04957102,0.0065204,0.17641509,0.06981132,0.04305062,0.10660377
S1,R1,100,115,15,78,0.07102797,0.0136584,0.23679245,0.09150943,0.05736957,0.14528302
S1,R1,100,120,20,78,0.09432992,0.01905078,0.27830189,0.09622642,0.07527914,0.18207547
S1,R1,100,125,25,78,0.11930186,0.02574466,0.33584906,0.11949686,0.0935572,0.2163522
S1,R1,100,105,5,79,0.02716337,0.00209239,0.11981132,0.02641509,0.02507097,0.09339623
S1,R1,100,110,10,79,0.05312551,0.0065204,0.20188679,0.06981132,0.04660511,0.13207547
S1,R1,100,115,15,79,0.07702115,0.0136584,0.25566038,0.09150943,0.06336275,0.16415094
S1,R1,100,120,20,79,0.09469429,0.01905078,0.26981132,0.09622642,0.07564351,0.17358491
S1,R1,100,125,25,79,0.1170807,0.02574466,0.32358491,0.11949686,0.09133604,0.20408805
S1,R1,100,105,5,80,0.02553192,0.00209239,0.11603774,0.02641509,0.02343953,0.08962264
S1,R1,100,110,10,80,0.04871564,0.0065204,0.17830189,0.06981132,0.04219524,0.10849057
S1,R1,100,115,15,80,0.07189925,0.0136584,0.21981132,0.09150943,0.05824085,0.12830189
S1,R1,100,120,20,80,0.09351041,0.01905078,0.27169811,0.09622642,0.07445964,0.1754717
S1,R1,100,125,25,80,0.1138766,0.02574466,0.3009434,0.11949686,0.08813194,0.18144654
S1,R1,100,105,5,81,0.02403892,0.00209239,0.09622642,0.02641509,0.02194652,0.06981132
S1,R1,100,110,10,81,0.04344902,0.0065204,0.17264151,0.06981132,0.03692862,0.10283019
S1,R1,100,115,15,81,0.06792672,0.0136584,0.23018868,0.09150943,0.05426832,0.13867925
S1,R1,100,120,20,81,0.09202805,0.01905078,0.2745283,0.09622642,0.07297728,0.17830189
S1,R1,100,125,25,81,0.11565126,0.02574466,0.36603774,0.11949686,0.0899066,0.24654088
S1,R1,100,105,5,82,0.0252461,0.00209239,0.12358491,0.02641509,0.02315371,0.09716981
S1,R1,100,110,10,82,0.05063876,0.0065204,0.20660377,0.06981132,0.04411836,0.13679245
S1,R1,100,115,15,82,0.07658886,0.0136584,0.26981132,0.09150943,0.06293046,0.17830189
S1,R1,100,120,20,82,0.10173064,0.01905078,0.30566038,0.09622642,0.08267986,0.20943396
S1,R1,100,125,25,82,0.12293001,0.02574466,0.36792453,0.11949686,0.09718535,0.24842767
S1,R1,100,105,5,83,0.0266117,0.00209239,0.14811321,0.02641509,0.02451931,0.12169811
S1,R1,100,110,10,83,0.05409908,0.0065204,0.21132075,0.06981132,0.04757868,0.14150943
S1,R1,100,115,15,83,0.08081818,0.0136584,0.25,0.09150943,0.06715978,0.15849057
S1,R1,100,120,20,83,0.10819708,0.01905078,0.3254717,0.09622642,0.0891463,0.22924528
S1,R1,100,125,25,83,0.13026565,0.02574466,0.36415094,0.11949686,0.10452098,0.24465409
S1,R1,100,105,5,84,0.03119324,0.00209239,0.17169811,0.02641509,0.02910085,0.14528302
S1,R1,100,110,10,84,0.0547422,0.0065204,0.20943396,0.06981132,0.0482218,0.13962264
S1,R1,100,115,15,84,0.08594584,0.0136584,0.27169811,0.09150943,0.07228744,0.18018868
S1,R1,100,120,20,84,0.10632251,0.01905078,0.31886792,0.09622642,0.08727174,0.22264151
S1,R1,100,125,25,84,0.12446451,0.02574466,0.33962264,0.11949686,0.09871985,0.22012579
S1,R1,100,105,5,85,0.02610971,0.00209239,0.13679245,0.02641509,0.02401732,0.11037736
S1,R1,100,110,10,85,0.05230559,0.0065204,0.23301887,0.06981132,0.04578518,0.16320755
S1,R1,100,115,15,85,0.07428624,0.0136584,0.25943396,0.09150943,0.06062784,0.16792453
S1,R1,100,120,20,85,0.09530064,0.01905078,0.30377358,0.09622642,0.07624987,0.20754717
S1,R1,100,125,25,85,0.11666305,0.02574466,0.36981132,0.11949686,0.09091839,0.25031447
S1,R1,100,105,5,86,0.02351504,0.00209239,0.10377358,0.02641509,0.02142265,0.07735849
S1,R1,100,110,10,86,0.04710836,0.0065204,0.15566038,0.06981132,0.04058796,0.08584906
S1,R1,100,115,15,86,0.08211182,0.0136584,0.25754717,0.09150943,0.06845342,0.16603774
S1,R1,100,120,20,86,0.10326855,0.01905078,0.29245283,0.09622642,0.08421777,0.19622642
S1,R1,100,125,25,86,0.12259449,0.02574466,0.34339623,0.11949686,0.09684983,0.22389937
S1,R1,100,105,5,87,0.02555064,0.00209239,0.12641509,0.02641509,0.02345824,0.1
S1,R1,100,110,10,87,0.04663519,0.0065204,0.20849057,0.06981132,0.04011479,0.13867925
S1,R1,100,115,15,87,0.07532162,0.0136584,0.26698113,0.09150943,0.06166322,0.1754717
S1,R1,100,120,20,87,0.09818011,0.01905078,0.32735849,0.09622642,0.07912933,0.23113208
S1,R1,100,125,25,87,0.11971194,0.02574466,0.34528302,0.11949686,0.09396727,0.22578616
S1,R1,100,105,5,88,0.02642438,0.00209239,0.12641509,0.02641509,0.02433199,0.1
S1,R1,100,110,10,88,0.05336027,0.0065204,0.17830189,0.06981132,0.04683987,0.10849057
S1,R1,100,115,15,88,0.07561779,0.0136584,0.23490566,0.09150943,0.06195939,0.14339623
S1,R1,100,120,20,88,0.1037935,0.01905078,0.29339623,0.09622642,0.08474272,0.19716981
S1,R1,100,125,25,88,0.12510692,0.02574466,0.34056604,0.11949686,0.09936226,0.22106918
S1,R1,100,105,5,89,0.02618525,0.00209239,0.13396226,0.02641509,0.02409286,0.10754717
S1,R1,100,110,10,89,0.0515736,0.0065204,0.17735849,0.06981132,0.0450532,0.10754717
S1,R1,100,115,15,89,0.07398151,0.0136584,0.22358491,0.09150943,0.06032311,0.13207547
S1,R1,100,120,20,89,0.09569816,0.01905078,0.29811321,0.09622642,0.07664738,0.20188679
S1,R1,100,125,25,89,0.11863588,0.02574466,0.35283019,0.11949686,0.09289122,0.23333333
S1,R1,100,105,5,90,0.02620031,0.00209239,0.12924528,0.02641509,0.02410792,0.10283019
S1,R1,100,110,10,90,0.04904201,0.0065204,0.19056604,0.06981132,0.04252161,0.12075472
S1,R1,100,115,15,90,0.0763636,0.0136584,0.23396226,0.09150943,0.0627052,0.14245283
S1,R1,100,120,20,90,0.0949172,0.01905078,0.25188679,0.09622642,0.07586642,0.15566038
S1,R1,100,125,25,90,0.11340728,0.02574466,0.3,0.11949686,0.08766262,0.18050314
S1,R1,100,105,5,91,0.0247553,0.00209239,0.12264151,0.02641509,0.02266291,0.09622642
S1,R1,100,110,10,91,0.04942469,0.0065204,0.1990566,0.06981132,0.04290428,0.12924528
S1,R1,100,115,15,91,0.07467319,0.0136584,0.26886792,0.09150943,0.06101479,0.17735849
S1,R1,100,120,20,91,0.09953027,0.01905078,0.31698113,0.09622642,0.0804795,0.22075472
S1,R1,100,125,25,91,0.11976311,0.02574466,0.36886792,0.11949686,0.09401845,0.24937107
S1,R1,100,105,5,92,0.02616824,0.00209239,0.12264151,0.02641509,0.02407585,0.09622642
S1,R1,100,110,10,92,0.05010198,0.0065204,0.20943396,0.06981132,0.04358158,0.13962264
S1,R1,100,115,15,92,0.08311425,0.0136584,0.28396226,0.09150943,0.06945585,0.19245283
S1,R1,100,120,20,92,0.10835082,0.01905078,0.33962264,0.09622642,0.08930004,0.24339623
S1,R1,100,125,25,92,0.13695244,0.02574466,0.37924528,0.11949686,0.11120778,0.25974843
S1,R1,100,105,5,93,0.02343086,0.00209239,0.11320755,0.02641509,0.02133846,0.08679245
S1,R1,100,110,10,93,0.04624752,0.0065204,0.17358491,0.06981132,0.03972712,0.10377358
S1,R1,100,115,15,93,0.0696671,0.0136584,0.22924528,0.09150943,0.0560087,0.13773585
S1,R1,100,120,20,93,0.09472464,0.01905078,0.25188679,0.09622642,0.07567386,0.15566038
S1,R1,100,125,25,93,0.11746767,0.02574466,0.3509434,0.11949686,0.09172301,0.23144654
S1,R1,100,105,5,94,0.02292675,0.00209239,0.11509434,0.02641509,0.02083436,0.08867925
S1,R1,100,110,10,94,0.04599193,0.0065204,0.16509434,0.06981132,0.03947153,0.09528302
S1,R1,100,115,15,94,0.07514574,0.0136584,0.24528302,0.09150943,0.06148734,0.15377358
S1,R1,100,120,20,94,0.09747675,0.01905078,0.29622642,0.09622642,0.07842598,0.2
S1,R1,100,125,25,94,0.11733099,0.02574466,0.32169811,0.11949686,0.09158633,0.20220126
S1,R1,100,105,5,95,0.02516761,0.00209239,0.11886792,0.02641509,0.02307521,0.09245283
S1,R1,100,110,10,95,0.04672875,0.0065204,0.19245283,0.06981132,0.04020835,0.12264151
S1,R1,100,115,15,95,0.07397785,0.0136584,0.24716981,0.09150943,0.06031945,0.15566038
S1,R1,100,120,20,95,0.09743187,0.01905078,0.29622642,0.09622642,0.0783811,0.2
S1,R1,100,125,25,95,0.11712596,0.02574466,0.32169811,0.11949686,0.09138129,0.20220126
S1,R1,100,105,5,96,0.02556297,0.00209239,0.12169811,0.02641509,0.02347058,0.09528302
S1,R1,100,110,10,96,0.04889949,0.0065204,0.19056604,0.06981132,0.04237909,0.12075472
S1,R1,100,115,15,96,0.07243404,0.0136584,0.22830189,0.09150943,0.05877564,0.13679245
S1,R1,100,120,20,96,0.09691509,0.01905078,0.3,0.09622642,0.07786431,0.20377358
S1,R1,100,125,25,96,0.12292732,0.02574466,0.35660377,0.11949686,0.09718266,0.23710692
S1,R1,100,105,5,97,0.02753934,0.00209239,0.1254717,0.02641509,0.02544694,0.0990566
S1,R1,100,110,10,97,0.05261059,0.0065204,0.20566038,0.06981132,0.04609019,0.13584906
S1,R1,100,115,15,97,0.075152,0.0136584,0.26698113,0.09150943,0.0614936,0.1754717
S1,R1,100,120,20,97,0.10020556,0.01905078,0.33018868,0.09622642,0.08115478,0.23396226
S1,R1,100,125,25,97,0.12690999,0.02574466,0.39056604,0.11949686,0.10116533,0.27106918
S1,R1,100,105,5,98,0.02438032,0.00209239,0.13113208,0.02641509,0.02228793,0.10471698
S1,R1,100,110,10,98,0.04871201,0.0065204,0.19056604,0.06981132,0.04219161,0.12075472
S1,R1,100,115,15,98,0.07497592,0.0136584,0.23773585,0.09150943,0.06131752,0.14622642
S1,R1,100,120,20,98,0.09576833,0.01905078,0.2754717,0.09622642,0.07671755,0.17924528
S1,R1,100,125,25,98,0.12052801,0.02574466,0.3254717,0.11949686,0.09478334,0.20597484
S1,R1,100,105,5,99,0.02698188,0.00209239,0.11603774,0.02641509,0.02488948,0.08962264
S1,R1,100,110,10,99,0.05179568,0.0065204,0.2,0.06981132,0.04527528,0.13018868
S1,R1,100,115,15,99,0.07461698,0.0136584,0.2245283,0.09150943,0.06095858,0.13301887
S1,R1,100,120,20,99,0.10186175,0.01905078,0.30943396,0.09622642,0.08281098,0.21320755
S1,R1,100,125,25,99,0.12174685,0.02574466,0.3490566,0.11949686,0.09600219,0.22955975
S1,R1,100,105,5,100,0.02168872,0.00209239,0.1245283,0.02641509,0.01959633,0.09811321
S1,R1,100,110,10,100,0.04436039,0.0065204,0.19150943,0.06981132,0.03783999,0.12169811
S1,R1,100,115,15,100,0.06645241,0.0136584,0.2254717,0.09150943,0.05279401,0.13396226
S1,R1,100,120,20,100,0.09632983,0.01905078,0.30377358,0.09622642,0.07727905,0.20754717
S1,R1,100,125,25,100,0.12070812,0.02574466,0.35754717,0.11949686,0.09496346,0.23805031
S1,R1,100,105,5,101,0.0251024,0.00209239,0.13962264,0.02641509,0.02301,0.11320755
S1,R1,100,110,10,101,0.04741871,0.0065204,0.16132075,0.06981132,0.04089831,0.09150943
S1,R1,100,115,15,101,0.0760018,0.0136584,0.21886792,0.09150943,0.0623434,0.12735849
S1,R1,100,120,20,101,0.10589839,0.01905078,0.30566038,0.09622642,0.08684761,0.20943396
S1,R1,100,125,25,101,0.12876879,0.02574466,0.3745283,0.11949686,0.10302413,0.25503145
S1,R1,100,105,5,102,0.02522147,0.00209239,0.12735849,0.02641509,0.02312908,0.1009434
S1,R1,100,110,10,102,0.04633262,0.0065204,0.19150943,0.06981132,0.03981222,0.12169811
S1,R1,100,115,15,102,0.07401336,0.0136584,0.26603774,0.09150943,0.06035496,0.1745283
S1,R1,100,120,20,102,0.09728201,0.01905078,0.31226415,0.09622642,0.07823124,0.21603774
S1,R1,100,125,25,102,0.11518624,0.02574466,0.33018868,0.11949686,0.08944158,0.21069182
S1,R1,100,105,5,103,0.02491242,0.00209239,0.11320755,0.02641509,0.02282003,0.08679245
S1,R1,100,110,10,103,0.05093699,0.0065204,0.18679245,0.06981132,0.04441659,0.11698113
S1,R1,100,115,15,103,0.07811984,0.0136584,0.23396226,0.09150943,0.06446144,0.14245283
S1,R1,100,120,20,103,0.10184072,0.01905078,0.31415094,0.09622642,0.08278994,0.21792453
S1,R1,100,125,25,103,0.12896223,0.02574466,0.35660377,0.11949686,0.10321757,0.23710692
S1,R1,100,105,5,104,0.02544942,0.00209239,0.11698113,0.02641509,0.02335703,0.09056604
S1,R1,100,110,10,104,0.05333416,0.0065204,0.22641509,0.06981132,0.04681376,0.15660377
S1,R1,100,115,15,104,0.08356158,0.0136584,0.29245283,0.09150943,0.06990318,0.2009434
S1,R1,100,120,20,104,0.10463714,0.01905078,0.30754717,0.09622642,0.08558637,0.21132075
S1,R1,100,125,25,104,0.12424609,0.02574466,0.35471698,0.11949686,0.09850143,0.23522013
S1,R1,100,105,5,105,0.02274105,0.00209239,0.1254717,0.02641509,0.02064865,0.0990566
S1,R1,100,110,10,105,0.04995505,0.0065204,0.23490566,0.06981132,0.04343465,0.16509434
S1,R1,100,115,15,105,0.07852888,0.0136584,0.28207547,0.09150943,0.06487048,0.19056604
S1,R1,100,120,20,105,0.09824456,0.01905078,0.31698113,0.09622642,0.07919378,0.22075472
S1,R1,100,125,25,105,0.11432357,0.02574466,0.36037736,0.11949686,0.08857891,0.2408805
S1,R1,100,105,5,106,0.02476045,0.00209239,0.12264151,0.02641509,0.02266806,0.09622642
S1,R1,100,110,10,106,0.04972948,0.0065204,0.20566038,0.06981132,0.04320908,0.13584906
S1,R1,100,115,15,106,0.07044688,0.0136584,0.23113208,0.09150943,0.05678848,0.13962264
S1,R1,100,120,20,106,0.09146299,0.01905078,0.26698113,0.09622642,0.07241221,0.17075472
S1,R1,100,125,25,106,0.11393065,0.02574466,0.33584906,0.11949686,0.08818599,0.2163522
S1,R1,100,105,5,107,0.02556926,0.00209239,0.12358491,0.02641509,0.02347687,0.09716981
S1,R1,100,110,10,107,0.0481632,0.0065204,0.19339623,0.06981132,0.0416428,0.12358491
S1,R1,100,115,15,107,0.07630298,0.0136584,0.25377358,0.09150943,0.06264458,0.16226415
S1,R1,100,120,20,107,0.10178868,0.01905078,0.30754717,0.09622642,0.0827379,0.21132075
S1,R1,100,125,25,107,0.12457408,0.02574466,0.35943396,0.11949686,0.09882942,0.23993711
S1,R1,100,105,5,108,0.02452887,0.00209239,0.13207547,0.02641509,0.02243648,0.10566038
S1,R1,100,110,10,108,0.04818606,0.0065204,0.18018868,0.06981132,0.04166566,0.11037736
S1,R1,100,115,15,108,0.07300814,0.0136584,0.25943396,0.09150943,0.05934974,0.16792453
S1,R1,100,120,20,108,0.09605267,0.01905078,0.28773585,0.09622642,0.0770019,0.19150943
S1,R1,100,125,25,108,0.11401659,0.02574466,0.36886792,0.11949686,0.08827193,0.24937107
S1,R1,100,105,5,109,0.024393,0.00209239,0.12830189,0.02641509,0.02230061,0.10188679
S1,R1,100,110,10,109,0.047643,0.0065204,0.20660377,0.06981132,0.0411226,0.13679245
S1,R1,100,115,15,109,0.07573644,0.0136584,0.26320755,0.09150943,0.06207804,0.17169811
S1,R1,100,120,20,109,0.09875781,0.01905078,0.31603774,0.09622642,0.07970703,0.21981132
S1,R1,100,125,25,109,0.12280699,0.02574466,0.35849057,0.11949686,0.09706233,0.23899371
S1,R1,100,105,5,110,0.02736747,0.00209239,0.13113208,0.02641509,0.02527508,0.10471698
S1,R1,100,110,10,110,0.05010565,0.0065204,0.18396226,0.06981132,0.04358525,0.11415094
S1,R1,100,115,15,110,0.07849793,0.0136584,0.25283019,0.09150943,0.06483953,0.16132075
S1,R1,100,120,20,110,0.10466183,0.01905078,0.30377358,0.09622642,0.08561106,0.20754717
S1,R1,100,125,25,110,0.12544621,0.02574466,0.34339623,0.11949686,0.09970155,0.22389937
S1,R1,100,105,5,111,0.02379039,0.00209239,0.09245283,0.02641509,0.02169799,0.06603774
S1,R1,100,110,10,111,0.05199732,0.0065204,0.18962264,0.06981132,0.04547692,0.11981132
S1,R1,100,115,15,111,0.07849412,0.0136584,0.2490566,0.09150943,0.06483572,0.15754717
S1,R1,100,120,20,111,0.10019562,0.01905078,0.30754717,0.09622642,0.08114484,0.21132075
S1,R1,100,125,25,111,0.11879837,0.02574466,0.35283019,0.11949686,0.09305371,0.23333333
S1,R1,100,105,5,112,0.02618275,0.00209239,0.12830189,0.02641509,0.02409035,0.10188679
S1,R1,100,110,10,112,0.05393416,0.0065204,0.21037736,0.06981132,0.04741376,0.14056604
S1,R1,100,115,15,112,0.07694622,0.0136584,0.24528302,0.09150943,0.06328782,0.15377358
S1,R1,100,120,20,112,0.10282658,0.01905078,0.30188679,0.09622642,0.08377581,0.20566038
S1,R1,100,125,25,112,0.12260909,0.02574466,0.36698113,0.11949686,0.09686443,0.24748428
S1,R1,100,105,5,113,0.02693592,0.00209239,0.13207547,0.02641509,0.02484352,0.10566038
S1,R1,100,110,10,113,0.05505875,0.0065204,0.21792453,0.06981132,0.04853835,0.14811321
S1,R1,100,115,15,113,0.08060379,0.0136584,0.26698113,0.09150943,0.06694539,0.1754717
S1,R1,100,120,20,113,0.10311139,0.01905078,0.32169811,0.09622642,0.08406061,0.2254717
S1,R1,100,125,25,113,0.12887024,0.02574466,0.38301887,0.11949686,0.10312558,0.26352201
S1,R1,100,105,5,114,0.02737567,0.00209239,0.12358491,0.02641509,0.02528328,0.09716981
S1,R1,100,110,10,114,0.05195423,0.0065204,0.18962264,0.06981132,0.04543383,0.11981132
S1,R1,100,115,15,114,0.07719828,0.0136584,0.27169811,0.09150943,0.06353988,0.18018868
S1,R1,100,120,20,114,0.10199658,0.01905078,0.32264151,0.09622642,0.08294581,0.22641509
S1,R1,100,125,25,114,0.1182144,0.02574466,0.34339623,0.11949686,0.09246973,0.22389937
S1,R1,100,105,5,115,0.02596983,0.00209239,0.14245283,0.02641509,0.02387744,0.11603774
S1,R1,100,110,10,115,0.0529038,0.0065204,0.19339623,0.06981132,0.0463834,0.12358491
S1,R1,100,115,15,115,0.07643127,0.0136584,0.26037736,0.09150943,0.06277287,0.16886792
S1,R1,100,120,20,115,0.10128751,0.01905078,0.32358491,0.09622642,0.08223674,0.22735849
S1,R1,100,125,25,115,0.12517653,0.02574466,0.34811321,0.11949686,0.09943187,0.22861635
S1,R1,100,105,5,116,0.02798278,0.00209239,0.1509434,0.02641509,0.02589039,0.1245283
S1,R1,100,110,10,116,0.05607481,0.0065204,0.21698113,0.06981132,0.04955441,0.14716981
S1,R1,100,115,15,116,0.07811018,0.0136584,0.26603774,0.09150943,0.06445178,0.1745283
S1,R1,100,120,20,116,0.10051047,0.01905078,0.31509434,0.09622642,0.08145969,0.21886792
S1,R1,100,125,25,116,0.12338286,0.02574466,0.34150943,0.11949686,0.0976382,0.22201258
S1,R1,100,105,5,117,0.02633828,0.00209239,0.12735849,0.02641509,0.02424588,0.1009434
S1,R1,100,110,10,117,0.05261321,0.0065204,0.20377358,0.06981132,0.04609281,0.13396226
S1,R1,100,115,15,117,0.07649306,0.0136584,0.25660377,0.09150943,0.06283466,0.16509434
S1,R1,100,120,20,117,0.10252911,0.01905078,0.29811321,0.09622642,0.08347833,0.20188679
S1,R1,100,125,25,117,0.12608637,0.02574466,0.35283019,0.11949686,0.1003417,0.23333333
S1,R1,100,105,5,118,0.02559375,0.00209239,0.12735849,0.02641509,0.02350136,0.1009434
S1,R1,100,110,10,118,0.05066714,0.0065204,0.19433962,0.06981132,0.04414674,0.1245283
S1,R1,100,115,15,118,0.07750635,0.0136584,0.25188679,0.09150943,0.06384795,0.16037736
S1,R1,100,120,20,118,0.10003287,0.01905078,0.32075472,0.09622642,0.0809821,0.2245283
S1,R1,100,125,25,118,0.11849535,0.02574466,0.33490566,0.11949686,0.09275069,0.21540881
S1,R1,100,105,5,119,0.02435389,0.00209239,0.11792453,0.02641509,0.0222615,0.09150943
S1,R1,100,110,10,119,0.0488583,0.0065204,0.18962264,0.06981132,0.0423379,0.11981132
S1,R1,100,115,15,119,0.07459963,0.0136584,0.24150943,0.09150943,0.06094123,0.15
S1,R1,100,120,20,119,0.09399296,0.01905078,0.28490566,0.09622642,0.07494218,0.18867925
S1,R1,100,125,25,119,0.11615115,0.02574466,0.34245283,0.11949686,0.09040649,0.22295597
S1,R1,100,105,5,120,0.02481639,0.00209239,0.14811321,0.02641509,0.022724,0.12169811
S1,R1,100,110,10,120,0.05231347,0.0065204,0.24056604,0.06981132,0.04579307,0.17075472
S1,R1,100,115,15,120,0.07932086,0.0136584,0.27358491,0.09150943,0.06566246,0.18207547
S1,R1,100,120,20,120,0.10171373,0.01905078,0.29433962,0.09622642,0.08266296,0.19811321
S1,R1,100,125,25,120,0.12728699,0.02574466,0.36981132,0.11949686,0.10154233,0.25031447
S1,R1,100,105,5,121,0.02763539,0.00209239,0.14433962,0.02641509,0.025543,0.11792453
S1,R1,100,110,10,121,0.0493517,0.0065204,0.19528302,0.06981132,0.0428313,0.1254717
S1,R1,100,115,15,121,0.06683981,0.0136584,0.21509434,0.09150943,0.05318141,0.12358491
S1,R1,100,120,20,121,0.08713619,0.01905078,0.23867925,0.09622642,0.06808541,0.14245283
S1,R1,100,125,25,121,0.10540532,0.02574466,0.28962264,0.11949686,0.07966066,0.17012579
S1,R1,100,105,5,122,0.02517808,0.00209239,0.11037736,0.02641509,0.02308568,0.08396226
S1,R1,100,110,10,122,0.05475627,0.0065204,0.18207547,0.06981132,0.04823587,0.11226415
S1,R1,100,115,15,122,0.08276329,0.0136584,0.25849057,0.09150943,0.06910489,0.16698113
S1,R1,100,120,20,122,0.09815151,0.01905078,0.26886792,0.09622642,0.07910074,0.17264151
S1,R1,100,125,25,122,0.11678888,0.02574466,0.35,0.11949686,0.09104422,0.23050314
S1,R1,100,105,5,123,0.02549878,0.00209239,0.12924528,0.02641509,0.02340638,0.10283019
S1,R1,100,110,10,123,0.05006044,0.0065204,0.23584906,0.06981132,0.04354004,0.16603774
S1,R1,100,115,15,123,0.074876,0.0136584,0.25754717,0.09150943,0.0612176,0.16603774
S1,R1,100,120,20,123,0.1020977,0.01905078,0.33773585,0.09622642,0.08304692,0.24150943
S1,R1,100,125,25,123,0.1197681,0.02574466,0.38301887,0.11949686,0.09402344,0.26352201
S1,R1,100,105,5,124,0.02648378,0.00209239,0.12641509,0.02641509,0.02439139,0.1
S1,R1,100,110,10,124,0.05389379,0.0065204,0.2009434,0.06981132,0.04737339,0.13113208
S1,R1,100,115,15,124,0.07974833,0.0136584,0.26509434,0.09150943,0.06608993,0.17358491
S1,R1,100,120,20,124,0.10181587,0.01905078,0.29150943,0.09622642,0.08276509,0.19528302
S1,R1,100,125,25,124,0.12527182,0.02574466,0.36132075,0.11949686,0.09952715,0.2418239
S1,R1,100,105,5,125,0.02572957,0.00209239,0.11981132,0.02641509,0.02363717,0.09339623
S1,R1,100,110,10,125,0.05042848,0.0065204,0.2,0.06981132,0.04390808,0.13018868
S1,R1,100,115,15,125,0.07653078,0.0136584,0.24811321,0.09150943,0.06287238,0.15660377
S1,R1,100,120,20,125,0.10106933,0.01905078,0.31320755,0.09622642,0.08201855,0.21698113
S1,R1,100,125,25,125,0.12438266,0.02574466,0.37735849,0.11949686,0.098638,0.25786164
S1,R1,100,105,5,126,0.02696467,0.00209239,0.11509434,0.02641509,0.02487228,0.08867925
S1,R1,100,110,10,126,0.04991014,0.0065204,0.17264151,0.06981132,0.04338974,0.10283019
S1,R1,100,115,15,126,0.0775293,0.0136584,0.23490566,0.09150943,0.0638709,0.14339623
S1,R1,100,120,20,126,0.09770475,0.01905078,0.2754717,0.09622642,0.07865397,0.17924528
S1,R1,100,125,25,126,0.11491576,0.02574466,0.32830189,0.11949686,0.0891711,0.20880503
S1,R1,100,105,5,127,0.02501616,0.00209239,0.12358491,0.02641509,0.02292377,0.09716981
S1,R1,100,110,10,127,0.05158236,0.0065204,0.19339623,0.06981132,0.04506196,0.12358491
S1,R1,100,115,15,127,0.07539032,0.0136584,0.28584906,0.09150943,0.06173192,0.19433962
S1,R1,100,120,20,127,0.10212542,0.01905078,0.29339623,0.09622642,0.08307464,0.19716981
S1,R1,100,125,25,127,0.12275738,0.02574466,0.35,0.11949686,0.09701272,0.23050314
S1,R1,100,105,5,128,0.0249542,0.00209239,0.13113208,0.02641509,0.02286181,0.10471698
S1,R1,100,110,10,128,0.04804639,0.0065204,0.18396226,0.06981132,0.04152599,0.11415094
S1,R1,100,115,15,128,0.07410147,0.0136584,0.23113208,0.09150943,0.06044307,0.13962264
S1,R1,100,120,20,128,0.09949974,0.01905078,0.30471698,0.09622642,0.08044896,0.20849057
S1,R1,100,125,25,128,0.12565836,0.02574466,0.37169811,0.11949686,0.0999137,0.25220126
S1,R1,100,105,5,129,0.02442876,0.00209239,0.11603774,0.02641509,0.02233636,0.08962264
S1,R1,100,110,10,129,0.04661283,0.0065204,0.2,0.06981132,0.04009243,0.13018868
S1,R1,100,115,15,129,0.07480176,0.0136584,0.2745283,0.09150943,0.06114336,0.18301887
S1,R1,100,120,20,129,0.10306488,0.01905078,0.33207547,0.09622642,0.0840141,0.23584906
S1,R1,100,125,25,129,0.12420058,0.02574466,0.3754717,0.11949686,0.09845592,0.25597484
S1,R1,100,105,5,130,0.0265875,0.00209239,0.1,0.02641509,0.0244951,0.07358491
S1,R1,100,110,10,130,0.05103344,0.0065204,0.19150943,0.06981132,0.04451304,0.12169811
S1,R1,100,115,15,130,0.07392607,0.0136584,0.24339623,0.09150943,0.06026767,0.15188679
S1,R1,100,120,20,130,0.09568309,0.01905078,0.27830189,0.09622642,0.07663232,0.18207547
S1,R1,100,125,25,130,0.11752237,0.02574466,0.33962264,0.11949686,0.09177771,0.22012579
S1,R1,100,105,5,131,0.02645678,0.00209239,0.11320755,0.02641509,0.02436438,0.08679245
S1,R1,100,110,10,131,0.04816507,0.0065204,0.19245283,0.06981132,0.04164467,0.12264151
S1,R1,100,115,15,131,0.07374157,0.0136584,0.26132075,0.09150943,0.06008317,0.16981132
S1,R1,100,120,20,131,0.0972394,0.01905078,0.28490566,0.09622642,0.07818862,0.18867925
S1,R1,100,125,25,131,0.11834863,0.02574466,0.33396226,0.11949686,0.09260397,0.21446541
S1,R1,100,105,5,132,0.02557447,0.00209239,0.14150943,0.02641509,0.02348207,0.11509434
S1,R1,100,110,10,132,0.05432289,0.0065204,0.23396226,0.06981132,0.04780249,0.16415094
S1,R1,100,115,15,132,0.08434646,0.0136584,0.28584906,0.09150943,0.07068806,0.19433962
S1,R1,100,120,20,132,0.10403926,0.01905078,0.32169811,0.09622642,0.08498848,0.2254717
S1,R1,100,125,25,132,0.11916643,0.02574466,0.35566038,0.11949686,0.09342177,0.23616352
S1,R1,100,105,5,133,0.02748174,0.00209239,0.14056604,0.02641509,0.02538935,0.11415094
S1,R1,100,110,10,133,0.05165637,0.0065204,0.20471698,0.06981132,0.04513597,0.13490566
S1,R1,100,115,15,133,0.08312688,0.0136584,0.29622642,0.09150943,0.06946848,0.20471698
S1,R1,100,120,20,133,0.10709908,0.01905078,0.32924528,0.09622642,0.08804831,0.23301887
S1,R1,100,125,25,133,0.13071136,0.02574466,0.38018868,0.11949686,0.1049667,0.26069182
S1,R1,100,105,5,134,0.02465416,0.00209239,0.14433962,0.02641509,0.02256176,0.11792453
S1,R1,100,110,10,134,0.04954541,0.0065204,0.21886792,0.06981132,0.043025,0.1490566
S1,R1,100,115,15,134,0.07316331,0.0136584,0.24056604,0.09150943,0.05950491,0.1490566
S1,R1,100,120,20,134,0.10029919,0.01905078,0.31037736,0.09622642,0.08124841,0.21415094
S1,R1,100,125,25,134,0.12434348,0.02574466,0.37264151,0.11949686,0.09859882,0.25314465
S1,R1,100,105,5,135,0.02543773,0.00209239,0.13867925,0.02641509,0.02334534,0.11226415
S1,R1,100,110,10,135,0.05209683,0.0065204,0.19528302,0.06981132,0.04557643,0.1254717
S1,R1,100,115,15,135,0.07536487,0.0136584,0.25283019,0.09150943,0.06170647,0.16132075
S1,R1,100,120,20,135,0.09968149,0.01905078,0.29245283,0.09622642,0.08063071,0.19622642
S1,R1,100,125,25,135,0.11969035,0.02574466,0.34150943,0.11949686,0.09394569,0.22201258
S1,R1,100,105,5,136,0.02868932,0.00209239,0.15283019,0.02641509,0.02659693,0.12641509
S1,R1,100,110,10,136,0.05318416,0.0065204,0.21226415,0.06981132,0.04666376,0.14245283
S1,R1,100,115,15,136,0.07346935,0.0136584,0.24528302,0.09150943,0.05981095,0.15377358
S1,R1,100,120,20,136,0.09724441,0.01905078,0.31226415,0.09622642,0.07819363,0.21603774
S1,R1,100,125,25,136,0.11900155,0.02574466,0.32735849,0.11949686,0.09325688,0.20786164
S1,R1,100,105,5,137,0.02602151,0.00209239,0.12735849,0.02641509,0.02392912,0.1009434
S1,R1,100,110,10,137,0.04735768,0.0065204,0.18773585,0.06981132,0.04083728,0.11792453
S1,R1,100,115,15,137,0.07254266,0.0136584,0.21981132,0.09150943,0.05888426,0.12830189
S1,R1,100,120,20,137,0.09748605,0.01905078,0.27264151,0.09622642,0.07843528,0.17641509
S1,R1,100,125,25,137,0.1241579,0.02574466,0.36981132,0.11949686,0.09841323,0.25031447
S1,R1,100,105,5,138,0.02409579,0.00209239,0.12264151,0.02641509,0.0220034,0.09622642
S1,R1,100,110,10,138,0.04851591,0.0065204,0.19056604,0.06981132,0.0419955,0.12075472
S1,R1,100,115,15,138,0.07410052,0.0136584,0.23301887,0.09150943,0.06044212,0.14150943
S1,R1,100,120,20,138,0.09507655,0.01905078,0.29811321,0.09622642,0.07602578,0.20188679
S1,R1,100,125,25,138,0.11019039,0.02574466,0.3254717,0.11949686,0.08444573,0.20597484
S1,R1,100,105,5,139,0.02770761,0.00209239,0.13301887,0.02641509,0.02561521,0.10660377
S1,R1,100,110,10,139,0.05725362,0.0065204,0.22169811,0.06981132,0.05073322,0.15188679
S1,R1,100,115,15,139,0.0800602,0.0136584,0.2754717,0.09150943,0.0664018,0.18396226
S1,R1,100,120,20,139,0.10925495,0.01905078,0.33396226,0.09622642,0.09020418,0.23773585
S1,R1,100,125,25,139,0.12809515,0.02574466,0.36886792,0.11949686,0.10235049,0.24937107
S1,R1,100,105,5,140,0.02725095,0.00209239,0.13962264,0.02641509,0.02515856,0.11320755
S1,R1,100,110,10,140,0.05430551,0.0065204,0.21037736,0.06981132,0.04778511,0.14056604
S1,R1,100,115,15,140,0.08539245,0.0136584,0.27924528,0.09150943,0.07173405,0.18773585
S1,R1,100,120,20,140,0.11275704,0.01905078,0.32735849,0.09622642,0.09370627,0.23113208
S1,R1,100,125,25,140,0.12944619,0.02574466,0.3754717,0.11949686,0.10370153,0.25597484
S1,R1,100,105,5,141,0.0259898,0.00209239,0.14622642,0.02641509,0.02389741,0.11981132
S1,R1,100,110,10,141,0.0484976,0.0065204,0.20283019,0.06981132,0.0419772,0.13301887
S1,R1,100,115,15,141,0.07177823,0.0136584,0.22735849,0.09150943,0.05811983,0.13584906
S1,R1,100,120,20,141,0.09348464,0.01905078,0.27264151,0.09622642,0.07443387,0.17641509
S1,R1,100,125,25,141,0.11324495,0.02574466,0.31603774,0.11949686,0.08750029,0.19654088
S1,R1,100,105,5,142,0.02631558,0.00209239,0.12924528,0.02641509,0.02422318,0.10283019
S1,R1,100,110,10,142,0.05300871,0.0065204,0.22641509,0.06981132,0.04648831,0.15660377
S1,R1,100,115,15,142,0.08256495,0.0136584,0.29433962,0.09150943,0.06890655,0.20283019
S1,R1,100,120,20,142,0.1098381,0.01905078,0.33962264,0.09622642,0.09078732,0.24339623
S1,R1,100,125,25,142,0.12559962,0.02574466,0.35188679,0.11949686,0.09985496,0.23238994
S1,R1,100,105,5,143,0.02387726,0.00209239,0.12264151,0.02641509,0.02178486,0.09622642
S1,R1,100,110,10,143,0.04693561,0.0065204,0.18679245,0.06981132,0.04041521,0.11698113
S1,R1,100,115,15,143,0.07120945,0.0136584,0.24433962,0.09150943,0.05755105,0.15283019
S1,R1,100,120,20,143,0.09625815,0.01905078,0.31981132,0.09622642,0.07720738,0.22358491
S1,R1,100,125,25,143,0.12278798,0.02574466,0.34716981,0.11949686,0.09704332,0.22767296
S1,R1,100,105,5,144,0.02826347,0.00209239,0.13207547,0.02641509,0.02617107,0.10566038
S1,R1,100,110,10,144,0.0529666,0.0065204,0.21037736,0.06981132,0.0464462,0.14056604
S1,R1,100,115,15,144,0.07820536,0.0136584,0.24433962,0.09150943,0.06454696,0.15283019
S1,R1,100,120,20,144,0.10048066,0.01905078,0.28490566,0.09622642,0.08142989,0.18867925
S1,R1,100,125,25,144,0.12045341,0.02574466,0.35660377,0.11949686,0.09470875,0.23710692
S1,R1,100,105,5,145,0.02467688,0.00209239,0.11415094,0.02641509,0.02258448,0.08773585
S1,R1,100,110,10,145,0.04989028,0.0065204,0.20188679,0.06981132,0.04336988,0.13207547
S1,R1,100,115,15,145,0.07522892,0.0136584,0.25188679,0.09150943,0.06157052,0.16037736
S1,R1,100,120,20,145,0.1029402,0.01905078,0.29245283,0.09622642,0.08388943,0.19622642
S1,R1,100,125,25,145,0.12810098,0.02574466,0.37169811,0.11949686,0.10235632,0.25220126
S1,R1,100,105,5,146,0.02478775,0.00209239,0.13867925,0.02641509,0.02269536,0.11226415
S1,R1,100,110,10,146,0.05052441,0.0065204,0.20754717,0.06981132,0.04400401,0.13773585
S1,R1,100,115,15,146,0.07420973,0.0136584,0.26509434,0.09150943,0.06055133,0.17358491
S1,R1,100,120,20,146,0.10198358,0.01905078,0.34716981,0.09622642,0.0829328,0.2509434
S1,R1,100,125,25,146,0.12576995,0.02574466,0.38207547,0.11949686,0.10002528,0.26257862
S1,R1,100,105,5,147,0.02390507,0.00209239,0.08867925,0.02641509,0.02181268,0.06226415
S1,R1,100,110,10,147,0.0467293,0.0065204,0.18301887,0.06981132,0.0402089,0.11320755
S1,R1,100,115,15,147,0.06835249,0.0136584,0.22075472,0.09150943,0.05469409,0.12924528
S1,R1,100,120,20,147,0.09108492,0.01905078,0.26981132,0.09622642,0.07203415,0.17358491
S1,R1,100,125,25,147,0.11483792,0.02574466,0.31886792,0.11949686,0.08909326,0.19937107
S1,R1,100,105,5,148,0.02880528,0.00209239,0.15943396,0.02641509,0.02671289,0.13301887
S1,R1,100,110,10,148,0.05283928,0.0065204,0.1990566,0.06981132,0.04631888,0.12924528
S1,R1,100,115,15,148,0.07774558,0.0136584,0.23584906,0.09150943,0.06408718,0.14433962
S1,R1,100,120,20,148,0.10100786,0.01905078,0.32358491,0.09622642,0.08195708,0.22735849
S1,R1,100,125,25,148,0.12537574,0.02574466,0.37075472,0.11949686,0.09963107,0.25125786
S1,R1,100,105,5,149,0.02558255,0.00209239,0.13207547,0.02641509,0.02349015,0.10566038
S1,R1,100,110,10,149,0.04666034,0.0065204,0.19622642,0.06981132,0.04013993,0.12641509
S1,R1,100,115,15,149,0.0751042,0.0136584,0.26415094,0.09150943,0.0614458,0.17264151
S1,R1,100,120,20,149,0.10060412,0.01905078,0.31226415,0.09622642,0.08155335,0.21603774
S1,R1,100,125,25,149,0.11700179,0.02574466,0.33490566,0.11949686,0.09125712,0.21540881
S1,R1,100,105,5,150,0.02657124,0.00209239,0.12358491,0.02641509,0.02447885,0.09716981
S1,R1,100,110,10,150,0.05372109,0.0065204,0.2009434,0.06981132,0.04720069,0.13113208
S1,R1,100,115,15,150,0.07907405,0.0136584,0.26886792,0.09150943,0.06541564,0.17735849
S1,R1,100,120,20,150,0.10155113,0.01905078,0.30754717,0.09622642,0.08250036,0.21132075
S1,R1,100,125,25,150,0.12171532,0.02574466,0.35566038,0.11949686,0.09597066,0.23616352
S1,R1,100,105,5,151,0.02636573,0.00209239,0.1254717,0.02641509,0.02427334,0.0990566
S1,R1,100,110,10,151,0.05040337,0.0065204,0.19622642,0.06981132,0.04388297,0.12641509
S1,R1,100,115,15,151,0.07575449,0.0136584,0.2490566,0.09150943,0.06209609,0.15754717
S1,R1,100,120,20,151,0.09908787,0.01905078,0.28867925,0.09622642,0.08003709,0.19245283
S1,R1,100,125,25,151,0.12215127,0.02574466,0.32924528,0.11949686,0.09640661,0.20974843
S1,R1,100,105,5,152,0.0257259,0.00209239,0.11792453,0.02641509,0.02363351,0.09150943
S1,R1,100,110,10,152,0.05343238,0.0065204,0.18113208,0.06981132,0.04691198,0.11132075
S1,R1,100,115,15,152,0.0771879,0.0136584,0.26037736,0.09150943,0.0635295,0.16886792
S1,R1,100,120,20,152,0.09756568,0.01905078,0.27264151,0.09622642,0.0785149,0.17641509
S1,R1,100,125,25,152,0.12081595,0.02574466,0.32264151,0.11949686,0.09507129,0.20314465
S1,R1,100,105,5,153,0.02818493,0.00209239,0.13113208,0.02641509,0.02609254,0.10471698
S1,R1,100,110,10,153,0.05127167,0.0065204,0.19622642,0.06981132,0.04475127,0.12641509
S1,R1,100,115,15,153,0.08274032,0.0136584,0.26603774,0.09150943,0.06908192,0.1745283
S1,R1,100,120,20,153,0.10732146,0.01905078,0.29056604,0.09622642,0.08827069,0.19433962
S1,R1,100,125,25,153,0.12646186,0.02574466,0.36981132,0.11949686,0.1007172,0.25031447
S1,R1,100,105,5,154,0.02649367,0.00209239,0.11509434,0.02641509,0.02440128,0.08867925
S1,R1,100,110,10,154,0.04706229,0.0065204,0.15849057,0.06981132,0.04054189,0.08867925
S1,R1,100,115,15,154,0.07671071,0.0136584,0.24245283,0.09150943,0.06305231,0.1509434
S1,R1,100,120,20,154,0.10329196,0.01905078,0.30188679,0.09622642,0.08424119,0.20566038
S1,R1,100,125,25,154,0.12415969,0.02574466,0.35849057,0.11949686,0.09841503,0.23899371
S1,R1,100,105,5,155,0.027679,0.00209239,0.14716981,0.02641509,0.02558661,0.12075472
S1,R1,100,110,10,155,0.05460347,0.0065204,0.2009434,0.06981132,0.04808307,0.13113208
S1,R1,100,115,15,155,0.0779514,0.0136584,0.24528302,0.09150943,0.064293,0.15377358
S1,R1,100,120,20,155,0.10181817,0.01905078,0.28207547,0.09622642,0.0827674,0.18584906
S1,R1,100,125,25,155,0.1228711,0.02574466,0.3509434,0.11949686,0.09712643,0.23144654
S1,R1,100,105,5,156,0.02743316,0.00209239,0.13867925,0.02641509,0.02534077,0.11226415
S1,R1,100,110,10,156,0.05041026,0.0065204,0.1754717,0.06981132,0.04388986,0.10566038
S1,R1,100,115,15,156,0.07987216,0.0136584,0.2509434,0.09150943,0.06621376,0.15943396
S1,R1,100,120,20,156,0.10999144,0.01905078,0.31132075,0.09622642,0.09094066,0.21509434
S1,R1,100,125,25,156,0.12396668,0.02574466,0.36698113,0.11949686,0.09822202,0.24748428
S1,R1,100,105,5,157,0.02890439,0.00209239,0.13490566,0.02641509,0.02681199,0.10849057
S1,R1,100,110,10,157,0.05598168,0.0065204,0.20188679,0.06981132,0.04946128,0.13207547
S1,R1,100,115,15,157,0.08200757,0.0136584,0.26132075,0.09150943,0.06834917,0.16981132
S1,R1,100,120,20,157,0.1077511,0.01905078,0.29056604,0.09622642,0.08870033,0.19433962
S1,R1,100,125,25,157,0.12544245,0.02574466,0.35943396,0.11949686,0.09969779,0.23993711
S1,R1,100,105,5,158,0.02481133,0.00209239,0.11132075,0.02641509,0.02271893,0.08490566
S1,R1,100,110,10,158,0.05031556,0.0065204,0.18867925,0.06981132,0.04379516,0.11886792
S1,R1,100,115,15,158,0.07393089,0.0136584,0.24716981,0.09150943,0.06027249,0.15566038
S1,R1,100,120,20,158,0.0984926,0.01905078,0.29528302,0.09622642,0.07944182,0.1990566
S1,R1,100,125,25,158,0.11847181,0.02574466,0.33018868,0.11949686,0.09272715,0.21069182
S1,R1,100,105,5,159,0.02840712,0.00209239,0.1254717,0.02641509,0.02631472,0.0990566
S1,R1,100,110,10,159,0.05417361,0.0065204,0.21509434,0.06981132,0.04765321,0.14528302
S1,R1,100,115,15,159,0.08068068,0.0136584,0.27641509,0.09150943,0.06702228,0.18490566
S1,R1,100,120,20,159,0.1044183,0.01905078,0.32358491,0.09622642,0.08536752,0.22735849
S1,R1,100,125,25,159,0.12316256,0.02574466,0.36320755,0.11949686,0.0974179,0.24371069
S1,R1,100,105,5,160,0.02623478,0.00209239,0.12641509,0.02641509,0.02414239,0.1
S1,R1,100,110,10,160,0.0538673,0.0065204,0.18301887,0.06981132,0.0473469,0.11320755
S1,R1,100,115,15,160,0.07610287,0.0136584,0.24528302,0.09150943,0.06244447,0.15377358
S1,R1,100,120,20,160,0.09729992,0.01905078,0.2745283,0.09622642,0.07824915,0.17830189
S1,R1,100,125,25,160,0.12034769,0.02574466,0.33867925,0.11949686,0.09460302,0.21918239
S1,R1,100,105,5,161,0.02576431,0.00209239,0.1245283,0.02641509,0.02367191,0.09811321
S1,R1,100,110,10,161,0.04684825,0.0065204,0.18584906,0.06981132,0.04032785,0.11603774
S1,R1,100,115,15,161,0.07088837,0.0136584,0.21792453,0.09150943,0.05722997,0.12641509
S1,R1,100,120,20,161,0.09291937,0.01905078,0.28962264,0.09622642,0.07386859,0.19339623
S1,R1,100,125,25,161,0.11884047,0.02574466,0.33962264,0.11949686,0.09309581,0.22012579
S1,R1,100,105,5,162,0.03031604,0.00209239,0.16320755,0.02641509,0.02822365,0.13679245
S1,R1,100,110,10,162,0.05813367,0.0065204,0.21509434,0.06981132,0.05161327,0.14528302
S1,R1,100,115,15,162,0.08775379,0.0136584,0.27924528,0.09150943,0.07409539,0.18773585
S1,R1,100,120,20,162,0.11619388,0.01905078,0.3245283,0.09622642,0.09714311,0.22830189
S1,R1,100,125,25,162,0.13831424,0.02574466,0.36037736,0.11949686,0.11256958,0.2408805
S1,R1,100,105,5,163,0.02715591,0.00209239,0.1509434,0.02641509,0.02506352,0.1245283
S1,R1,100,110,10,163,0.05305892,0.0065204,0.16226415,0.06981132,0.04653852,0.09245283
S1,R1,100,115,15,163,0.08197257,0.0136584,0.26792453,0.09150943,0.06831417,0.17641509
S1,R1,100,120,20,163,0.1050387,0.01905078,0.32735849,0.09622642,0.08598792,0.23113208
S1,R1,100,125,25,163,0.12616731,0.02574466,0.35471698,0.11949686,0.10042264,0.23522013
S1,R1,100,105,5,164,0.02732243,0.00209239,0.14622642,0.02641509,0.02523004,0.11981132
S1,R1,100,110,10,164,0.05377364,0.0065204,0.21792453,0.06981132,0.04725324,0.14811321
S1,R1,100,115,15,164,0.0846525,0.0136584,0.28018868,0.09150943,0.0709941,0.18867925
S1,R1,100,120,20,164,0.11301608,0.01905078,0.33867925,0.09622642,0.09396531,0.24245283
S1,R1,100,125,25,164,0.13042307,0.02574466,0.36698113,0.11949686,0.10467841,0.24748428
S1,R1,100,105,5,165,0.02453377,0.00209239,0.1254717,0.02641509,0.02244137,0.0990566
S1,R1,100,110,10,165,0.0471812,0.0065204,0.18679245,0.06981132,0.0406608,0.11698113
S1,R1,100,115,15,165,0.07073158,0.0136584,0.24433962,0.09150943,0.05707318,0.15283019
S1,R1,100,120,20,165,0.09288689,0.01905078,0.28301887,0.09622642,0.07383611,0.18679245
S1,R1,100,125,25,165,0.1178168,0.02574466,0.36320755,0.11949686,0.09207214,0.24371069
S1,R1,100,105,5,166,0.02514127,0.00209239,0.12264151,0.02641509,0.02304888,0.09622642
S1,R1,100,110,10,166,0.05232975,0.0065204,0.18490566,0.06981132,0.04580935,0.11509434
S1,R1,100,115,15,166,0.07676304,0.0136584,0.25377358,0.09150943,0.06310464,0.16226415
S1,R1,100,120,20,166,0.10469485,0.01905078,0.30754717,0.09622642,0.08564407,0.21132075
S1,R1,100,125,25,166,0.12587212,0.02574466,0.3509434,0.11949686,0.10012746,0.23144654
S1,R1,100,105,5,167,0.02764617,0.00209239,0.11886792,0.02641509,0.02555377,0.09245283
S1,R1,100,110,10,167,0.0550318,0.0065204,0.21132075,0.06981132,0.0485114,0.14150943
S1,R1,100,115,15,167,0.07870202,0.0136584,0.23867925,0.09150943,0.06504362,0.14716981
S1,R1,100,120,20,167,0.10166423,0.01905078,0.3009434,0.09622642,0.08261345,0.20471698
S1,R1,100,125,25,167,0.12158682,0.02574466,0.35188679,0.11949686,0.09584216,0.23238994
S1,R1,100,105,5,168,0.02550672,0.00209239,0.13018868,0.02641509,0.02341432,0.10377358
S1,R1,100,110,10,168,0.04733792,0.0065204,0.18490566,0.06981132,0.04081751,0.11509434
S1,R1,100,115,15,168,0.07791987,0.0136584,0.26320755,0.09150943,0.06426147,0.17169811
S1,R1,100,120,20,168,0.10003061,0.01905078,0.3009434,0.09622642,0.08097984,0.20471698
S1,R1,100,125,25,168,0.12312173,0.02574466,0.36698113,0.11949686,0.09737706,0.24748428
S1,R1,100,105,5,169,0.02828238,0.00209239,0.13207547,0.02641509,0.02618999,0.10566038
S1,R1,100,110,10,169,0.05186498,0.0065204,0.20660377,0.06981132,0.04534458,0.13679245
S1,R1,100,115,15,169,0.07704005,0.0136584,0.25,0.09150943,0.06338165,0.15849057
S1,R1,100,120,20,169,0.1023123,0.01905078,0.30471698,0.09622642,0.08326152,0.20849057
S1,R1,100,125,25,169,0.12328504,0.02574466,0.34245283,0.11949686,0.09754037,0.22295597
S1,R1,100,105,5,170,0.02402909,0.00209239,0.13113208,0.02641509,0.0219367,0.10471698
S1,R1,100,110,10,170,0.04929073,0.0065204,0.1990566,0.06981132,0.04277033,0.12924528
S1,R1,100,115,15,170,0.07342794,0.0136584,0.23207547,0.09150943,0.05976954,0.14056604
S1,R1,100,120,20,170,0.09941755,0.01905078,0.30283019,0.09622642,0.08036677,0.20660377
S1,R1,100,125,25,170,0.11951388,0.02574466,0.34528302,0.11949686,0.09376922,0.22578616
S1,R1,100,105,5,171,0.02473847,0.00209239,0.13396226,0.02641509,0.02264607,0.10754717
S1,R1,100,110,10,171,0.05171725,0.0065204,0.21415094,0.06981132,0.04519685,0.14433962
S1,R1,100,115,15,171,0.07564312,0.0136584,0.26226415,0.09150943,0.06198472,0.17075472
S1,R1,100,120,20,171,0.10957477,0.01905078,0.34433962,0.09622642,0.090524,0.24811321
S1,R1,100,125,25,171,0.12946341,0.02574466,0.36886792,0.11949686,0.10371875,0.24937107
S1,R1,100,105,5,172,0.02805348,0.00209239,0.14339623,0.02641509,0.02596109,0.11698113
S1,R1,100,110,10,172,0.05178735,0.0065204,0.19716981,0.06981132,0.04526695,0.12735849
S1,R1,100,115,15,172,0.07761289,0.0136584,0.23396226,0.09150943,0.06395448,0.14245283
S1,R1,100,120,20,172,0.10325034,0.01905078,0.30377358,0.09622642,0.08419956,0.20754717
S1,R1,100,125,25,172,0.11465326,0.02574466,0.33679245,0.11949686,0.0889086,0.2172956
S1,R1,100,105,5,173,0.02376348,0.00209239,0.11603774,0.02641509,0.02167108,0.08962264
S1,R1,100,110,10,173,0.04766532,0.0065204,0.17169811,0.06981132,0.04114492,0.10188679
S1,R1,100,115,15,173,0.07325769,0.0136584,0.22924528,0.09150943,0.05959929,0.13773585
S1,R1,100,120,20,173,0.1004189,0.01905078,0.3009434,0.09622642,0.08136813,0.20471698
S1,R1,100,125,25,173,0.12852519,0.02574466,0.33867925,0.11949686,0.10278053,0.21918239
S1,R1,100,105,5,174,0.02800163,0.00209239,0.15188679,0.02641509,0.02590924,0.1254717
S1,R1,100,110,10,174,0.05213416,0.0065204,0.21603774,0.06981132,0.04561375,0.14622642
S1,R1,100,115,15,174,0.07972566,0.0136584,0.26886792,0.09150943,0.06606726,0.17735849
S1,R1,100,120,20,174,0.10159612,0.01905078,0.31226415,0.09622642,0.08254535,0.21603774
S1,R1,100,125,25,174,0.12061748,0.02574466,0.35188679,0.11949686,0.09487281,0.23238994
S1,R1,100,105,5,175,0.0278791,0.00209239,0.13584906,0.02641509,0.02578671,0.10943396
S1,R1,100,110,10,175,0.05127877,0.0065204,0.18490566,0.06981132,0.04475837,0.11509434
S1,R1,100,115,15,175,0.08003058,0.0136584,0.2745283,0.09150943,0.06637218,0.18301887
S1,R1,100,120,20,175,0.10265202,0.01905078,0.34433962,0.09622642,0.08360125,0.24811321
S1,R1,100,125,25,175,0.12009582,0.02574466,0.35660377,0.11949686,0.09435116,0.23710692
S1,R1,100,105,5,176,0.02561165,0.00209239,0.12264151,0.02641509,0.02351926,0.09622642
S1,R1,100,110,10,176,0.05391297,0.0065204,0.20943396,0.06981132,0.04739257,0.13962264
S1,R1,100,115,15,176,0.07526073,0.0136584,0.25377358,0.09150943,0.06160233,0.16226415
S1,R1,100,120,20,176,0.0975461,0.01905078,0.3,0.09622642,0.07849533,0.20377358
S1,R1,100,125,25,176,0.1154115,0.02574466,0.3490566,0.11949686,0.08966683,0.22955975
S1,R1,100,105,5,177,0.02699367,0.00209239,0.13490566,0.02641509,0.02490127,0.10849057
S1,R1,100,110,10,177,0.05087237,0.0065204,0.21509434,0.06981132,0.04435197,0.14528302
S1,R1,100,115,15,177,0.07439997,0.0136584,0.2509434,0.09150943,0.06074157,0.15943396
S1,R1,100,120,20,177,0.10198459,0.01905078,0.30660377,0.09622642,0.08293381,0.21037736
S1,R1,100,125,25,177,0.12358661,0.02574466,0.32735849,0.11949686,0.09784195,0.20786164
S1,R1,100,105,5,178,0.02313035,0.00209239,0.08773585,0.02641509,0.02103795,0.06132075
S1,R1,100,110,10,178,0.04990144,0.0065204,0.17641509,0.06981132,0.04338104,0.10660377
S1,R1,100,115,15,178,0.07321361,0.0136584,0.22830189,0.09150943,0.05955521,0.13679245
S1,R1,100,120,20,178,0.09718834,0.01905078,0.27264151,0.09622642,0.07813757,0.17641509
S1,R1,100,125,25,178,0.11362046,0.02574466,0.31320755,0.11949686,0.0878758,0.19371069
S1,R1,100,105,5,179,0.02757769,0.00209239,0.11603774,0.02641509,0.0254853,0.08962264
S1,R1,100,110,10,179,0.05264253,0.0065204,0.20566038,0.06981132,0.04612213,0.13584906
S1,R1,100,115,15,179,0.07839611,0.0136584,0.26603774,0.09150943,0.06473771,0.1745283
S1,R1,100,120,20,179,0.103844,0.01905078,0.31509434,0.09622642,0.08479322,0.21886792
S1,R1,100,125,25,179,0.12858219,0.02574466,0.37358491,0.11949686,0.10283753,0.25408805
S1,R1,100,105,5,180,0.02687245,0.00209239,0.12924528,0.02641509,0.02478006,0.10283019
S1,R1,100,110,10,180,0.05139126,0.0065204,0.16037736,0.06981132,0.04487086,0.09056604
S1,R1,100,115,15,180,0.06945485,0.0136584,0.19716981,0.09150943,0.05579645,0.10566038
S1,R1,100,120,20,180,0.09218859,0.01905078,0.25943396,0.09622642,0.07313782,0.16320755
S1,R1,100,125,25,180,0.11359416,0.02574466,0.30849057,0.11949686,0.0878495,0.18899371
S1,R1,100,105,5,181,0.02636773,0.00209239,0.13396226,0.02641509,0.02427534,0.10754717
S1,R1,100,110,10,181,0.04988953,0.0065204,0.20566038,0.06981132,0.04336913,0.13584906
S1,R1,100,115,15,181,0.07617929,0.0136584,0.23301887,0.09150943,0.06252089,0.14150943
S1,R1,100,120,20,181,0.10487701,0.01905078,0.32169811,0.09622642,0.08582623,0.2254717
S1,R1,100,125,25,181,0.12382615,0.02574466,0.36037736,0.11949686,0.09808148,0.2408805
S1,R1,100,105,5,182,0.02494169,0.00209239,0.13867925,0.02641509,0.0228493,0.11226415
S1,R1,100,110,10,182,0.04968432,0.0065204,0.19339623,0.06981132,0.04316392,0.12358491
S1,R1,100,115,15,182,0.07839701,0.0136584,0.25849057,0.09150943,0.06473861,0.16698113
S1,R1,100,120,20,182,0.10337089,0.01905078,0.32830189,0.09622642,0.08432012,0.23207547
S1,R1,100,125,25,182,0.11771043,0.02574466,0.35,0.11949686,0.09196577,0.23050314
S1,R1,100,105,5,183,0.02726211,0.00209239,0.13773585,0.02641509,0.02516972,0.11132075
S1,R1,100,110,10,183,0.05294686,0.0065204,0.20660377,0.06981132,0.04642646,0.13679245
S1,R1,100,115,15,183,0.08051686,0.0136584,0.26981132,0.09150943,0.06685846,0.17830189
S1,R1,100,120,20,183,0.10726931,0.01905078,0.32169811,0.09622642,0.08821853,0.2254717
S1,R1,100,125,25,183,0.12893309,0.02574466,0.38207547,0.11949686,0.10318843,0.26257862
S1,R1,100,105,5,184,0.02704549,0.00209239,0.12830189,0.02641509,0.0249531,0.10188679
S1,R1,100,110,10,184,0.05268018,0.0065204,0.21886792,0.06981132,0.04615978,0.1490566
S1,R1,100,115,15,184,0.08320014,0.0136584,0.26981132,0.09150943,0.06954174,0.17830189
S1,R1,100,120,20,184,0.10550891,0.01905078,0.30377358,0.09622642,0.08645814,0.20754717
S1,R1,100,125,25,184,0.12274102,0.02574466,0.33584906,0.11949686,0.09699636,0.2163522
S1,R1,100,105,5,185,0.02419921,0.00209239,0.13207547,0.02641509,0.02210682,0.10566038
S1,R1,100,110,10,185,0.04696282,0.0065204,0.19622642,0.06981132,0.04044242,0.12641509
S1,R1,100,115,15,185,0.07467589,0.0136584,0.26792453,0.09150943,0.06101749,0.17641509
S1,R1,100,120,20,185,0.10218507,0.01905078,0.3245283,0.09622642,0.08313429,0.22830189
S1,R1,100,125,25,185,0.12079466,0.02574466,0.37264151,0.11949686,0.09505,0.25314465
S1,R1,100,105,5,186,0.02589005,0.00209239,0.13207547,0.02641509,0.02379766,0.10566038
S1,R1,100,110,10,186,0.05026746,0.0065204,0.21415094,0.06981132,0.04374706,0.14433962
S1,R1,100,115,15,186,0.07637946,0.0136584,0.27169811,0.09150943,0.06272106,0.18018868
S1,R1,100,120,20,186,0.09767608,0.01905078,0.29245283,0.09622642,0.0786253,0.19622642
S1,R1,100,125,25,186,0.12036614,0.02574466,0.36132075,0.11949686,0.09462147,0.2418239
S1,R1,100,105,5,187,0.02632509,0.00209239,0.14056604,0.02641509,0.0242327,0.11415094
S1,R1,100,110,10,187,0.05229745,0.0065204,0.22924528,0.06981132,0.04577705,0.15943396
S1,R1,100,115,15,187,0.08178319,0.0136584,0.28018868,0.09150943,0.06812479,0.18867925
S1,R1,100,120,20,187,0.10494848,0.01905078,0.31226415,0.09622642,0.08589771,0.21603774
S1,R1,100,125,25,187,0.12895092,0.02574466,0.34528302,0.11949686,0.10320625,0.22578616
S1,R1,100,105,5,188,0.02843964,0.00209239,0.12264151,0.02641509,0.02634725,0.09622642
S1,R1,100,110,10,188,0.05549332,0.0065204,0.20754717,0.06981132,0.04897292,0.13773585
S1,R1,100,115,15,188,0.08506404,0.0136584,0.28018868,0.09150943,0.07140564,0.18867925
S1,R1,100,120,20,188,0.1178827,0.01905078,0.35471698,0.09622642,0.09883192,0.25849057
S1,R1,100,125,25,188,0.13541101,0.02574466,0.38301887,0.11949686,0.10966635,0.26352201
S1,R1,100,105,5,189,0.02499912,0.00209239,0.13018868,0.02641509,0.02290673,0.10377358
S1,R1,100,110,10,189,0.0493859,0.0065204,0.18113208,0.06981132,0.0428655,0.11132075
S1,R1,100,115,15,189,0.07264061,0.0136584,0.2245283,0.09150943,0.05898221,0.13301887
S1,R1,100,120,20,189,0.09956174,0.01905078,0.28113208,0.09622642,0.08051096,0.18490566
S1,R1,100,125,25,189,0.11535196,0.02574466,0.32075472,0.11949686,0.0896073,0.20125786
S1,R1,100,105,5,190,0.02719795,0.00209239,0.14433962,0.02641509,0.02510556,0.11792453
S1,R1,100,110,10,190,0.04987426,0.0065204,0.20943396,0.06981132,0.04335386,0.13962264
S1,R1,100,115,15,190,0.0757305,0.0136584,0.25566038,0.09150943,0.0620721,0.16415094
S1,R1,100,120,20,190,0.10188106,0.01905078,0.28207547,0.09622642,0.08283029,0.18584906
S1,R1,100,125,25,190,0.11930081,0.02574466,0.34245283,0.11949686,0.09355614,0.22295597
S1,R1,100,105,5,191,0.02545786,0.00209239,0.1490566,0.02641509,0.02336546,0.12264151
S1,R1,100,110,10,191,0.04687319,0.0065204,0.2,0.06981132,0.04035279,0.13018868
S1,R1,100,115,15,191,0.0679724,0.0136584,0.24528302,0.09150943,0.054314,0.15377358
S1,R1,100,120,20,191,0.09366709,0.01905078,0.29433962,0.09622642,0.07461631,0.19811321
S1,R1,100,125,25,191,0.11423097,0.02574466,0.34339623,0.11949686,0.08848631,0.22389937
S1,R1,100,105,5,192,0.02801493,0.00209239,0.14811321,0.02641509,0.02592254,0.12169811
S1,R1,100,110,10,192,0.05134676,0.0065204,0.1990566,0.06981132,0.04482635,0.12924528
S1,R1,100,115,15,192,0.07371707,0.0136584,0.25471698,0.09150943,0.06005867,0.16320755
S1,R1,100,120,20,192,0.09876973,0.01905078,0.32641509,0.09622642,0.07971896,0.23018868
S1,R1,100,125,25,192,0.11622446,0.02574466,0.33679245,0.11949686,0.0904798,0.2172956
S1,R1,100,105,5,193,0.02501433,0.00209239,0.11226415,0.02641509,0.02292193,0.08584906
S1,R1,100,110,10,193,0.05074913,0.0065204,0.19339623,0.06981132,0.04422873,0.12358491
S1,R1,100,115,15,193,0.07979741,0.0136584,0.27358491,0.09150943,0.06613901,0.18207547
S1,R1,100,120,20,193,0.10566545,0.01905078,0.31226415,0.09622642,0.08661467,0.21603774
S1,R1,100,125,25,193,0.12417558,0.02574466,0.34150943,0.11949686,0.09843092,0.22201258
S1,R1,100,105,5,194,0.02862645,0.00209239,0.13301887,0.02641509,0.02653406,0.10660377
S1,R1,100,110,10,194,0.05806309,0.0065204,0.23018868,0.06981132,0.05154269,0.16037736
S1,R1,100,115,15,194,0.08323482,0.0136584,0.26698113,0.09150943,0.06957642,0.1754717
S1,R1,100,120,20,194,0.10955202,0.01905078,0.31792453,0.09622642,0.09050124,0.22169811
S1,R1,100,125,25,194,0.12970663,0.02574466,0.34150943,0.11949686,0.10396197,0.22201258
S1,R1,100,105,5,195,0.02494361,0.00209239,0.13113208,0.02641509,0.02285121,0.10471698
S1,R1,100,110,10,195,0.04944424,0.0065204,0.21132075,0.06981132,0.04292383,0.14150943
S1,R1,100,115,15,195,0.07492267,0.0136584,0.27264151,0.09150943,0.06126427,0.18113208
S1,R1,100,120,20,195,0.10278918,0.01905078,0.31698113,0.09622642,0.08373841,0.22075472
S1,R1,100,125,25,195,0.12607681,0.02574466,0.36037736,0.11949686,0.10033215,0.2408805
S1,R1,100,105,5,196,0.02355084,0.00209239,0.11226415,0.02641509,0.02145845,0.08584906
S1,R1,100,110,10,196,0.04768052,0.0065204,0.2,0.06981132,0.04116012,0.13018868
S1,R1,100,115,15,196,0.07366987,0.0136584,0.26132075,0.09150943,0.06001147,0.16981132
S1,R1,100,120,20,196,0.09676368,0.01905078,0.29528302,0.09622642,0.0777129,0.1990566
S1,R1,100,125,25,196,0.1196203,0.02574466,0.36037736,0.11949686,0.09387564,0.2408805
S1,R1,100,105,5,197,0.02461268,0.00209239,0.10943396,0.02641509,0.02252028,0.08301887
S1,R1,100,110,10,197,0.05185993,0.0065204,0.18679245,0.06981132,0.04533953,0.11698113
S1,R1,100,115,15,197,0.07438314,0.0136584,0.22924528,0.09150943,0.06072474,0.13773585
S1,R1,100,120,20,197,0.09685247,0.01905078,0.28490566,0.09622642,0.0778017,0.18867925
S1,R1,100,125,25,197,0.12146346,0.02574466,0.35849057,0.11949686,0.0957188,0.23899371
S1,R1,100,105,5,198,0.03032823,0.00209239,0.14245283,0.02641509,0.02823584,0.11603774
S1,R1,100,110,10,198,0.05731657,0.0065204,0.21320755,0.06981132,0.05079617,0.14339623
S1,R1,100,115,15,198,0.08038906,0.0136584,0.24433962,0.09150943,0.06673066,0.15283019
S1,R1,100,120,20,198,0.10440888,0.01905078,0.30471698,0.09622642,0.08535811,0.20849057
S1,R1,100,125,25,198,0.12577043,0.02574466,0.37358491,0.11949686,0.10002576,0.25408805
S1,R1,100,105,5,199,0.02403136,0.00209239,0.0990566,0.02641509,0.02193897,0.07264151
S1,R1,100,110,10,199,0.04822483,0.0065204,0.18207547,0.06981132,0.04170443,0.11226415
S1,R1,100,115,15,199,0.07360325,0.0136584,0.2245283,0.09150943,0.05994485,0.13301887
S1,R1,100,120,20,199,0.09708691,0.01905078,0.27735849,0.09622642,0.07803614,0.18113208
S1,R1,100,125,25,199,0.11543611,0.02574466,0.33490566,0.11949686,0.08969145,0.21540881
S2,R1,100,105,5,0,0.00681031,0.00209239,0.05283019,0.02641509,0.00471792,0.02641509
S2,R1,100,110,10,0,0.02322632,0.0065204,0.11981132,0.06981132,0.01670592,0.05
S2,R1,100,115,15,0,0.03752598,0.0136584,0.13584906,0.09150943,0.02386758,0.04433962
S2,R1,100,120,20,0,0.0491555,0.01905078,0.15943396,0.09622642,0.03010472,0.06320755
S2,R1,100,125,25,0,0.05716686,0.02574466,0.18773585,0.11949686,0.0314222,0.06823899
S2,R1,100,105,5,1,0.00637235,0.00209239,0.05283019,0.02641509,0.00427996,0.02641509
S2,R1,100,110,10,1,0.01835205,0.0065204,0.10943396,0.06981132,0.01183165,0.03962264
S2,R1,100,115,15,1,0.03029315,0.0136584,0.11698113,0.09150943,0.01663475,0.0254717
S2,R1,100,120,20,1,0.04694985,0.01905078,0.18490566,0.09622642,0.02789907,0.08867925
S2,R1,100,125,25,1,0.06597497,0.02574466,0.23867925,0.11949686,0.0402303,0.11918239
S2,R1,100,105,5,2,0.0060511,0.00209239,0.04528302,0.02641509,0.00395871,0.01886792
S2,R1,100,110,10,2,0.02054723,0.0065204,0.10943396,0.06981132,0.01402683,0.03962264
S2,R1,100,115,15,2,0.03456268,0.0136584,0.15,0.09150943,0.02090428,0.05849057
S2,R1,100,120,20,2,0.05268182,0.01905078,0.20849057,0.09622642,0.03363105,0.11226415
S2,R1,100,125,25,2,0.06741944,0.02574466,0.27169811,0.11949686,0.04167478,0.15220126
S2,R1,100,105,5,3,0.00604473,0.00209239,0.03584906,0.02641509,0.00395234,0.00943396
S2,R1,100,110,10,3,0.01791634,0.0065204,0.09811321,0.06981132,0.01139594,0.02830189
S2,R1,100,115,15,3,0.0321315,0.0136584,0.15,0.09150943,0.0184731,0.05849057
S2,R1,100,120,20,3,0.05016661,0.01905078,0.18018868,0.09622642,0.03111583,0.08396226
S2,R1,100,125,25,3,0.06090099,0.02574466,0.21320755,0.11949686,0.03515633,0.09371069
S2,R1,100,105,5,4,0.00658563,0.00209239,0.04245283,0.02641509,0.00449324,0.01603774
S2,R1,100,110,10,4,0.02081992,0.0065204,0.09056604,0.06981132,0.01429952,0.02075472
S2,R1,100,115,15,4,0.03543979,0.0136584,0.15188679,0.09150943,0.02178139,0.06037736
S2,R1,100,120,20,4,0.04865676,0.01905078,0.17830189,0.09622642,0.02960598,0.08207547
S2,R1,100,125,25,4,0.06514222,0.02574466,0.23396226,0.11949686,0.03939756,0.11446541
S2,R1,100,105,5,5,0.00604235,0.00209239,0.0490566,0.02641509,0.00394996,0.02264151
S2,R1,100,110,10,5,0.01986779,0.0065204,0.12169811,0.06981132,0.01334739,0.05188679
S2,R1,100,115,15,5,0.03224881,0.0136584,0.13867925,0.09150943,0.01859041,0.04716981
S2,R1,100,120,20,5,0.04595014,0.01905078,0.16603774,0.09622642,0.02689937,0.06981132
S2,R1,100,125,25,5,0.06106146,0.02574466,0.21698113,0.11949686,0.0353168,0.09748428
S2,R1,100,105,5,6,0.00774809,0.00209239,0.05849057,0.02641509,0.00565569,0.03207547
S2,R1,100,110,10,6,0.01987403,0.0065204,0.08679245,0.06981132,0.01335362,0.01698113
S2,R1,100,115,15,6,0.03505852,0.0136584,0.13301887,0.09150943,0.02140012,0.04150943
S2,R1,100,120,20,6,0.04990999,0.01905078,0.18207547,0.09622642,0.03085921,0.08584906
S2,R1,100,125,25,6,0.06226032,0.02574466,0.22264151,0.11949686,0.03651565,0.10314465
S2,R1,100,105,5,7,0.00591987,0.00209239,0.04245283,0.02641509,0.00382748,0.01603774
S2,R1,100,110,10,7,0.02129153,0.0065204,0.1,0.06981132,0.01477113,0.03018868
S2,R1,100,115,15,7,0.03576817,0.0136584,0.14528302,0.09150943,0.02210977,0.05377358
S2,R1,100,120,20,7,0.04847282,0.01905078,0.17264151,0.09622642,0.02942204,0.07641509
S2,R1,100,125,25,7,0.06496082,0.02574466,0.22735849,0.11949686,0.03921616,0.10786164
S2,R1,100,105,5,8,0.00637639,0.00209239,0.05471698,0.02641509,0.004284,0.02830189
S2,R1,100,110,10,8,0.02187107,0.0065204,0.0990566,0.06981132,0.01535067,0.02924528
S2,R1,100,115,15,8,0.03634308,0.0136584,0.14150943,0.09150943,0.02268468,0.05
S2,R1,100,120,20,8,0.05368214,0.01905078,0.20660377,0.09622642,0.03463137,0.11037736
S2,R1,100,125,25,8,0.06526231,0.02574466,0.23962264,0.11949686,0.03951765,0.12012579
S2,R1,100,105,5,9,0.0055604,0.00209239,0.05471698,0.02641509,0.00346801,0.02830189
S2,R1,100,110,10,9,0.01873118,0.0065204,0.09716981,0.06981132,0.01221078,0.02735849
S2,R1,100,115,15,9,0.03262875,0.0136584,0.13490566,0.09150943,0.01897035,0.04339623
S2,R1,100,120,20,9,0.0473184,0.01905078,0.17075472,0.09622642,0.02826762,0.0745283
S2,R1,100,125,25,9,0.05867822,0.02574466,0.21698113,0.11949686,0.03293356,0.09748428
S2,R1,100,105,5,10,0.00568351,0.00209239,0.04811321,0.02641509,0.00359112,0.02169811
S2,R1,100,110,10,10,0.02112153,0.0065204,0.11132075,0.06981132,0.01460113,0.04150943
S2,R1,100,115,15,10,0.03869119,0.0136584,0.16226415,0.09150943,0.02503278,0.07075472
S2,R1,100,120,20,10,0.04925823,0.01905078,0.18962264,0.09622642,0.03020746,0.09339623
S2,R1,100,125,25,10,0.06760383,0.02574466,0.23018868,0.11949686,0.04185916,0.11069182
S2,R1,100,105,5,11,0.00742624,0.00209239,0.05943396,0.02641509,0.00533384,0.03301887
S2,R1,100,110,10,11,0.02141924,0.0065204,0.11415094,0.06981132,0.01489884,0.04433962
S2,R1,100,115,15,11,0.03683444,0.0136584,0.15188679,0.09150943,0.02317604,0.06037736
S2,R1,100,120,20,11,0.0467087,0.01905078,0.18018868,0.09622642,0.02765792,0.08396226
S2,R1,100,125,25,11,0.06505255,0.02574466,0.24245283,0.11949686,0.03930789,0.12295597
S2,R1,100,105,5,12,0.00695318,0.00209239,0.05188679,0.02641509,0.00486078,0.0254717
S2,R1,100,110,10,12,0.02392045,0.0065204,0.13018868,0.06981132,0.01740005,0.06037736
S2,R1,100,115,15,12,0.03691064,0.0136584,0.13396226,0.09150943,0.02325224,0.04245283
S2,R1,100,120,20,12,0.05466676,0.01905078,0.19056604,0.09622642,0.03561598,0.09433962
S2,R1,100,125,25,12,0.065081,0.02574466,0.23113208,0.11949686,0.03933634,0.11163522
S2,R1,100,105,5,13,0.00585425,0.00209239,0.05754717,0.02641509,0.00376186,0.03113208
S2,R1,100,110,10,13,0.01727179,0.0065204,0.08018868,0.06981132,0.01075139,0.01037736
S2,R1,100,115,15,13,0.02923964,0.0136584,0.12641509,0.09150943,0.01558124,0.03490566
S2,R1,100,120,20,13,0.04331096,0.01905078,0.16603774,0.09622642,0.02426019,0.06981132
S2,R1,100,125,25,13,0.05657832,0.02574466,0.2,0.11949686,0.03083366,0.08050314
S2,R1,100,105,5,14,0.00610989,0.00209239,0.04150943,0.02641509,0.00401749,0.01509434
S2,R1,100,110,10,14,0.02098148,0.0065204,0.11509434,0.06981132,0.01446107,0.04528302
S2,R1,100,115,15,14,0.03665914,0.0136584,0.15471698,0.09150943,0.02300074,0.06320755
S2,R1,100,120,20,14,0.05099389,0.01905078,0.21226415,0.09622642,0.03194311,0.11603774
S2,R1,100,125,25,14,0.06366647,0.02574466,0.22169811,0.11949686,0.03792181,0.10220126
S2,R1,100,105,5,15,0.00627756,0.00209239,0.05283019,0.02641509,0.00418517,0.02641509
S2,R1,100,110,10,15,0.02156092,0.0065204,0.11226415,0.06981132,0.01504052,0.04245283
S2,R1,100,115,15,15,0.03719141,0.0136584,0.15660377,0.09150943,0.02353301,0.06509434
S2,R1,100,120,20,15,0.05265878,0.01905078,0.18396226,0.09622642,0.03360801,0.08773585
S2,R1,100,125,25,15,0.06781695,0.02574466,0.20471698,0.11949686,0.04207229,0.08522013
S2,R1,100,105,5,16,0.00591034,0.00209239,0.05471698,0.02641509,0.00381795,0.02830189
S2,R1,100,110,10,16,0.02110706,0.0065204,0.10377358,0.06981132,0.01458666,0.03396226
S2,R1,100,115,15,16,0.03381422,0.0136584,0.13584906,0.09150943,0.02015582,0.04433962
S2,R1,100,120,20,16,0.04649719,0.01905078,0.16792453,0.09622642,0.02744642,0.07169811
S2,R1,100,125,25,16,0.05947674,0.02574466,0.21132075,0.11949686,0.03373208,0.0918239
S2,R1,100,105,5,17,0.00631682,0.00209239,0.03018868,0.02641509,0.00422443,0.00377358
S2,R1,100,110,10,17,0.01969843,0.0065204,0.10849057,0.06981132,0.01317803,0.03867925
S2,R1,100,115,15,17,0.03252147,0.0136584,0.12358491,0.09150943,0.01886307,0.03207547
S2,R1,100,120,20,17,0.04537092,0.01905078,0.17264151,0.09622642,0.02632015,0.07641509
S2,R1,100,125,25,17,0.0560273,0.02574466,0.20566038,0.11949686,0.03028264,0.08616352
S2,R1,100,105,5,18,0.00632849,0.00209239,0.03584906,0.02641509,0.0042361,0.00943396
S2,R1,100,110,10,18,0.02094915,0.0065204,0.1009434,0.06981132,0.01442875,0.03113208
S2,R1,100,115,15,18,0.036253,0.0136584,0.14150943,0.09150943,0.0225946,0.05
S2,R1,100,120,20,18,0.05078813,0.01905078,0.16415094,0.09622642,0.03173735,0.06792453
S2,R1,100,125,25,18,0.0661003,0.02574466,0.22075472,0.11949686,0.04035563,0.10125786
S2,R1,100,105,5,19,0.00707093,0.00209239,0.06509434,0.02641509,0.00497854,0.03867925
S2,R1,100,110,10,19,0.0221285,0.0065204,0.09622642,0.06981132,0.0156081,0.02641509
S2,R1,100,115,15,19,0.03601329,0.0136584,0.1509434,0.09150943,0.02235489,0.05943396
S2,R1,100,120,20,19,0.05186212,0.01905078,0.17924528,0.09622642,0.03281135,0.08301887
S2,R1,100,125,25,19,0.06473315,0.02574466,0.23679245,0.11949686,0.03898848,0.1172956
S2,R1,100,105,5,20,0.00579592,0.00209239,0.03584906,0.02641509,0.00370352,0.00943396
S2,R1,100,110,10,20,0.01965698,0.0065204,0.09528302,0.06981132,0.01313658,0.0254717
S2,R1,100,115,15,20,0.03474878,0.0136584,0.14811321,0.09150943,0.02109038,0.05660377
S2,R1,100,120,20,20,0.05075622,0.01905078,0.19339623,0.09622642,0.03170544,0.09716981
S2,R1,100,125,25,20,0.07314967,0.02574466,0.26037736,0.11949686,0.04740501,0.1408805
S2,R1,100,105,5,21,0.00677195,0.00209239,0.05188679,0.02641509,0.00467956,0.0254717
S2,R1,100,110,10,21,0.02244823,0.0065204,0.09622642,0.06981132,0.01592783,0.02641509
S2,R1,100,115,15,21,0.0353617,0.0136584,0.13490566,0.09150943,0.0217033,0.04339623
S2,R1,100,120,20,21,0.04777407,0.01905078,0.18301887,0.09622642,0.02872329,0.08679245
S2,R1,100,125,25,21,0.06118129,0.02574466,0.21981132,0.11949686,0.03543662,0.10031447
S2,R1,100,105,5,22,0.00496563,0.00209239,0.04150943,0.02641509,0.00287323,0.01509434
S2,R1,100,110,10,22,0.01890504,0.0065204,0.10283019,0.06981132,0.01238464,0.03301887
S2,R1,100,115,15,22,0.03142286,0.0136584,0.10754717,0.09150943,0.01776446,0.01603774
S2,R1,100,120,20,22,0.04232741,0.01905078,0.14339623,0.09622642,0.02327663,0.04716981
S2,R1,100,125,25,22,0.05784243,0.02574466,0.17830189,0.11949686,0.03209777,0.05880503
S2,R1,100,105,5,23,0.0066294,0.00209239,0.04433962,0.02641509,0.004537,0.01792453
S2,R1,100,110,10,23,0.02066206,0.0065204,0.11509434,0.06981132,0.01414166,0.04528302
S2,R1,100,115,15,23,0.03821677,0.0136584,0.16886792,0.09150943,0.02455837,0.07735849
S2,R1,100,120,20,23,0.05576955,0.01905078,0.22641509,0.09622642,0.03671877,0.13018868
S2,R1,100,125,25,23,0.06859941,0.02574466,0.23301887,0.11949686,0.04285475,0.11352201
S2,R1,100,105,5,24,0.00656365,0.00209239,0.04339623,0.02641509,0.00447125,0.01698113
S2,R1,100,110,10,24,0.01970239,0.0065204,0.10471698,0.06981132,0.01318199,0.03490566
S2,R1,100,115,15,24,0.03533509,0.0136584,0.16226415,0.09150943,0.02167669,0.07075472
S2,R1,100,120,20,24,0.05313515,0.01905078,0.22169811,0.09622642,0.03408437,0.1254717
S2,R1,100,125,25,24,0.05798073,0.02574466,0.22264151,0.11949686,0.03223607,0.10314465
S2,R1,100,105,5,25,0.00604666,0.00209239,0.04433962,0.02641509,0.00395427,0.01792453
S2,R1,100,110,10,25,0.02058154,0.0065204,0.09056604,0.06981132,0.01406114,0.02075472
S2,R1,100,115,15,25,0.03588266,0.0136584,0.16037736,0.09150943,0.02222426,0.06886792
S2,R1,100,120,20,25,0.05109306,0.01905078,0.21886792,0.09622642,0.03204229,0.12264151
S2,R1,100,125,25,25,0.06228718,0.02574466,0.22735849,0.11949686,0.03654252,0.10786164
S2,R1,100,105,5,26,0.00578335,0.00209239,0.04150943,0.02641509,0.00369096,0.01509434
S2,R1,100,110,10,26,0.01919634,0.0065204,0.07830189,0.06981132,0.01267594,0.00849057
S2,R1,100,115,15,26,0.03465083,0.0136584,0.13018868,0.09150943,0.02099243,0.03867925
S2,R1,100,120,20,26,0.04590925,0.01905078,0.16320755,0.09622642,0.02685848,0.06698113
S2,R1,100,125,25,26,0.06011797,0.02574466,0.19716981,0.11949686,0.03437331,0.07767296
S2,R1,100,105,5,27,0.00696556,0.00209239,0.05566038,0.02641509,0.00487316,0.02924528
S2,R1,100,110,10,27,0.01917155,0.0065204,0.0990566,0.06981132,0.01265115,0.02924528
S2,R1,100,115,15,27,0.03274561,0.0136584,0.12264151,0.09150943,0.01908721,0.03113208
S2,R1,100,120,20,27,0.05023319,0.01905078,0.17924528,0.09622642,0.03118242,0.08301887
S2,R1,100,125,25,27,0.06420033,0.02574466,0.22358491,0.11949686,0.03845567,0.10408805
S2,R1,100,105,5,28,0.00628242,0.00209239,0.04245283,0.02641509,0.00419003,0.01603774
S2,R1,100,110,10,28,0.0239808,0.0065204,0.14245283,0.06981132,0.0174604,0.07264151
S2,R1,100,115,15,28,0.03689275,0.0136584,0.15943396,0.09150943,0.02323435,0.06792453
S2,R1,100,120,20,28,0.05407234,0.01905078,0.20660377,0.09622642,0.03502156,0.11037736
S2,R1,100,125,25,28,0.06265344,0.02574466,0.23584906,0.11949686,0.03690878,0.1163522
S2,R1,100,105,5,29,0.00691524,0.00209239,0.05754717,0.02641509,0.00482285,0.03113208
S2,R1,100,110,10,29,0.02229309,0.0065204,0.12169811,0.06981132,0.01577269,0.05188679
S2,R1,100,115,15,29,0.04091172,0.0136584,0.16698113,0.09150943,0.02725332,0.0754717
S2,R1,100,120,20,29,0.05204065,0.01905078,0.18301887,0.09622642,0.03298988,0.08679245
S2,R1,100,125,25,29,0.06482555,0.02574466,0.21509434,0.11949686,0.03908089,0.09559748
S2,R1,100,105,5,30,0.0062857,0.00209239,0.04716981,0.02641509,0.0041933,0.02075472
S2,R1,100,110,10,30,0.02015852,0.0065204,0.10566038,0.06981132,0.01363812,0.03584906
S2,R1,100,115,15,30,0.03429712,0.0136584,0.15,0.09150943,0.02063872,0.05849057
S2,R1,100,120,20,30,0.04797558,0.01905078,0.21981132,0.09622642,0.02892481,0.12358491
S2,R1,100,125,25,30,0.06383592,0.02574466,0.25943396,0.11949686,0.03809126,0.13993711
S2,R1,100,105,5,31,0.00603129,0.00209239,0.04150943,0.02641509,0.00393889,0.01509434
S2,R1,100,110,10,31,0.0185491,0.0065204,0.1,0.06981132,0.0120287,0.03018868
S2,R1,100,115,15,31,0.03432802,0.0136584,0.15188679,0.09150943,0.02066962,0.06037736
S2,R1,100,120,20,31,0.05208358,0.01905078,0.21415094,0.09622642,0.0330328,0.11792453
S2,R1,100,125,25,31,0.0669084,0.02574466,0.23584906,0.11949686,0.04116374,0.1163522
S2,R1,100,105,5,32,0.00697329,0.00209239,0.02641509,0.02641509,0.0048809,0.0
S2,R1,100,110,10,32,0.01882094,0.0065204,0.11132075,0.06981132,0.01230053,0.04150943
S2,R1,100,115,15,32,0.03284471,0.0136584,0.13679245,0.09150943,0.01918631,0.04528302
S2,R1,100,120,20,32,0.04705903,0.01905078,0.17641509,0.09622642,0.02800826,0.08018868
S2,R1,100,125,25,32,0.06082536,0.02574466,0.21226415,0.11949686,0.03508069,0.0927673
S2,R1,100,105,5,33,0.0068498,0.00209239,0.0490566,0.02641509,0.00475741,0.02264151
S2,R1,100,110,10,33,0.02049329,0.0065204,0.10566038,0.06981132,0.01397289,0.03584906
S2,R1,100,115,15,33,0.03529763,0.0136584,0.13773585,0.09150943,0.02163923,0.04622642
S2,R1,100,120,20,33,0.04660216,0.01905078,0.15283019,0.09622642,0.02755138,0.05660377
S2,R1,100,125,25,33,0.05452777,0.02574466,0.18301887,0.11949686,0.02878311,0.06352201
S2,R1,100,105,5,34,0.00665528,0.00209239,0.05943396,0.02641509,0.00456289,0.03301887
S2,R1,100,110,10,34,0.01824681,0.0065204,0.08867925,0.06981132,0.01172641,0.01886792
S2,R1,100,115,15,34,0.03395826,0.0136584,0.14622642,0.09150943,0.02029986,0.05471698
S2,R1,100,120,20,34,0.04734283,0.01905078,0.1745283,0.09622642,0.02829206,0.07830189
S2,R1,100,125,25,34,0.05946819,0.02574466,0.20849057,0.11949686,0.03372353,0.08899371
S2,R1,100,105,5,35,0.00660094,0.00209239,0.05377358,0.02641509,0.00450854,0.02735849
S2,R1,100,110,10,35,0.02131483,0.0065204,0.10660377,0.06981132,0.01479443,0.03679245
S2,R1,100,115,15,35,0.03606472,0.0136584,0.17169811,0.09150943,0.02240632,0.08018868
S2,R1,100,120,20,35,0.05286849,0.01905078,0.21886792,0.09622642,0.03381771,0.12264151
S2,R1,100,125,25,35,0.06787011,0.02574466,0.24622642,0.11949686,0.04212545,0.12672956
S2,R1,100,105,5,36,0.00624005,0.00209239,0.03018868,0.02641509,0.00414765,0.00377358
S2,R1,100,110,10,36,0.01961754,0.0065204,0.1,0.06981132,0.01309714,0.03018868
S2,R1,100,115,15,36,0.03233322,0.0136584,0.13113208,0.09150943,0.01867482,0.03962264
S2,R1,100,120,20,36,0.04506527,0.01905078,0.14811321,0.09622642,0.02601449,0.05188679
S2,R1,100,125,25,36,0.06006955,0.02574466,0.22169811,0.11949686,0.03432489,0.10220126
S2,R1,100,105,5,37,0.00673474,0.00209239,0.0490566,0.02641509,0.00464234,0.02264151
S2,R1,100,110,10,37,0.02099567,0.0065204,0.10943396,0.06981132,0.01447526,0.03962264
S2,R1,100,115,15,37,0.03492013,0.0136584,0.15283019,0.09150943,0.02126173,0.06132075
S2,R1,100,120,20,37,0.05244914,0.01905078,0.20377358,0.09622642,0.03339837,0.10754717
S2,R1,100,125,25,37,0.06530772,0.02574466,0.24056604,0.11949686,0.03956306,0.12106918
S2,R1,100,105,5,38,0.00573853,0.00209239,0.04433962,0.02641509,0.00364613,0.01792453
S2,R1,100,110,10,38,0.02141892,0.0065204,0.12641509,0.06981132,0.01489852,0.05660377
S2,R1,100,115,15,38,0.03580575,0.0136584,0.16037736,0.09150943,0.02214735,0.06886792
S2,R1,100,120,20,38,0.0537589,0.01905078,0.2,0.09622642,0.03470812,0.10377358
S2,R1,100,125,25,38,0.0658425,0.02574466,0.24056604,0.11949686,0.04009784,0.12106918
S2,R1,100,105,5,39,0.00670157,0.00209239,0.04528302,0.02641509,0.00460918,0.01886792
S2,R1,100,110,10,39,0.02115586,0.0065204,0.09528302,0.06981132,0.01463546,0.0254717
S2,R1,100,115,15,39,0.03364371,0.0136584,0.12641509,0.09150943,0.01998531,0.03490566
S2,R1,100,120,20,39,0.04617298,0.01905078,0.18207547,0.09622642,0.0271222,0.08584906
S2,R1,100,125,25,39,0.06442789,0.02574466,0.24433962,0.11949686,0.03868323,0.12484277
S2,R1,100,105,5,40,0.00635635,0.00209239,0.05,0.02641509,0.00426396,0.02358491
S2,R1,100,110,10,40,0.01785155,0.0065204,0.09339623,0.06981132,0.01133115,0.02358491
S2,R1,100,115,15,40,0.03390862,0.0136584,0.14622642,0.09150943,0.02025022,0.05471698
S2,R1,100,120,20,40,0.04863258,0.01905078,0.18207547,0.09622642,0.0295818,0.08584906
S2,R1,100,125,25,40,0.06520759,0.02574466,0.20283019,0.11949686,0.03946293,0.08333333
S2,R1,100,105,5,41,0.00580566,0.00209239,0.03867925,0.02641509,0.00371326,0.01226415
S2,R1,100,110,10,41,0.01935449,0.0065204,0.11320755,0.06981132,0.01283409,0.04339623
S2,R1,100,115,15,41,0.03248795,0.0136584,0.15377358,0.09150943,0.01882955,0.06226415
S2,R1,100,120,20,41,0.0488922,0.01905078,0.18207547,0.09622642,0.02984142,0.08584906
S2,R1,100,125,25,41,0.05829273,0.02574466,0.20471698,0.11949686,0.03254807,0.08522013
S2,R1,100,105,5,42,0.0061301,0.00209239,0.04056604,0.02641509,0.00403771,0.01415094
S2,R1,100,110,10,42,0.02271265,0.0065204,0.13018868,0.06981132,0.01619225,0.06037736
S2,R1,100,115,15,42,0.03827276,0.0136584,0.17075472,0.09150943,0.02461436,0.07924528
S2,R1,100,120,20,42,0.05614752,0.01905078,0.20660377,0.09622642,0.03709675,0.11037736
S2,R1,100,125,25,42,0.0695978,0.02574466,0.23867925,0.11949686,0.04385313,0.11918239
S2,R1,100,105,5,43,0.00598878,0.00209239,0.04056604,0.02641509,0.00389639,0.01415094
S2,R1,100,110,10,43,0.0210151,0.0065204,0.0990566,0.06981132,0.0144947,0.02924528
S2,R1,100,115,15,43,0.03476629,0.0136584,0.13773585,0.09150943,0.02110789,0.04622642
S2,R1,100,120,20,43,0.04900636,0.01905078,0.15849057,0.09622642,0.02995558,0.06226415
S2,R1,100,125,25,43,0.06182007,0.02574466,0.2,0.11949686,0.03607541,0.08050314
S2,R1,100,105,5,44,0.00692327,0.00209239,0.05849057,0.02641509,0.00483088,0.03207547
S2,R1,100,110,10,44,0.02074367,0.0065204,0.10849057,0.06981132,0.01422326,0.03867925
S2,R1,100,115,15,44,0.03433462,0.0136584,0.13207547,0.09150943,0.02067622,0.04056604
S2,R1,100,120,20,44,0.04789905,0.01905078,0.16037736,0.09622642,0.02884828,0.06415094
S2,R1,100,125,25,44,0.06203229,0.02574466,0.23018868,0.11949686,0.03628763,0.11069182
S2,R1,100,105,5,45,0.00566433,0.00209239,0.05,0.02641509,0.00357194,0.02358491
S2,R1,100,110,10,45,0.02331798,0.0065204,0.1245283,0.06981132,0.01679758,0.05471698
S2,R1,100,115,15,45,0.04099236,0.0136584,0.16792453,0.09150943,0.02733395,0.07641509
S2,R1,100,120,20,45,0.05479692,0.01905078,0.19811321,0.09622642,0.03574615,0.10188679
S2,R1,100,125,25,45,0.06854993,0.02574466,0.22924528,0.11949686,0.04280527,0.10974843
S2,R1,100,105,5,46,0.00612977,0.00209239,0.03962264,0.02641509,0.00403737,0.01320755
S2,R1,100,110,10,46,0.01979204,0.0065204,0.10566038,0.06981132,0.01327164,0.03584906
S2,R1,100,115,15,46,0.03530936,0.0136584,0.1490566,0.09150943,0.02165096,0.05754717
S2,R1,100,120,20,46,0.0469115,0.01905078,0.17830189,0.09622642,0.02786072,0.08207547
S2,R1,100,125,25,46,0.06398851,0.02574466,0.20660377,0.11949686,0.03824385,0.08710692
S2,R1,100,105,5,47,0.00640407,0.00209239,0.04433962,0.02641509,0.00431168,0.01792453
S2,R1,100,110,10,47,0.02283326,0.0065204,0.1245283,0.06981132,0.01631286,0.05471698
S2,R1,100,115,15,47,0.03920751,0.0136584,0.16132075,0.09150943,0.02554911,0.06981132
S2,R1,100,120,20,47,0.05514806,0.01905078,0.20188679,0.09622642,0.03609729,0.10566038
S2,R1,100,125,25,47,0.06758525,0.02574466,0.20471698,0.11949686,0.04184059,0.08522013
S2,R1,100,105,5,48,0.00706928,0.00209239,0.06226415,0.02641509,0.00497688,0.03584906
S2,R1,100,110,10,48,0.017998,0.0065204,0.1009434,0.06981132,0.0114776,0.03113208
S2,R1,100,115,15,48,0.03171586,0.0136584,0.11792453,0.09150943,0.01805746,0.02641509
S2,R1,100,120,20,48,0.04203238,0.01905078,0.14433962,0.09622642,0.0229816,0.04811321
S2,R1,100,125,25,48,0.05803617,0.02574466,0.20377358,0.11949686,0.03229151,0.08427673
S2,R1,100,105,5,49,0.00692361,0.00209239,0.03962264,0.02641509,0.00483121,0.01320755
S2,R1,100,110,10,49,0.0205483,0.0065204,0.10849057,0.06981132,0.0140279,0.03867925
S2,R1,100,115,15,49,0.03599498,0.0136584,0.15471698,0.09150943,0.02233658,0.06320755
S2,R1,100,120,20,49,0.05237922,0.01905078,0.19811321,0.09622642,0.03332845,0.10188679
S2,R1,100,125,25,49,0.06422504,0.02574466,0.22735849,0.11949686,0.03848038,0.10786164
S2,R1,100,105,5,50,0.00620275,0.00209239,0.0490566,0.02641509,0.00411036,0.02264151
S2,R1,100,110,10,50,0.01999699,0.0065204,0.12075472,0.06981132,0.01347659,0.0509434
S2,R1,100,115,15,50,0.03461489,0.0136584,0.15377358,0.09150943,0.02095649,0.06226415
S2,R1,100,120,20,50,0.04961346,0.01905078,0.18396226,0.09622642,0.03056268,0.08773585
S2,R1,100,125,25,50,0.05788412,0.02574466,0.20188679,0.11949686,0.03213946,0.08238994
S2,R1,100,105,5,51,0.00620662,0.00209239,0.05283019,0.02641509,0.00411423,0.02641509
S2,R1,100,110,10,51,0.01836133,0.0065204,0.08679245,0.06981132,0.01184093,0.01698113
S2,R1,100,115,15,51,0.02998086,0.0136584,0.10566038,0.09150943,0.01632246,0.01415094
S2,R1,100,120,20,51,0.04435127,0.01905078,0.15849057,0.09622642,0.0253005,0.06226415
S2,R1,100,125,25,51,0.05234598,0.02574466,0.22169811,0.11949686,0.02660132,0.10220126
S2,R1,100,105,5,52,0.00597245,0.00209239,0.05377358,0.02641509,0.00388006,0.02735849
S2,R1,100,110,10,52,0.01877627,0.0065204,0.11132075,0.06981132,0.01225587,0.04150943
S2,R1,100,115,15,52,0.03201996,0.0136584,0.14339623,0.09150943,0.01836156,0.05188679
S2,R1,100,120,20,52,0.04733135,0.01905078,0.18018868,0.09622642,0.02828057,0.08396226
S2,R1,100,125,25,52,0.05753595,0.02574466,0.20377358,0.11949686,0.03179129,0.08427673
S2,R1,100,105,5,53,0.00661814,0.00209239,0.06037736,0.02641509,0.00452574,0.03396226
S2,R1,100,110,10,53,0.0198028,0.0065204,0.10849057,0.06981132,0.0132824,0.03867925
S2,R1,100,115,15,53,0.03457467,0.0136584,0.15660377,0.09150943,0.02091627,0.06509434
S2,R1,100,120,20,53,0.05087791,0.01905078,0.19811321,0.09622642,0.03182713,0.10188679
S2,R1,100,125,25,53,0.06333518,0.02574466,0.21226415,0.11949686,0.03759052,0.0927673
S2,R1,100,105,5,54,0.00589117,0.00209239,0.04716981,0.02641509,0.00379878,0.02075472
S2,R1,100,110,10,54,0.01942515,0.0065204,0.09245283,0.06981132,0.01290475,0.02264151
S2,R1,100,115,15,54,0.0357142,0.0136584,0.13113208,0.09150943,0.0220558,0.03962264
S2,R1,100,120,20,54,0.05149981,0.01905078,0.1745283,0.09622642,0.03244903,0.07830189
S2,R1,100,125,25,54,0.06407341,0.02574466,0.20471698,0.11949686,0.03832875,0.08522013
S2,R1,100,105,5,55,0.00592491,0.00209239,0.05283019,0.02641509,0.00383252,0.02641509
S2,R1,100,110,10,55,0.01916336,0.0065204,0.10377358,0.06981132,0.01264296,0.03396226
S2,R1,100,115,15,55,0.03501323,0.0136584,0.14622642,0.09150943,0.02135483,0.05471698
S2,R1,100,120,20,55,0.05046494,0.01905078,0.20566038,0.09622642,0.03141417,0.10943396
S2,R1,100,125,25,55,0.06388015,0.02574466,0.23396226,0.11949686,0.03813549,0.11446541
S2,R1,100,105,5,56,0.00610929,0.00209239,0.04811321,0.02641509,0.00401689,0.02169811
S2,R1,100,110,10,56,0.02099093,0.0065204,0.08113208,0.06981132,0.01447053,0.01132075
S2,R1,100,115,15,56,0.03602404,0.0136584,0.14716981,0.09150943,0.02236563,0.05566038
S2,R1,100,120,20,56,0.05070651,0.01905078,0.18018868,0.09622642,0.03165573,0.08396226
S2,R1,100,125,25,56,0.06415152,0.02574466,0.23207547,0.11949686,0.03840685,0.11257862
S2,R1,100,105,5,57,0.00625292,0.00209239,0.03773585,0.02641509,0.00416053,0.01132075
S2,R1,100,110,10,57,0.01895566,0.0065204,0.08584906,0.06981132,0.01243526,0.01603774
S2,R1,100,115,15,57,0.03516857,0.0136584,0.14716981,0.09150943,0.02151017,0.05566038
S2,R1,100,120,20,57,0.04941091,0.01905078,0.20283019,0.09622642,0.03036013,0.10660377
S2,R1,100,125,25,57,0.06382517,0.02574466,0.22830189,0.11949686,0.03808051,0.10880503
S2,R1,100,105,5,58,0.0064088,0.00209239,0.03773585,0.02641509,0.00431641,0.01132075
S2,R1,100,110,10,58,0.02025527,0.0065204,0.11509434,0.06981132,0.01373487,0.04528302
S2,R1,100,115,15,58,0.03263051,0.0136584,0.12830189,0.09150943,0.01897211,0.03679245
S2,R1,100,120,20,58,0.05073469,0.01905078,0.18301887,0.09622642,0.03168391,0.08679245
S2,R1,100,125,25,58,0.06133574,0.02574466,0.20566038,0.11949686,0.03559108,0.08616352
S2,R1,100,105,5,59,0.00620311,0.00209239,0.05566038,0.02641509,0.00411072,0.02924528
S2,R1,100,110,10,59,0.01938939,0.0065204,0.09528302,0.06981132,0.01286899,0.0254717
S2,R1,100,115,15,59,0.03274885,0.0136584,0.12075472,0.09150943,0.01909045,0.02924528
S2,R1,100,120,20,59,0.05029715,0.01905078,0.16981132,0.09622642,0.03124637,0.07358491
S2,R1,100,125,25,59,0.06413731,0.02574466,0.20566038,0.11949686,0.03839265,0.08616352
S2,R1,100,105,5,60,0.0058739,0.00209239,0.05754717,0.02641509,0.0037815,0.03113208
S2,R1,100,110,10,60,0.01985832,0.0065204,0.11226415,0.06981132,0.01333792,0.04245283
S2,R1,100,115,15,60,0.03437645,0.0136584,0.13584906,0.09150943,0.02071805,0.04433962
S2,R1,100,120,20,60,0.04641427,0.01905078,0.18679245,0.09622642,0.02736349,0.09056604
S2,R1,100,125,25,60,0.06102722,0.02574466,0.23962264,0.11949686,0.03528255,0.12012579
S2,R1,100,105,5,61,0.00618196,0.00209239,0.04811321,0.02641509,0.00408956,0.02169811
S2,R1,100,110,10,61,0.01979246,0.0065204,0.11415094,0.06981132,0.01327206,0.04433962
S2,R1,100,115,15,61,0.03374125,0.0136584,0.16509434,0.09150943,0.02008285,0.07358491
S2,R1,100,120,20,61,0.04795344,0.01905078,0.19528302,0.09622642,0.02890266,0.0990566
S2,R1,100,125,25,61,0.06089946,0.02574466,0.20849057,0.11949686,0.0351548,0.08899371
S2,R1,100,105,5,62,0.00529508,0.00209239,0.0490566,0.02641509,0.00320268,0.02264151
S2,R1,100,110,10,62,0.01789034,0.0065204,0.08301887,0.06981132,0.01136994,0.01320755
S2,R1,100,115,15,62,0.03334594,0.0136584,0.1509434,0.09150943,0.01968754,0.05943396
S2,R1,100,120,20,62,0.04671019,0.01905078,0.18867925,0.09622642,0.02765941,0.09245283
S2,R1,100,125,25,62,0.0610903,0.02574466,0.23207547,0.11949686,0.03534564,0.11257862
S2,R1,100,105,5,63,0.00574432,0.00209239,0.04150943,0.02641509,0.00365192,0.01509434
S2,R1,100,110,10,63,0.02074245,0.0065204,0.11792453,0.06981132,0.01422205,0.04811321
S2,R1,100,115,15,63,0.03516024,0.0136584,0.16698113,0.09150943,0.02150184,0.0754717
S2,R1,100,120,20,63,0.04950836,0.01905078,0.1990566,0.09622642,0.03045759,0.10283019
S2,R1,100,125,25,63,0.06026914,0.02574466,0.23207547,0.11949686,0.03452448,0.11257862
S2,R1,100,105,5,64,0.00632614,0.00209239,0.05471698,0.02641509,0.00423374,0.02830189
S2,R1,100,110,10,64,0.01957896,0.0065204,0.10660377,0.06981132,0.01305855,0.03679245
S2,R1,100,115,15,64,0.0359676,0.0136584,0.14339623,0.09150943,0.0223092,0.05188679
S2,R1,100,120,20,64,0.0505617,0.01905078,0.18018868,0.09622642,0.03151092,0.08396226
S2,R1,100,125,25,64,0.06316374,0.02574466,0.21415094,0.11949686,0.03741907,0.09465409
S2,R1,100,105,5,65,0.00632644,0.00209239,0.05660377,0.02641509,0.00423405,0.03018868
S2,R1,100,110,10,65,0.02073362,0.0065204,0.13301887,0.06981132,0.01421322,0.06320755
S2,R1,100,115,15,65,0.03603599,0.0136584,0.14339623,0.09150943,0.02237759,0.05188679
S2,R1,100,120,20,65,0.05135899,0.01905078,0.18490566,0.09622642,0.03230821,0.08867925
S2,R1,100,125,25,65,0.06156314,0.02574466,0.2,0.11949686,0.03581847,0.08050314
S2,R1,100,105,5,66,0.00622137,0.00209239,0.04811321,0.02641509,0.00412898,0.02169811
S2,R1,100,110,10,66,0.01775804,0.0065204,0.10188679,0.06981132,0.01123764,0.03207547
S2,R1,100,115,15,66,0.03618743,0.0136584,0.15566038,0.09150943,0.02252903,0.06415094
S2,R1,100,120,20,66,0.05061618,0.01905078,0.19339623,0.09622642,0.03156541,0.09716981
S2,R1,100,125,25,66,0.05983379,0.02574466,0.23773585,0.11949686,0.03408913,0.11823899
S2,R1,100,105,5,67,0.00571513,0.00209239,0.02830189,0.02641509,0.00362274,0.00188679
S2,R1,100,110,10,67,0.01805548,0.0065204,0.08113208,0.06981132,0.01153508,0.01132075
S2,R1,100,115,15,67,0.03139666,0.0136584,0.13867925,0.09150943,0.01773826,0.04716981
S2,R1,100,120,20,67,0.04384144,0.01905078,0.15377358,0.09622642,0.02479067,0.05754717
S2,R1,100,125,25,67,0.05553237,0.02574466,0.19056604,0.11949686,0.02978771,0.07106918
S2,R1,100,105,5,68,0.00697159,0.00209239,0.05660377,0.02641509,0.0048792,0.03018868
S2,R1,100,110,10,68,0.01987131,0.0065204,0.09811321,0.06981132,0.01335091,0.02830189
S2,R1,100,115,15,68,0.03861212,0.0136584,0.14716981,0.09150943,0.02495372,0.05566038
S2,R1,100,120,20,68,0.05407487,0.01905078,0.20188679,0.09622642,0.03502409,0.10566038
S2,R1,100,125,25,68,0.0630306,0.02574466,0.21886792,0.11949686,0.03728594,0.09937107
S2,R1,100,105,5,69,0.00633951,0.00209239,0.05660377,0.02641509,0.00424712,0.03018868
S2,R1,100,110,10,69,0.01952842,0.0065204,0.10188679,0.06981132,0.01300802,0.03207547
S2,R1,100,115,15,69,0.03266208,0.0136584,0.11226415,0.09150943,0.01900368,0.02075472
S2,R1,100,120,20,69,0.04364743,0.01905078,0.15943396,0.09622642,0.02459665,0.06320755
S2,R1,100,125,25,69,0.05694912,0.02574466,0.16132075,0.11949686,0.03120446,0.0418239
S2,R1,100,105,5,70,0.00682439,0.00209239,0.0509434,0.02641509,0.004732,0.0245283
S2,R1,100,110,10,70,0.02025906,0.0065204,0.11886792,0.06981132,0.01373866,0.0490566
S2,R1,100,115,15,70,0.03495773,0.0136584,0.1754717,0.09150943,0.02129933,0.08396226
S2,R1,100,120,20,70,0.05102172,0.01905078,0.19811321,0.09622642,0.03197094,0.10188679
S2,R1,100,125,25,70,0.06359109,0.02574466,0.25188679,0.11949686,0.03784643,0.13238994
S2,R1,100,105,5,71,0.00609049,0.00209239,0.0509434,0.02641509,0.0039981,0.0245283
S2,R1,100,110,10,71,0.02027303,0.0065204,0.09150943,0.06981132,0.01375263,0.02169811
S2,R1,100,115,15,71,0.0358333,0.0136584,0.15943396,0.09150943,0.0221749,0.06792453
S2,R1,100,120,20,71,0.05401833,0.01905078,0.21792453,0.09622642,0.03496755,0.12169811
S2,R1,100,125,25,71,0.06592434,0.02574466,0.2490566,0.11949686,0.04017968,0.12955975
S2,R1,100,105,5,72,0.00616604,0.00209239,0.04716981,0.02641509,0.00407365,0.02075472
S2,R1,100,110,10,72,0.01914866,0.0065204,0.0754717,0.06981132,0.01262826,0.00566038
S2,R1,100,115,15,72,0.0348053,0.0136584,0.14339623,0.09150943,0.0211469,0.05188679
S2,R1,100,120,20,72,0.04922604,0.01905078,0.20660377,0.09622642,0.03017527,0.11037736
S2,R1,100,125,25,72,0.06047645,0.02574466,0.23396226,0.11949686,0.03473179,0.11446541
S2,R1,100,105,5,73,0.00644397,0.00209239,0.0490566,0.02641509,0.00435158,0.02264151
S2,R1,100,110,10,73,0.01927418,0.0065204,0.09433962,0.06981132,0.01275378,0.0245283
S2,R1,100,115,15,73,0.03386221,0.0136584,0.15566038,0.09150943,0.02020381,0.06415094
S2,R1,100,120,20,73,0.05028683,0.01905078,0.20754717,0.09622642,0.03123605,0.11132075
S2,R1,100,125,25,73,0.06487892,0.02574466,0.24528302,0.11949686,0.03913426,0.12578616
S2,R1,100,105,5,74,0.00576191,0.00209239,0.0490566,0.02641509,0.00366952,0.02264151
S2,R1,100,110,10,74,0.02027086,0.0065204,0.10660377,0.06981132,0.01375046,0.03679245
S2,R1,100,115,15,74,0.03453457,0.0136584,0.16886792,0.09150943,0.02087617,0.07735849
S2,R1,100,120,20,74,0.04779205,0.01905078,0.16698113,0.09622642,0.02874128,0.07075472
S2,R1,100,125,25,74,0.06209752,0.02574466,0.19245283,0.11949686,0.03635286,0.07295597
S2,R1,100,105,5,75,0.00638028,0.00209239,0.0490566,0.02641509,0.00428788,0.02264151
S2,R1,100,110,10,75,0.01950075,0.0065204,0.08867925,0.06981132,0.01298035,0.01886792
S2,R1,100,115,15,75,0.03358657,0.0136584,0.11981132,0.09150943,0.01992817,0.02830189
S2,R1,100,120,20,75,0.04967656,0.01905078,0.18490566,0.09622642,0.03062578,0.08867925
S2,R1,100,125,25,75,0.06327452,0.02574466,0.21698113,0.11949686,0.03752986,0.09748428
S2,R1,100,105,5,76,0.00638529,0.00209239,0.05754717,0.02641509,0.00429289,0.03113208
S2,R1,100,110,10,76,0.02141799,0.0065204,0.10377358,0.06981132,0.01489759,0.03396226
S2,R1,100,115,15,76,0.03617969,0.0136584,0.15,0.09150943,0.02252129,0.05849057
S2,R1,100,120,20,76,0.04909639,0.01905078,0.17641509,0.09622642,0.03004561,0.08018868
S2,R1,100,125,25,76,0.06129481,0.02574466,0.19339623,0.11949686,0.03555015,0.07389937
S2,R1,100,105,5,77,0.00562246,0.00209239,0.03867925,0.02641509,0.00353006,0.01226415
S2,R1,100,110,10,77,0.01638616,0.0065204,0.09716981,0.06981132,0.00986576,0.02735849
S2,R1,100,115,15,77,0.02787672,0.0136584,0.13301887,0.09150943,0.01421832,0.04150943
S2,R1,100,120,20,77,0.04290702,0.01905078,0.17075472,0.09622642,0.02385625,0.0745283
S2,R1,100,125,25,77,0.05506036,0.02574466,0.16792453,0.11949686,0.0293157,0.04842767
S2,R1,100,105,5,78,0.00607115,0.00209239,0.05,0.02641509,0.00397876,0.02358491
S2,R1,100,110,10,78,0.02071626,0.0065204,0.1,0.06981132,0.01419586,0.03018868
S2,R1,100,115,15,78,0.03399535,0.0136584,0.15849057,0.09150943,0.02033695,0.06698113
S2,R1,100,120,20,78,0.04677498,0.01905078,0.19811321,0.09622642,0.0277242,0.10188679
S2,R1,100,125,25,78,0.058383,0.02574466,0.23113208,0.11949686,0.03263833,0.11163522
S2,R1,100,105,5,79,0.00681976,0.00209239,0.04622642,0.02641509,0.00472737,0.01981132
S2,R1,100,110,10,79,0.02192481,0.0065204,0.12924528,0.06981132,0.01540441,0.05943396
S2,R1,100,115,15,79,0.03432147,0.0136584,0.15660377,0.09150943,0.02066306,0.06509434
S2,R1,100,120,20,79,0.05066444,0.01905078,0.20754717,0.09622642,0.03161366,0.11132075
S2,R1,100,125,25,79,0.0662656,0.02574466,0.23396226,0.11949686,0.04052094,0.11446541
S2,R1,100,105,5,80,0.00693205,0.00209239,0.03962264,0.02641509,0.00483966,0.01320755
S2,R1,100,110,10,80,0.02052009,0.0065204,0.11603774,0.06981132,0.01399968,0.04622642
S2,R1,100,115,15,80,0.03701533,0.0136584,0.15471698,0.09150943,0.02335693,0.06320755
S2,R1,100,120,20,80,0.04912556,0.01905078,0.15660377,0.09622642,0.03007479,0.06037736
S2,R1,100,125,25,80,0.05819701,0.02574466,0.18490566,0.11949686,0.03245234,0.06540881
S2,R1,100,105,5,81,0.00672632,0.00209239,0.0490566,0.02641509,0.00463393,0.02264151
S2,R1,100,110,10,81,0.02093731,0.0065204,0.11320755,0.06981132,0.01441691,0.04339623
S2,R1,100,115,15,81,0.03654717,0.0136584,0.16320755,0.09150943,0.02288877,0.07169811
S2,R1,100,120,20,81,0.05180071,0.01905078,0.19433962,0.09622642,0.03274994,0.09811321
S2,R1,100,125,25,81,0.06692477,0.02574466,0.23490566,0.11949686,0.04118011,0.11540881
S2,R1,100,105,5,82,0.00558117,0.00209239,0.03867925,0.02641509,0.00348878,0.01226415
S2,R1,100,110,10,82,0.01866482,0.0065204,0.11132075,0.06981132,0.01214442,0.04150943
S2,R1,100,115,15,82,0.03275546,0.0136584,0.1490566,0.09150943,0.01909706,0.05754717
S2,R1,100,120,20,82,0.04901175,0.01905078,0.19622642,0.09622642,0.02996098,0.1
S2,R1,100,125,25,82,0.0643098,0.02574466,0.22924528,0.11949686,0.03856514,0.10974843
S2,R1,100,105,5,83,0.00647486,0.00209239,0.05471698,0.02641509,0.00438246,0.02830189
S2,R1,100,110,10,83,0.01985288,0.0065204,0.09150943,0.06981132,0.01333248,0.02169811
S2,R1,100,115,15,83,0.03483509,0.0136584,0.16320755,0.09150943,0.02117669,0.07169811
S2,R1,100,120,20,83,0.04796639,0.01905078,0.19056604,0.09622642,0.02891561,0.09433962
S2,R1,100,125,25,83,0.06147854,0.02574466,0.21792453,0.11949686,0.03573387,0.09842767
S2,R1,100,105,5,84,0.00681936,0.00209239,0.05660377,0.02641509,0.00472697,0.03018868
S2,R1,100,110,10,84,0.02188117,0.0065204,0.11037736,0.06981132,0.01536077,0.04056604
S2,R1,100,115,15,84,0.03429035,0.0136584,0.16132075,0.09150943,0.02063195,0.06981132
S2,R1,100,120,20,84,0.0501547,0.01905078,0.2009434,0.09622642,0.03110392,0.10471698
S2,R1,100,125,25,84,0.06734094,0.02574466,0.22830189,0.11949686,0.04159628,0.10880503
S2,R1,100,105,5,85,0.00638411,0.00209239,0.04716981,0.02641509,0.00429172,0.02075472
S2,R1,100,110,10,85,0.02050801,0.0065204,0.11226415,0.06981132,0.01398761,0.04245283
S2,R1,100,115,15,85,0.03642964,0.0136584,0.16037736,0.09150943,0.02277124,0.06886792
S2,R1,100,120,20,85,0.04929281,0.01905078,0.18962264,0.09622642,0.03024204,0.09339623
S2,R1,100,125,25,85,0.07096221,0.02574466,0.23396226,0.11949686,0.04521755,0.11446541
S2,R1,100,105,5,86,0.00627432,0.00209239,0.03773585,0.02641509,0.00418193,0.01132075
S2,R1,100,110,10,86,0.02224378,0.0065204,0.11698113,0.06981132,0.01572338,0.04716981
S2,R1,100,115,15,86,0.03673306,0.0136584,0.15,0.09150943,0.02307466,0.05849057
S2,R1,100,120,20,86,0.05066148,0.01905078,0.19339623,0.09622642,0.0316107,0.09716981
S2,R1,100,125,25,86,0.06255247,0.02574466,0.2490566,0.11949686,0.0368078,0.12955975
S2,R1,100,105,5,87,0.00625385,0.00209239,0.0490566,0.02641509,0.00416146,0.02264151
S2,R1,100,110,10,87,0.01804565,0.0065204,0.11886792,0.06981132,0.01152525,0.0490566
S2,R1,100,115,15,87,0.03593359,0.0136584,0.16981132,0.09150943,0.02227519,0.07830189
S2,R1,100,120,20,87,0.05154746,0.01905078,0.20471698,0.09622642,0.03249668,0.10849057
S2,R1,100,125,25,87,0.06461598,0.02574466,0.22169811,0.11949686,0.03887131,0.10220126
S2,R1,100,105,5,88,0.00626664,0.00209239,0.05754717,0.02641509,0.00417425,0.03113208
S2,R1,100,110,10,88,0.02129214,0.0065204,0.11886792,0.06981132,0.01477174,0.0490566
S2,R1,100,115,15,88,0.03653895,0.0136584,0.15377358,0.09150943,0.02288055,0.06226415
S2,R1,100,120,20,88,0.05392317,0.01905078,0.20660377,0.09622642,0.0348724,0.11037736
S2,R1,100,125,25,88,0.06518607,0.02574466,0.23867925,0.11949686,0.03944141,0.11918239
S2,R1,100,105,5,89,0.00682371,0.00209239,0.06037736,0.02641509,0.00473131,0.03396226
S2,R1,100,110,10,89,0.02147953,0.0065204,0.10849057,0.06981132,0.01495913,0.03867925
S2,R1,100,115,15,89,0.0352066,0.0136584,0.16037736,0.09150943,0.0215482,0.06886792
S2,R1,100,120,20,89,0.04909387,0.01905078,0.19056604,0.09622642,0.03004309,0.09433962
S2,R1,100,125,25,89,0.06279423,0.02574466,0.2245283,0.11949686,0.03704957,0.10503145
S2,R1,100,105,5,90,0.00646248,0.00209239,0.05188679,0.02641509,0.00437008,0.0254717
S2,R1,100,110,10,90,0.02028186,0.0065204,0.11320755,0.06981132,0.01376146,0.04339623
S2,R1,100,115,15,90,0.03589929,0.0136584,0.16320755,0.09150943,0.02224089,0.07169811
S2,R1,100,120,20,90,0.0490282,0.01905078,0.15849057,0.09622642,0.02997742,0.06226415
S2,R1,100,125,25,90,0.06212261,0.02574466,0.22735849,0.11949686,0.03637794,0.10786164
S2,R1,100,105,5,91,0.00683602,0.00209239,0.03679245,0.02641509,0.00474363,0.01037736
S2,R1,100,110,10,91,0.01896319,0.0065204,0.09245283,0.06981132,0.01244279,0.02264151
S2,R1,100,115,15,91,0.03582218,0.0136584,0.13867925,0.09150943,0.02216378,0.04716981
S2,R1,100,120,20,91,0.05089807,0.01905078,0.18773585,0.09622642,0.03184729,0.09150943
S2,R1,100,125,25,91,0.06321445,0.02574466,0.22358491,0.11949686,0.03746979,0.10408805
S2,R1,100,105,5,92,0.00672724,0.00209239,0.05,0.02641509,0.00463484,0.02358491
S2,R1,100,110,10,92,0.0206471,0.0065204,0.10377358,0.06981132,0.0141267,0.03396226
S2,R1,100,115,15,92,0.03584761,0.0136584,0.18301887,0.09150943,0.02218921,0.09150943
S2,R1,100,120,20,92,0.04888909,0.01905078,0.21320755,0.09622642,0.02983831,0.11698113
S2,R1,100,125,25,92,0.06308581,0.02574466,0.2245283,0.11949686,0.03734114,0.10503145
S2,R1,100,105,5,93,0.00562644,0.00209239,0.03207547,0.02641509,0.00353404,0.00566038
S2,R1,100,110,10,93,0.02090255,0.0065204,0.10566038,0.06981132,0.01438215,0.03584906
S2,R1,100,115,15,93,0.03361998,0.0136584,0.14716981,0.09150943,0.01996158,0.05566038
S2,R1,100,120,20,93,0.05148468,0.01905078,0.18584906,0.09622642,0.03243391,0.08962264
S2,R1,100,125,25,93,0.06846488,0.02574466,0.23207547,0.11949686,0.04272021,0.11257862
S2,R1,100,105,5,94,0.00650904,0.00209239,0.04245283,0.02641509,0.00441664,0.01603774
S2,R1,100,110,10,94,0.01964576,0.0065204,0.09339623,0.06981132,0.01312536,0.02358491
S2,R1,100,115,15,94,0.03363843,0.0136584,0.13207547,0.09150943,0.01998003,0.04056604
S2,R1,100,120,20,94,0.04937016,0.01905078,0.18207547,0.09622642,0.03031938,0.08584906
S2,R1,100,125,25,94,0.06320172,0.02574466,0.21603774,0.11949686,0.03745705,0.09654088
S2,R1,100,105,5,95,0.00680583,0.00209239,0.05566038,0.02641509,0.00471343,0.02924528
S2,R1,100,110,10,95,0.02029507,0.0065204,0.1,0.06981132,0.01377467,0.03018868
S2,R1,100,115,15,95,0.03358362,0.0136584,0.16132075,0.09150943,0.01992522,0.06981132
S2,R1,100,120,20,95,0.04591759,0.01905078,0.19150943,0.09622642,0.02686681,0.09528302
S2,R1,100,125,25,95,0.06263159,0.02574466,0.23490566,0.11949686,0.03688693,0.11540881
S2,R1,100,105,5,96,0.00585545,0.00209239,0.04339623,0.02641509,0.00376305,0.01698113
S2,R1,100,110,10,96,0.01784326,0.0065204,0.10283019,0.06981132,0.01132286,0.03301887
S2,R1,100,115,15,96,0.03385856,0.0136584,0.13867925,0.09150943,0.02020016,0.04716981
S2,R1,100,120,20,96,0.04813484,0.01905078,0.19245283,0.09622642,0.02908407,0.09622642
S2,R1,100,125,25,96,0.05753236,0.02574466,0.19339623,0.11949686,0.0317877,0.07389937
S2,R1,100,105,5,97,0.00732318,0.00209239,0.06037736,0.02641509,0.00523078,0.03396226
S2,R1,100,110,10,97,0.020664,0.0065204,0.10849057,0.06981132,0.0141436,0.03867925
S2,R1,100,115,15,97,0.03278578,0.0136584,0.14528302,0.09150943,0.01912738,0.05377358
S2,R1,100,120,20,97,0.04666787,0.01905078,0.17169811,0.09622642,0.02761709,0.0754717
S2,R1,100,125,25,97,0.06152853,0.02574466,0.21320755,0.11949686,0.03578387,0.09371069
S2,R1,100,105,5,98,0.0061787,0.00209239,0.04528302,0.02641509,0.00408631,0.01886792
S2,R1,100,110,10,98,0.02073212,0.0065204,0.10283019,0.06981132,0.01421172,0.03301887
S2,R1,100,115,15,98,0.03324577,0.0136584,0.11886792,0.09150943,0.01958737,0.02735849
S2,R1,100,120,20,98,0.04641788,0.01905078,0.15943396,0.09622642,0.0273671,0.06320755
S2,R1,100,125,25,98,0.06030395,0.02574466,0.19150943,0.11949686,0.03455928,0.07201258
S2,R1,100,105,5,99,0.0060283,0.00209239,0.03207547,0.02641509,0.0039359,0.00566038
S2,R1,100,110,10,99,0.02319576,0.0065204,0.10188679,0.06981132,0.01667536,0.03207547
S2,R1,100,115,15,99,0.03887616,0.0136584,0.14622642,0.09150943,0.02521776,0.05471698
S2,R1,100,120,20,99,0.0519673,0.01905078,0.19716981,0.09622642,0.03291652,0.1009434
S2,R1,100,125,25,99,0.06385085,0.02574466,0.22735849,0.11949686,0.03810619,0.10786164
S2,R1,100,105,5,100,0.00650172,0.00209239,0.04811321,0.02641509,0.00440932,0.02169811
S2,R1,100,110,10,100,0.01684394,0.0065204,0.10754717,0.06981132,0.01032354,0.03773585
S2,R1,100,115,15,100,0.03404735,0.0136584,0.14245283,0.09150943,0.02038895,0.0509434
S2,R1,100,120,20,100,0.04865847,0.01905078,0.19433962,0.09622642,0.02960769,0.09811321
S2,R1,100,125,25,100,0.06391462,0.02574466,0.22358491,0.11949686,0.03816996,0.10408805
S2,R1,100,105,5,101,0.00640353,0.00209239,0.04433962,0.02641509,0.00431114,0.01792453
S2,R1,100,110,10,101,0.01857731,0.0065204,0.10471698,0.06981132,0.0120569,0.03490566
S2,R1,100,115,15,101,0.0320565,0.0136584,0.16320755,0.09150943,0.0183981,0.07169811
S2,R1,100,120,20,101,0.04733528,0.01905078,0.18962264,0.09622642,0.0282845,0.09339623
S2,R1,100,125,25,101,0.06414405,0.02574466,0.2245283,0.11949686,0.03839939,0.10503145
S2,R1,100,105,5,102,0.00626386,0.00209239,0.03773585,0.02641509,0.00417146,0.01132075
S2,R1,100,110,10,102,0.01962276,0.0065204,0.1009434,0.06981132,0.01310236,0.03113208
S2,R1,100,115,15,102,0.03321711,0.0136584,0.14150943,0.09150943,0.01955871,0.05
S2,R1,100,120,20,102,0.04615199,0.01905078,0.16226415,0.09622642,0.02710121,0.06603774
S2,R1,100,125,25,102,0.05839388,0.02574466,0.22169811,0.11949686,0.03264922,0.10220126
S2,R1,100,105,5,103,0.00659808,0.00209239,0.05,0.02641509,0.00450568,0.02358491
S2,R1,100,110,10,103,0.02156497,0.0065204,0.10943396,0.06981132,0.01504457,0.03962264
S2,R1,100,115,15,103,0.03603212,0.0136584,0.18301887,0.09150943,0.02237371,0.09150943
S2,R1,100,120,20,103,0.05071159,0.01905078,0.19811321,0.09622642,0.03166082,0.10188679
S2,R1,100,125,25,103,0.06181041,0.02574466,0.20943396,0.11949686,0.03606574,0.08993711
S2,R1,100,105,5,104,0.00576766,0.00209239,0.0490566,0.02641509,0.00367526,0.02264151
S2,R1,100,110,10,104,0.02111469,0.0065204,0.11320755,0.06981132,0.01459429,0.04339623
S2,R1,100,115,15,104,0.03190057,0.0136584,0.13773585,0.09150943,0.01824217,0.04622642
S2,R1,100,120,20,104,0.04468869,0.01905078,0.16698113,0.09622642,0.02563791,0.07075472
S2,R1,100,125,25,104,0.06113119,0.02574466,0.2254717,0.11949686,0.03538652,0.10597484
S2,R1,100,105,5,105,0.00631061,0.00209239,0.03962264,0.02641509,0.00421822,0.01320755
S2,R1,100,110,10,105,0.02019997,0.0065204,0.10283019,0.06981132,0.01367957,0.03301887
S2,R1,100,115,15,105,0.0354949,0.0136584,0.12641509,0.09150943,0.0218365,0.03490566
S2,R1,100,120,20,105,0.05300569,0.01905078,0.21320755,0.09622642,0.03395491,0.11698113
S2,R1,100,125,25,105,0.06494361,0.02574466,0.2245283,0.11949686,0.03919895,0.10503145
S2,R1,100,105,5,106,0.00620702,0.00209239,0.03962264,0.02641509,0.00411463,0.01320755
S2,R1,100,110,10,106,0.02056514,0.0065204,0.10566038,0.06981132,0.01404474,0.03584906
S2,R1,100,115,15,106,0.03075139,0.0136584,0.12358491,0.09150943,0.01709299,0.03207547
S2,R1,100,120,20,106,0.0443265,0.01905078,0.16698113,0.09622642,0.02527572,0.07075472
S2,R1,100,125,25,106,0.05976521,0.02574466,0.24716981,0.11949686,0.03402055,0.12767296
S2,R1,100,105,5,107,0.00584173,0.00209239,0.05377358,0.02641509,0.00374934,0.02735849
S2,R1,100,110,10,107,0.02055714,0.0065204,0.10377358,0.06981132,0.01403674,0.03396226
S2,R1,100,115,15,107,0.03742187,0.0136584,0.13584906,0.09150943,0.02376347,0.04433962
S2,R1,100,120,20,107,0.0491846,0.01905078,0.16792453,0.09622642,0.03013382,0.07169811
S2,R1,100,125,25,107,0.06194887,0.02574466,0.21132075,0.11949686,0.03620421,0.0918239
S2,R1,100,105,5,108,0.00630545,0.00209239,0.05,0.02641509,0.00421306,0.02358491
S2,R1,100,110,10,108,0.01959522,0.0065204,0.10283019,0.06981132,0.01307482,0.03301887
S2,R1,100,115,15,108,0.03390198,0.0136584,0.15566038,0.09150943,0.02024358,0.06415094
S2,R1,100,120,20,108,0.0491244,0.01905078,0.18018868,0.09622642,0.03007363,0.08396226
S2,R1,100,125,25,108,0.06025753,0.02574466,0.20188679,0.11949686,0.03451287,0.08238994
S2,R1,100,105,5,109,0.00615687,0.00209239,0.03962264,0.02641509,0.00406448,0.01320755
S2,R1,100,110,10,109,0.02209531,0.0065204,0.11320755,0.06981132,0.01557491,0.04339623
S2,R1,100,115,15,109,0.03472389,0.0136584,0.12830189,0.09150943,0.02106549,0.03679245
S2,R1,100,120,20,109,0.04545991,0.01905078,0.18018868,0.09622642,0.02640913,0.08396226
S2,R1,100,125,25,109,0.06231233,0.02574466,0.21509434,0.11949686,0.03656767,0.09559748
S2,R1,100,105,5,110,0.0066413,0.00209239,0.03962264,0.02641509,0.00454891,0.01320755
S2,R1,100,110,10,110,0.0223345,0.0065204,0.14056604,0.06981132,0.0158141,0.07075472
S2,R1,100,115,15,110,0.04113659,0.0136584,0.16981132,0.09150943,0.02747819,0.07830189
S2,R1,100,120,20,110,0.05640795,0.01905078,0.23301887,0.09622642,0.03735717,0.13679245
S2,R1,100,125,25,110,0.0708055,0.02574466,0.24716981,0.11949686,0.04506084,0.12767296
S2,R1,100,105,5,111,0.00665893,0.00209239,0.05849057,0.02641509,0.00456654,0.03207547
S2,R1,100,110,10,111,0.02073005,0.0065204,0.10377358,0.06981132,0.01420965,0.03396226
S2,R1,100,115,15,111,0.03492885,0.0136584,0.13962264,0.09150943,0.02127045,0.04811321
S2,R1,100,120,20,111,0.04727912,0.01905078,0.18584906,0.09622642,0.02822834,0.08962264
S2,R1,100,125,25,111,0.06188963,0.02574466,0.20849057,0.11949686,0.03614497,0.08899371
S2,R1,100,105,5,112,0.00588981,0.00209239,0.05283019,0.02641509,0.00379742,0.02641509
S2,R1,100,110,10,112,0.0199629,0.0065204,0.10566038,0.06981132,0.0134425,0.03584906
S2,R1,100,115,15,112,0.03252276,0.0136584,0.16037736,0.09150943,0.01886436,0.06886792
S2,R1,100,120,20,112,0.04531535,0.01905078,0.1745283,0.09622642,0.02626457,0.07830189
S2,R1,100,125,25,112,0.05635495,0.02574466,0.18867925,0.11949686,0.03061029,0.06918239
S2,R1,100,105,5,113,0.00624503,0.00209239,0.03773585,0.02641509,0.00415264,0.01132075
S2,R1,100,110,10,113,0.01796119,0.0065204,0.10754717,0.06981132,0.01144079,0.03773585
S2,R1,100,115,15,113,0.03251994,0.0136584,0.15660377,0.09150943,0.01886154,0.06509434
S2,R1,100,120,20,113,0.04696508,0.01905078,0.21603774,0.09622642,0.02791431,0.11981132
S2,R1,100,125,25,113,0.05534411,0.02574466,0.20754717,0.11949686,0.02959945,0.08805031
S2,R1,100,105,5,114,0.00623585,0.00209239,0.04056604,0.02641509,0.00414345,0.01415094
S2,R1,100,110,10,114,0.02114898,0.0065204,0.10377358,0.06981132,0.01462858,0.03396226
S2,R1,100,115,15,114,0.03832364,0.0136584,0.13396226,0.09150943,0.02466524,0.04245283
S2,R1,100,120,20,114,0.04798318,0.01905078,0.1745283,0.09622642,0.0289324,0.07830189
S2,R1,100,125,25,114,0.06598635,0.02574466,0.21886792,0.11949686,0.04024168,0.09937107
S2,R1,100,105,5,115,0.00574651,0.00209239,0.04150943,0.02641509,0.00365412,0.01509434
S2,R1,100,110,10,115,0.02065668,0.0065204,0.10660377,0.06981132,0.01413628,0.03679245
S2,R1,100,115,15,115,0.03402833,0.0136584,0.15377358,0.09150943,0.02036993,0.06226415
S2,R1,100,120,20,115,0.05130432,0.01905078,0.1990566,0.09622642,0.03225355,0.10283019
S2,R1,100,125,25,115,0.06495573,0.02574466,0.24433962,0.11949686,0.03921107,0.12484277
S2,R1,100,105,5,116,0.00617794,0.00209239,0.03773585,0.02641509,0.00408555,0.01132075
S2,R1,100,110,10,116,0.02147746,0.0065204,0.12075472,0.06981132,0.01495706,0.0509434
S2,R1,100,115,15,116,0.03576422,0.0136584,0.14811321,0.09150943,0.02210582,0.05660377
S2,R1,100,120,20,116,0.0490973,0.01905078,0.1745283,0.09622642,0.03004653,0.07830189
S2,R1,100,125,25,116,0.06443807,0.02574466,0.20849057,0.11949686,0.03869341,0.08899371
S2,R1,100,105,5,117,0.00588183,0.00209239,0.04528302,0.02641509,0.00378943,0.01886792
S2,R1,100,110,10,117,0.02200508,0.0065204,0.1,0.06981132,0.01548468,0.03018868
S2,R1,100,115,15,117,0.0369435,0.0136584,0.16509434,0.09150943,0.02328509,0.07358491
S2,R1,100,120,20,117,0.05212548,0.01905078,0.1990566,0.09622642,0.0330747,0.10283019
S2,R1,100,125,25,117,0.06913982,0.02574466,0.2254717,0.11949686,0.04339516,0.10597484
S2,R1,100,105,5,118,0.00652497,0.00209239,0.05471698,0.02641509,0.00443258,0.02830189
S2,R1,100,110,10,118,0.02139581,0.0065204,0.11603774,0.06981132,0.01487541,0.04622642
S2,R1,100,115,15,118,0.03595389,0.0136584,0.14528302,0.09150943,0.02229549,0.05377358
S2,R1,100,120,20,118,0.05506064,0.01905078,0.20471698,0.09622642,0.03600986,0.10849057
S2,R1,100,125,25,118,0.06626294,0.02574466,0.25754717,0.11949686,0.04051827,0.13805031
S2,R1,100,105,5,119,0.00673378,0.00209239,0.04716981,0.02641509,0.00464138,0.02075472
S2,R1,100,110,10,119,0.0221163,0.0065204,0.09150943,0.06981132,0.0155959,0.02169811
S2,R1,100,115,15,119,0.03876787,0.0136584,0.13584906,0.09150943,0.02510947,0.04433962
S2,R1,100,120,20,119,0.05170022,0.01905078,0.19433962,0.09622642,0.03264944,0.09811321
S2,R1,100,125,25,119,0.0664913,0.02574466,0.21886792,0.11949686,0.04074664,0.09937107
S2,R1,100,105,5,120,0.0063678,0.00209239,0.03962264,0.02641509,0.00427541,0.01320755
S2,R1,100,110,10,120,0.01768306,0.0065204,0.08773585,0.06981132,0.01116266,0.01792453
S2,R1,100,115,15,120,0.03193876,0.0136584,0.11886792,0.09150943,0.01828036,0.02735849
S2,R1,100,120,20,120,0.04577027,0.01905078,0.16037736,0.09622642,0.0267195,0.06415094
S2,R1,100,125,25,120,0.0576514,0.02574466,0.19339623,0.11949686,0.03190674,0.07389937
S2,R1,100,105,5,121,0.00618922,0.00209239,0.04528302,0.02641509,0.00409682,0.01886792
S2,R1,100,110,10,121,0.02201161,0.0065204,0.09433962,0.06981132,0.01549121,0.0245283
S2,R1,100,115,15,121,0.03682376,0.0136584,0.15566038,0.09150943,0.02316536,0.06415094
S2,R1,100,120,20,121,0.05165781,0.01905078,0.1745283,0.09622642,0.03260703,0.07830189
S2,R1,100,125,25,121,0.06464528,0.02574466,0.21415094,0.11949686,0.03890062,0.09465409
S2,R1,100,105,5,122,0.0069586,0.00209239,0.0490566,0.02641509,0.0048662,0.02264151
S2,R1,100,110,10,122,0.02354819,0.0065204,0.13679245,0.06981132,0.01702779,0.06698113
S2,R1,100,115,15,122,0.03841605,0.0136584,0.16037736,0.09150943,0.02475765,0.06886792
S2,R1,100,120,20,122,0.05654478,0.01905078,0.22264151,0.09622642,0.037494,0.12641509
S2,R1,100,125,25,122,0.07600631,0.02574466,0.2754717,0.11949686,0.05026164,0.15597484
S2,R1,100,105,5,123,0.00668936,0.00209239,0.03962264,0.02641509,0.00459696,0.01320755
S2,R1,100,110,10,123,0.02087863,0.0065204,0.11320755,0.06981132,0.01435823,0.04339623
S2,R1,100,115,15,123,0.03676266,0.0136584,0.15754717,0.09150943,0.02310426,0.06603774
S2,R1,100,120,20,123,0.04635604,0.01905078,0.1754717,0.09622642,0.02730526,0.07924528
S2,R1,100,125,25,123,0.05809132,0.02574466,0.20188679,0.11949686,0.03234666,0.08238994
S2,R1,100,105,5,124,0.00709069,0.00209239,0.05566038,0.02641509,0.00499829,0.02924528
S2,R1,100,110,10,124,0.02328372,0.0065204,0.13207547,0.06981132,0.01676332,0.06226415
S2,R1,100,115,15,124,0.03679749,0.0136584,0.14716981,0.09150943,0.02313909,0.05566038
S2,R1,100,120,20,124,0.05344334,0.01905078,0.20754717,0.09622642,0.03439256,0.11132075
S2,R1,100,125,25,124,0.06840885,0.02574466,0.24056604,0.11949686,0.04266419,0.12106918
S2,R1,100,105,5,125,0.00657679,0.00209239,0.06132075,0.02641509,0.0044844,0.03490566
S2,R1,100,110,10,125,0.02326967,0.0065204,0.11509434,0.06981132,0.01674927,0.04528302
S2,R1,100,115,15,125,0.03732929,0.0136584,0.16320755,0.09150943,0.02367089,0.07169811
S2,R1,100,120,20,125,0.05138189,0.01905078,0.19528302,0.09622642,0.03233111,0.0990566
S2,R1,100,125,25,125,0.06703352,0.02574466,0.23584906,0.11949686,0.04128886,0.1163522
S2,R1,100,105,5,126,0.00638365,0.00209239,0.03584906,0.02641509,0.00429126,0.00943396
S2,R1,100,110,10,126,0.02142237,0.0065204,0.1,0.06981132,0.01490197,0.03018868
S2,R1,100,115,15,126,0.03320798,0.0136584,0.12830189,0.09150943,0.01954958,0.03679245
S2,R1,100,120,20,126,0.04514999,0.01905078,0.15943396,0.09622642,0.02609921,0.06320755
S2,R1,100,125,25,126,0.05832691,0.02574466,0.18113208,0.11949686,0.03258224,0.06163522
S2,R1,100,105,5,127,0.00579561,0.00209239,0.03962264,0.02641509,0.00370322,0.01320755
S2,R1,100,110,10,127,0.01911124,0.0065204,0.0990566,0.06981132,0.01259084,0.02924528
S2,R1,100,115,15,127,0.03337689,0.0136584,0.15754717,0.09150943,0.01971849,0.06603774
S2,R1,100,120,20,127,0.04712111,0.01905078,0.18301887,0.09622642,0.02807033,0.08679245
S2,R1,100,125,25,127,0.05497648,0.02574466,0.20943396,0.11949686,0.02923182,0.08993711
S2,R1,100,105,5,128,0.00596707,0.00209239,0.03396226,0.02641509,0.00387468,0.00754717
S2,R1,100,110,10,128,0.01967364,0.0065204,0.10943396,0.06981132,0.01315323,0.03962264
S2,R1,100,115,15,128,0.03676495,0.0136584,0.14433962,0.09150943,0.02310655,0.05283019
S2,R1,100,120,20,128,0.04885298,0.01905078,0.17358491,0.09622642,0.02980221,0.07735849
S2,R1,100,125,25,128,0.0602874,0.02574466,0.21981132,0.11949686,0.03454274,0.10031447
S2,R1,100,105,5,129,0.00612482,0.00209239,0.06320755,0.02641509,0.00403242,0.03679245
S2,R1,100,110,10,129,0.02060163,0.0065204,0.11132075,0.06981132,0.01408123,0.04150943
S2,R1,100,115,15,129,0.0348063,0.0136584,0.14622642,0.09150943,0.0211479,0.05471698
S2,R1,100,120,20,129,0.05114074,0.01905078,0.18962264,0.09622642,0.03208997,0.09339623
S2,R1,100,125,25,129,0.06444878,0.02574466,0.23396226,0.11949686,0.03870411,0.11446541
S2,R1,100,105,5,130,0.00627753,0.00209239,0.03396226,0.02641509,0.00418514,0.00754717
S2,R1,100,110,10,130,0.02176986,0.0065204,0.09716981,0.06981132,0.01524946,0.02735849
S2,R1,100,115,15,130,0.03441795,0.0136584,0.12924528,0.09150943,0.02075955,0.03773585
S2,R1,100,120,20,130,0.04554281,0.01905078,0.14716981,0.09622642,0.02649203,0.0509434
S2,R1,100,125,25,130,0.05375546,0.02574466,0.19811321,0.11949686,0.02801079,0.07861635
S2,R1,100,105,5,131,0.00616749,0.00209239,0.05283019,0.02641509,0.0040751,0.02641509
S2,R1,100,110,10,131,0.02224624,0.0065204,0.11603774,0.06981132,0.01572584,0.04622642
S2,R1,100,115,15,131,0.03576995,0.0136584,0.16509434,0.09150943,0.02211155,0.07358491
S2,R1,100,120,20,131,0.04959908,0.01905078,0.17830189,0.09622642,0.0305483,0.08207547
S2,R1,100,125,25,131,0.0614414,0.02574466,0.21981132,0.11949686,0.03569674,0.10031447
S2,R1,100,105,5,132,0.006434,0.00209239,0.0490566,0.02641509,0.0043416,0.02264151
S2,R1,100,110,10,132,0.01826309,0.0065204,0.09528302,0.06981132,0.01174269,0.0254717
S2,R1,100,115,15,132,0.03468551,0.0136584,0.14528302,0.09150943,0.02102711,0.05377358
S2,R1,100,120,20,132,0.04561264,0.01905078,0.16226415,0.09622642,0.02656186,0.06603774
S2,R1,100,125,25,132,0.05994835,0.02574466,0.18113208,0.11949686,0.03420369,0.06163522
S2,R1,100,105,5,133,0.00580629,0.00209239,0.06132075,0.02641509,0.0037139,0.03490566
S2,R1,100,110,10,133,0.01973755,0.0065204,0.1,0.06981132,0.01321715,0.03018868
S2,R1,100,115,15,133,0.03741299,0.0136584,0.17075472,0.09150943,0.02375459,0.07924528
S2,R1,100,120,20,133,0.05490616,0.01905078,0.19716981,0.09622642,0.03585538,0.1009434
S2,R1,100,125,25,133,0.06837201,0.02574466,0.23396226,0.11949686,0.04262734,0.11446541
S2,R1,100,105,5,134,0.00698676,0.00209239,0.04716981,0.02641509,0.00489437,0.02075472
S2,R1,100,110,10,134,0.02050745,0.0065204,0.0990566,0.06981132,0.01398705,0.02924528
S2,R1,100,115,15,134,0.03197084,0.0136584,0.12735849,0.09150943,0.01831244,0.03584906
S2,R1,100,120,20,134,0.04737332,0.01905078,0.16132075,0.09622642,0.02832254,0.06509434
S2,R1,100,125,25,134,0.05862932,0.02574466,0.2,0.11949686,0.03288466,0.08050314
S2,R1,100,105,5,135,0.00590196,0.00209239,0.03962264,0.02641509,0.00380956,0.01320755
S2,R1,100,110,10,135,0.02217397,0.0065204,0.08867925,0.06981132,0.01565357,0.01886792
S2,R1,100,115,15,135,0.0382419,0.0136584,0.15283019,0.09150943,0.0245835,0.06132075
S2,R1,100,120,20,135,0.0543855,0.01905078,0.19528302,0.09622642,0.03533472,0.0990566
S2,R1,100,125,25,135,0.07106176,0.02574466,0.22735849,0.11949686,0.0453171,0.10786164
S2,R1,100,105,5,136,0.00632684,0.00209239,0.0245283,0.02641509,0.00423445,0.00188679
S2,R1,100,110,10,136,0.02174865,0.0065204,0.10943396,0.06981132,0.01522825,0.03962264
S2,R1,100,115,15,136,0.0362234,0.0136584,0.16132075,0.09150943,0.022565,0.06981132
S2,R1,100,120,20,136,0.04862443,0.01905078,0.18773585,0.09622642,0.02957365,0.09150943
S2,R1,100,125,25,136,0.06127136,0.02574466,0.1990566,0.11949686,0.0355267,0.07955975
S2,R1,100,105,5,137,0.00694133,0.00209239,0.03396226,0.02641509,0.00484894,0.00754717
S2,R1,100,110,10,137,0.02193422,0.0065204,0.1009434,0.06981132,0.01541382,0.03113208
S2,R1,100,115,15,137,0.03696638,0.0136584,0.14811321,0.09150943,0.02330798,0.05660377
S2,R1,100,120,20,137,0.05079685,0.01905078,0.19245283,0.09622642,0.03174608,0.09622642
S2,R1,100,125,25,137,0.06563625,0.02574466,0.23396226,0.11949686,0.03989159,0.11446541
S2,R1,100,105,5,138,0.0060832,0.00209239,0.03584906,0.02641509,0.00399081,0.00943396
S2,R1,100,110,10,138,0.02300517,0.0065204,0.12169811,0.06981132,0.01648477,0.05188679
S2,R1,100,115,15,138,0.03560583,0.0136584,0.14245283,0.09150943,0.02194743,0.0509434
S2,R1,100,120,20,138,0.05212078,0.01905078,0.1745283,0.09622642,0.03307001,0.07830189
S2,R1,100,125,25,138,0.0653507,0.02574466,0.21037736,0.11949686,0.03960604,0.0908805
S2,R1,100,105,5,139,0.00645725,0.00209239,0.04622642,0.02641509,0.00436486,0.01981132
S2,R1,100,110,10,139,0.01855258,0.0065204,0.0990566,0.06981132,0.01203218,0.02924528
S2,R1,100,115,15,139,0.03504641,0.0136584,0.15754717,0.09150943,0.02138801,0.06603774
S2,R1,100,120,20,139,0.0478213,0.01905078,0.19245283,0.09622642,0.02877052,0.09622642
S2,R1,100,125,25,139,0.05728054,0.02574466,0.23301887,0.11949686,0.03153588,0.11352201
S2,R1,100,105,5,140,0.0060187,0.00209239,0.05377358,0.02641509,0.0039263,0.02735849
S2,R1,100,110,10,140,0.01745821,0.0065204,0.0745283,0.06981132,0.01093781,0.00471698
S2,R1,100,115,15,140,0.02961423,0.0136584,0.12169811,0.09150943,0.01595582,0.03018868
S2,R1,100,120,20,140,0.04491103,0.01905078,0.17641509,0.09622642,0.02586025,0.08018868
S2,R1,100,125,25,140,0.06005153,0.02574466,0.23301887,0.11949686,0.03430687,0.11352201
S2,R1,100,105,5,141,0.0061409,0.00209239,0.05188679,0.02641509,0.00404851,0.0254717
S2,R1,100,110,10,141,0.01949187,0.0065204,0.09622642,0.06981132,0.01297147,0.02641509
S2,R1,100,115,15,141,0.03423151,0.0136584,0.15849057,0.09150943,0.02057311,0.06698113
S2,R1,100,120,20,141,0.04602693,0.01905078,0.17924528,0.09622642,0.02697615,0.08301887
S2,R1,100,125,25,141,0.06106771,0.02574466,0.21981132,0.11949686,0.03532304,0.10031447
S2,R1,100,105,5,142,0.00666763,0.00209239,0.03867925,0.02641509,0.00457523,0.01226415
S2,R1,100,110,10,142,0.01946922,0.0065204,0.09716981,0.06981132,0.01294882,0.02735849
S2,R1,100,115,15,142,0.03497855,0.0136584,0.14528302,0.09150943,0.02132015,0.05377358
S2,R1,100,120,20,142,0.05066733,0.01905078,0.19433962,0.09622642,0.03161655,0.09811321
S2,R1,100,125,25,142,0.05970991,0.02574466,0.21603774,0.11949686,0.03396525,0.09654088
S2,R1,100,105,5,143,0.00634409,0.00209239,0.05,0.02641509,0.0042517,0.02358491
S2,R1,100,110,10,143,0.02002939,0.0065204,0.08867925,0.06981132,0.01350899,0.01886792
S2,R1,100,115,15,143,0.03414666,0.0136584,0.11981132,0.09150943,0.02048826,0.02830189
S2,R1,100,120,20,143,0.05063148,0.01905078,0.18962264,0.09622642,0.0315807,0.09339623
S2,R1,100,125,25,143,0.06867759,0.02574466,0.21415094,0.11949686,0.04293293,0.09465409
S2,R1,100,105,5,144,0.00610623,0.00209239,0.06886792,0.02641509,0.00401384,0.04245283
S2,R1,100,110,10,144,0.0197767,0.0065204,0.10943396,0.06981132,0.0132563,0.03962264
S2,R1,100,115,15,144,0.03365129,0.0136584,0.12169811,0.09150943,0.01999289,0.03018868
S2,R1,100,120,20,144,0.04836454,0.01905078,0.18584906,0.09622642,0.02931377,0.08962264
S2,R1,100,125,25,144,0.06577089,0.02574466,0.24811321,0.11949686,0.04002623,0.12861635
S2,R1,100,105,5,145,0.00646969,0.00209239,0.05943396,0.02641509,0.00437729,0.03301887
S2,R1,100,110,10,145,0.01969454,0.0065204,0.09811321,0.06981132,0.01317414,0.02830189
S2,R1,100,115,15,145,0.03333352,0.0136584,0.11603774,0.09150943,0.01967512,0.0245283
S2,R1,100,120,20,145,0.04580823,0.01905078,0.14339623,0.09622642,0.02675746,0.04716981
S2,R1,100,125,25,145,0.05976098,0.02574466,0.19716981,0.11949686,0.03401632,0.07767296
S2,R1,100,105,5,146,0.00599128,0.00209239,0.04339623,0.02641509,0.00389889,0.01698113
S2,R1,100,110,10,146,0.02070073,0.0065204,0.10754717,0.06981132,0.01418033,0.03773585
S2,R1,100,115,15,146,0.0366464,0.0136584,0.14056604,0.09150943,0.022988,0.0490566
S2,R1,100,120,20,146,0.05019627,0.01905078,0.2,0.09622642,0.0311455,0.10377358
S2,R1,100,125,25,146,0.06366108,0.02574466,0.23113208,0.11949686,0.03791642,0.11163522
S2,R1,100,105,5,147,0.00607379,0.00209239,0.04339623,0.02641509,0.0039814,0.01698113
S2,R1,100,110,10,147,0.0213585,0.0065204,0.11132075,0.06981132,0.01483809,0.04150943
S2,R1,100,115,15,147,0.03349948,0.0136584,0.14716981,0.09150943,0.01984108,0.05566038
S2,R1,100,120,20,147,0.04466644,0.01905078,0.19056604,0.09622642,0.02561567,0.09433962
S2,R1,100,125,25,147,0.05980059,0.02574466,0.21886792,0.11949686,0.03405592,0.09937107
S2,R1,100,105,5,148,0.00594012,0.00209239,0.03679245,0.02641509,0.00384773,0.01037736
S2,R1,100,110,10,148,0.02249917,0.0065204,0.11132075,0.06981132,0.01597877,0.04150943
S2,R1,100,115,15,148,0.03738122,0.0136584,0.16037736,0.09150943,0.02372282,0.06886792
S2,R1,100,120,20,148,0.05112435,0.01905078,0.19716981,0.09622642,0.03207357,0.1009434
S2,R1,100,125,25,148,0.06331513,0.02574466,0.24056604,0.11949686,0.03757047,0.12106918
S2,R1,100,105,5,149,0.00646667,0.00209239,0.04528302,0.02641509,0.00437428,0.01886792
S2,R1,100,110,10,149,0.01791909,0.0065204,0.08490566,0.06981132,0.01139869,0.01509434
S2,R1,100,115,15,149,0.03315638,0.0136584,0.14245283,0.09150943,0.01949798,0.0509434
S2,R1,100,120,20,149,0.04639292,0.01905078,0.16509434,0.09622642,0.02734215,0.06886792
S2,R1,100,125,25,149,0.06141706,0.02574466,0.21603774,0.11949686,0.0356724,0.09654088
S2,R1,100,105,5,150,0.00528466,0.00209239,0.04716981,0.02641509,0.00319226,0.02075472
S2,R1,100,110,10,150,0.01803873,0.0065204,0.10471698,0.06981132,0.01151833,0.03490566
S2,R1,100,115,15,150,0.03266369,0.0136584,0.14245283,0.09150943,0.01900529,0.0509434
S2,R1,100,120,20,150,0.0496683,0.01905078,0.18301887,0.09622642,0.03061753,0.08679245
S2,R1,100,125,25,150,0.06173622,0.02574466,0.23018868,0.11949686,0.03599156,0.11069182
S2,R1,100,105,5,151,0.00596831,0.00209239,0.03679245,0.02641509,0.00387592,0.01037736
S2,R1,100,110,10,151,0.01806433,0.0065204,0.08867925,0.06981132,0.01154393,0.01886792
S2,R1,100,115,15,151,0.0306082,0.0136584,0.1245283,0.09150943,0.0169498,0.03301887
S2,R1,100,120,20,151,0.04482868,0.01905078,0.15754717,0.09622642,0.02577791,0.06132075
S2,R1,100,125,25,151,0.05440491,0.02574466,0.18773585,0.11949686,0.02866025,0.06823899
S2,R1,100,105,5,152,0.00622726,0.00209239,0.04716981,0.02641509,0.00413487,0.02075472
S2,R1,100,110,10,152,0.01955313,0.0065204,0.08773585,0.06981132,0.01303273,0.01792453
S2,R1,100,115,15,152,0.03375346,0.0136584,0.14622642,0.09150943,0.02009506,0.05471698
S2,R1,100,120,20,152,0.0501828,0.01905078,0.18113208,0.09622642,0.03113203,0.08490566
S2,R1,100,125,25,152,0.06582206,0.02574466,0.19716981,0.11949686,0.0400774,0.07767296
S2,R1,100,105,5,153,0.00669345,0.00209239,0.0490566,0.02641509,0.00460106,0.02264151
S2,R1,100,110,10,153,0.02110152,0.0065204,0.11981132,0.06981132,0.01458112,0.05
S2,R1,100,115,15,153,0.03789393,0.0136584,0.16792453,0.09150943,0.02423553,0.07641509
S2,R1,100,120,20,153,0.05572291,0.01905078,0.20566038,0.09622642,0.03667213,0.10943396
S2,R1,100,125,25,153,0.07037802,0.02574466,0.23207547,0.11949686,0.04463336,0.11257862
S2,R1,100,105,5,154,0.00608833,0.00209239,0.03113208,0.02641509,0.00399594,0.00471698
S2,R1,100,110,10,154,0.02212374,0.0065204,0.10283019,0.06981132,0.01560334,0.03301887
S2,R1,100,115,15,154,0.03627815,0.0136584,0.14433962,0.09150943,0.02261975,0.05283019
S2,R1,100,120,20,154,0.05168607,0.01905078,0.20849057,0.09622642,0.0326353,0.11226415
S2,R1,100,125,25,154,0.06670744,0.02574466,0.2490566,0.11949686,0.04096277,0.12955975
S2,R1,100,105,5,155,0.0058237,0.00209239,0.04150943,0.02641509,0.00373131,0.01509434
S2,R1,100,110,10,155,0.01747059,0.0065204,0.08867925,0.06981132,0.01095019,0.01886792
S2,R1,100,115,15,155,0.02944173,0.0136584,0.12735849,0.09150943,0.01578333,0.03584906
S2,R1,100,120,20,155,0.04346755,0.01905078,0.17358491,0.09622642,0.02441677,0.07735849
S2,R1,100,125,25,155,0.05622008,0.02574466,0.21981132,0.11949686,0.03047542,0.10031447
S2,R1,100,105,5,156,0.0066648,0.00209239,0.04150943,0.02641509,0.00457241,0.01509434
S2,R1,100,110,10,156,0.02122229,0.0065204,0.09811321,0.06981132,0.01470189,0.02830189
S2,R1,100,115,15,156,0.03715969,0.0136584,0.13207547,0.09150943,0.02350129,0.04056604
S2,R1,100,120,20,156,0.0492442,0.01905078,0.18018868,0.09622642,0.03019342,0.08396226
S2,R1,100,125,25,156,0.06534168,0.02574466,0.21698113,0.11949686,0.03959702,0.09748428
S2,R1,100,105,5,157,0.00632599,0.00209239,0.03773585,0.02641509,0.00423359,0.01132075
S2,R1,100,110,10,157,0.02240948,0.0065204,0.12641509,0.06981132,0.01588908,0.05660377
S2,R1,100,115,15,157,0.03985873,0.0136584,0.17264151,0.09150943,0.02620033,0.08113208
S2,R1,100,120,20,157,0.05703364,0.01905078,0.21603774,0.09622642,0.03798286,0.11981132
S2,R1,100,125,25,157,0.0666182,0.02574466,0.24339623,0.11949686,0.04087354,0.12389937
S2,R1,100,105,5,158,0.00608227,0.00209239,0.05283019,0.02641509,0.00398988,0.02641509
S2,R1,100,110,10,158,0.01924884,0.0065204,0.08396226,0.06981132,0.01272844,0.01415094
S2,R1,100,115,15,158,0.03686333,0.0136584,0.15188679,0.09150943,0.02320493,0.06037736
S2,R1,100,120,20,158,0.05209191,0.01905078,0.19811321,0.09622642,0.03304113,0.10188679
S2,R1,100,125,25,158,0.06089223,0.02574466,0.22735849,0.11949686,0.03514757,0.10786164
S2,R1,100,105,5,159,0.00569844,0.00209239,0.03962264,0.02641509,0.00360605,0.01320755
S2,R1,100,110,10,159,0.01886588,0.0065204,0.11886792,0.06981132,0.01234548,0.0490566
S2,R1,100,115,15,159,0.03260882,0.0136584,0.1745283,0.09150943,0.01895042,0.08301887
S2,R1,100,120,20,159,0.04302481,0.01905078,0.21132075,0.09622642,0.02397404,0.11509434
S2,R1,100,125,25,159,0.05398568,0.02574466,0.20660377,0.11949686,0.02824102,0.08710692
S2,R1,100,105,5,160,0.00605496,0.00209239,0.04339623,0.02641509,0.00396257,0.01698113
S2,R1,100,110,10,160,0.02222297,0.0065204,0.11698113,0.06981132,0.01570257,0.04716981
S2,R1,100,115,15,160,0.03369116,0.0136584,0.13962264,0.09150943,0.02003276,0.04811321
S2,R1,100,120,20,160,0.04732945,0.01905078,0.16981132,0.09622642,0.02827868,0.07358491
S2,R1,100,125,25,160,0.05833847,0.02574466,0.20283019,0.11949686,0.0325938,0.08333333
S2,R1,100,105,5,161,0.00752548,0.00209239,0.05566038,0.02641509,0.00543309,0.02924528
S2,R1,100,110,10,161,0.0212001,0.0065204,0.09528302,0.06981132,0.0146797,0.0254717
S2,R1,100,115,15,161,0.03737225,0.0136584,0.13867925,0.09150943,0.02371385,0.04716981
S2,R1,100,120,20,161,0.05201988,0.01905078,0.18867925,0.09622642,0.03296911,0.09245283
S2,R1,100,125,25,161,0.06340747,0.02574466,0.22641509,0.11949686,0.03766281,0.10691824
S2,R1,100,105,5,162,0.00584082,0.00209239,0.03490566,0.02641509,0.00374842,0.00849057
S2,R1,100,110,10,162,0.01966689,0.0065204,0.08773585,0.06981132,0.01314649,0.01792453
S2,R1,100,115,15,162,0.03405444,0.0136584,0.14056604,0.09150943,0.02039604,0.0490566
S2,R1,100,120,20,162,0.04906411,0.01905078,0.17264151,0.09622642,0.03001333,0.07641509
S2,R1,100,125,25,162,0.05994235,0.02574466,0.20849057,0.11949686,0.03419768,0.08899371
S2,R1,100,105,5,163,0.00603971,0.00209239,0.03773585,0.02641509,0.00394732,0.01132075
S2,R1,100,110,10,163,0.0218442,0.0065204,0.10283019,0.06981132,0.0153238,0.03301887
S2,R1,100,115,15,163,0.03647202,0.0136584,0.15471698,0.09150943,0.02281362,0.06320755
S2,R1,100,120,20,163,0.05411583,0.01905078,0.22075472,0.09622642,0.03506505,0.1245283
S2,R1,100,125,25,163,0.06897536,0.02574466,0.23867925,0.11949686,0.0432307,0.11918239
S2,R1,100,105,5,164,0.00564021,0.00209239,0.03018868,0.02641509,0.00354782,0.00377358
S2,R1,100,110,10,164,0.01993476,0.0065204,0.11226415,0.06981132,0.01341436,0.04245283
S2,R1,100,115,15,164,0.03715808,0.0136584,0.16792453,0.09150943,0.02349968,0.07641509
S2,R1,100,120,20,164,0.05118953,0.01905078,0.21981132,0.09622642,0.03213876,0.12358491
S2,R1,100,125,25,164,0.06011055,0.02574466,0.22924528,0.11949686,0.03436589,0.10974843
S2,R1,100,105,5,165,0.0067816,0.00209239,0.05660377,0.02641509,0.00468921,0.03018868
S2,R1,100,110,10,165,0.02058285,0.0065204,0.09056604,0.06981132,0.01406245,0.02075472
S2,R1,100,115,15,165,0.03655638,0.0136584,0.15377358,0.09150943,0.02289798,0.06226415
S2,R1,100,120,20,165,0.04987193,0.01905078,0.1754717,0.09622642,0.03082115,0.07924528
S2,R1,100,125,25,165,0.06344666,0.02574466,0.2,0.11949686,0.037702,0.08050314
S2,R1,100,105,5,166,0.00622303,0.00209239,0.03962264,0.02641509,0.00413064,0.01320755
S2,R1,100,110,10,166,0.01983544,0.0065204,0.08396226,0.06981132,0.01331504,0.01415094
S2,R1,100,115,15,166,0.03183861,0.0136584,0.13962264,0.09150943,0.01818021,0.04811321
S2,R1,100,120,20,166,0.04440303,0.01905078,0.15566038,0.09622642,0.02535225,0.05943396
S2,R1,100,125,25,166,0.05413572,0.02574466,0.17264151,0.11949686,0.02839106,0.05314465
S2,R1,100,105,5,167,0.00621639,0.00209239,0.05849057,0.02641509,0.00412399,0.03207547
S2,R1,100,110,10,167,0.01854792,0.0065204,0.10754717,0.06981132,0.01202751,0.03773585
S2,R1,100,115,15,167,0.03329931,0.0136584,0.15566038,0.09150943,0.01964091,0.06415094
S2,R1,100,120,20,167,0.04696302,0.01905078,0.18113208,0.09622642,0.02791225,0.08490566
S2,R1,100,125,25,167,0.06265116,0.02574466,0.23773585,0.11949686,0.0369065,0.11823899
S2,R1,100,105,5,168,0.00541724,0.00209239,0.03773585,0.02641509,0.00332484,0.01132075
S2,R1,100,110,10,168,0.01944437,0.0065204,0.10754717,0.06981132,0.01292397,0.03773585
S2,R1,100,115,15,168,0.03206296,0.0136584,0.14811321,0.09150943,0.01840456,0.05660377
S2,R1,100,120,20,168,0.04530953,0.01905078,0.16415094,0.09622642,0.02625876,0.06792453
S2,R1,100,125,25,168,0.05698917,0.02574466,0.18584906,0.11949686,0.03124451,0.0663522
S2,R1,100,105,5,169,0.00648637,0.00209239,0.05283019,0.02641509,0.00439397,0.02641509
S2,R1,100,110,10,169,0.02178997,0.0065204,0.11226415,0.06981132,0.01526957,0.04245283
S2,R1,100,115,15,169,0.03823375,0.0136584,0.14716981,0.09150943,0.02457535,0.05566038
S2,R1,100,120,20,169,0.05106935,0.01905078,0.18490566,0.09622642,0.03201857,0.08867925
S2,R1,100,125,25,169,0.05859861,0.02574466,0.18962264,0.11949686,0.03285395,0.07012579
S2,R1,100,105,5,170,0.00629236,0.00209239,0.04433962,0.02641509,0.00419997,0.01792453
S2,R1,100,110,10,170,0.02141895,0.0065204,0.10849057,0.06981132,0.01489855,0.03867925
S2,R1,100,115,15,170,0.03774675,0.0136584,0.15849057,0.09150943,0.02408835,0.06698113
S2,R1,100,120,20,170,0.05489894,0.01905078,0.20943396,0.09622642,0.03584816,0.11320755
S2,R1,100,125,25,170,0.07151118,0.02574466,0.2509434,0.11949686,0.04576651,0.13144654
S2,R1,100,105,5,171,0.00600064,0.00209239,0.04622642,0.02641509,0.00390825,0.01981132
S2,R1,100,110,10,171,0.01953222,0.0065204,0.11037736,0.06981132,0.01301182,0.04056604
S2,R1,100,115,15,171,0.03235271,0.0136584,0.13301887,0.09150943,0.0186943,0.04150943
S2,R1,100,120,20,171,0.04538768,0.01905078,0.16132075,0.09622642,0.0263369,0.06509434
S2,R1,100,125,25,171,0.05804126,0.02574466,0.20283019,0.11949686,0.0322966,0.08333333
S2,R1,100,105,5,172,0.00540225,0.00209239,0.03962264,0.02641509,0.00330985,0.01320755
S2,R1,100,110,10,172,0.01955694,0.0065204,0.0990566,0.06981132,0.01303654,0.02924528
S2,R1,100,115,15,172,0.03340563,0.0136584,0.14339623,0.09150943,0.01974723,0.05188679
S2,R1,100,120,20,172,0.04614321,0.01905078,0.16603774,0.09622642,0.02709243,0.06981132
S2,R1,100,125,25,172,0.05973907,0.02574466,0.20377358,0.11949686,0.03399441,0.08427673
S2,R1,100,105,5,173,0.00661293,0.00209239,0.04716981,0.02641509,0.00452053,0.02075472
S2,R1,100,110,10,173,0.02061972,0.0065204,0.09245283,0.06981132,0.01409932,0.02264151
S2,R1,100,115,15,173,0.03434349,0.0136584,0.13679245,0.09150943,0.02068509,0.04528302
S2,R1,100,120,20,173,0.04640152,0.01905078,0.16226415,0.09622642,0.02735074,0.06603774
S2,R1,100,125,25,173,0.05872114,0.02574466,0.22075472,0.11949686,0.03297648,0.10125786
S2,R1,100,105,5,174,0.00566529,0.00209239,0.04622642,0.02641509,0.00357289,0.01981132
S2,R1,100,110,10,174,0.01946181,0.0065204,0.08867925,0.06981132,0.01294141,0.01886792
S2,R1,100,115,15,174,0.03099554,0.0136584,0.13490566,0.09150943,0.01733714,0.04339623
S2,R1,100,120,20,174,0.04532493,0.01905078,0.17641509,0.09622642,0.02627415,0.08018868
S2,R1,100,125,25,174,0.05267788,0.02574466,0.17924528,0.11949686,0.02693322,0.05974843
S2,R1,100,105,5,175,0.00680192,0.00209239,0.04528302,0.02641509,0.00470953,0.01886792
S2,R1,100,110,10,175,0.02154191,0.0065204,0.09528302,0.06981132,0.01502151,0.0254717
S2,R1,100,115,15,175,0.03642956,0.0136584,0.14245283,0.09150943,0.02277116,0.0509434
S2,R1,100,120,20,175,0.05159405,0.01905078,0.16698113,0.09622642,0.03254328,0.07075472
S2,R1,100,125,25,175,0.06944453,0.02574466,0.22924528,0.11949686,0.04369986,0.10974843
S2,R1,100,105,5,176,0.00603603,0.00209239,0.03207547,0.02641509,0.00394363,0.00566038
S2,R1,100,110,10,176,0.01812771,0.0065204,0.08679245,0.06981132,0.01160731,0.01698113
S2,R1,100,115,15,176,0.03335042,0.0136584,0.15471698,0.09150943,0.01969202,0.06320755
S2,R1,100,120,20,176,0.04687868,0.01905078,0.18207547,0.09622642,0.0278279,0.08584906
S2,R1,100,125,25,176,0.06098992,0.02574466,0.23962264,0.11949686,0.03524525,0.12012579
S2,R1,100,105,5,177,0.00676736,0.00209239,0.04528302,0.02641509,0.00467497,0.01886792
S2,R1,100,110,10,177,0.02015559,0.0065204,0.09528302,0.06981132,0.01363519,0.0254717
S2,R1,100,115,15,177,0.03362153,0.0136584,0.13679245,0.09150943,0.01996313,0.04528302
S2,R1,100,120,20,177,0.04698214,0.01905078,0.15283019,0.09622642,0.02793136,0.05660377
S2,R1,100,125,25,177,0.06304219,0.02574466,0.19245283,0.11949686,0.03729753,0.07295597
S2,R1,100,105,5,178,0.00625747,0.00209239,0.05283019,0.02641509,0.00416508,0.02641509
S2,R1,100,110,10,178,0.02014848,0.0065204,0.09811321,0.06981132,0.01362808,0.02830189
S2,R1,100,115,15,178,0.03695792,0.0136584,0.16698113,0.09150943,0.02329952,0.0754717
S2,R1,100,120,20,178,0.05208575,0.01905078,0.19339623,0.09622642,0.03303498,0.09716981
S2,R1,100,125,25,178,0.06478047,0.02574466,0.23773585,0.11949686,0.03903581,0.11823899
S2,R1,100,105,5,179,0.006293,0.00209239,0.03962264,0.02641509,0.0042006,0.01320755
S2,R1,100,110,10,179,0.02048872,0.0065204,0.11037736,0.06981132,0.01396832,0.04056604
S2,R1,100,115,15,179,0.03565657,0.0136584,0.13018868,0.09150943,0.02199817,0.03867925
S2,R1,100,120,20,179,0.05102484,0.01905078,0.16981132,0.09622642,0.03197407,0.07358491
S2,R1,100,125,25,179,0.06628269,0.02574466,0.21981132,0.11949686,0.04053802,0.10031447
S2,R1,100,105,5,180,0.00584432,0.00209239,0.04339623,0.02641509,0.00375192,0.01698113
S2,R1,100,110,10,180,0.02086649,0.0065204,0.10660377,0.06981132,0.01434609,0.03679245
S2,R1,100,115,15,180,0.03482598,0.0136584,0.13867925,0.09150943,0.02116758,0.04716981
S2,R1,100,120,20,180,0.05020973,0.01905078,0.2,0.09622642,0.03115895,0.10377358
S2,R1,100,125,25,180,0.06715516,0.02574466,0.22264151,0.11949686,0.0414105,0.10314465
S2,R1,100,105,5,181,0.00616523,0.00209239,0.05,0.02641509,0.00407283,0.02358491
S2,R1,100,110,10,181,0.01889057,0.0065204,0.09245283,0.06981132,0.01237017,0.02264151
S2,R1,100,115,15,181,0.03496543,0.0136584,0.14528302,0.09150943,0.02130703,0.05377358
S2,R1,100,120,20,181,0.04641519,0.01905078,0.17075472,0.09622642,0.02736441,0.0745283
S2,R1,100,125,25,181,0.06254965,0.02574466,0.23207547,0.11949686,0.03680499,0.11257862
S2,R1,100,105,5,182,0.00666375,0.00209239,0.04339623,0.02641509,0.00457136,0.01698113
S2,R1,100,110,10,182,0.02288008,0.0065204,0.12169811,0.06981132,0.01635968,0.05188679
S2,R1,100,115,15,182,0.03895896,0.0136584,0.16037736,0.09150943,0.02530056,0.06886792
S2,R1,100,120,20,182,0.05723431,0.01905078,0.21792453,0.09622642,0.03818353,0.12169811
S2,R1,100,125,25,182,0.07225119,0.02574466,0.25377358,0.11949686,0.04650653,0.13427673
S2,R1,100,105,5,183,0.00712361,0.00209239,0.03301887,0.02641509,0.00503122,0.00660377
S2,R1,100,110,10,183,0.01947041,0.0065204,0.09433962,0.06981132,0.01295001,0.0245283
S2,R1,100,115,15,183,0.03497695,0.0136584,0.1509434,0.09150943,0.02131855,0.05943396
S2,R1,100,120,20,183,0.05043437,0.01905078,0.20377358,0.09622642,0.0313836,0.10754717
S2,R1,100,125,25,183,0.06423382,0.02574466,0.24056604,0.11949686,0.03848916,0.12106918
S2,R1,100,105,5,184,0.00675734,0.00209239,0.07169811,0.02641509,0.00466495,0.04528302
S2,R1,100,110,10,184,0.02105692,0.0065204,0.12169811,0.06981132,0.01453652,0.05188679
S2,R1,100,115,15,184,0.03689243,0.0136584,0.16320755,0.09150943,0.02323403,0.07169811
S2,R1,100,120,20,184,0.05004155,0.01905078,0.18301887,0.09622642,0.03099078,0.08679245
S2,R1,100,125,25,184,0.06074009,0.02574466,0.21037736,0.11949686,0.03499543,0.0908805
S2,R1,100,105,5,185,0.00574658,0.00209239,0.04716981,0.02641509,0.00365418,0.02075472
S2,R1,100,110,10,185,0.01955633,0.0065204,0.08962264,0.06981132,0.01303592,0.01981132
S2,R1,100,115,15,185,0.03163556,0.0136584,0.14150943,0.09150943,0.01797716,0.05
S2,R1,100,120,20,185,0.04537324,0.01905078,0.18396226,0.09622642,0.02632246,0.08773585
S2,R1,100,125,25,185,0.05920018,0.02574466,0.21320755,0.11949686,0.03345551,0.09371069
S2,R1,100,105,5,186,0.00676222,0.00209239,0.06226415,0.02641509,0.00466983,0.03584906
S2,R1,100,110,10,186,0.01942917,0.0065204,0.10283019,0.06981132,0.01290877,0.03301887
S2,R1,100,115,15,186,0.03696247,0.0136584,0.17641509,0.09150943,0.02330407,0.08490566
S2,R1,100,120,20,186,0.05130714,0.01905078,0.20849057,0.09622642,0.03225636,0.11226415
S2,R1,100,125,25,186,0.06136707,0.02574466,0.22169811,0.11949686,0.03562241,0.10220126
S2,R1,100,105,5,187,0.00661772,0.00209239,0.0509434,0.02641509,0.00452532,0.0245283
S2,R1,100,110,10,187,0.01862561,0.0065204,0.10188679,0.06981132,0.01210521,0.03207547
S2,R1,100,115,15,187,0.0321595,0.0136584,0.15471698,0.09150943,0.0185011,0.06320755
S2,R1,100,120,20,187,0.04640746,0.01905078,0.1990566,0.09622642,0.02735668,0.10283019
S2,R1,100,125,25,187,0.05996548,0.02574466,0.24528302,0.11949686,0.03422082,0.12578616
S2,R1,100,105,5,188,0.00686775,0.00209239,0.06037736,0.02641509,0.00477535,0.03396226
S2,R1,100,110,10,188,0.02226366,0.0065204,0.11415094,0.06981132,0.01574326,0.04433962
S2,R1,100,115,15,188,0.03695633,0.0136584,0.12924528,0.09150943,0.02329793,0.03773585
S2,R1,100,120,20,188,0.05535209,0.01905078,0.2,0.09622642,0.03630132,0.10377358
S2,R1,100,125,25,188,0.06623008,0.02574466,0.21886792,0.11949686,0.04048542,0.09937107
S2,R1,100,105,5,189,0.00623199,0.00209239,0.03962264,0.02641509,0.00413959,0.01320755
S2,R1,100,110,10,189,0.02004687,0.0065204,0.08679245,0.06981132,0.01352647,0.01698113
S2,R1,100,115,15,189,0.03378735,0.0136584,0.14339623,0.09150943,0.02012895,0.05188679
S2,R1,100,120,20,189,0.0489175,0.01905078,0.18301887,0.09622642,0.02986672,0.08679245
S2,R1,100,125,25,189,0.06122798,0.02574466,0.20377358,0.11949686,0.03548332,0.08427673
S2,R1,100,105,5,190,0.00629706,0.00209239,0.03679245,0.02641509,0.00420466,0.01037736
S2,R1,100,110,10,190,0.02115272,0.0065204,0.11037736,0.06981132,0.01463232,0.04056604
S2,R1,100,115,15,190,0.03853282,0.0136584,0.16792453,0.09150943,0.02487442,0.07641509
S2,R1,100,120,20,190,0.05219012,0.01905078,0.20943396,0.09622642,0.03313935,0.11320755
S2,R1,100,125,25,190,0.06582035,0.02574466,0.24339623,0.11949686,0.04007569,0.12389937
S2,R1,100,105,5,191,0.00584026,0.00209239,0.03584906,0.02641509,0.00374787,0.00943396
S2,R1,100,110,10,191,0.01927206,0.0065204,0.09245283,0.06981132,0.01275166,0.02264151
S2,R1,100,115,15,191,0.03180697,0.0136584,0.13962264,0.09150943,0.01814857,0.04811321
S2,R1,100,120,20,191,0.04729638,0.01905078,0.19811321,0.09622642,0.02824561,0.10188679
S2,R1,100,125,25,191,0.06001879,0.02574466,0.21037736,0.11949686,0.03427413,0.0908805
S2,R1,100,105,5,192,0.00580831,0.00209239,0.0509434,0.02641509,0.00371592,0.0245283
S2,R1,100,110,10,192,0.0220754,0.0065204,0.14150943,0.06981132,0.015555,0.07169811
S2,R1,100,115,15,192,0.03756369,0.0136584,0.14528302,0.09150943,0.02390529,0.05377358
S2,R1,100,120,20,192,0.04948802,0.01905078,0.18396226,0.09622642,0.03043724,0.08773585
S2,R1,100,125,25,192,0.06065568,0.02574466,0.20660377,0.11949686,0.03491101,0.08710692
S2,R1,100,105,5,193,0.0059817,0.00209239,0.03962264,0.02641509,0.0038893,0.01320755
S2,R1,100,110,10,193,0.01806436,0.0065204,0.07830189,0.06981132,0.01154396,0.00849057
S2,R1,100,115,15,193,0.03038047,0.0136584,0.11037736,0.09150943,0.01672207,0.01886792
S2,R1,100,120,20,193,0.04640662,0.01905078,0.19716981,0.09622642,0.02735585,0.1009434
S2,R1,100,125,25,193,0.06237474,0.02574466,0.24433962,0.11949686,0.03663008,0.12484277
S2,R1,100,105,5,194,0.00628852,0.00209239,0.04150943,0.02641509,0.00419612,0.01509434
S2,R1,100,110,10,194,0.02074852,0.0065204,0.11320755,0.06981132,0.01422812,0.04339623
S2,R1,100,115,15,194,0.03536639,0.0136584,0.15660377,0.09150943,0.02170799,0.06509434
S2,R1,100,120,20,194,0.049783,0.01905078,0.19339623,0.09622642,0.03073222,0.09716981
S2,R1,100,125,25,194,0.06733763,0.02574466,0.24716981,0.11949686,0.04159297,0.12767296
S2,R1,100,105,5,195,0.00655878,0.00209239,0.05849057,0.02641509,0.00446639,0.03207547
S2,R1,100,110,10,195,0.02216963,0.0065204,0.09716981,0.06981132,0.01564923,0.02735849
S2,R1,100,115,15,195,0.03731251,0.0136584,0.1490566,0.09150943,0.02365411,0.05754717
S2,R1,100,120,20,195,0.05480376,0.01905078,0.21226415,0.09622642,0.03575299,0.11603774
S2,R1,100,125,25,195,0.06376053,0.02574466,0.23490566,0.11949686,0.03801587,0.11540881
S2,R1,100,105,5,196,0.00605242,0.00209239,0.03490566,0.02641509,0.00396003,0.00849057
S2,R1,100,110,10,196,0.02249332,0.0065204,0.10754717,0.06981132,0.01597291,0.03773585
S2,R1,100,115,15,196,0.03862724,0.0136584,0.15471698,0.09150943,0.02496884,0.06320755
S2,R1,100,120,20,196,0.05108155,0.01905078,0.19056604,0.09622642,0.03203077,0.09433962
S2,R1,100,125,25,196,0.06489154,0.02574466,0.20849057,0.11949686,0.03914688,0.08899371
S2,R1,100,105,5,197,0.00585902,0.00209239,0.04245283,0.02641509,0.00376662,0.01603774
S2,R1,100,110,10,197,0.01792041,0.0065204,0.08584906,0.06981132,0.01140001,0.01603774
S2,R1,100,115,15,197,0.0328988,0.0136584,0.13584906,0.09150943,0.0192404,0.04433962
S2,R1,100,120,20,197,0.04882905,0.01905078,0.20943396,0.09622642,0.02977827,0.11320755
S2,R1,100,125,25,197,0.05936034,0.02574466,0.21792453,0.11949686,0.03361568,0.09842767
S2,R1,100,105,5,198,0.00655564,0.00209239,0.05566038,0.02641509,0.00446324,0.02924528
S2,R1,100,110,10,198,0.0187443,0.0065204,0.11320755,0.06981132,0.0122239,0.04339623
S2,R1,100,115,15,198,0.03386394,0.0136584,0.15566038,0.09150943,0.02020554,0.06415094
S2,R1,100,120,20,198,0.04794509,0.01905078,0.19056604,0.09622642,0.02889431,0.09433962
S2,R1,100,125,25,198,0.06372106,0.02574466,0.23584906,0.11949686,0.03797639,0.1163522
S2,R1,100,105,5,199,0.00733261,0.00209239,0.06320755,0.02641509,0.00524022,0.03679245
S2,R1,100,110,10,199,0.02313542,0.0065204,0.13301887,0.06981132,0.01661502,0.06320755
S2,R1,100,115,15,199,0.03788666,0.0136584,0.17169811,0.09150943,0.02422826,0.08018868
S2,R1,100,120,20,199,0.05006801,0.01905078,0.20943396,0.09622642,0.03101724,0.11320755
S2,R1,100,125,25,199,0.06489712,0.02574466,0.24716981,0.11949686,0.03915246,0.12767296
S2g,R1,100,105,5,0,0.00429157,0.00209239,0.0490566,0.02641509,0.00219917,0.02264151
S2g,R1,100,110,10,0,0.01584712,0.0065204,0.08962264,0.06981132,0.00932672,0.01981132
S2g,R1,100,115,15,0,0.0315775,0.0136584,0.1490566,0.09150943,0.0179191,0.05754717
S2g,R1,100,120,20,0,0.04482394,0.01905078,0.19433962,0.09622642,0.02577317,0.09811321
S2g,R1,100,125,25,0,0.05822634,0.02574466,0.21037736,0.11949686,0.03248168,0.0908805
S2g,R1,100,105,5,1,0.00434429,0.00209239,0.0509434,0.02641509,0.0022519,0.0245283
S2g,R1,100,110,10,1,0.0165493,0.0065204,0.08962264,0.06981132,0.0100289,0.01981132
S2g,R1,100,115,15,1,0.02637901,0.0136584,0.13113208,0.09150943,0.01272061,0.03962264
S2g,R1,100,120,20,1,0.03839807,0.01905078,0.16698113,0.09622642,0.0193473,0.07075472
S2g,R1,100,125,25,1,0.04919862,0.02574466,0.18018868,0.11949686,0.02345396,0.06069182
S2g,R1,100,105,5,2,0.00404752,0.00209239,0.04150943,0.02641509,0.00195513,0.01509434
S2g,R1,100,110,10,2,0.01594922,0.0065204,0.09528302,0.06981132,0.00942882,0.0254717
S2g,R1,100,115,15,2,0.03036252,0.0136584,0.12641509,0.09150943,0.01670412,0.03490566
S2g,R1,100,120,20,2,0.04690617,0.01905078,0.17924528,0.09622642,0.02785539,0.08301887
S2g,R1,100,125,25,2,0.05197781,0.02574466,0.19811321,0.11949686,0.02623314,0.07861635
S2g,R1,100,105,5,3,0.0042138,0.00209239,0.04056604,0.02641509,0.00212141,0.01415094
S2g,R1,100,110,10,3,0.01611391,0.0065204,0.09245283,0.06981132,0.00959351,0.02264151
S2g,R1,100,115,15,3,0.03032707,0.0136584,0.15188679,0.09150943,0.01666867,0.06037736
S2g,R1,100,120,20,3,0.04384543,0.01905078,0.18301887,0.09622642,0.02479465,0.08679245
S2g,R1,100,125,25,3,0.05491637,0.02574466,0.23490566,0.11949686,0.02917171,0.11540881
S2g,R1,100,105,5,4,0.00460307,0.00209239,0.04528302,0.02641509,0.00251068,0.01886792
S2g,R1,100,110,10,4,0.01994051,0.0065204,0.11886792,0.06981132,0.01342011,0.0490566
S2g,R1,100,115,15,4,0.03353419,0.0136584,0.16132075,0.09150943,0.01987579,0.06981132
S2g,R1,100,120,20,4,0.0462781,0.01905078,0.16698113,0.09622642,0.02722732,0.07075472
S2g,R1,100,125,25,4,0.06087667,0.02574466,0.23301887,0.11949686,0.03513201,0.11352201
S2g,R1,100,105,5,5,0.00501022,0.00209239,0.05754717,0.02641509,0.00291783,0.03113208
S2g,R1,100,110,10,5,0.01959945,0.0065204,0.10849057,0.06981132,0.01307905,0.03867925
S2g,R1,100,115,15,5,0.03117347,0.0136584,0.13962264,0.09150943,0.01751507,0.04811321
S2g,R1,100,120,20,5,0.04270197,0.01905078,0.18773585,0.09622642,0.02365119,0.09150943
S2g,R1,100,125,25,5,0.05089235,0.02574466,0.20943396,0.11949686,0.02514768,0.08993711
S2g,R1,100,105,5,6,0.00400968,0.00209239,0.04716981,0.02641509,0.00191729,0.02075472
S2g,R1,100,110,10,6,0.01852204,0.0065204,0.08679245,0.06981132,0.01200164,0.01698113
S2g,R1,100,115,15,6,0.03254182,0.0136584,0.13113208,0.09150943,0.01888342,0.03962264
S2g,R1,100,120,20,6,0.04841273,0.01905078,0.17924528,0.09622642,0.02936195,0.08301887
S2g,R1,100,125,25,6,0.05657986,0.02574466,0.20660377,0.11949686,0.0308352,0.08710692
S2g,R1,100,105,5,7,0.00489824,0.00209239,0.04433962,0.02641509,0.00280585,0.01792453
S2g,R1,100,110,10,7,0.01867048,0.0065204,0.13584906,0.06981132,0.01215008,0.06603774
S2g,R1,100,115,15,7,0.03393002,0.0136584,0.15566038,0.09150943,0.02027162,0.06415094
S2g,R1,100,120,20,7,0.04582168,0.01905078,0.18113208,0.09622642,0.0267709,0.08490566
S2g,R1,100,125,25,7,0.05881176,0.02574466,0.22830189,0.11949686,0.03306709,0.10880503
S2g,R1,100,105,5,8,0.00355783,0.00209239,0.03773585,0.02641509,0.00146543,0.01132075
S2g,R1,100,110,10,8,0.01589722,0.0065204,0.1,0.06981132,0.00937682,0.03018868
S2g,R1,100,115,15,8,0.03263049,0.0136584,0.12924528,0.09150943,0.01897209,0.03773585
S2g,R1,100,120,20,8,0.04626667,0.01905078,0.17264151,0.09622642,0.02721589,0.07641509
S2g,R1,100,125,25,8,0.05630737,0.02574466,0.18301887,0.11949686,0.03056271,0.06352201
S2g,R1,100,105,5,9,0.0042293,0.00209239,0.04150943,0.02641509,0.0021369,0.01509434
S2g,R1,100,110,10,9,0.01585624,0.0065204,0.09528302,0.06981132,0.00933584,0.0254717
S2g,R1,100,115,15,9,0.03095648,0.0136584,0.14811321,0.09150943,0.01729808,0.05660377
S2g,R1,100,120,20,9,0.04400374,0.01905078,0.18301887,0.09622642,0.02495297,0.08679245
S2g,R1,100,125,25,9,0.05813217,0.02574466,0.2254717,0.11949686,0.03238751,0.10597484
S2g,R1,100,105,5,10,0.00458311,0.00209239,0.04150943,0.02641509,0.00249071,0.01509434
S2g,R1,100,110,10,10,0.01902724,0.0065204,0.10471698,0.06981132,0.01250684,0.03490566
S2g,R1,100,115,15,10,0.03516268,0.0136584,0.15754717,0.09150943,0.02150428,0.06603774
S2g,R1,100,120,20,10,0.04601336,0.01905078,0.15377358,0.09622642,0.02696259,0.05754717
S2g,R1,100,125,25,10,0.05476741,0.02574466,0.19433962,0.11949686,0.02902275,0.07484277
S2g,R1,100,105,5,11,0.00408563,0.00209239,0.04433962,0.02641509,0.00199324,0.01792453
S2g,R1,100,110,10,11,0.01735274,0.0065204,0.12735849,0.06981132,0.01083234,0.05754717
S2g,R1,100,115,15,11,0.03035186,0.0136584,0.16132075,0.09150943,0.01669346,0.06981132
S2g,R1,100,120,20,11,0.04291908,0.01905078,0.22169811,0.09622642,0.0238683,0.1254717
S2g,R1,100,125,25,11,0.05331263,0.02574466,0.22358491,0.11949686,0.02756797,0.10408805
S2g,R1,100,105,5,12,0.0046674,0.00209239,0.03773585,0.02641509,0.00257501,0.01132075
S2g,R1,100,110,10,12,0.01760882,0.0065204,0.10283019,0.06981132,0.01108842,0.03301887
S2g,R1,100,115,15,12,0.03154029,0.0136584,0.14433962,0.09150943,0.01788189,0.05283019
S2g,R1,100,120,20,12,0.0462422,0.01905078,0.19528302,0.09622642,0.02719142,0.0990566
S2g,R1,100,125,25,12,0.05539991,0.02574466,0.2245283,0.11949686,0.02965524,0.10503145
S2g,R1,100,105,5,13,0.00506406,0.00209239,0.04339623,0.02641509,0.00297167,0.01698113
S2g,R1,100,110,10,13,0.0160394,0.0065204,0.10943396,0.06981132,0.009519,0.03962264
S2g,R1,100,115,15,13,0.03054079,0.0136584,0.15566038,0.09150943,0.01688239,0.06415094
S2g,R1,100,120,20,13,0.04461308,0.01905078,0.1990566,0.09622642,0.0255623,0.10283019
S2g,R1,100,125,25,13,0.05599896,0.02574466,0.22830189,0.11949686,0.0302543,0.10880503
S2g,R1,100,105,5,14,0.00414371,0.00209239,0.0490566,0.02641509,0.00205132,0.02264151
S2g,R1,100,110,10,14,0.0176753,0.0065204,0.09433962,0.06981132,0.0111549,0.0245283
S2g,R1,100,115,15,14,0.0319232,0.0136584,0.13679245,0.09150943,0.0182648,0.04528302
S2g,R1,100,120,20,14,0.04641948,0.01905078,0.18301887,0.09622642,0.0273687,0.08679245
S2g,R1,100,125,25,14,0.05894536,0.02574466,0.20471698,0.11949686,0.0332007,0.08522013
S2g,R1,100,105,5,15,0.00401684,0.00209239,0.03867925,0.02641509,0.00192445,0.01226415
S2g,R1,100,110,10,15,0.01654331,0.0065204,0.09528302,0.06981132,0.01002291,0.0254717
S2g,R1,100,115,15,15,0.02900197,0.0136584,0.13396226,0.09150943,0.01534357,0.04245283
S2g,R1,100,120,20,15,0.03834232,0.01905078,0.15471698,0.09622642,0.01929155,0.05849057
S2g,R1,100,125,25,15,0.05040145,0.02574466,0.17264151,0.11949686,0.02465679,0.05314465
S2g,R1,100,105,5,16,0.00463049,0.00209239,0.03962264,0.02641509,0.0025381,0.01320755
S2g,R1,100,110,10,16,0.01770321,0.0065204,0.10377358,0.06981132,0.01118281,0.03396226
S2g,R1,100,115,15,16,0.02985824,0.0136584,0.14245283,0.09150943,0.01619984,0.0509434
S2g,R1,100,120,20,16,0.04662999,0.01905078,0.1990566,0.09622642,0.02757921,0.10283019
S2g,R1,100,125,25,16,0.06434959,0.02574466,0.23490566,0.11949686,0.03860492,0.11540881
S2g,R1,100,105,5,17,0.0047894,0.00209239,0.04245283,0.02641509,0.002697,0.01603774
S2g,R1,100,110,10,17,0.02001625,0.0065204,0.10188679,0.06981132,0.01349585,0.03207547
S2g,R1,100,115,15,17,0.03395495,0.0136584,0.14811321,0.09150943,0.02029655,0.05660377
S2g,R1,100,120,20,17,0.0452471,0.01905078,0.17358491,0.09622642,0.02619632,0.07735849
S2g,R1,100,125,25,17,0.05813944,0.02574466,0.20377358,0.11949686,0.03239478,0.08427673
S2g,R1,100,105,5,18,0.00360466,0.00209239,0.03584906,0.02641509,0.00151227,0.00943396
S2g,R1,100,110,10,18,0.01598542,0.0065204,0.08584906,0.06981132,0.00946501,0.01603774
S2g,R1,100,115,15,18,0.03019218,0.0136584,0.1245283,0.09150943,0.01653378,0.03301887
S2g,R1,100,120,20,18,0.04377489,0.01905078,0.17075472,0.09622642,0.02472411,0.0745283
S2g,R1,100,125,25,18,0.05965557,0.02574466,0.20471698,0.11949686,0.0339109,0.08522013
S2g,R1,100,105,5,19,0.00402803,0.00209239,0.03207547,0.02641509,0.00193564,0.00566038
S2g,R1,100,110,10,19,0.01676293,0.0065204,0.10849057,0.06981132,0.01024253,0.03867925
S2g,R1,100,115,15,19,0.03055775,0.0136584,0.15471698,0.09150943,0.01689935,0.06320755
S2g,R1,100,120,20,19,0.04763121,0.01905078,0.21037736,0.09622642,0.02858043,0.11415094
S2g,R1,100,125,25,19,0.05909205,0.02574466,0.21792453,0.11949686,0.03334739,0.09842767
S2g,R1,100,105,5,20,0.00387554,0.00209239,0.03679245,0.02641509,0.00178315,0.01037736
S2g,R1,100,110,10,20,0.01820922,0.0065204,0.11509434,0.06981132,0.01168882,0.04528302
S2g,R1,100,115,15,20,0.03089889,0.0136584,0.14056604,0.09150943,0.01724049,0.0490566
S2g,R1,100,120,20,20,0.04423401,0.01905078,0.17924528,0.09622642,0.02518323,0.08301887
S2g,R1,100,125,25,20,0.052765,0.02574466,0.19433962,0.11949686,0.02702034,0.07484277
S2g,R1,100,105,5,21,0.00421682,0.00209239,0.03490566,0.02641509,0.00212442,0.00849057
S2g,R1,100,110,10,21,0.01744795,0.0065204,0.08962264,0.06981132,0.01092755,0.01981132
S2g,R1,100,115,15,21,0.0318024,0.0136584,0.14622642,0.09150943,0.01814399,0.05471698
S2g,R1,100,120,20,21,0.04635695,0.01905078,0.18018868,0.09622642,0.02730618,0.08396226
S2g,R1,100,125,25,21,0.06020557,0.02574466,0.20377358,0.11949686,0.0344609,0.08427673
S2g,R1,100,105,5,22,0.00405784,0.00209239,0.04150943,0.02641509,0.00196545,0.01509434
S2g,R1,100,110,10,22,0.01750315,0.0065204,0.10283019,0.06981132,0.01098275,0.03301887
S2g,R1,100,115,15,22,0.03131334,0.0136584,0.13962264,0.09150943,0.01765494,0.04811321
S2g,R1,100,120,20,22,0.04684112,0.01905078,0.17830189,0.09622642,0.02779034,0.08207547
S2g,R1,100,125,25,22,0.0583473,0.02574466,0.22924528,0.11949686,0.03260264,0.10974843
S2g,R1,100,105,5,23,0.00454747,0.00209239,0.03018868,0.02641509,0.00245507,0.00377358
S2g,R1,100,110,10,23,0.01674824,0.0065204,0.08490566,0.06981132,0.01022784,0.01509434
S2g,R1,100,115,15,23,0.02933912,0.0136584,0.13679245,0.09150943,0.01568072,0.04528302
S2g,R1,100,120,20,23,0.04636604,0.01905078,0.18396226,0.09622642,0.02731526,0.08773585
S2g,R1,100,125,25,23,0.06026985,0.02574466,0.22264151,0.11949686,0.03452518,0.10314465
S2g,R1,100,105,5,24,0.00411317,0.00209239,0.05188679,0.02641509,0.00202078,0.0254717
S2g,R1,100,110,10,24,0.01772063,0.0065204,0.11132075,0.06981132,0.01120023,0.04150943
S2g,R1,100,115,15,24,0.02919642,0.0136584,0.15188679,0.09150943,0.01553802,0.06037736
S2g,R1,100,120,20,24,0.04505546,0.01905078,0.1754717,0.09622642,0.02600468,0.07924528
S2g,R1,100,125,25,24,0.05454355,0.02574466,0.20754717,0.11949686,0.02879889,0.08805031
S2g,R1,100,105,5,25,0.00471226,0.00209239,0.04433962,0.02641509,0.00261986,0.01792453
S2g,R1,100,110,10,25,0.01756534,0.0065204,0.10377358,0.06981132,0.01104494,0.03396226
S2g,R1,100,115,15,25,0.03220357,0.0136584,0.16792453,0.09150943,0.01854517,0.07641509
S2g,R1,100,120,20,25,0.04400076,0.01905078,0.18018868,0.09622642,0.02494999,0.08396226
S2g,R1,100,125,25,25,0.05639333,0.02574466,0.22264151,0.11949686,0.03064866,0.10314465
S2g,R1,100,105,5,26,0.00401526,0.00209239,0.04622642,0.02641509,0.00192287,0.01981132
S2g,R1,100,110,10,26,0.01528736,0.0065204,0.08679245,0.06981132,0.00876696,0.01698113
S2g,R1,100,115,15,26,0.03073023,0.0136584,0.13490566,0.09150943,0.01707183,0.04339623
S2g,R1,100,120,20,26,0.04406261,0.01905078,0.18867925,0.09622642,0.02501184,0.09245283
S2g,R1,100,125,25,26,0.05285894,0.02574466,0.19245283,0.11949686,0.02711427,0.07295597
S2g,R1,100,105,5,27,0.00417876,0.00209239,0.04056604,0.02641509,0.00208637,0.01415094
S2g,R1,100,110,10,27,0.0181136,0.0065204,0.11320755,0.06981132,0.0115932,0.04339623
S2g,R1,100,115,15,27,0.03127565,0.0136584,0.15566038,0.09150943,0.01761725,0.06415094
S2g,R1,100,120,20,27,0.04629141,0.01905078,0.17924528,0.09622642,0.02724063,0.08301887
S2g,R1,100,125,25,27,0.06026331,0.02574466,0.20754717,0.11949686,0.03451865,0.08805031
S2g,R1,100,105,5,28,0.00415494,0.00209239,0.04433962,0.02641509,0.00206255,0.01792453
S2g,R1,100,110,10,28,0.01613829,0.0065204,0.08679245,0.06981132,0.00961789,0.01698113
S2g,R1,100,115,15,28,0.03090237,0.0136584,0.13679245,0.09150943,0.01724397,0.04528302
S2g,R1,100,120,20,28,0.0457496,0.01905078,0.18207547,0.09622642,0.02669883,0.08584906
S2g,R1,100,125,25,28,0.05878456,0.02574466,0.23207547,0.11949686,0.0330399,0.11257862
S2g,R1,100,105,5,29,0.00400491,0.00209239,0.03773585,0.02641509,0.00191252,0.01132075
S2g,R1,100,110,10,29,0.01814242,0.0065204,0.10849057,0.06981132,0.01162202,0.03867925
S2g,R1,100,115,15,29,0.03320558,0.0136584,0.16320755,0.09150943,0.01954718,0.07169811
S2g,R1,100,120,20,29,0.04433407,0.01905078,0.17358491,0.09622642,0.0252833,0.07735849
S2g,R1,100,125,25,29,0.05581982,0.02574466,0.20283019,0.11949686,0.03007516,0.08333333
S2g,R1,100,105,5,30,0.00365829,0.00209239,0.03584906,0.02641509,0.0015659,0.00943396
S2g,R1,100,110,10,30,0.01523565,0.0065204,0.08490566,0.06981132,0.00871525,0.01509434
S2g,R1,100,115,15,30,0.02802252,0.0136584,0.14150943,0.09150943,0.01436412,0.05
S2g,R1,100,120,20,30,0.03907426,0.01905078,0.16981132,0.09622642,0.02002349,0.07358491
S2g,R1,100,125,25,30,0.05045322,0.02574466,0.21226415,0.11949686,0.02470856,0.0927673
S2g,R1,100,105,5,31,0.00422293,0.00209239,0.03679245,0.02641509,0.00213054,0.01037736
S2g,R1,100,110,10,31,0.01632958,0.0065204,0.1009434,0.06981132,0.00980918,0.03113208
S2g,R1,100,115,15,31,0.03150769,0.0136584,0.15,0.09150943,0.01784929,0.05849057
S2g,R1,100,120,20,31,0.04704153,0.01905078,0.19245283,0.09622642,0.02799075,0.09622642
S2g,R1,100,125,25,31,0.05574925,0.02574466,0.2245283,0.11949686,0.03000459,0.10503145
S2g,R1,100,105,5,32,0.00473605,0.00209239,0.0490566,0.02641509,0.00264366,0.02264151
S2g,R1,100,110,10,32,0.01881451,0.0065204,0.08773585,0.06981132,0.01229411,0.01792453
S2g,R1,100,115,15,32,0.03345852,0.0136584,0.15377358,0.09150943,0.01980012,0.06226415
S2g,R1,100,120,20,32,0.04808177,0.01905078,0.1754717,0.09622642,0.02903099,0.07924528
S2g,R1,100,125,25,32,0.05706109,0.02574466,0.20660377,0.11949686,0.03131643,0.08710692
S2g,R1,100,105,5,33,0.00415855,0.00209239,0.03113208,0.02641509,0.00206616,0.00471698
S2g,R1,100,110,10,33,0.01905184,0.0065204,0.11886792,0.06981132,0.01253144,0.0490566
S2g,R1,100,115,15,33,0.03591134,0.0136584,0.15943396,0.09150943,0.02225294,0.06792453
S2g,R1,100,120,20,33,0.05222139,0.01905078,0.21698113,0.09622642,0.03317062,0.12075472
S2g,R1,100,125,25,33,0.06164892,0.02574466,0.21320755,0.11949686,0.03590426,0.09371069
S2g,R1,100,105,5,34,0.00438023,0.00209239,0.04339623,0.02641509,0.00228783,0.01698113
S2g,R1,100,110,10,34,0.01802048,0.0065204,0.1,0.06981132,0.01150008,0.03018868
S2g,R1,100,115,15,34,0.0340657,0.0136584,0.1509434,0.09150943,0.0204073,0.05943396
S2g,R1,100,120,20,34,0.04884891,0.01905078,0.18113208,0.09622642,0.02979813,0.08490566
S2g,R1,100,125,25,34,0.06126174,0.02574466,0.20377358,0.11949686,0.03551708,0.08427673
S2g,R1,100,105,5,35,0.00407504,0.00209239,0.04150943,0.02641509,0.00198264,0.01509434
S2g,R1,100,110,10,35,0.0164891,0.0065204,0.08396226,0.06981132,0.0099687,0.01415094
S2g,R1,100,115,15,35,0.02929619,0.0136584,0.14245283,0.09150943,0.01563779,0.0509434
S2g,R1,100,120,20,35,0.04168638,0.01905078,0.14339623,0.09622642,0.02263561,0.04716981
S2g,R1,100,125,25,35,0.05323893,0.02574466,0.18018868,0.11949686,0.02749427,0.06069182
S2g,R1,100,105,5,36,0.00493095,0.00209239,0.05943396,0.02641509,0.00283856,0.03301887
S2g,R1,100,110,10,36,0.01898906,0.0065204,0.11509434,0.06981132,0.01246866,0.04528302
S2g,R1,100,115,15,36,0.03279078,0.0136584,0.15660377,0.09150943,0.01913238,0.06509434
S2g,R1,100,120,20,36,0.0483882,0.01905078,0.19150943,0.09622642,0.02933742,0.09528302
S2g,R1,100,125,25,36,0.05738089,0.02574466,0.20754717,0.11949686,0.03163623,0.08805031
S2g,R1,100,105,5,37,0.00427809,0.00209239,0.04433962,0.02641509,0.0021857,0.01792453
S2g,R1,100,110,10,37,0.01532527,0.0065204,0.09433962,0.06981132,0.00880487,0.0245283
S2g,R1,100,115,15,37,0.02966617,0.0136584,0.1254717,0.09150943,0.01600777,0.03396226
S2g,R1,100,120,20,37,0.04239246,0.01905078,0.16037736,0.09622642,0.02334168,0.06415094
S2g,R1,100,125,25,37,0.05557454,0.02574466,0.22169811,0.11949686,0.02982988,0.10220126
S2g,R1,100,105,5,38,0.00423745,0.00209239,0.03113208,0.02641509,0.00214506,0.00471698
S2g,R1,100,110,10,38,0.0160596,0.0065204,0.10471698,0.06981132,0.00953919,0.03490566
S2g,R1,100,115,15,38,0.03207105,0.0136584,0.14622642,0.09150943,0.01841265,0.05471698
S2g,R1,100,120,20,38,0.04757011,0.01905078,0.19622642,0.09622642,0.02851934,0.1
S2g,R1,100,125,25,38,0.05847231,0.02574466,0.18867925,0.11949686,0.03272765,0.06918239
S2g,R1,100,105,5,39,0.0041098,0.00209239,0.04811321,0.02641509,0.0020174,0.02169811
S2g,R1,100,110,10,39,0.01474639,0.0065204,0.08113208,0.06981132,0.00822599,0.01132075
S2g,R1,100,115,15,39,0.02877183,0.0136584,0.13018868,0.09150943,0.01511343,0.03867925
S2g,R1,100,120,20,39,0.03962044,0.01905078,0.16037736,0.09622642,0.02056966,0.06415094
S2g,R1,100,125,25,39,0.05159475,0.02574466,0.18301887,0.11949686,0.02585008,0.06352201
S2g,R1,100,105,5,40,0.00459152,0.00209239,0.03962264,0.02641509,0.00249913,0.01320755
S2g,R1,100,110,10,40,0.01724264,0.0065204,0.11320755,0.06981132,0.01072224,0.04339623
S2g,R1,100,115,15,40,0.03110724,0.0136584,0.13679245,0.09150943,0.01744884,0.04528302
S2g,R1,100,120,20,40,0.04397487,0.01905078,0.16603774,0.09622642,0.0249241,0.06981132
S2g,R1,100,125,25,40,0.05490575,0.02574466,0.21981132,0.11949686,0.02916109,0.10031447
S2g,R1,100,105,5,41,0.00478191,0.00209239,0.04528302,0.02641509,0.00268951,0.01886792
S2g,R1,100,110,10,41,0.01635939,0.0065204,0.10283019,0.06981132,0.00983898,0.03301887
S2g,R1,100,115,15,41,0.03104434,0.0136584,0.15283019,0.09150943,0.01738594,0.06132075
S2g,R1,100,120,20,41,0.04749055,0.01905078,0.18679245,0.09622642,0.02843977,0.09056604
S2g,R1,100,125,25,41,0.056829,0.02574466,0.18773585,0.11949686,0.03108434,0.06823899
S2g,R1,100,105,5,42,0.00417009,0.00209239,0.04056604,0.02641509,0.0020777,0.01415094
S2g,R1,100,110,10,42,0.01682137,0.0065204,0.11981132,0.06981132,0.01030097,0.05
S2g,R1,100,115,15,42,0.02811874,0.0136584,0.13113208,0.09150943,0.01446034,0.03962264
S2g,R1,100,120,20,42,0.04364586,0.01905078,0.18018868,0.09622642,0.02459509,0.08396226
S2g,R1,100,125,25,42,0.05750019,0.02574466,0.21132075,0.11949686,0.03175553,0.0918239
S2g,R1,100,105,5,43,0.00455619,0.00209239,0.04056604,0.02641509,0.00246379,0.01415094
S2g,R1,100,110,10,43,0.01860035,0.0065204,0.09528302,0.06981132,0.01207995,0.0254717
S2g,R1,100,115,15,43,0.03347397,0.0136584,0.15849057,0.09150943,0.01981557,0.06698113
S2g,R1,100,120,20,43,0.05114483,0.01905078,0.18396226,0.09622642,0.03209406,0.08773585
S2g,R1,100,125,25,43,0.06154549,0.02574466,0.21981132,0.11949686,0.03580083,0.10031447
S2g,R1,100,105,5,44,0.00452333,0.00209239,0.0509434,0.02641509,0.00243093,0.0245283
S2g,R1,100,110,10,44,0.01726609,0.0065204,0.09150943,0.06981132,0.01074569,0.02169811
S2g,R1,100,115,15,44,0.03007872,0.0136584,0.15377358,0.09150943,0.01642032,0.06226415
S2g,R1,100,120,20,44,0.04123592,0.01905078,0.14528302,0.09622642,0.02218515,0.0490566
S2g,R1,100,125,25,44,0.05308337,0.02574466,0.21603774,0.11949686,0.02733871,0.09654088
S2g,R1,100,105,5,45,0.00394374,0.00209239,0.04622642,0.02641509,0.00185134,0.01981132
S2g,R1,100,110,10,45,0.01829593,0.0065204,0.08962264,0.06981132,0.01177553,0.01981132
S2g,R1,100,115,15,45,0.03108014,0.0136584,0.13396226,0.09150943,0.01742174,0.04245283
S2g,R1,100,120,20,45,0.04379549,0.01905078,0.15188679,0.09622642,0.02474472,0.05566038
S2g,R1,100,125,25,45,0.05307307,0.02574466,0.19245283,0.11949686,0.02732841,0.07295597
S2g,R1,100,105,5,46,0.0043729,0.00209239,0.03018868,0.02641509,0.0022805,0.00377358
S2g,R1,100,110,10,46,0.01746436,0.0065204,0.08584906,0.06981132,0.01094396,0.01603774
S2g,R1,100,115,15,46,0.02898195,0.0136584,0.13396226,0.09150943,0.01532355,0.04245283
S2g,R1,100,120,20,46,0.04265134,0.01905078,0.16698113,0.09622642,0.02360056,0.07075472
S2g,R1,100,125,25,46,0.05422634,0.02574466,0.21981132,0.11949686,0.02848168,0.10031447
S2g,R1,100,105,5,47,0.00403253,0.00209239,0.04433962,0.02641509,0.00194013,0.01792453
S2g,R1,100,110,10,47,0.01748784,0.0065204,0.08490566,0.06981132,0.01096744,0.01509434
S2g,R1,100,115,15,47,0.03041974,0.0136584,0.13679245,0.09150943,0.01676134,0.04528302
S2g,R1,100,120,20,47,0.04514971,0.01905078,0.16792453,0.09622642,0.02609893,0.07169811
S2g,R1,100,125,25,47,0.05632968,0.02574466,0.20566038,0.11949686,0.03058502,0.08616352
S2g,R1,100,105,5,48,0.00443197,0.00209239,0.04150943,0.02641509,0.00233958,0.01509434
S2g,R1,100,110,10,48,0.01846597,0.0065204,0.13018868,0.06981132,0.01194557,0.06037736
S2g,R1,100,115,15,48,0.03331106,0.0136584,0.18962264,0.09150943,0.01965266,0.09811321
S2g,R1,100,120,20,48,0.04688127,0.01905078,0.19811321,0.09622642,0.02783049,0.10188679
S2g,R1,100,125,25,48,0.0598644,0.02574466,0.20943396,0.11949686,0.03411973,0.08993711
S2g,R1,100,105,5,49,0.00409054,0.00209239,0.03490566,0.02641509,0.00199814,0.00849057
S2g,R1,100,110,10,49,0.01937739,0.0065204,0.10471698,0.06981132,0.01285699,0.03490566
S2g,R1,100,115,15,49,0.03347664,0.0136584,0.16037736,0.09150943,0.01981823,0.06886792
S2g,R1,100,120,20,49,0.04696423,0.01905078,0.19150943,0.09622642,0.02791345,0.09528302
S2g,R1,100,125,25,49,0.05836405,0.02574466,0.21320755,0.11949686,0.03261939,0.09371069
S2g,R1,100,105,5,50,0.00389129,0.00209239,0.04056604,0.02641509,0.0017989,0.01415094
S2g,R1,100,110,10,50,0.01623101,0.0065204,0.10660377,0.06981132,0.00971061,0.03679245
S2g,R1,100,115,15,50,0.02994634,0.0136584,0.15943396,0.09150943,0.01628794,0.06792453
S2g,R1,100,120,20,50,0.04856139,0.01905078,0.16698113,0.09622642,0.02951062,0.07075472
S2g,R1,100,125,25,50,0.06366039,0.02574466,0.21981132,0.11949686,0.03791573,0.10031447
S2g,R1,100,105,5,51,0.00415568,0.00209239,0.02830189,0.02641509,0.00206328,0.00188679
S2g,R1,100,110,10,51,0.01705157,0.0065204,0.10943396,0.06981132,0.01053117,0.03962264
S2g,R1,100,115,15,51,0.02985001,0.0136584,0.15377358,0.09150943,0.01619161,0.06226415
S2g,R1,100,120,20,51,0.04271362,0.01905078,0.20471698,0.09622642,0.02366285,0.10849057
S2g,R1,100,125,25,51,0.05044266,0.02574466,0.21415094,0.11949686,0.024698,0.09465409
S2g,R1,100,105,5,52,0.00369198,0.00209239,0.03584906,0.02641509,0.00159958,0.00943396
S2g,R1,100,110,10,52,0.01558274,0.0065204,0.08018868,0.06981132,0.00906234,0.01037736
S2g,R1,100,115,15,52,0.02734606,0.0136584,0.11886792,0.09150943,0.01368766,0.02735849
S2g,R1,100,120,20,52,0.03942764,0.01905078,0.15188679,0.09622642,0.02037686,0.05566038
S2g,R1,100,125,25,52,0.04724974,0.02574466,0.18679245,0.11949686,0.02150508,0.0672956
S2g,R1,100,105,5,53,0.00413794,0.00209239,0.04622642,0.02641509,0.00204554,0.01981132
S2g,R1,100,110,10,53,0.01538924,0.0065204,0.10188679,0.06981132,0.00886884,0.03207547
S2g,R1,100,115,15,53,0.02773433,0.0136584,0.14433962,0.09150943,0.01407593,0.05283019
S2g,R1,100,120,20,53,0.03969657,0.01905078,0.17169811,0.09622642,0.02064579,0.0754717
S2g,R1,100,125,25,53,0.04862094,0.02574466,0.19150943,0.11949686,0.02287628,0.07201258
S2g,R1,100,105,5,54,0.00442204,0.00209239,0.02830189,0.02641509,0.00232965,0.00188679
S2g,R1,100,110,10,54,0.01633316,0.0065204,0.09716981,0.06981132,0.00981276,0.02735849
S2g,R1,100,115,15,54,0.02987689,0.0136584,0.13773585,0.09150943,0.01621849,0.04622642
S2g,R1,100,120,20,54,0.04184804,0.01905078,0.16509434,0.09622642,0.02279727,0.06886792
S2g,R1,100,125,25,54,0.05407998,0.02574466,0.2245283,0.11949686,0.02833532,0.10503145
S2g,R1,100,105,5,55,0.00481668,0.00209239,0.0245283,0.02641509,0.00272429,0.00188679
S2g,R1,100,110,10,55,0.017079,0.0065204,0.07735849,0.06981132,0.0105586,0.00754717
S2g,R1,100,115,15,55,0.03003289,0.0136584,0.13396226,0.09150943,0.01637449,0.04245283
S2g,R1,100,120,20,55,0.04263705,0.01905078,0.16981132,0.09622642,0.02358627,0.07358491
S2g,R1,100,125,25,55,0.05188215,0.02574466,0.1990566,0.11949686,0.02613749,0.07955975
S2g,R1,100,105,5,56,0.0043167,0.00209239,0.03962264,0.02641509,0.00222431,0.01320755
S2g,R1,100,110,10,56,0.01742378,0.0065204,0.09339623,0.06981132,0.01090338,0.02358491
S2g,R1,100,115,15,56,0.03067134,0.0136584,0.14339623,0.09150943,0.01701294,0.05188679
S2g,R1,100,120,20,56,0.04454094,0.01905078,0.16886792,0.09622642,0.02549017,0.07264151
S2g,R1,100,125,25,56,0.05704297,0.02574466,0.22641509,0.11949686,0.03129831,0.10691824
S2g,R1,100,105,5,57,0.00422845,0.00209239,0.04716981,0.02641509,0.00213605,0.02075472
S2g,R1,100,110,10,57,0.01624495,0.0065204,0.09622642,0.06981132,0.00972455,0.02641509
S2g,R1,100,115,15,57,0.02917955,0.0136584,0.14056604,0.09150943,0.01552115,0.0490566
S2g,R1,100,120,20,57,0.03750356,0.01905078,0.16698113,0.09622642,0.01845278,0.07075472
S2g,R1,100,125,25,57,0.05158297,0.02574466,0.19811321,0.11949686,0.02583831,0.07861635
S2g,R1,100,105,5,58,0.00392462,0.00209239,0.03113208,0.02641509,0.00183222,0.00471698
S2g,R1,100,110,10,58,0.01574454,0.0065204,0.1009434,0.06981132,0.00922414,0.03113208
S2g,R1,100,115,15,58,0.03074103,0.0136584,0.1254717,0.09150943,0.01708263,0.03396226
S2g,R1,100,120,20,58,0.0468488,0.01905078,0.17924528,0.09622642,0.02779803,0.08301887
S2g,R1,100,125,25,58,0.06244183,0.02574466,0.23207547,0.11949686,0.03669717,0.11257862
S2g,R1,100,105,5,59,0.00435251,0.00209239,0.03207547,0.02641509,0.00226012,0.00566038
S2g,R1,100,110,10,59,0.0179262,0.0065204,0.09811321,0.06981132,0.0114058,0.02830189
S2g,R1,100,115,15,59,0.03293847,0.0136584,0.14811321,0.09150943,0.01928007,0.05660377
S2g,R1,100,120,20,59,0.04655204,0.01905078,0.20188679,0.09622642,0.02750126,0.10566038
S2g,R1,100,125,25,59,0.05945437,0.02574466,0.22924528,0.11949686,0.03370971,0.10974843
S2g,R1,100,105,5,60,0.00425454,0.00209239,0.03867925,0.02641509,0.00216215,0.01226415
S2g,R1,100,110,10,60,0.01701049,0.0065204,0.09339623,0.06981132,0.01049009,0.02358491
S2g,R1,100,115,15,60,0.03072687,0.0136584,0.13490566,0.09150943,0.01706847,0.04339623
S2g,R1,100,120,20,60,0.04310082,0.01905078,0.17264151,0.09622642,0.02405004,0.07641509
S2g,R1,100,125,25,60,0.05049715,0.02574466,0.18867925,0.11949686,0.02475249,0.06918239
S2g,R1,100,105,5,61,0.00403752,0.00209239,0.04811321,0.02641509,0.00194513,0.02169811
S2g,R1,100,110,10,61,0.01687222,0.0065204,0.09716981,0.06981132,0.01035182,0.02735849
S2g,R1,100,115,15,61,0.03040327,0.0136584,0.15,0.09150943,0.01674487,0.05849057
S2g,R1,100,120,20,61,0.04530025,0.01905078,0.19056604,0.09622642,0.02624948,0.09433962
S2g,R1,100,125,25,61,0.05724513,0.02574466,0.22358491,0.11949686,0.03150046,0.10408805
S2g,R1,100,105,5,62,0.00428039,0.00209239,0.04622642,0.02641509,0.002188,0.01981132
S2g,R1,100,110,10,62,0.01913938,0.0065204,0.10943396,0.06981132,0.01261898,0.03962264
S2g,R1,100,115,15,62,0.03417278,0.0136584,0.15660377,0.09150943,0.02051438,0.06509434
S2g,R1,100,120,20,62,0.04722492,0.01905078,0.17641509,0.09622642,0.02817414,0.08018868
S2g,R1,100,125,25,62,0.05968068,0.02574466,0.20754717,0.11949686,0.03393602,0.08805031
S2g,R1,100,105,5,63,0.00370941,0.00209239,0.05660377,0.02641509,0.00161702,0.03018868
S2g,R1,100,110,10,63,0.01729504,0.0065204,0.09716981,0.06981132,0.01077463,0.02735849
S2g,R1,100,115,15,63,0.03057132,0.0136584,0.13207547,0.09150943,0.01691292,0.04056604
S2g,R1,100,120,20,63,0.04289725,0.01905078,0.15943396,0.09622642,0.02384648,0.06320755
S2g,R1,100,125,25,63,0.05520496,0.02574466,0.20943396,0.11949686,0.0294603,0.08993711
S2g,R1,100,105,5,64,0.00344477,0.00209239,0.05,0.02641509,0.00135237,0.02358491
S2g,R1,100,110,10,64,0.01598005,0.0065204,0.07830189,0.06981132,0.00945965,0.00849057
S2g,R1,100,115,15,64,0.02920717,0.0136584,0.15,0.09150943,0.01554877,0.05849057
S2g,R1,100,120,20,64,0.04052946,0.01905078,0.15471698,0.09622642,0.02147868,0.05849057
S2g,R1,100,125,25,64,0.04751874,0.02574466,0.19150943,0.11949686,0.02177407,0.07201258
S2g,R1,100,105,5,65,0.00441511,0.00209239,0.04433962,0.02641509,0.00232271,0.01792453
S2g,R1,100,110,10,65,0.01841902,0.0065204,0.08113208,0.06981132,0.01189862,0.01132075
S2g,R1,100,115,15,65,0.03071548,0.0136584,0.13679245,0.09150943,0.01705708,0.04528302
S2g,R1,100,120,20,65,0.04548882,0.01905078,0.17264151,0.09622642,0.02643804,0.07641509
S2g,R1,100,125,25,65,0.05734459,0.02574466,0.1990566,0.11949686,0.03159993,0.07955975
S2g,R1,100,105,5,66,0.00447583,0.00209239,0.05471698,0.02641509,0.00238344,0.02830189
S2g,R1,100,110,10,66,0.01578136,0.0065204,0.09433962,0.06981132,0.00926096,0.0245283
S2g,R1,100,115,15,66,0.02979708,0.0136584,0.15188679,0.09150943,0.01613868,0.06037736
S2g,R1,100,120,20,66,0.04151787,0.01905078,0.17169811,0.09622642,0.02246709,0.0754717
S2g,R1,100,125,25,66,0.05386234,0.02574466,0.18584906,0.11949686,0.02811768,0.0663522
S2g,R1,100,105,5,67,0.00434785,0.00209239,0.03962264,0.02641509,0.00225546,0.01320755
S2g,R1,100,110,10,67,0.01604762,0.0065204,0.09150943,0.06981132,0.00952722,0.02169811
S2g,R1,100,115,15,67,0.02915552,0.0136584,0.12924528,0.09150943,0.01549712,0.03773585
S2g,R1,100,120,20,67,0.04006241,0.01905078,0.14811321,0.09622642,0.02101163,0.05188679
S2g,R1,100,125,25,67,0.05531084,0.02574466,0.20566038,0.11949686,0.02956618,0.08616352
S2g,R1,100,105,5,68,0.00437158,0.00209239,0.03962264,0.02641509,0.00227918,0.01320755
S2g,R1,100,110,10,68,0.01810231,0.0065204,0.10188679,0.06981132,0.01158191,0.03207547
S2g,R1,100,115,15,68,0.03076854,0.0136584,0.15471698,0.09150943,0.01711014,0.06320755
S2g,R1,100,120,20,68,0.04571282,0.01905078,0.20943396,0.09622642,0.02666204,0.11320755
S2g,R1,100,125,25,68,0.05810658,0.02574466,0.20849057,0.11949686,0.03236192,0.08899371
S2g,R1,100,105,5,69,0.00505668,0.00209239,0.04339623,0.02641509,0.00296428,0.01698113
S2g,R1,100,110,10,69,0.0205034,0.0065204,0.11132075,0.06981132,0.013983,0.04150943
S2g,R1,100,115,15,69,0.03403091,0.0136584,0.14339623,0.09150943,0.02037251,0.05188679
S2g,R1,100,120,20,69,0.05137082,0.01905078,0.20377358,0.09622642,0.03232004,0.10754717
S2g,R1,100,125,25,69,0.06670517,0.02574466,0.2509434,0.11949686,0.04096051,0.13144654
S2g,R1,100,105,5,70,0.00409916,0.00209239,0.02924528,0.02641509,0.00200677,0.00283019
S2g,R1,100,110,10,70,0.01484796,0.0065204,0.07735849,0.06981132,0.00832756,0.00754717
S2g,R1,100,115,15,70,0.02807301,0.0136584,0.13018868,0.09150943,0.01441461,0.03867925
S2g,R1,100,120,20,70,0.04030588,0.01905078,0.15754717,0.09622642,0.0212551,0.06132075
S2g,R1,100,125,25,70,0.0490646,0.02574466,0.18773585,0.11949686,0.02331994,0.06823899
S2g,R1,100,105,5,71,0.00465069,0.00209239,0.04528302,0.02641509,0.00255829,0.01886792
S2g,R1,100,110,10,71,0.0188575,0.0065204,0.11320755,0.06981132,0.0123371,0.04339623
S2g,R1,100,115,15,71,0.03175722,0.0136584,0.15283019,0.09150943,0.01809882,0.06132075
S2g,R1,100,120,20,71,0.04507477,0.01905078,0.19339623,0.09622642,0.02602399,0.09716981
S2g,R1,100,125,25,71,0.05259827,0.02574466,0.19528302,0.11949686,0.02685361,0.07578616
S2g,R1,100,105,5,72,0.00391345,0.00209239,0.04150943,0.02641509,0.00182105,0.01509434
S2g,R1,100,110,10,72,0.01839489,0.0065204,0.11037736,0.06981132,0.01187448,0.04056604
S2g,R1,100,115,15,72,0.03134948,0.0136584,0.1509434,0.09150943,0.01769108,0.05943396
S2g,R1,100,120,20,72,0.04131327,0.01905078,0.16981132,0.09622642,0.02226249,0.07358491
S2g,R1,100,125,25,72,0.05339547,0.02574466,0.19245283,0.11949686,0.02765081,0.07295597
S2g,R1,100,105,5,73,0.00452195,0.00209239,0.04716981,0.02641509,0.00242956,0.02075472
S2g,R1,100,110,10,73,0.01773474,0.0065204,0.09339623,0.06981132,0.01121434,0.02358491
S2g,R1,100,115,15,73,0.03351516,0.0136584,0.15471698,0.09150943,0.01985676,0.06320755
S2g,R1,100,120,20,73,0.049742,0.01905078,0.21037736,0.09622642,0.03069122,0.11415094
S2g,R1,100,125,25,73,0.05999238,0.02574466,0.23301887,0.11949686,0.03424772,0.11352201
S2g,R1,100,105,5,74,0.00448255,0.00209239,0.03207547,0.02641509,0.00239015,0.00566038
S2g,R1,100,110,10,74,0.01812569,0.0065204,0.11226415,0.06981132,0.01160529,0.04245283
S2g,R1,100,115,15,74,0.03056057,0.0136584,0.13773585,0.09150943,0.01690217,0.04622642
S2g,R1,100,120,20,74,0.04191725,0.01905078,0.17075472,0.09622642,0.02286647,0.0745283
S2g,R1,100,125,25,74,0.0528782,0.02574466,0.21981132,0.11949686,0.02713354,0.10031447
S2g,R1,100,105,5,75,0.00412693,0.00209239,0.03490566,0.02641509,0.00203454,0.00849057
S2g,R1,100,110,10,75,0.01492971,0.0065204,0.09245283,0.06981132,0.00840931,0.02264151
S2g,R1,100,115,15,75,0.02801866,0.0136584,0.13113208,0.09150943,0.01436026,0.03962264
S2g,R1,100,120,20,75,0.03782823,0.01905078,0.18018868,0.09622642,0.01877745,0.08396226
S2g,R1,100,125,25,75,0.04748453,0.02574466,0.18396226,0.11949686,0.02173986,0.06446541
S2g,R1,100,105,5,76,0.00467734,0.00209239,0.03679245,0.02641509,0.00258495,0.01037736
S2g,R1,100,110,10,76,0.01872073,0.0065204,0.10566038,0.06981132,0.01220033,0.03584906
S2g,R1,100,115,15,76,0.03213508,0.0136584,0.16226415,0.09150943,0.01847668,0.07075472
S2g,R1,100,120,20,76,0.04454962,0.01905078,0.17735849,0.09622642,0.02549885,0.08113208
S2g,R1,100,125,25,76,0.05631658,0.02574466,0.20754717,0.11949686,0.03057192,0.08805031
S2g,R1,100,105,5,77,0.00391794,0.00209239,0.04528302,0.02641509,0.00182555,0.01886792
S2g,R1,100,110,10,77,0.01683169,0.0065204,0.09056604,0.06981132,0.01031129,0.02075472
S2g,R1,100,115,15,77,0.02665891,0.0136584,0.13773585,0.09150943,0.01300051,0.04622642
S2g,R1,100,120,20,77,0.04082862,0.01905078,0.16886792,0.09622642,0.02177785,0.07264151
S2g,R1,100,125,25,77,0.05755548,0.02574466,0.22830189,0.11949686,0.03181082,0.10880503
S2g,R1,100,105,5,78,0.00433274,0.00209239,0.03773585,0.02641509,0.00224034,0.01132075
S2g,R1,100,110,10,78,0.01791013,0.0065204,0.07735849,0.06981132,0.01138973,0.00754717
S2g,R1,100,115,15,78,0.02981344,0.0136584,0.12830189,0.09150943,0.01615504,0.03679245
S2g,R1,100,120,20,78,0.04358011,0.01905078,0.17075472,0.09622642,0.02452934,0.0745283
S2g,R1,100,125,25,78,0.05499899,0.02574466,0.19528302,0.11949686,0.02925432,0.07578616
S2g,R1,100,105,5,79,0.00375818,0.00209239,0.03679245,0.02641509,0.00166579,0.01037736
S2g,R1,100,110,10,79,0.01536362,0.0065204,0.09528302,0.06981132,0.00884322,0.0254717
S2g,R1,100,115,15,79,0.02796894,0.0136584,0.10943396,0.09150943,0.01431054,0.01792453
S2g,R1,100,120,20,79,0.04239764,0.01905078,0.15566038,0.09622642,0.02334687,0.05943396
S2g,R1,100,125,25,79,0.05463202,0.02574466,0.19811321,0.11949686,0.02888736,0.07861635
S2g,R1,100,105,5,80,0.00417723,0.00209239,0.03773585,0.02641509,0.00208484,0.01132075
S2g,R1,100,110,10,80,0.01756959,0.0065204,0.09339623,0.06981132,0.01104919,0.02358491
S2g,R1,100,115,15,80,0.03148365,0.0136584,0.13962264,0.09150943,0.01782525,0.04811321
S2g,R1,100,120,20,80,0.04515516,0.01905078,0.17830189,0.09622642,0.02610439,0.08207547
S2g,R1,100,125,25,80,0.05792925,0.02574466,0.21509434,0.11949686,0.03218459,0.09559748
S2g,R1,100,105,5,81,0.00442285,0.00209239,0.05283019,0.02641509,0.00233045,0.02641509
S2g,R1,100,110,10,81,0.01669886,0.0065204,0.11037736,0.06981132,0.01017846,0.04056604
S2g,R1,100,115,15,81,0.03391875,0.0136584,0.17075472,0.09150943,0.02026035,0.07924528
S2g,R1,100,120,20,81,0.04918588,0.01905078,0.17358491,0.09622642,0.03013511,0.07735849
S2g,R1,100,125,25,81,0.05945962,0.02574466,0.20943396,0.11949686,0.03371496,0.08993711
S2g,R1,100,105,5,82,0.00432746,0.00209239,0.04150943,0.02641509,0.00223507,0.01509434
S2g,R1,100,110,10,82,0.01543522,0.0065204,0.08018868,0.06981132,0.00891482,0.01037736
S2g,R1,100,115,15,82,0.03049438,0.0136584,0.12830189,0.09150943,0.01683598,0.03679245
S2g,R1,100,120,20,82,0.04407965,0.01905078,0.16603774,0.09622642,0.02502888,0.06981132
S2g,R1,100,125,25,82,0.05726625,0.02574466,0.21792453,0.11949686,0.03152159,0.09842767
S2g,R1,100,105,5,83,0.00395045,0.00209239,0.03773585,0.02641509,0.00185806,0.01132075
S2g,R1,100,110,10,83,0.0143327,0.0065204,0.08207547,0.06981132,0.0078123,0.01226415
S2g,R1,100,115,15,83,0.02829201,0.0136584,0.13113208,0.09150943,0.01463361,0.03962264
S2g,R1,100,120,20,83,0.04485722,0.01905078,0.17830189,0.09622642,0.02580644,0.08207547
S2g,R1,100,125,25,83,0.0557327,0.02574466,0.20754717,0.11949686,0.02998804,0.08805031
S2g,R1,100,105,5,84,0.00480618,0.00209239,0.03679245,0.02641509,0.00271379,0.01037736
S2g,R1,100,110,10,84,0.0194613,0.0065204,0.08962264,0.06981132,0.0129409,0.01981132
S2g,R1,100,115,15,84,0.03336584,0.0136584,0.13679245,0.09150943,0.01970744,0.04528302
S2g,R1,100,120,20,84,0.04723865,0.01905078,0.18490566,0.09622642,0.02818788,0.08867925
S2g,R1,100,125,25,84,0.06087768,0.02574466,0.24811321,0.11949686,0.03513301,0.12861635
S2g,R1,100,105,5,85,0.00463262,0.00209239,0.03396226,0.02641509,0.00254022,0.00754717
S2g,R1,100,110,10,85,0.01627306,0.0065204,0.07830189,0.06981132,0.00975266,0.00849057
S2g,R1,100,115,15,85,0.03067929,0.0136584,0.12924528,0.09150943,0.01702089,0.03773585
S2g,R1,100,120,20,85,0.04042295,0.01905078,0.14811321,0.09622642,0.02137217,0.05188679
S2g,R1,100,125,25,85,0.05166067,0.02574466,0.16981132,0.11949686,0.02591601,0.05031447
S2g,R1,100,105,5,86,0.00440906,0.00209239,0.03773585,0.02641509,0.00231666,0.01132075
S2g,R1,100,110,10,86,0.0164552,0.0065204,0.08301887,0.06981132,0.0099348,0.01320755
S2g,R1,100,115,15,86,0.02742747,0.0136584,0.1245283,0.09150943,0.01376907,0.03301887
S2g,R1,100,120,20,86,0.04028878,0.01905078,0.19433962,0.09622642,0.021238,0.09811321
S2g,R1,100,125,25,86,0.05060727,0.02574466,0.20283019,0.11949686,0.02486261,0.08333333
S2g,R1,100,105,5,87,0.00407635,0.00209239,0.03679245,0.02641509,0.00198395,0.01037736
S2g,R1,100,110,10,87,0.01696682,0.0065204,0.08301887,0.06981132,0.01044642,0.01320755
S2g,R1,100,115,15,87,0.02991438,0.0136584,0.13113208,0.09150943,0.01625598,0.03962264
S2g,R1,100,120,20,87,0.04190932,0.01905078,0.16603774,0.09622642,0.02285854,0.06981132
S2g,R1,100,125,25,87,0.05042281,0.02574466,0.17075472,0.11949686,0.02467815,0.05125786
S2g,R1,100,105,5,88,0.00466429,0.00209239,0.05377358,0.02641509,0.0025719,0.02735849
S2g,R1,100,110,10,88,0.01708003,0.0065204,0.09528302,0.06981132,0.01055963,0.0254717
S2g,R1,100,115,15,88,0.03196422,0.0136584,0.16509434,0.09150943,0.01830582,0.07358491
S2g,R1,100,120,20,88,0.04230635,0.01905078,0.16886792,0.09622642,0.02325557,0.07264151
S2g,R1,100,125,25,88,0.05678819,0.02574466,0.21037736,0.11949686,0.03104352,0.0908805
S2g,R1,100,105,5,89,0.00389797,0.00209239,0.04150943,0.02641509,0.00180557,0.01509434
S2g,R1,100,110,10,89,0.01624285,0.0065204,0.10471698,0.06981132,0.00972245,0.03490566
S2g,R1,100,115,15,89,0.02705752,0.0136584,0.13207547,0.09150943,0.01339912,0.04056604
S2g,R1,100,120,20,89,0.04280442,0.01905078,0.18207547,0.09622642,0.02375364,0.08584906
S2g,R1,100,125,25,89,0.05347684,0.02574466,0.21981132,0.11949686,0.02773218,0.10031447
S2g,R1,100,105,5,90,0.00438477,0.00209239,0.04811321,0.02641509,0.00229237,0.02169811
S2g,R1,100,110,10,90,0.01519545,0.0065204,0.07358491,0.06981132,0.00867505,0.00377358
S2g,R1,100,115,15,90,0.02777071,0.0136584,0.10943396,0.09150943,0.01411231,0.01792453
S2g,R1,100,120,20,90,0.03976756,0.01905078,0.14150943,0.09622642,0.02071678,0.04528302
S2g,R1,100,125,25,90,0.05373767,0.02574466,0.20566038,0.11949686,0.027993,0.08616352
S2g,R1,100,105,5,91,0.00444877,0.00209239,0.04622642,0.02641509,0.00235638,0.01981132
S2g,R1,100,110,10,91,0.01671861,0.0065204,0.08962264,0.06981132,0.01019821,0.01981132
S2g,R1,100,115,15,91,0.03034468,0.0136584,0.11037736,0.09150943,0.01668628,0.01886792
S2g,R1,100,120,20,91,0.04549537,0.01905078,0.16698113,0.09622642,0.02644459,0.07075472
S2g,R1,100,125,25,91,0.05803199,0.02574466,0.2,0.11949686,0.03228733,0.08050314
S2g,R1,100,105,5,92,0.00407904,0.00209239,0.03113208,0.02641509,0.00198665,0.00471698
S2g,R1,100,110,10,92,0.01699886,0.0065204,0.0990566,0.06981132,0.01047846,0.02924528
S2g,R1,100,115,15,92,0.03236008,0.0136584,0.15,0.09150943,0.01870168,0.05849057
S2g,R1,100,120,20,92,0.04373941,0.01905078,0.17735849,0.09622642,0.02468863,0.08113208
S2g,R1,100,125,25,92,0.05568378,0.02574466,0.19150943,0.11949686,0.02993912,0.07201258
S2g,R1,100,105,5,93,0.00466051,0.00209239,0.04811321,0.02641509,0.00256812,0.02169811
S2g,R1,100,110,10,93,0.01820809,0.0065204,0.1,0.06981132,0.01168769,0.03018868
S2g,R1,100,115,15,93,0.03151619,0.0136584,0.13584906,0.09150943,0.01785779,0.04433962
S2g,R1,100,120,20,93,0.04571189,0.01905078,0.15754717,0.09622642,0.02666111,0.06132075
S2g,R1,100,125,25,93,0.05341833,0.02574466,0.17358491,0.11949686,0.02767367,0.05408805
S2g,R1,100,105,5,94,0.00465822,0.00209239,0.04528302,0.02641509,0.00256583,0.01886792
S2g,R1,100,110,10,94,0.01719185,0.0065204,0.11037736,0.06981132,0.01067145,0.04056604
S2g,R1,100,115,15,94,0.03076123,0.0136584,0.13490566,0.09150943,0.01710283,0.04339623
S2g,R1,100,120,20,94,0.04463106,0.01905078,0.17735849,0.09622642,0.02558029,0.08113208
S2g,R1,100,125,25,94,0.05763737,0.02574466,0.20754717,0.11949686,0.03189271,0.08805031
S2g,R1,100,105,5,95,0.00393671,0.00209239,0.03773585,0.02641509,0.00184432,0.01132075
S2g,R1,100,110,10,95,0.0169302,0.0065204,0.10754717,0.06981132,0.0104098,0.03773585
S2g,R1,100,115,15,95,0.02879449,0.0136584,0.11698113,0.09150943,0.01513609,0.0254717
S2g,R1,100,120,20,95,0.04337931,0.01905078,0.15660377,0.09622642,0.02432853,0.06037736
S2g,R1,100,125,25,95,0.05563426,0.02574466,0.20943396,0.11949686,0.0298896,0.08993711
S2g,R1,100,105,5,96,0.00490318,0.00209239,0.05,0.02641509,0.00281079,0.02358491
S2g,R1,100,110,10,96,0.01648199,0.0065204,0.09245283,0.06981132,0.00996159,0.02264151
S2g,R1,100,115,15,96,0.02857617,0.0136584,0.13490566,0.09150943,0.01491777,0.04339623
S2g,R1,100,120,20,96,0.03964223,0.01905078,0.16698113,0.09622642,0.02059145,0.07075472
S2g,R1,100,125,25,96,0.05565606,0.02574466,0.20660377,0.11949686,0.0299114,0.08710692
S2g,R1,100,105,5,97,0.00437029,0.00209239,0.05377358,0.02641509,0.0022779,0.02735849
S2g,R1,100,110,10,97,0.01773431,0.0065204,0.09716981,0.06981132,0.01121391,0.02735849
S2g,R1,100,115,15,97,0.03327552,0.0136584,0.13773585,0.09150943,0.01961712,0.04622642
S2g,R1,100,120,20,97,0.04876584,0.01905078,0.19622642,0.09622642,0.02971507,0.1
S2g,R1,100,125,25,97,0.05906652,0.02574466,0.22358491,0.11949686,0.03332186,0.10408805
S2g,R1,100,105,5,98,0.00445989,0.00209239,0.04528302,0.02641509,0.0023675,0.01886792
S2g,R1,100,110,10,98,0.01961836,0.0065204,0.10283019,0.06981132,0.01309796,0.03301887
S2g,R1,100,115,15,98,0.03227484,0.0136584,0.16132075,0.09150943,0.01861644,0.06981132
S2g,R1,100,120,20,98,0.04624954,0.01905078,0.18867925,0.09622642,0.02719877,0.09245283
S2g,R1,100,125,25,98,0.05526623,0.02574466,0.21792453,0.11949686,0.02952157,0.09842767
S2g,R1,100,105,5,99,0.00394681,0.00209239,0.04339623,0.02641509,0.00185441,0.01698113
S2g,R1,100,110,10,99,0.01799548,0.0065204,0.0990566,0.06981132,0.01147508,0.02924528
S2g,R1,100,115,15,99,0.03183901,0.0136584,0.15566038,0.09150943,0.01818061,0.06415094
S2g,R1,100,120,20,99,0.04436139,0.01905078,0.16698113,0.09622642,0.02531061,0.07075472
S2g,R1,100,125,25,99,0.05833785,0.02574466,0.21509434,0.11949686,0.03259319,0.09559748
S2g,R1,100,105,5,100,0.00426468,0.00209239,0.04716981,0.02641509,0.00217229,0.02075472
S2g,R1,100,110,10,100,0.01760951,0.0065204,0.10188679,0.06981132,0.01108911,0.03207547
S2g,R1,100,115,15,100,0.02851615,0.0136584,0.12735849,0.09150943,0.01485775,0.03584906
S2g,R1,100,120,20,100,0.04369142,0.01905078,0.16981132,0.09622642,0.02464065,0.07358491
S2g,R1,100,125,25,100,0.05479337,0.02574466,0.20377358,0.11949686,0.02904871,0.08427673
S2g,R1,100,105,5,101,0.00428084,0.00209239,0.0509434,0.02641509,0.00218845,0.0245283
S2g,R1,100,110,10,101,0.01574344,0.0065204,0.09622642,0.06981132,0.00922303,0.02641509
S2g,R1,100,115,15,101,0.02955278,0.0136584,0.13679245,0.09150943,0.01589438,0.04528302
S2g,R1,100,120,20,101,0.04231955,0.01905078,0.17075472,0.09622642,0.02326877,0.0745283
S2g,R1,100,125,25,101,0.05076698,0.02574466,0.18396226,0.11949686,0.02502231,0.06446541
S2g,R1,100,105,5,102,0.00437248,0.00209239,0.05566038,0.02641509,0.00228009,0.02924528
S2g,R1,100,110,10,102,0.01668074,0.0065204,0.08773585,0.06981132,0.01016034,0.01792453
S2g,R1,100,115,15,102,0.03143295,0.0136584,0.14433962,0.09150943,0.01777455,0.05283019
S2g,R1,100,120,20,102,0.04670783,0.01905078,0.18207547,0.09622642,0.02765706,0.08584906
S2g,R1,100,125,25,102,0.05979582,0.02574466,0.21415094,0.11949686,0.03405116,0.09465409
S2g,R1,100,105,5,103,0.00473079,0.00209239,0.05283019,0.02641509,0.00263839,0.02641509
S2g,R1,100,110,10,103,0.01744944,0.0065204,0.08207547,0.06981132,0.01092904,0.01226415
S2g,R1,100,115,15,103,0.03183217,0.0136584,0.13301887,0.09150943,0.01817377,0.04150943
S2g,R1,100,120,20,103,0.04572422,0.01905078,0.1509434,0.09622642,0.02667344,0.05471698
S2g,R1,100,125,25,103,0.05687984,0.02574466,0.20471698,0.11949686,0.03113517,0.08522013
S2g,R1,100,105,5,104,0.00418784,0.00209239,0.03490566,0.02641509,0.00209544,0.00849057
S2g,R1,100,110,10,104,0.01611135,0.0065204,0.07735849,0.06981132,0.00959095,0.00754717
S2g,R1,100,115,15,104,0.02738257,0.0136584,0.13773585,0.09150943,0.01372417,0.04622642
S2g,R1,100,120,20,104,0.04155356,0.01905078,0.16886792,0.09622642,0.02250279,0.07264151
S2g,R1,100,125,25,104,0.05299652,0.02574466,0.20471698,0.11949686,0.02725185,0.08522013
S2g,R1,100,105,5,105,0.00461352,0.00209239,0.04339623,0.02641509,0.00252113,0.01698113
S2g,R1,100,110,10,105,0.0185644,0.0065204,0.11320755,0.06981132,0.012044,0.04339623
S2g,R1,100,115,15,105,0.03258783,0.0136584,0.15754717,0.09150943,0.01892943,0.06603774
S2g,R1,100,120,20,105,0.04733614,0.01905078,0.20660377,0.09622642,0.02828537,0.11037736
S2g,R1,100,125,25,105,0.05674467,0.02574466,0.21320755,0.11949686,0.03100001,0.09371069
S2g,R1,100,105,5,106,0.00424642,0.00209239,0.04056604,0.02641509,0.00215403,0.01415094
S2g,R1,100,110,10,106,0.01866515,0.0065204,0.08301887,0.06981132,0.01214475,0.01320755
S2g,R1,100,115,15,106,0.03517577,0.0136584,0.13301887,0.09150943,0.02151737,0.04150943
S2g,R1,100,120,20,106,0.05065918,0.01905078,0.17169811,0.09622642,0.0316084,0.0754717
S2g,R1,100,125,25,106,0.06191776,0.02574466,0.19622642,0.11949686,0.0361731,0.07672956
S2g,R1,100,105,5,107,0.00450814,0.00209239,0.04716981,0.02641509,0.00241574,0.02075472
S2g,R1,100,110,10,107,0.01695592,0.0065204,0.0990566,0.06981132,0.01043552,0.02924528
S2g,R1,100,115,15,107,0.03158272,0.0136584,0.14716981,0.09150943,0.01792432,0.05566038
S2g,R1,100,120,20,107,0.04981348,0.01905078,0.20283019,0.09622642,0.0307627,0.10660377
S2g,R1,100,125,25,107,0.06128194,0.02574466,0.23396226,0.11949686,0.03553727,0.11446541
S2g,R1,100,105,5,108,0.00453649,0.00209239,0.03301887,0.02641509,0.0024441,0.00660377
S2g,R1,100,110,10,108,0.01687168,0.0065204,0.09528302,0.06981132,0.01035127,0.0254717
S2g,R1,100,115,15,108,0.03201525,0.0136584,0.13773585,0.09150943,0.01835685,0.04622642
S2g,R1,100,120,20,108,0.0465374,0.01905078,0.18584906,0.09622642,0.02748662,0.08962264
S2g,R1,100,125,25,108,0.05601716,0.02574466,0.21886792,0.11949686,0.0302725,0.09937107
S2g,R1,100,105,5,109,0.00423758,0.00209239,0.03113208,0.02641509,0.00214519,0.00471698
S2g,R1,100,110,10,109,0.01842266,0.0065204,0.1,0.06981132,0.01190225,0.03018868
S2g,R1,100,115,15,109,0.03117158,0.0136584,0.14150943,0.09150943,0.01751317,0.05
S2g,R1,100,120,20,109,0.0471907,0.01905078,0.18679245,0.09622642,0.02813992,0.09056604
S2g,R1,100,125,25,109,0.06178544,0.02574466,0.22924528,0.11949686,0.03604078,0.10974843
S2g,R1,100,105,5,110,0.00467345,0.00209239,0.04339623,0.02641509,0.00258106,0.01698113
S2g,R1,100,110,10,110,0.01801936,0.0065204,0.09622642,0.06981132,0.01149896,0.02641509
S2g,R1,100,115,15,110,0.03054476,0.0136584,0.14150943,0.09150943,0.01688635,0.05
S2g,R1,100,120,20,110,0.04274642,0.01905078,0.16792453,0.09622642,0.02369565,0.07169811
S2g,R1,100,125,25,110,0.0507804,0.02574466,0.2,0.11949686,0.02503574,0.08050314
S2g,R1,100,105,5,111,0.00457479,0.00209239,0.05188679,0.02641509,0.0024824,0.0254717
S2g,R1,100,110,10,111,0.01545864,0.0065204,0.07735849,0.06981132,0.00893824,0.00754717
S2g,R1,100,115,15,111,0.02819325,0.0136584,0.12830189,0.09150943,0.01453484,0.03679245
S2g,R1,100,120,20,111,0.04350708,0.01905078,0.17735849,0.09622642,0.0244563,0.08113208
S2g,R1,100,125,25,111,0.05393982,0.02574466,0.21792453,0.11949686,0.02819516,0.09842767
S2g,R1,100,105,5,112,0.00396088,0.00209239,0.03679245,0.02641509,0.00186848,0.01037736
S2g,R1,100,110,10,112,0.01695373,0.0065204,0.08490566,0.06981132,0.01043333,0.01509434
S2g,R1,100,115,15,112,0.03388437,0.0136584,0.13679245,0.09150943,0.02022597,0.04528302
S2g,R1,100,120,20,112,0.04876548,0.01905078,0.17924528,0.09622642,0.0297147,0.08301887
S2g,R1,100,125,25,112,0.05985603,0.02574466,0.21415094,0.11949686,0.03411137,0.09465409
S2g,R1,100,105,5,113,0.00408249,0.00209239,0.04622642,0.02641509,0.0019901,0.01981132
S2g,R1,100,110,10,113,0.01756495,0.0065204,0.10849057,0.06981132,0.01104455,0.03867925
S2g,R1,100,115,15,113,0.03074523,0.0136584,0.15377358,0.09150943,0.01708683,0.06226415
S2g,R1,100,120,20,113,0.04520785,0.01905078,0.16226415,0.09622642,0.02615707,0.06603774
S2g,R1,100,125,25,113,0.05435562,0.02574466,0.19339623,0.11949686,0.02861096,0.07389937
S2g,R1,100,105,5,114,0.00462613,0.00209239,0.04622642,0.02641509,0.00253374,0.01981132
S2g,R1,100,110,10,114,0.01851518,0.0065204,0.11320755,0.06981132,0.01199478,0.04339623
S2g,R1,100,115,15,114,0.03163819,0.0136584,0.16132075,0.09150943,0.01797979,0.06981132
S2g,R1,100,120,20,114,0.04296884,0.01905078,0.17830189,0.09622642,0.02391806,0.08207547
S2g,R1,100,125,25,114,0.05768905,0.02574466,0.21132075,0.11949686,0.03194438,0.0918239
S2g,R1,100,105,5,115,0.00372468,0.00209239,0.04150943,0.02641509,0.00163228,0.01509434
S2g,R1,100,110,10,115,0.01514575,0.0065204,0.0745283,0.06981132,0.00862535,0.00471698
S2g,R1,100,115,15,115,0.02909189,0.0136584,0.11886792,0.09150943,0.01543349,0.02735849
S2g,R1,100,120,20,115,0.04088953,0.01905078,0.15471698,0.09622642,0.02183876,0.05849057
S2g,R1,100,125,25,115,0.05587023,0.02574466,0.2009434,0.11949686,0.03012557,0.08144654
S2g,R1,100,105,5,116,0.00396435,0.00209239,0.04150943,0.02641509,0.00187196,0.01509434
S2g,R1,100,110,10,116,0.01564409,0.0065204,0.1009434,0.06981132,0.00912369,0.03113208
S2g,R1,100,115,15,116,0.02759486,0.0136584,0.13962264,0.09150943,0.01393646,0.04811321
S2g,R1,100,120,20,116,0.0398992,0.01905078,0.16792453,0.09622642,0.02084843,0.07169811
S2g,R1,100,125,25,116,0.05144093,0.02574466,0.19622642,0.11949686,0.02569627,0.07672956
S2g,R1,100,105,5,117,0.00417013,0.00209239,0.04433962,0.02641509,0.00207774,0.01792453
S2g,R1,100,110,10,117,0.01748751,0.0065204,0.12830189,0.06981132,0.01096711,0.05849057
S2g,R1,100,115,15,117,0.03127294,0.0136584,0.15471698,0.09150943,0.01761454,0.06320755
S2g,R1,100,120,20,117,0.04776221,0.01905078,0.18773585,0.09622642,0.02871143,0.09150943
S2g,R1,100,125,25,117,0.05458088,0.02574466,0.22075472,0.11949686,0.02883622,0.10125786
S2g,R1,100,105,5,118,0.00497031,0.00209239,0.05377358,0.02641509,0.00287792,0.02735849
S2g,R1,100,110,10,118,0.01745506,0.0065204,0.09056604,0.06981132,0.01093466,0.02075472
S2g,R1,100,115,15,118,0.02882027,0.0136584,0.14339623,0.09150943,0.01516187,0.05188679
S2g,R1,100,120,20,118,0.04077272,0.01905078,0.21226415,0.09622642,0.02172195,0.11603774
S2g,R1,100,125,25,118,0.05491093,0.02574466,0.23490566,0.11949686,0.02916626,0.11540881
S2g,R1,100,105,5,119,0.00447266,0.00209239,0.03584906,0.02641509,0.00238026,0.00943396
S2g,R1,100,110,10,119,0.0182814,0.0065204,0.11792453,0.06981132,0.011761,0.04811321
S2g,R1,100,115,15,119,0.03371733,0.0136584,0.16132075,0.09150943,0.02005893,0.06981132
S2g,R1,100,120,20,119,0.04690492,0.01905078,0.17735849,0.09622642,0.02785414,0.08113208
S2g,R1,100,125,25,119,0.05736514,0.02574466,0.22358491,0.11949686,0.03162048,0.10408805
S2g,R1,100,105,5,120,0.0048606,0.00209239,0.04811321,0.02641509,0.00276821,0.02169811
S2g,R1,100,110,10,120,0.01849211,0.0065204,0.11415094,0.06981132,0.01197171,0.04433962
S2g,R1,100,115,15,120,0.03421493,0.0136584,0.15754717,0.09150943,0.02055653,0.06603774
S2g,R1,100,120,20,120,0.05029302,0.01905078,0.19716981,0.09622642,0.03124225,0.1009434
S2g,R1,100,125,25,120,0.05976895,0.02574466,0.22075472,0.11949686,0.03402428,0.10125786
S2g,R1,100,105,5,121,0.00376095,0.00209239,0.03018868,0.02641509,0.00166856,0.00377358
S2g,R1,100,110,10,121,0.01625021,0.0065204,0.06603774,0.06981132,0.00972981,0.00377358
S2g,R1,100,115,15,121,0.03138287,0.0136584,0.13679245,0.09150943,0.01772447,0.04528302
S2g,R1,100,120,20,121,0.0450167,0.01905078,0.19339623,0.09622642,0.02596593,0.09716981
S2g,R1,100,125,25,121,0.05684145,0.02574466,0.2009434,0.11949686,0.03109679,0.08144654
S2g,R1,100,105,5,122,0.00452275,0.00209239,0.04056604,0.02641509,0.00243035,0.01415094
S2g,R1,100,110,10,122,0.01599975,0.0065204,0.09811321,0.06981132,0.00947935,0.02830189
S2g,R1,100,115,15,122,0.02897517,0.0136584,0.15,0.09150943,0.01531677,0.05849057
S2g,R1,100,120,20,122,0.0446207,0.01905078,0.18396226,0.09622642,0.02556992,0.08773585
S2g,R1,100,125,25,122,0.05575462,0.02574466,0.20754717,0.11949686,0.03000996,0.08805031
S2g,R1,100,105,5,123,0.00464619,0.00209239,0.03773585,0.02641509,0.00255379,0.01132075
S2g,R1,100,110,10,123,0.01624202,0.0065204,0.10566038,0.06981132,0.00972162,0.03584906
S2g,R1,100,115,15,123,0.02931761,0.0136584,0.15,0.09150943,0.01565921,0.05849057
S2g,R1,100,120,20,123,0.04498512,0.01905078,0.1745283,0.09622642,0.02593434,0.07830189
S2g,R1,100,125,25,123,0.05477239,0.02574466,0.19433962,0.11949686,0.02902772,0.07484277
S2g,R1,100,105,5,124,0.00441983,0.00209239,0.0490566,0.02641509,0.00232744,0.02264151
S2g,R1,100,110,10,124,0.01780921,0.0065204,0.10377358,0.06981132,0.0112888,0.03396226
S2g,R1,100,115,15,124,0.03128914,0.0136584,0.12735849,0.09150943,0.01763074,0.03584906
S2g,R1,100,120,20,124,0.0420063,0.01905078,0.15283019,0.09622642,0.02295553,0.05660377
S2g,R1,100,125,25,124,0.05216082,0.02574466,0.19056604,0.11949686,0.02641615,0.07106918
S2g,R1,100,105,5,125,0.00429201,0.00209239,0.05471698,0.02641509,0.00219961,0.02830189
S2g,R1,100,110,10,125,0.01698624,0.0065204,0.10471698,0.06981132,0.01046584,0.03490566
S2g,R1,100,115,15,125,0.03305987,0.0136584,0.15566038,0.09150943,0.01940147,0.06415094
S2g,R1,100,120,20,125,0.04956749,0.01905078,0.20377358,0.09622642,0.03051672,0.10754717
S2g,R1,100,125,25,125,0.06086705,0.02574466,0.22358491,0.11949686,0.03512239,0.10408805
S2g,R1,100,105,5,126,0.00397326,0.00209239,0.04433962,0.02641509,0.00188086,0.01792453
S2g,R1,100,110,10,126,0.01871482,0.0065204,0.10377358,0.06981132,0.01219442,0.03396226
S2g,R1,100,115,15,126,0.03257476,0.0136584,0.14716981,0.09150943,0.01891636,0.05566038
S2g,R1,100,120,20,126,0.04280031,0.01905078,0.15377358,0.09622642,0.02374954,0.05754717
S2g,R1,100,125,25,126,0.05679539,0.02574466,0.19716981,0.11949686,0.03105073,0.07767296
S2g,R1,100,105,5,127,0.00380366,0.00209239,0.04716981,0.02641509,0.00171127,0.02075472
S2g,R1,100,110,10,127,0.01542232,0.0065204,0.0754717,0.06981132,0.00890191,0.00566038
S2g,R1,100,115,15,127,0.02907437,0.0136584,0.13301887,0.09150943,0.01541597,0.04150943
S2g,R1,100,120,20,127,0.04280151,0.01905078,0.18301887,0.09622642,0.02375073,0.08679245
S2g,R1,100,125,25,127,0.05819714,0.02574466,0.24150943,0.11949686,0.03245247,0.12201258
S2g,R1,100,105,5,128,0.00465018,0.00209239,0.04339623,0.02641509,0.00255778,0.01698113
S2g,R1,100,110,10,128,0.01624869,0.0065204,0.08018868,0.06981132,0.00972829,0.01037736
S2g,R1,100,115,15,128,0.03201555,0.0136584,0.14150943,0.09150943,0.01835715,0.05
S2g,R1,100,120,20,128,0.04475067,0.01905078,0.18584906,0.09622642,0.0256999,0.08962264
S2g,R1,100,125,25,128,0.05674526,0.02574466,0.21981132,0.11949686,0.0310006,0.10031447
S2g,R1,100,105,5,129,0.00455664,0.00209239,0.04245283,0.02641509,0.00246425,0.01603774
S2g,R1,100,110,10,129,0.01696427,0.0065204,0.08773585,0.06981132,0.01044387,0.01792453
S2g,R1,100,115,15,129,0.03253805,0.0136584,0.14056604,0.09150943,0.01887965,0.0490566
S2g,R1,100,120,20,129,0.04697457,0.01905078,0.18679245,0.09622642,0.02792379,0.09056604
S2g,R1,100,125,25,129,0.05592958,0.02574466,0.21037736,0.11949686,0.03018492,0.0908805
S2g,R1,100,105,5,130,0.00424921,0.00209239,0.04056604,0.02641509,0.00215682,0.01415094
S2g,R1,100,110,10,130,0.01723022,0.0065204,0.08679245,0.06981132,0.01070982,0.01698113
S2g,R1,100,115,15,130,0.03325516,0.0136584,0.1254717,0.09150943,0.01959676,0.03396226
S2g,R1,100,120,20,130,0.04471024,0.01905078,0.17641509,0.09622642,0.02565947,0.08018868
S2g,R1,100,125,25,130,0.05097087,0.02574466,0.18773585,0.11949686,0.02522621,0.06823899
S2g,R1,100,105,5,131,0.00408186,0.00209239,0.04245283,0.02641509,0.00198946,0.01603774
S2g,R1,100,110,10,131,0.01604129,0.0065204,0.10943396,0.06981132,0.00952089,0.03962264
S2g,R1,100,115,15,131,0.02756339,0.0136584,0.13113208,0.09150943,0.01390499,0.03962264
S2g,R1,100,120,20,131,0.04130242,0.01905078,0.15849057,0.09622642,0.02225165,0.06226415
S2g,R1,100,125,25,131,0.0519413,0.02574466,0.18679245,0.11949686,0.02619664,0.0672956
S2g,R1,100,105,5,132,0.00491286,0.00209239,0.04622642,0.02641509,0.00282047,0.01981132
S2g,R1,100,110,10,132,0.01752888,0.0065204,0.10471698,0.06981132,0.01100848,0.03490566
S2g,R1,100,115,15,132,0.0297052,0.0136584,0.15660377,0.09150943,0.0160468,0.06509434
S2g,R1,100,120,20,132,0.04496902,0.01905078,0.20471698,0.09622642,0.02591825,0.10849057
S2g,R1,100,125,25,132,0.05606078,0.02574466,0.24433962,0.11949686,0.03031612,0.12484277
S2g,R1,100,105,5,133,0.00412042,0.00209239,0.03773585,0.02641509,0.00202802,0.01132075
S2g,R1,100,110,10,133,0.01641942,0.0065204,0.09339623,0.06981132,0.00989901,0.02358491
S2g,R1,100,115,15,133,0.03021337,0.0136584,0.12641509,0.09150943,0.01655497,0.03490566
S2g,R1,100,120,20,133,0.0430104,0.01905078,0.17075472,0.09622642,0.02395963,0.0745283
S2g,R1,100,125,25,133,0.05600062,0.02574466,0.2245283,0.11949686,0.03025596,0.10503145
S2g,R1,100,105,5,134,0.00406048,0.00209239,0.02735849,0.02641509,0.00196808,0.0009434
S2g,R1,100,110,10,134,0.01807622,0.0065204,0.10754717,0.06981132,0.01155582,0.03773585
S2g,R1,100,115,15,134,0.03252233,0.0136584,0.15660377,0.09150943,0.01886393,0.06509434
S2g,R1,100,120,20,134,0.04442938,0.01905078,0.19150943,0.09622642,0.0253786,0.09528302
S2g,R1,100,125,25,134,0.05914103,0.02574466,0.23301887,0.11949686,0.03339637,0.11352201
S2g,R1,100,105,5,135,0.00490687,0.00209239,0.0490566,0.02641509,0.00281448,0.02264151
S2g,R1,100,110,10,135,0.01786894,0.0065204,0.11132075,0.06981132,0.01134854,0.04150943
S2g,R1,100,115,15,135,0.0309368,0.0136584,0.14433962,0.09150943,0.0172784,0.05283019
S2g,R1,100,120,20,135,0.0450455,0.01905078,0.16037736,0.09622642,0.02599472,0.06415094
S2g,R1,100,125,25,135,0.05760609,0.02574466,0.20283019,0.11949686,0.03186143,0.08333333
S2g,R1,100,105,5,136,0.00448039,0.00209239,0.04339623,0.02641509,0.002388,0.01698113
S2g,R1,100,110,10,136,0.01696794,0.0065204,0.10849057,0.06981132,0.01044754,0.03867925
S2g,R1,100,115,15,136,0.03257311,0.0136584,0.15566038,0.09150943,0.01891471,0.06415094
S2g,R1,100,120,20,136,0.0474589,0.01905078,0.16509434,0.09622642,0.02840812,0.06886792
S2g,R1,100,125,25,136,0.05805118,0.02574466,0.20283019,0.11949686,0.03230652,0.08333333
S2g,R1,100,105,5,137,0.00453491,0.00209239,0.04433962,0.02641509,0.00244252,0.01792453
S2g,R1,100,110,10,137,0.02004919,0.0065204,0.08773585,0.06981132,0.01352879,0.01792453
S2g,R1,100,115,15,137,0.03138877,0.0136584,0.12075472,0.09150943,0.01773037,0.02924528
S2g,R1,100,120,20,137,0.04248988,0.01905078,0.14245283,0.09622642,0.0234391,0.04622642
S2g,R1,100,125,25,137,0.05313765,0.02574466,0.19150943,0.11949686,0.02739299,0.07201258
S2g,R1,100,105,5,138,0.00511446,0.00209239,0.05754717,0.02641509,0.00302207,0.03113208
S2g,R1,100,110,10,138,0.01738891,0.0065204,0.11415094,0.06981132,0.01086851,0.04433962
S2g,R1,100,115,15,138,0.03234147,0.0136584,0.15377358,0.09150943,0.01868307,0.06226415
S2g,R1,100,120,20,138,0.04447797,0.01905078,0.16886792,0.09622642,0.02542719,0.07264151
S2g,R1,100,125,25,138,0.05511875,0.02574466,0.20471698,0.11949686,0.02937409,0.08522013
S2g,R1,100,105,5,139,0.00449893,0.00209239,0.04528302,0.02641509,0.00240654,0.01886792
S2g,R1,100,110,10,139,0.0183736,0.0065204,0.1,0.06981132,0.0118532,0.03018868
S2g,R1,100,115,15,139,0.03191615,0.0136584,0.13679245,0.09150943,0.01825775,0.04528302
S2g,R1,100,120,20,139,0.04638301,0.01905078,0.17075472,0.09622642,0.02733223,0.0745283
S2g,R1,100,125,25,139,0.05879173,0.02574466,0.2009434,0.11949686,0.03304707,0.08144654
S2g,R1,100,105,5,140,0.00429437,0.00209239,0.04150943,0.02641509,0.00220198,0.01509434
S2g,R1,100,110,10,140,0.01778876,0.0065204,0.11509434,0.06981132,0.01126836,0.04528302
S2g,R1,100,115,15,140,0.03144757,0.0136584,0.15377358,0.09150943,0.01778917,0.06226415
S2g,R1,100,120,20,140,0.04427973,0.01905078,0.16698113,0.09622642,0.02522896,0.07075472
S2g,R1,100,125,25,140,0.05384995,0.02574466,0.21226415,0.11949686,0.02810529,0.0927673
S2g,R1,100,105,5,141,0.0045813,0.00209239,0.04716981,0.02641509,0.0024889,0.02075472
S2g,R1,100,110,10,141,0.01801733,0.0065204,0.10943396,0.06981132,0.01149693,0.03962264
S2g,R1,100,115,15,141,0.03125148,0.0136584,0.14622642,0.09150943,0.01759308,0.05471698
S2g,R1,100,120,20,141,0.04618519,0.01905078,0.18396226,0.09622642,0.02713441,0.08773585
S2g,R1,100,125,25,141,0.05669131,0.02574466,0.21320755,0.11949686,0.03094664,0.09371069
S2g,R1,100,105,5,142,0.00436762,0.00209239,0.04150943,0.02641509,0.00227522,0.01509434
S2g,R1,100,110,10,142,0.01689465,0.0065204,0.08490566,0.06981132,0.01037425,0.01509434
S2g,R1,100,115,15,142,0.02926767,0.0136584,0.13584906,0.09150943,0.01560927,0.04433962
S2g,R1,100,120,20,142,0.04118896,0.01905078,0.13867925,0.09622642,0.02213818,0.04245283
S2g,R1,100,125,25,142,0.05188296,0.02574466,0.18679245,0.11949686,0.0261383,0.0672956
S2g,R1,100,105,5,143,0.00465378,0.00209239,0.04339623,0.02641509,0.00256139,0.01698113
S2g,R1,100,110,10,143,0.01747943,0.0065204,0.10377358,0.06981132,0.01095903,0.03396226
S2g,R1,100,115,15,143,0.03215722,0.0136584,0.14433962,0.09150943,0.01849882,0.05283019
S2g,R1,100,120,20,143,0.04696297,0.01905078,0.18584906,0.09622642,0.02791219,0.08962264
S2g,R1,100,125,25,143,0.06546674,0.02574466,0.21698113,0.11949686,0.03972208,0.09748428
S2g,R1,100,105,5,144,0.00438678,0.00209239,0.04811321,0.02641509,0.00229439,0.02169811
S2g,R1,100,110,10,144,0.01677166,0.0065204,0.08962264,0.06981132,0.01025126,0.01981132
S2g,R1,100,115,15,144,0.02958526,0.0136584,0.14433962,0.09150943,0.01592686,0.05283019
S2g,R1,100,120,20,144,0.03980185,0.01905078,0.17830189,0.09622642,0.02075107,0.08207547
S2g,R1,100,125,25,144,0.04983513,0.02574466,0.22735849,0.11949686,0.02409047,0.10786164
S2g,R1,100,105,5,145,0.0039511,0.00209239,0.03584906,0.02641509,0.0018587,0.00943396
S2g,R1,100,110,10,145,0.01830337,0.0065204,0.11132075,0.06981132,0.01178297,0.04150943
S2g,R1,100,115,15,145,0.03327814,0.0136584,0.17075472,0.09150943,0.01961974,0.07924528
S2g,R1,100,120,20,145,0.04699872,0.01905078,0.19528302,0.09622642,0.02794795,0.0990566
S2g,R1,100,125,25,145,0.05745005,0.02574466,0.21415094,0.11949686,0.03170539,0.09465409
S2g,R1,100,105,5,146,0.00425194,0.00209239,0.04339623,0.02641509,0.00215955,0.01698113
S2g,R1,100,110,10,146,0.01607148,0.0065204,0.09150943,0.06981132,0.00955108,0.02169811
S2g,R1,100,115,15,146,0.02999609,0.0136584,0.14245283,0.09150943,0.01633769,0.0509434
S2g,R1,100,120,20,146,0.04460085,0.01905078,0.18301887,0.09622642,0.02555007,0.08679245
S2g,R1,100,125,25,146,0.05661851,0.02574466,0.24056604,0.11949686,0.03087385,0.12106918
S2g,R1,100,105,5,147,0.00403844,0.00209239,0.03773585,0.02641509,0.00194604,0.01132075
S2g,R1,100,110,10,147,0.01539058,0.0065204,0.09716981,0.06981132,0.00887018,0.02735849
S2g,R1,100,115,15,147,0.03080521,0.0136584,0.13867925,0.09150943,0.01714681,0.04716981
S2g,R1,100,120,20,147,0.04616997,0.01905078,0.18396226,0.09622642,0.0271192,0.08773585
S2g,R1,100,125,25,147,0.0552062,0.02574466,0.21415094,0.11949686,0.02946154,0.09465409
S2g,R1,100,105,5,148,0.0041028,0.00209239,0.03584906,0.02641509,0.00201041,0.00943396
S2g,R1,100,110,10,148,0.01748154,0.0065204,0.09433962,0.06981132,0.01096114,0.0245283
S2g,R1,100,115,15,148,0.0337578,0.0136584,0.15660377,0.09150943,0.0200994,0.06509434
S2g,R1,100,120,20,148,0.04512502,0.01905078,0.16603774,0.09622642,0.02607424,0.06981132
S2g,R1,100,125,25,148,0.05567157,0.02574466,0.20849057,0.11949686,0.02992691,0.08899371
S2g,R1,100,105,5,149,0.00447981,0.00209239,0.04150943,0.02641509,0.00238741,0.01509434
S2g,R1,100,110,10,149,0.01643029,0.0065204,0.08396226,0.06981132,0.00990988,0.01415094
S2g,R1,100,115,15,149,0.03102616,0.0136584,0.13301887,0.09150943,0.01736776,0.04150943
S2g,R1,100,120,20,149,0.04616585,0.01905078,0.18584906,0.09622642,0.02711507,0.08962264
S2g,R1,100,125,25,149,0.05741403,0.02574466,0.22735849,0.11949686,0.03166937,0.10786164
S2g,R1,100,105,5,150,0.00459521,0.00209239,0.04150943,0.02641509,0.00250281,0.01509434
S2g,R1,100,110,10,150,0.01583663,0.0065204,0.08867925,0.06981132,0.00931623,0.01886792
S2g,R1,100,115,15,150,0.03031697,0.0136584,0.14339623,0.09150943,0.01665857,0.05188679
S2g,R1,100,120,20,150,0.04847439,0.01905078,0.17641509,0.09622642,0.02942361,0.08018868
S2g,R1,100,125,25,150,0.05863297,0.02574466,0.21603774,0.11949686,0.03288831,0.09654088
S2g,R1,100,105,5,151,0.00454134,0.00209239,0.05,0.02641509,0.00244895,0.02358491
S2g,R1,100,110,10,151,0.01549371,0.0065204,0.09716981,0.06981132,0.00897331,0.02735849
S2g,R1,100,115,15,151,0.0299453,0.0136584,0.13773585,0.09150943,0.0162869,0.04622642
S2g,R1,100,120,20,151,0.04351354,0.01905078,0.16226415,0.09622642,0.02446277,0.06603774
S2g,R1,100,125,25,151,0.05314847,0.02574466,0.19056604,0.11949686,0.02740381,0.07106918
S2g,R1,100,105,5,152,0.00446595,0.00209239,0.03679245,0.02641509,0.00237356,0.01037736
S2g,R1,100,110,10,152,0.01652261,0.0065204,0.08490566,0.06981132,0.01000221,0.01509434
S2g,R1,100,115,15,152,0.03414255,0.0136584,0.15377358,0.09150943,0.02048415,0.06226415
S2g,R1,100,120,20,152,0.04559024,0.01905078,0.18207547,0.09622642,0.02653946,0.08584906
S2g,R1,100,125,25,152,0.05981375,0.02574466,0.20660377,0.11949686,0.03406908,0.08710692
S2g,R1,100,105,5,153,0.00528797,0.00209239,0.04716981,0.02641509,0.00319558,0.02075472
S2g,R1,100,110,10,153,0.01750139,0.0065204,0.09528302,0.06981132,0.01098099,0.0254717
S2g,R1,100,115,15,153,0.0292203,0.0136584,0.13301887,0.09150943,0.0155619,0.04150943
S2g,R1,100,120,20,153,0.04249136,0.01905078,0.15283019,0.09622642,0.02344058,0.05660377
S2g,R1,100,125,25,153,0.05719366,0.02574466,0.21037736,0.11949686,0.031449,0.0908805
S2g,R1,100,105,5,154,0.00458575,0.00209239,0.03584906,0.02641509,0.00249336,0.00943396
S2g,R1,100,110,10,154,0.01553109,0.0065204,0.09056604,0.06981132,0.00901069,0.02075472
S2g,R1,100,115,15,154,0.02999643,0.0136584,0.12735849,0.09150943,0.01633803,0.03584906
S2g,R1,100,120,20,154,0.04258266,0.01905078,0.18679245,0.09622642,0.02353188,0.09056604
S2g,R1,100,125,25,154,0.05799844,0.02574466,0.23113208,0.11949686,0.03225378,0.11163522
S2g,R1,100,105,5,155,0.00468889,0.00209239,0.04245283,0.02641509,0.0025965,0.01603774
S2g,R1,100,110,10,155,0.01799064,0.0065204,0.09056604,0.06981132,0.01147024,0.02075472
S2g,R1,100,115,15,155,0.03322664,0.0136584,0.15471698,0.09150943,0.01956824,0.06320755
S2g,R1,100,120,20,155,0.04421612,0.01905078,0.16886792,0.09622642,0.02516535,0.07264151
S2g,R1,100,125,25,155,0.05662683,0.02574466,0.20471698,0.11949686,0.03088217,0.08522013
S2g,R1,100,105,5,156,0.00398812,0.00209239,0.03679245,0.02641509,0.00189572,0.01037736
S2g,R1,100,110,10,156,0.01553953,0.0065204,0.09716981,0.06981132,0.00901913,0.02735849
S2g,R1,100,115,15,156,0.02890055,0.0136584,0.1245283,0.09150943,0.01524215,0.03301887
S2g,R1,100,120,20,156,0.04342125,0.01905078,0.18962264,0.09622642,0.02437048,0.09339623
S2g,R1,100,125,25,156,0.05238171,0.02574466,0.19339623,0.11949686,0.02663705,0.07389937
S2g,R1,100,105,5,157,0.00499852,0.00209239,0.04528302,0.02641509,0.00290613,0.01886792
S2g,R1,100,110,10,157,0.01909936,0.0065204,0.11132075,0.06981132,0.01257896,0.04150943
S2g,R1,100,115,15,157,0.03601414,0.0136584,0.14622642,0.09150943,0.02235574,0.05471698
S2g,R1,100,120,20,157,0.04957286,0.01905078,0.18113208,0.09622642,0.03052209,0.08490566
S2g,R1,100,125,25,157,0.06366538,0.02574466,0.23018868,0.11949686,0.03792072,0.11069182
S2g,R1,100,105,5,158,0.00422302,0.00209239,0.04245283,0.02641509,0.00213063,0.01603774
S2g,R1,100,110,10,158,0.01883427,0.0065204,0.10849057,0.06981132,0.01231387,0.03867925
S2g,R1,100,115,15,158,0.03151219,0.0136584,0.16509434,0.09150943,0.01785379,0.07358491
S2g,R1,100,120,20,158,0.0437107,0.01905078,0.17264151,0.09622642,0.02465992,0.07641509
S2g,R1,100,125,25,158,0.05885612,0.02574466,0.21698113,0.11949686,0.03311146,0.09748428
S2g,R1,100,105,5,159,0.00441231,0.00209239,0.03584906,0.02641509,0.00231992,0.00943396
S2g,R1,100,110,10,159,0.01502689,0.0065204,0.08301887,0.06981132,0.00850648,0.01320755
S2g,R1,100,115,15,159,0.03124826,0.0136584,0.13113208,0.09150943,0.01758986,0.03962264
S2g,R1,100,120,20,159,0.04384365,0.01905078,0.16226415,0.09622642,0.02479288,0.06603774
S2g,R1,100,125,25,159,0.05656636,0.02574466,0.21981132,0.11949686,0.0308217,0.10031447
S2g,R1,100,105,5,160,0.00413099,0.00209239,0.03113208,0.02641509,0.00203859,0.00471698
S2g,R1,100,110,10,160,0.01546282,0.0065204,0.07169811,0.06981132,0.00894242,0.00188679
S2g,R1,100,115,15,160,0.03145056,0.0136584,0.13018868,0.09150943,0.01779216,0.03867925
S2g,R1,100,120,20,160,0.04683822,0.01905078,0.17264151,0.09622642,0.02778744,0.07641509
S2g,R1,100,125,25,160,0.06049025,0.02574466,0.20754717,0.11949686,0.03474559,0.08805031
S2g,R1,100,105,5,161,0.00394839,0.00209239,0.02924528,0.02641509,0.00185599,0.00283019
S2g,R1,100,110,10,161,0.01810307,0.0065204,0.08773585,0.06981132,0.01158267,0.01792453
S2g,R1,100,115,15,161,0.03241311,0.0136584,0.15,0.09150943,0.01875471,0.05849057
S2g,R1,100,120,20,161,0.04594202,0.01905078,0.17264151,0.09622642,0.02689124,0.07641509
S2g,R1,100,125,25,161,0.05596982,0.02574466,0.19716981,0.11949686,0.03022516,0.07767296
S2g,R1,100,105,5,162,0.00441232,0.00209239,0.04622642,0.02641509,0.00231992,0.01981132
S2g,R1,100,110,10,162,0.01530598,0.0065204,0.08679245,0.06981132,0.00878558,0.01698113
S2g,R1,100,115,15,162,0.0298863,0.0136584,0.15377358,0.09150943,0.0162279,0.06226415
S2g,R1,100,120,20,162,0.0444763,0.01905078,0.18679245,0.09622642,0.02542553,0.09056604
S2g,R1,100,125,25,162,0.0587294,0.02574466,0.2254717,0.11949686,0.03298474,0.10597484
S2g,R1,100,105,5,163,0.00382705,0.00209239,0.03962264,0.02641509,0.00173465,0.01320755
S2g,R1,100,110,10,163,0.01713044,0.0065204,0.10943396,0.06981132,0.01061004,0.03962264
S2g,R1,100,115,15,163,0.03322081,0.0136584,0.14150943,0.09150943,0.01956241,0.05
S2g,R1,100,120,20,163,0.04548333,0.01905078,0.16320755,0.09622642,0.02643255,0.06698113
S2g,R1,100,125,25,163,0.06105069,0.02574466,0.20566038,0.11949686,0.03530603,0.08616352
S2g,R1,100,105,5,164,0.00405929,0.00209239,0.03867925,0.02641509,0.00196689,0.01226415
S2g,R1,100,110,10,164,0.01593405,0.0065204,0.09056604,0.06981132,0.00941365,0.02075472
S2g,R1,100,115,15,164,0.03237196,0.0136584,0.15,0.09150943,0.01871356,0.05849057
S2g,R1,100,120,20,164,0.04771957,0.01905078,0.19716981,0.09622642,0.0286688,0.1009434
S2g,R1,100,125,25,164,0.06551499,0.02574466,0.25283019,0.11949686,0.03977033,0.13333333
S2g,R1,100,105,5,165,0.00418901,0.00209239,0.04716981,0.02641509,0.00209662,0.02075472
S2g,R1,100,110,10,165,0.01747205,0.0065204,0.10754717,0.06981132,0.01095165,0.03773585
S2g,R1,100,115,15,165,0.03068344,0.0136584,0.15471698,0.09150943,0.01702504,0.06320755
S2g,R1,100,120,20,165,0.03969363,0.01905078,0.17924528,0.09622642,0.02064286,0.08301887
S2g,R1,100,125,25,165,0.05182054,0.02574466,0.20471698,0.11949686,0.02607587,0.08522013
S2g,R1,100,105,5,166,0.00444436,0.00209239,0.05471698,0.02641509,0.00235197,0.02830189
S2g,R1,100,110,10,166,0.01865084,0.0065204,0.09433962,0.06981132,0.01213043,0.0245283
S2g,R1,100,115,15,166,0.03334984,0.0136584,0.13396226,0.09150943,0.01969144,0.04245283
S2g,R1,100,120,20,166,0.04657666,0.01905078,0.16698113,0.09622642,0.02752589,0.07075472
S2g,R1,100,125,25,166,0.0590189,0.02574466,0.21698113,0.11949686,0.03327424,0.09748428
S2g,R1,100,105,5,167,0.00447524,0.00209239,0.06792453,0.02641509,0.00238284,0.04150943
S2g,R1,100,110,10,167,0.01485438,0.0065204,0.11792453,0.06981132,0.00833397,0.04811321
S2g,R1,100,115,15,167,0.02797567,0.0136584,0.11698113,0.09150943,0.01431727,0.0254717
S2g,R1,100,120,20,167,0.04146419,0.01905078,0.16603774,0.09622642,0.02241341,0.06981132
S2g,R1,100,125,25,167,0.05191523,0.02574466,0.1990566,0.11949686,0.02617057,0.07955975
S2g,R1,100,105,5,168,0.00409138,0.00209239,0.03584906,0.02641509,0.00199899,0.00943396
S2g,R1,100,110,10,168,0.0173092,0.0065204,0.09339623,0.06981132,0.0107888,0.02358491
S2g,R1,100,115,15,168,0.03134026,0.0136584,0.15283019,0.09150943,0.01768186,0.06132075
S2g,R1,100,120,20,168,0.04629213,0.01905078,0.17735849,0.09622642,0.02724135,0.08113208
S2g,R1,100,125,25,168,0.06295274,0.02574466,0.22641509,0.11949686,0.03720808,0.10691824
S2g,R1,100,105,5,169,0.00431858,0.00209239,0.04150943,0.02641509,0.00222618,0.01509434
S2g,R1,100,110,10,169,0.01857424,0.0065204,0.09339623,0.06981132,0.01205384,0.02358491
S2g,R1,100,115,15,169,0.03019,0.0136584,0.11792453,0.09150943,0.0165316,0.02641509
S2g,R1,100,120,20,169,0.03857207,0.01905078,0.15283019,0.09622642,0.01952129,0.05660377
S2g,R1,100,125,25,169,0.05065181,0.02574466,0.18396226,0.11949686,0.02490715,0.06446541
S2g,R1,100,105,5,170,0.00378785,0.00209239,0.03018868,0.02641509,0.00169545,0.00377358
S2g,R1,100,110,10,170,0.0160673,0.0065204,0.07075472,0.06981132,0.0095469,0.0009434
S2g,R1,100,115,15,170,0.02750354,0.0136584,0.10283019,0.09150943,0.01384514,0.01132075
S2g,R1,100,120,20,170,0.03964711,0.01905078,0.13962264,0.09622642,0.02059633,0.04339623
S2g,R1,100,125,25,170,0.04932451,0.02574466,0.16320755,0.11949686,0.02357985,0.04371069
S2g,R1,100,105,5,171,0.00450163,0.00209239,0.04528302,0.02641509,0.00240923,0.01886792
S2g,R1,100,110,10,171,0.01635332,0.0065204,0.09150943,0.06981132,0.00983292,0.02169811
S2g,R1,100,115,15,171,0.02868875,0.0136584,0.1245283,0.09150943,0.01503035,0.03301887
S2g,R1,100,120,20,171,0.04161594,0.01905078,0.18490566,0.09622642,0.02256516,0.08867925
S2g,R1,100,125,25,171,0.05170051,0.02574466,0.21226415,0.11949686,0.02595585,0.0927673
S2g,R1,100,105,5,172,0.00417987,0.00209239,0.04339623,0.02641509,0.00208748,0.01698113
S2g,R1,100,110,10,172,0.01765341,0.0065204,0.10754717,0.06981132,0.01113301,0.03773585
S2g,R1,100,115,15,172,0.03132675,0.0136584,0.13867925,0.09150943,0.01766835,0.04716981
S2g,R1,100,120,20,172,0.04411459,0.01905078,0.18113208,0.09622642,0.02506381,0.08490566
S2g,R1,100,125,25,172,0.05332688,0.02574466,0.21792453,0.11949686,0.02758222,0.09842767
S2g,R1,100,105,5,173,0.00406769,0.00209239,0.03773585,0.02641509,0.00197529,0.01132075
S2g,R1,100,110,10,173,0.01537659,0.0065204,0.07169811,0.06981132,0.00885619,0.00188679
S2g,R1,100,115,15,173,0.02970915,0.0136584,0.13962264,0.09150943,0.01605075,0.04811321
S2g,R1,100,120,20,173,0.04332749,0.01905078,0.17169811,0.09622642,0.02427671,0.0754717
S2g,R1,100,125,25,173,0.05399975,0.02574466,0.22924528,0.11949686,0.02825509,0.10974843
S2g,R1,100,105,5,174,0.00458877,0.00209239,0.04433962,0.02641509,0.00249638,0.01792453
S2g,R1,100,110,10,174,0.0163666,0.0065204,0.09528302,0.06981132,0.0098462,0.0254717
S2g,R1,100,115,15,174,0.03066363,0.0136584,0.12735849,0.09150943,0.01700523,0.03584906
S2g,R1,100,120,20,174,0.04597058,0.01905078,0.17735849,0.09622642,0.0269198,0.08113208
S2g,R1,100,125,25,174,0.05726631,0.02574466,0.20660377,0.11949686,0.03152165,0.08710692
S2g,R1,100,105,5,175,0.00462544,0.00209239,0.05660377,0.02641509,0.00253304,0.03018868
S2g,R1,100,110,10,175,0.01453128,0.0065204,0.08396226,0.06981132,0.00801088,0.01415094
S2g,R1,100,115,15,175,0.02847813,0.0136584,0.13773585,0.09150943,0.01481973,0.04622642
S2g,R1,100,120,20,175,0.04217798,0.01905078,0.16509434,0.09622642,0.02312721,0.06886792
S2g,R1,100,125,25,175,0.05479405,0.02574466,0.20566038,0.11949686,0.02904939,0.08616352
S2g,R1,100,105,5,176,0.00409935,0.00209239,0.04245283,0.02641509,0.00200695,0.01603774
S2g,R1,100,110,10,176,0.01641649,0.0065204,0.11320755,0.06981132,0.00989609,0.04339623
S2g,R1,100,115,15,176,0.02829793,0.0136584,0.11698113,0.09150943,0.01463953,0.0254717
S2g,R1,100,120,20,176,0.04220367,0.01905078,0.16132075,0.09622642,0.0231529,0.06509434
S2g,R1,100,125,25,176,0.05471964,0.02574466,0.21603774,0.11949686,0.02897498,0.09654088
S2g,R1,100,105,5,177,0.00421199,0.00209239,0.04150943,0.02641509,0.0021196,0.01509434
S2g,R1,100,110,10,177,0.0146049,0.0065204,0.09056604,0.06981132,0.0080845,0.02075472
S2g,R1,100,115,15,177,0.02815116,0.0136584,0.12169811,0.09150943,0.01449276,0.03018868
S2g,R1,100,120,20,177,0.0400095,0.01905078,0.17641509,0.09622642,0.02095872,0.08018868
S2g,R1,100,125,25,177,0.05438463,0.02574466,0.21792453,0.11949686,0.02863997,0.09842767
S2g,R1,100,105,5,178,0.00453594,0.00209239,0.05,0.02641509,0.00244354,0.02358491
S2g,R1,100,110,10,178,0.01949378,0.0065204,0.09811321,0.06981132,0.01297338,0.02830189
S2g,R1,100,115,15,178,0.03672477,0.0136584,0.16132075,0.09150943,0.02306637,0.06981132
S2g,R1,100,120,20,178,0.05064378,0.01905078,0.18018868,0.09622642,0.031593,0.08396226
S2g,R1,100,125,25,178,0.06229328,0.02574466,0.21509434,0.11949686,0.03654862,0.09559748
S2g,R1,100,105,5,179,0.00429811,0.00209239,0.04433962,0.02641509,0.00220571,0.01792453
S2g,R1,100,110,10,179,0.01645539,0.0065204,0.0990566,0.06981132,0.00993499,0.02924528
S2g,R1,100,115,15,179,0.02988212,0.0136584,0.13584906,0.09150943,0.01622372,0.04433962
S2g,R1,100,120,20,179,0.04354987,0.01905078,0.15943396,0.09622642,0.02449909,0.06320755
S2g,R1,100,125,25,179,0.0567299,0.02574466,0.21603774,0.11949686,0.03098524,0.09654088
S2g,R1,100,105,5,180,0.00382044,0.00209239,0.03490566,0.02641509,0.00172804,0.00849057
S2g,R1,100,110,10,180,0.01479312,0.0065204,0.07358491,0.06981132,0.00827272,0.00377358
S2g,R1,100,115,15,180,0.0296728,0.0136584,0.13867925,0.09150943,0.0160144,0.04716981
S2g,R1,100,120,20,180,0.04573938,0.01905078,0.18396226,0.09622642,0.0266886,0.08773585
S2g,R1,100,125,25,180,0.05863467,0.02574466,0.20754717,0.11949686,0.03289001,0.08805031
S2g,R1,100,105,5,181,0.00439495,0.00209239,0.03207547,0.02641509,0.00230255,0.00566038
S2g,R1,100,110,10,181,0.01646758,0.0065204,0.08207547,0.06981132,0.00994718,0.01226415
S2g,R1,100,115,15,181,0.03254378,0.0136584,0.14622642,0.09150943,0.01888538,0.05471698
S2g,R1,100,120,20,181,0.04868678,0.01905078,0.16981132,0.09622642,0.029636,0.07358491
S2g,R1,100,125,25,181,0.05977645,0.02574466,0.20188679,0.11949686,0.03403179,0.08238994
S2g,R1,100,105,5,182,0.00433844,0.00209239,0.04150943,0.02641509,0.00224604,0.01509434
S2g,R1,100,110,10,182,0.017933,0.0065204,0.11886792,0.06981132,0.0114126,0.0490566
S2g,R1,100,115,15,182,0.03441185,0.0136584,0.14339623,0.09150943,0.02075345,0.05188679
S2g,R1,100,120,20,182,0.0491818,0.01905078,0.19056604,0.09622642,0.03013103,0.09433962
S2g,R1,100,125,25,182,0.05987424,0.02574466,0.23490566,0.11949686,0.03412958,0.11540881
S2g,R1,100,105,5,183,0.00452494,0.00209239,0.03301887,0.02641509,0.00243255,0.00660377
S2g,R1,100,110,10,183,0.01649415,0.0065204,0.09339623,0.06981132,0.00997375,0.02358491
S2g,R1,100,115,15,183,0.03105868,0.0136584,0.16132075,0.09150943,0.01740028,0.06981132
S2g,R1,100,120,20,183,0.04167654,0.01905078,0.18018868,0.09622642,0.02262577,0.08396226
S2g,R1,100,125,25,183,0.05483653,0.02574466,0.20754717,0.11949686,0.02909187,0.08805031
S2g,R1,100,105,5,184,0.00439991,0.00209239,0.05660377,0.02641509,0.00230752,0.03018868
S2g,R1,100,110,10,184,0.01803231,0.0065204,0.09056604,0.06981132,0.01151191,0.02075472
S2g,R1,100,115,15,184,0.03303984,0.0136584,0.1509434,0.09150943,0.01938144,0.05943396
S2g,R1,100,120,20,184,0.04772303,0.01905078,0.18584906,0.09622642,0.02867226,0.08962264
S2g,R1,100,125,25,184,0.05966868,0.02574466,0.21603774,0.11949686,0.03392402,0.09654088
S2g,R1,100,105,5,185,0.00459333,0.00209239,0.03584906,0.02641509,0.00250093,0.00943396
S2g,R1,100,110,10,185,0.01597082,0.0065204,0.10283019,0.06981132,0.00945041,0.03301887
S2g,R1,100,115,15,185,0.03101418,0.0136584,0.14716981,0.09150943,0.01735578,0.05566038
S2g,R1,100,120,20,185,0.04756854,0.01905078,0.18773585,0.09622642,0.02851776,0.09150943
S2g,R1,100,125,25,185,0.05646698,0.02574466,0.21415094,0.11949686,0.03072232,0.09465409
S2g,R1,100,105,5,186,0.0043197,0.00209239,0.04716981,0.02641509,0.00222731,0.02075472
S2g,R1,100,110,10,186,0.0157484,0.0065204,0.0990566,0.06981132,0.009228,0.02924528
S2g,R1,100,115,15,186,0.0338743,0.0136584,0.13679245,0.09150943,0.0202159,0.04528302
S2g,R1,100,120,20,186,0.04836849,0.01905078,0.1745283,0.09622642,0.02931772,0.07830189
S2g,R1,100,125,25,186,0.05835758,0.02574466,0.20660377,0.11949686,0.03261292,0.08710692
S2g,R1,100,105,5,187,0.00432995,0.00209239,0.05471698,0.02641509,0.00223756,0.02830189
S2g,R1,100,110,10,187,0.0162004,0.0065204,0.10188679,0.06981132,0.00968,0.03207547
S2g,R1,100,115,15,187,0.03127229,0.0136584,0.16415094,0.09150943,0.01761389,0.07264151
S2g,R1,100,120,20,187,0.04722583,0.01905078,0.1990566,0.09622642,0.02817506,0.10283019
S2g,R1,100,125,25,187,0.05660809,0.02574466,0.2245283,0.11949686,0.03086342,0.10503145
S2g,R1,100,105,5,188,0.00430864,0.00209239,0.04716981,0.02641509,0.00221625,0.02075472
S2g,R1,100,110,10,188,0.01651691,0.0065204,0.07830189,0.06981132,0.00999651,0.00849057
S2g,R1,100,115,15,188,0.030403,0.0136584,0.14622642,0.09150943,0.0167446,0.05471698
S2g,R1,100,120,20,188,0.04119918,0.01905078,0.15943396,0.09622642,0.02214841,0.06320755
S2g,R1,100,125,25,188,0.05135209,0.02574466,0.19811321,0.11949686,0.02560743,0.07861635
S2g,R1,100,105,5,189,0.00436841,0.00209239,0.05754717,0.02641509,0.00227602,0.03113208
S2g,R1,100,110,10,189,0.01818533,0.0065204,0.09716981,0.06981132,0.01166493,0.02735849
S2g,R1,100,115,15,189,0.03299476,0.0136584,0.13113208,0.09150943,0.01933636,0.03962264
S2g,R1,100,120,20,189,0.04796505,0.01905078,0.16037736,0.09622642,0.02891428,0.06415094
S2g,R1,100,125,25,189,0.05713058,0.02574466,0.20471698,0.11949686,0.03138592,0.08522013
S2g,R1,100,105,5,190,0.00390651,0.00209239,0.03584906,0.02641509,0.00181412,0.00943396
S2g,R1,100,110,10,190,0.01778815,0.0065204,0.12264151,0.06981132,0.01126775,0.05283019
S2g,R1,100,115,15,190,0.03194178,0.0136584,0.16792453,0.09150943,0.01828338,0.07641509
S2g,R1,100,120,20,190,0.04261141,0.01905078,0.16792453,0.09622642,0.02356063,0.07169811
S2g,R1,100,125,25,190,0.05485194,0.02574466,0.20660377,0.11949686,0.02910728,0.08710692
S2g,R1,100,105,5,191,0.00395292,0.00209239,0.03962264,0.02641509,0.00186053,0.01320755
S2g,R1,100,110,10,191,0.01687595,0.0065204,0.10188679,0.06981132,0.01035555,0.03207547
S2g,R1,100,115,15,191,0.03062199,0.0136584,0.12264151,0.09150943,0.01696359,0.03113208
S2g,R1,100,120,20,191,0.04218408,0.01905078,0.18584906,0.09622642,0.0231333,0.08962264
S2g,R1,100,125,25,191,0.05346892,0.02574466,0.21037736,0.11949686,0.02772425,0.0908805
S2g,R1,100,105,5,192,0.00422252,0.00209239,0.03962264,0.02641509,0.00213012,0.01320755
S2g,R1,100,110,10,192,0.01728159,0.0065204,0.09339623,0.06981132,0.01076119,0.02358491
S2g,R1,100,115,15,192,0.03053053,0.0136584,0.13962264,0.09150943,0.01687213,0.04811321
S2g,R1,100,120,20,192,0.04191339,0.01905078,0.17641509,0.09622642,0.02286262,0.08018868
S2g,R1,100,125,25,192,0.05233322,0.02574466,0.21415094,0.11949686,0.02658856,0.09465409
S2g,R1,100,105,5,193,0.0041607,0.00209239,0.03301887,0.02641509,0.00206831,0.00660377
S2g,R1,100,110,10,193,0.01642589,0.0065204,0.06698113,0.06981132,0.00990549,0.00283019
S2g,R1,100,115,15,193,0.02933143,0.0136584,0.12264151,0.09150943,0.01567303,0.03113208
S2g,R1,100,120,20,193,0.04126598,0.01905078,0.15754717,0.09622642,0.02221521,0.06132075
S2g,R1,100,125,25,193,0.05467242,0.02574466,0.21415094,0.11949686,0.02892776,0.09465409
S2g,R1,100,105,5,194,0.0044629,0.00209239,0.03773585,0.02641509,0.00237051,0.01132075
S2g,R1,100,110,10,194,0.01884227,0.0065204,0.09622642,0.06981132,0.01232187,0.02641509
S2g,R1,100,115,15,194,0.0330874,0.0136584,0.15660377,0.09150943,0.019429,0.06509434
S2g,R1,100,120,20,194,0.04900274,0.01905078,0.19622642,0.09622642,0.02995196,0.1
S2g,R1,100,125,25,194,0.0594803,0.02574466,0.23867925,0.11949686,0.03373564,0.11918239
S2g,R1,100,105,5,195,0.00398295,0.00209239,0.03867925,0.02641509,0.00189056,0.01226415
S2g,R1,100,110,10,195,0.01670158,0.0065204,0.11132075,0.06981132,0.01018118,0.04150943
S2g,R1,100,115,15,195,0.03196665,0.0136584,0.13773585,0.09150943,0.01830825,0.04622642
S2g,R1,100,120,20,195,0.04410502,0.01905078,0.18018868,0.09622642,0.02505425,0.08396226
S2g,R1,100,125,25,195,0.05195882,0.02574466,0.21226415,0.11949686,0.02621416,0.0927673
S2g,R1,100,105,5,196,0.00384064,0.00209239,0.03773585,0.02641509,0.00174825,0.01132075
S2g,R1,100,110,10,196,0.01494925,0.0065204,0.07641509,0.06981132,0.00842885,0.00660377
S2g,R1,100,115,15,196,0.02620057,0.0136584,0.12075472,0.09150943,0.01254216,0.02924528
S2g,R1,100,120,20,196,0.04010683,0.01905078,0.16603774,0.09622642,0.02105605,0.06981132
S2g,R1,100,125,25,196,0.05052721,0.02574466,0.19245283,0.11949686,0.02478255,0.07295597
S2g,R1,100,105,5,197,0.00390961,0.00209239,0.03773585,0.02641509,0.00181721,0.01132075
S2g,R1,100,110,10,197,0.01580439,0.0065204,0.09339623,0.06981132,0.00928399,0.02358491
S2g,R1,100,115,15,197,0.02864483,0.0136584,0.13396226,0.09150943,0.01498643,0.04245283
S2g,R1,100,120,20,197,0.03790562,0.01905078,0.15566038,0.09622642,0.01885485,0.05943396
S2g,R1,100,125,25,197,0.048656,0.02574466,0.19339623,0.11949686,0.02291134,0.07389937
S2g,R1,100,105,5,198,0.00442243,0.00209239,0.03773585,0.02641509,0.00233004,0.01132075
S2g,R1,100,110,10,198,0.01920362,0.0065204,0.11603774,0.06981132,0.01268322,0.04622642
S2g,R1,100,115,15,198,0.03124049,0.0136584,0.15566038,0.09150943,0.01758209,0.06415094
S2g,R1,100,120,20,198,0.04456344,0.01905078,0.16981132,0.09622642,0.02551267,0.07358491
S2g,R1,100,125,25,198,0.05360073,0.02574466,0.19150943,0.11949686,0.02785607,0.07201258
S2g,R1,100,105,5,199,0.00449931,0.00209239,0.0509434,0.02641509,0.00240692,0.0245283
S2g,R1,100,110,10,199,0.01699918,0.0065204,0.0990566,0.06981132,0.01047878,0.02924528
S2g,R1,100,115,15,199,0.03115434,0.0136584,0.14150943,0.09150943,0.01749594,0.05
S2g,R1,100,120,20,199,0.04414728,0.01905078,0.15,0.09622642,0.02509651,0.05377358
S2g,R1,100,125,25,199,0.05180108,0.02574466,0.1490566,0.11949686,0.02605641,0.02955975
