question_id,transition_start,transition_end,continuation_id,transition_model,raw_residual_energy,measurement_energy,shared_component_energy,seed_specific_energy,measurement_corrected_seed_specific_energy,leave_one_continuation_out_eta_energy,valid,notes
cd/490199,100,105,seed1,R1,0.70085686,0.17263783,0.24043673,0.20511787,0.03248004,0.12337732,True,
cd/490199,100,105,seed2,R1,0.05272879,0.17263783,0.24043673,0.20511787,0.03248004,0.36447333,True,
cd/490199,100,105,seed3,R1,0.07353702,0.17263783,0.24043673,0.20511787,0.03248004,0.14179012,True,
cd/490199,100,105,seed4,R1,0.229642,0.17263783,0.24043673,0.20511787,0.03248004,0.01337307,True,
cd/490199,100,105,seed5,R1,1.17100832,0.17263783,0.24043673,0.20511787,0.03248004,0.38257549,True,
cd/490199,105,110,seed1,R1,0.89950035,0.38953409,0.29314737,0.61357244,0.22403835,0.37588121,True,
cd/490199,105,110,seed2,R1,0.29030384,0.38953409,0.29314737,0.61357244,0.22403835,0.31899325,True,
cd/490199,105,110,seed3,R1,0.24240782,0.38953409,0.29314737,0.61357244,0.22403835,0.44853431,True,
cd/490199,105,110,seed4,R1,0.30776943,0.38953409,0.29314737,0.61357244,0.22403835,0.1889919,True,
cd/490199,105,110,seed5,R1,2.79361759,0.38953409,0.29314737,0.61357244,0.22403835,1.73546151,True,
cd/490199,110,115,seed1,R1,0.16006784,0.4595856,0.17012368,0.30869214,-0.15089346,0.27428578,True,
cd/490199,110,115,seed2,R1,1.31005955,0.4595856,0.17012368,0.30869214,-0.15089346,0.58881986,True,
cd/490199,110,115,seed3,R1,0.05797606,0.4595856,0.17012368,0.30869214,-0.15089346,0.31505644,True,
cd/490199,110,115,seed4,R1,0.3318291,0.4595856,0.17012368,0.30869214,-0.15089346,0.12465319,True,
cd/490199,110,115,seed5,R1,0.53414655,0.4595856,0.17012368,0.30869214,-0.15089346,0.24064543,True,
cd/490199,115,120,seed1,R1,0.2669083,0.52632405,0.25925754,0.69786827,0.17154422,0.84934715,True,
cd/490199,115,120,seed2,R1,0.77238706,0.52632405,0.25925754,0.69786827,0.17154422,0.08250652,True,
cd/490199,115,120,seed3,R1,2.47220174,0.52632405,0.25925754,0.69786827,0.17154422,1.57670899,True,
cd/490199,115,120,seed4,R1,0.60727175,0.52632405,0.25925754,0.69786827,0.17154422,0.85141701,True,
cd/490199,115,120,seed5,R1,0.66686022,0.52632405,0.25925754,0.69786827,0.17154422,0.1293617,True,
cd/490199,120,125,seed1,R1,2.32572928,0.64738071,0.21007219,0.78864033,0.14125962,1.62568916,True,
cd/490199,120,125,seed2,R1,0.81579798,0.64738071,0.21007219,0.78864033,0.14125962,0.41805751,True,
cd/490199,120,125,seed3,R1,0.20073523,0.64738071,0.21007219,0.78864033,0.14125962,1.10133169,True,
cd/490199,120,125,seed4,R1,1.00907395,0.64738071,0.21007219,0.78864033,0.14125962,0.40929246,True,
cd/490199,120,125,seed5,R1,0.64222614,0.64738071,0.21007219,0.78864033,0.14125962,0.38883081,True,
cd/490201,100,105,seed1,R1,0.0974759,0.35058095,0.30165468,0.34760621,-0.00297474,0.12127879,True,
cd/490201,100,105,seed2,R1,2.02031593,0.35058095,0.30165468,0.34760621,-0.00297474,1.01170646,True,
cd/490201,100,105,seed3,R1,0.2396539,0.35058095,0.30165468,0.34760621,-0.00297474,0.03695299,True,
cd/490201,100,105,seed4,R1,0.10171269,0.35058095,0.30165468,0.34760621,-0.00297474,0.14060538,True,
cd/490201,100,105,seed5,R1,0.78714603,0.35058095,0.30165468,0.34760621,-0.00297474,0.42748743,True,
cd/490201,105,110,seed1,R1,0.39546296,0.53682392,0.52557547,0.7057075,0.16888358,0.23653232,True,
cd/490201,105,110,seed2,R1,3.38091524,0.53682392,0.52557547,0.7057075,0.16888358,1.40254152,True,
cd/490201,105,110,seed3,R1,1.22321273,0.53682392,0.52557547,0.7057075,0.16888358,0.21852797,True,
cd/490201,105,110,seed4,R1,1.02545021,0.53682392,0.52557547,0.7057075,0.16888358,0.50388542,True,
cd/490201,105,110,seed5,R1,0.13137368,0.53682392,0.52557547,0.7057075,0.16888358,1.16705025,True,
cd/490201,110,115,seed1,R1,0.51113081,0.88479549,-0.15513394,1.68638506,0.80158957,0.27100749,True,
cd/490201,110,115,seed2,R1,1.61068072,0.88479549,-0.15513394,1.68638506,0.80158957,1.62524791,True,
cd/490201,110,115,seed3,R1,0.97984424,0.88479549,-0.15513394,1.68638506,0.80158957,0.74451858,True,
cd/490201,110,115,seed4,R1,2.69447923,0.88479549,-0.15513394,1.68638506,0.80158957,3.13735632,True,
cd/490201,110,115,seed5,R1,1.86012062,0.88479549,-0.15513394,1.68638506,0.80158957,2.65379502,True,
cd/490201,115,120,seed1,R1,1.60352523,0.78618001,-0.10418023,1.83722806,1.05104805,2.59014878,True,
cd/490201,115,120,seed2,R1,1.96215237,0.78618001,-0.10418023,1.83722806,1.05104805,1.43261492,True,
cd/490201,115,120,seed3,R1,0.54274318,0.78618001,-0.10418023,1.83722806,1.05104805,1.1161226,True,
cd/490201,115,120,seed4,R1,1.19654195,0.78618001,-0.10418023,1.83722806,1.05104805,0.88651827,True,
cd/490201,115,120,seed5,R1,3.36027639,0.78618001,-0.10418023,1.83722806,1.05104805,3.16073571,True,
cd/490201,120,125,seed1,R1,3.48252965,0.87647161,-0.1140396,2.18489629,1.30842468,3.04510971,True,
cd/490201,120,125,seed2,R1,5.06204238,0.87647161,-0.1140396,2.18489629,1.30842468,4.32696295,True,
cd/490201,120,125,seed3,R1,0.55348272,0.87647161,-0.1140396,2.18489629,1.30842468,1.21939688,True,
cd/490201,120,125,seed4,R1,1.00790895,0.87647161,-0.1140396,2.18489629,1.30842468,0.96384977,True,
cd/490201,120,125,seed5,R1,0.24831973,0.87647161,-0.1140396,2.18489629,1.30842468,1.36916214,True,
cd/490202,100,105,seed1,R1,0.01199163,0.07862625,0.15235056,0.09341649,0.01479024,0.11556264,True,
cd/490202,100,105,seed2,R1,0.00572899,0.07862625,0.15235056,0.09341649,0.01479024,0.14269711,True,
cd/490202,100,105,seed3,R1,0.25731172,0.07862625,0.15235056,0.09341649,0.01479024,0.01097382,True,
cd/490202,100,105,seed4,R1,0.56388705,0.07862625,0.15235056,0.09341649,0.01479024,0.14226618,True,
cd/490202,100,105,seed5,R1,0.38991584,0.07862625,0.15235056,0.09341649,0.01479024,0.05558271,True,
cd/490202,105,110,seed1,R1,0.00701406,0.18523949,0.13918389,0.15080802,-0.03443147,0.13428829,True,
cd/490202,105,110,seed2,R1,0.06841246,0.18523949,0.13918389,0.15080802,-0.03443147,0.02810938,True,
cd/490202,105,110,seed3,R1,0.04756325,0.18523949,0.13918389,0.15080802,-0.03443147,0.04676707,True,
cd/490202,105,110,seed4,R1,1.14843727,0.18523949,0.13918389,0.15080802,-0.03443147,0.54472371,True,
cd/490202,105,110,seed5,R1,0.17853251,0.18523949,0.13918389,0.15080802,-0.03443147,0.00015166,True,
cd/490202,110,115,seed1,R1,1.38589173,0.23321499,-0.16006052,0.94944749,0.7162325,2.27795524,True,
cd/490202,110,115,seed2,R1,0.05559299,0.23321499,-0.16006052,0.94944749,0.7162325,0.20858248,True,
cd/490202,110,115,seed3,R1,0.05787654,0.23321499,-0.16006052,0.94944749,0.7162325,0.00575703,True,
cd/490202,110,115,seed4,R1,2.10531589,0.23321499,-0.16006052,0.94944749,0.7162325,2.04243578,True,
cd/490202,110,115,seed5,R1,0.34225771,0.23321499,-0.16006052,0.94944749,0.7162325,0.21250692,True,
cd/490202,115,120,seed1,R1,0.54149562,0.17602887,-0.02811375,0.15018562,-0.02584324,0.59859301,True,
cd/490202,115,120,seed2,R1,0.02703363,0.17602887,-0.02811375,0.15018562,-0.02584324,0.05422331,True,
cd/490202,115,120,seed3,R1,0.0142542,0.17602887,-0.02811375,0.15018562,-0.02584324,0.03331209,True,
cd/490202,115,120,seed4,R1,0.01016501,0.17602887,-0.02811375,0.15018562,-0.02584324,0.02616466,True,
cd/490202,115,120,seed5,R1,0.01741092,0.17602887,-0.02811375,0.15018562,-0.02584324,0.03863504,True,
cd/490202,120,125,seed1,R1,0.62810183,0.19794326,0.56147483,0.00256736,-0.19537589,0.00229729,True,
cd/490202,120,125,seed2,R1,0.45500785,0.19794326,0.56147483,0.00256736,-0.19537589,0.00705303,True,
cd/490202,120,125,seed3,R1,0.59319408,0.19794326,0.56147483,0.00256736,-0.19537589,0.00052696,True,
cd/490202,120,125,seed4,R1,0.62318413,0.19794326,0.56147483,0.00256736,-0.19537589,0.0019762,True,
cd/490202,120,125,seed5,R1,0.52072307,0.19794326,0.56147483,0.00256736,-0.19537589,0.00098332,True,
cd/490203,100,105,seed1,R1,0.05805814,0.19031951,0.08521853,0.09899114,-0.09132837,0.14116863,True,
cd/490203,100,105,seed2,R1,0.58541199,0.19031951,0.08521853,0.09899114,-0.09132837,0.28119427,True,
cd/490203,100,105,seed3,R1,0.13543387,0.19031951,0.08521853,0.09899114,-0.09132837,0.03188297,True,
cd/490203,100,105,seed4,R1,0.10947366,0.19031951,0.08521853,0.09899114,-0.09132837,0.01437402,True,
cd/490203,100,105,seed5,R1,0.03267067,0.19031951,0.08521853,0.09899114,-0.09132837,0.02633582,True,
cd/490203,105,110,seed1,R1,0.21370034,0.20134452,-0.02271113,0.37643452,0.17509,0.10765871,True,
cd/490203,105,110,seed2,R1,0.54648633,0.20134452,-0.02271113,0.37643452,0.17509,0.96646337,True,
cd/490203,105,110,seed3,R1,0.06192566,0.20134452,-0.02271113,0.37643452,0.17509,0.08585934,True,
cd/490203,105,110,seed4,R1,0.23489668,0.20134452,-0.02271113,0.37643452,0.17509,0.08179539,True,
cd/490203,105,110,seed5,R1,0.71160793,0.20134452,-0.02271113,0.37643452,0.17509,0.64039579,True,
cd/490203,110,115,seed1,R1,1.36188758,0.23890632,0.2640864,1.16169785,0.92279153,0.30529842,True,
cd/490203,110,115,seed2,R1,1.71580707,0.23890632,0.2640864,1.16169785,0.92279153,0.47242463,True,
cd/490203,110,115,seed3,R1,1.89618265,0.23890632,0.2640864,1.16169785,0.92279153,0.58205743,True,
cd/490203,110,115,seed4,R1,0.77088115,0.23890632,0.2640864,1.16169785,0.92279153,0.04428615,True,
cd/490203,110,115,seed5,R1,1.3841628,0.23890632,0.2640864,1.16169785,0.92279153,4.40442263,True,
cd/490203,115,120,seed1,R1,0.4967139,0.30539986,0.13801585,0.27138472,-0.03401514,0.23366546,True,
cd/490203,115,120,seed2,R1,0.74267538,0.30539986,0.13801585,0.27138472,-0.03401514,0.4129894,True,
cd/490203,115,120,seed3,R1,0.41447575,0.30539986,0.13801585,0.27138472,-0.03401514,0.10006851,True,
cd/490203,115,120,seed4,R1,0.33277269,0.30539986,0.13801585,0.27138472,-0.03401514,0.02991971,True,
cd/490203,115,120,seed5,R1,0.06036513,0.30539986,0.13801585,0.27138472,-0.03401514,0.58028054,True,
cd/490203,120,125,seed1,R1,0.43136885,0.32809623,0.55451925,0.19781694,-0.13027929,0.03497339,True,
cd/490203,120,125,seed2,R1,0.39752958,0.32809623,0.55451925,0.19781694,-0.13027929,0.08491599,True,
cd/490203,120,125,seed3,R1,2.24367633,0.32809623,0.55451925,0.19781694,-0.13027929,0.66338719,True,
cd/490203,120,125,seed4,R1,0.3670889,0.32809623,0.55451925,0.19781694,-0.13027929,0.1168138,True,
cd/490203,120,125,seed5,R1,0.32201731,0.32809623,0.55451925,0.19781694,-0.13027929,0.08899433,True,
cd/490204,100,105,seed1,R1,3.4662767,0.58012684,4.03566671,1.6055674,1.02544055,0.58545606,True,
cd/490204,100,105,seed2,R1,2.95431847,0.58012684,4.03566671,1.6055674,1.02544055,0.85066378,True,
cd/490204,100,105,seed3,R1,4.06234889,0.58012684,4.03566671,1.6055674,1.02544055,0.24414324,True,
cd/490204,100,105,seed4,R1,3.98956717,0.58012684,4.03566671,1.6055674,1.02544055,1.40120496,True,
cd/490204,100,105,seed5,R1,13.73365932,0.58012684,4.03566671,1.6055674,1.02544055,4.94636895,True,
cd/490204,105,110,seed1,R1,0.80690376,0.91435871,0.3233366,1.6636927,0.74933399,0.50868655,True,
cd/490204,105,110,seed2,R1,1.72291784,0.91435871,0.3233366,1.6636927,0.74933399,0.5128672,True,
cd/490204,105,110,seed3,R1,0.62678863,0.91435871,0.3233366,1.6636927,0.74933399,0.76012829,True,
cd/490204,105,110,seed4,R1,2.92444506,0.91435871,0.3233366,1.6636927,0.74933399,3.80177181,True,
cd/490204,105,110,seed5,R1,3.8540912,0.91435871,0.3233366,1.6636927,0.74933399,2.73500965,True,
cd/490204,110,115,seed1,R1,0.7710131,1.25013322,0.34367839,2.46556715,1.21543394,0.35241824,True,
cd/490204,110,115,seed2,R1,7.59599289,1.25013322,0.34367839,2.46556715,1.21543394,6.09218035,True,
cd/490204,110,115,seed3,R1,0.52710641,1.25013322,0.34367839,2.46556715,1.21543394,0.39955931,True,
cd/490204,110,115,seed4,R1,2.28385477,1.25013322,0.34367839,2.46556715,1.21543394,1.40481912,True,
cd/490204,110,115,seed5,R1,2.86826052,1.25013322,0.34367839,2.46556715,1.21543394,4.07885876,True,
cd/490204,115,120,seed1,R1,1.60559294,1.58868952,0.51928904,2.26499849,0.67630897,1.9194144,True,
cd/490204,115,120,seed2,R1,4.71905408,1.58868952,0.51928904,2.26499849,0.67630897,4.63449471,True,
cd/490204,115,120,seed3,R1,1.07542928,1.58868952,0.51928904,2.26499849,0.67630897,0.56556559,True,
cd/490204,115,120,seed4,R1,3.78068773,1.58868952,0.51928904,2.26499849,0.67630897,3.13147469,True,
cd/490204,115,120,seed5,R1,2.7406736,1.58868952,0.51928904,2.26499849,0.67630897,1.07404304,True,
cd/490204,120,125,seed1,R1,2.02060089,1.71558711,-0.61847928,4.85671774,3.14113063,1.75096416,True,
cd/490204,120,125,seed2,R1,7.27997162,1.71558711,-0.61847928,4.85671774,3.14113063,9.71127109,True,
cd/490204,120,125,seed3,R1,5.53466087,1.71558711,-0.61847928,4.85671774,3.14113063,4.88144184,True,
cd/490204,120,125,seed4,R1,4.86989851,1.71558711,-0.61847928,4.85671774,3.14113063,6.93574403,True,
cd/490204,120,125,seed5,R1,1.48606039,1.71558711,-0.61847928,4.85671774,3.14113063,1.00416757,True,
cd/490205,100,105,seed1,R1,0.64444247,0.39302223,0.72937748,0.84496625,0.45194402,1.32971472,True,
cd/490205,100,105,seed2,R1,1.20281942,0.39302223,0.72937748,0.84496625,0.45194402,0.99821502,True,
cd/490205,100,105,seed3,R1,1.59364934,0.39302223,0.72937748,0.84496625,0.45194402,0.35186942,True,
cd/490205,100,105,seed4,R1,1.9823811,0.39302223,0.72937748,0.84496625,0.45194402,0.4678333,True,
cd/490205,100,105,seed5,R1,2.44842632,0.39302223,0.72937748,0.84496625,0.45194402,1.07719877,True,
cd/490205,105,110,seed1,R1,3.55866494,0.64389029,0.27382806,1.0884973,0.44460702,1.8090471,True,
cd/490205,105,110,seed2,R1,1.61455736,0.64389029,0.27382806,1.0884973,0.44460702,0.51578652,True,
cd/490205,105,110,seed3,R1,0.34408391,0.64389029,0.27382806,1.0884973,0.44460702,0.33469329,True,
cd/490205,105,110,seed4,R1,0.58334331,0.64389029,0.27382806,1.0884973,0.44460702,0.33478005,True,
cd/490205,105,110,seed5,R1,0.71097731,0.64389029,0.27382806,1.0884973,0.44460702,2.44817955,True,
cd/490205,110,115,seed1,R1,1.04936352,0.81802487,0.09768279,0.8703164,0.05229153,0.47692774,True,
cd/490205,110,115,seed2,R1,0.49611284,0.81802487,0.09768279,0.8703164,0.05229153,0.89325585,True,
cd/490205,110,115,seed3,R1,0.31854196,0.81802487,0.09768279,0.8703164,0.05229153,0.45461245,True,
cd/490205,110,115,seed4,R1,1.23481176,0.81802487,0.09768279,0.8703164,0.05229153,1.03965187,True,
cd/490205,110,115,seed5,R1,1.74116586,0.81802487,0.09768279,0.8703164,0.05229153,1.48713408,True,
cd/490205,115,120,seed1,R1,2.14266119,0.93878766,1.3824397,1.81978516,0.8809975,0.31422938,True,
cd/490205,115,120,seed2,R1,5.34012344,0.93878766,1.3824397,1.81978516,0.8809975,3.94393425,True,
cd/490205,115,120,seed3,R1,1.81102697,0.93878766,1.3824397,1.81978516,0.8809975,0.51557917,True,
cd/490205,115,120,seed4,R1,2.26411176,0.93878766,1.3824397,1.81978516,0.8809975,0.17741135,True,
cd/490205,115,120,seed5,R1,4.45320095,0.93878766,1.3824397,1.81978516,0.8809975,4.14777164,True,
cd/490205,120,125,seed1,R1,3.60446605,1.10130574,0.95646249,1.42804784,0.3267421,0.89721178,True,
cd/490205,120,125,seed2,R1,1.45716906,1.10130574,0.95646249,1.42804784,0.3267421,2.19962952,True,
cd/490205,120,125,seed3,R1,1.93192547,1.10130574,0.95646249,1.42804784,0.3267421,1.24292915,True,
cd/490205,120,125,seed4,R1,0.83264329,1.10130574,0.95646249,1.42804784,0.3267421,0.89407751,True,
cd/490205,120,125,seed5,R1,4.0963478,1.10130574,0.95646249,1.42804784,0.3267421,1.90639123,True,
cd/490206,100,105,seed1,R1,0.51587882,0.12406302,0.33820329,0.08530159,-0.03876143,0.03601555,True,
cd/490206,100,105,seed2,R1,0.66233978,0.12406302,0.33820329,0.08530159,-0.03876143,0.1630411,True,
cd/490206,100,105,seed3,R1,0.22493889,0.12406302,0.33820329,0.08530159,-0.03876143,0.06343974,True,
cd/490206,100,105,seed4,R1,0.30778681,0.12406302,0.33820329,0.08530159,-0.03876143,0.08631041,True,
cd/490206,100,105,seed5,R1,0.40658014,0.12406302,0.33820329,0.08530159,-0.03876143,0.07770117,True,
cd/490206,105,110,seed1,R1,0.16138961,0.29312781,0.0048522,1.01612502,0.72299721,0.43953744,True,
cd/490206,105,110,seed2,R1,2.92301259,0.29312781,0.0048522,1.01612502,0.72299721,2.62690342,True,
cd/490206,105,110,seed3,R1,1.33517613,0.29312781,0.0048522,1.01612502,0.72299721,1.13899728,True,
cd/490206,105,110,seed4,R1,0.25093292,0.29312781,0.0048522,1.01612502,0.72299721,0.21407488,True,
cd/490206,105,110,seed5,R1,0.43437487,0.29312781,0.0048522,1.01612502,0.72299721,0.66111208,True,
cd/490206,110,115,seed1,R1,1.52707296,0.60697934,0.92213218,0.48460466,-0.12237467,0.15370125,True,
cd/490206,110,115,seed2,R1,2.67853673,0.60697934,0.92213218,0.48460466,-0.12237467,0.76720959,True,
cd/490206,110,115,seed3,R1,1.72811696,0.60697934,0.92213218,0.48460466,-0.12237467,0.31949024,True,
cd/490206,110,115,seed4,R1,0.9461371,0.60697934,0.92213218,0.48460466,-0.12237467,0.33343522,True,
cd/490206,110,115,seed5,R1,0.15382046,0.60697934,0.92213218,0.48460466,-0.12237467,0.84918701,True,
cd/490206,115,120,seed1,R1,1.80148215,0.51092951,0.0616736,1.20579301,0.6948635,1.5479395,True,
cd/490206,115,120,seed2,R1,1.23476125,0.51092951,0.0616736,1.20579301,0.6948635,2.02654122,True,
cd/490206,115,120,seed3,R1,1.41340791,0.51092951,0.0616736,1.20579301,0.6948635,1.01088992,True,
cd/490206,115,120,seed4,R1,1.10391294,0.51092951,0.0616736,1.20579301,0.6948635,1.1381343,True,
cd/490206,115,120,seed5,R1,0.7837688,0.51092951,0.0616736,1.20579301,0.6948635,0.30546011,True,
cd/490206,120,125,seed1,R1,3.54428186,0.72174651,1.03510402,0.93401862,0.21227211,0.79613658,True,
cd/490206,120,125,seed2,R1,0.96787354,0.72174651,1.03510402,0.93401862,0.21227211,1.4319778,True,
cd/490206,120,125,seed3,R1,2.66996241,0.72174651,1.03510402,0.93401862,0.21227211,0.5128989,True,
cd/490206,120,125,seed4,R1,2.16512978,0.72174651,1.03510402,0.93401862,0.21227211,1.41775205,True,
cd/490206,120,125,seed5,R1,0.49836565,0.72174651,1.03510402,0.93401862,0.21227211,0.51132779,True,
cd/490207,100,105,seed1,R1,0.19007934,0.25788117,0.0594486,0.16814705,-0.08973411,0.08257169,True,
cd/490207,100,105,seed2,R1,0.38396476,0.25788117,0.0594486,0.16814705,-0.08973411,0.39156767,True,
cd/490207,100,105,seed3,R1,0.04832487,0.25788117,0.0594486,0.16814705,-0.08973411,0.07143603,True,
cd/490207,100,105,seed4,R1,0.11884751,0.25788117,0.0594486,0.16814705,-0.08973411,0.08004017,True,
cd/490207,100,105,seed5,R1,0.39676179,0.25788117,0.0594486,0.16814705,-0.08973411,0.2151197,True,
cd/490207,105,110,seed1,R1,0.31927891,0.33703895,0.24225047,0.95026027,0.61322132,0.08983897,True,
cd/490207,105,110,seed2,R1,3.70530837,0.33703895,0.24225047,0.95026027,0.61322132,2.69122941,True,
cd/490207,105,110,seed3,R1,0.11519677,0.33703895,0.24225047,0.95026027,0.61322132,0.62124065,True,
cd/490207,105,110,seed4,R1,1.37317291,0.33703895,0.24225047,0.95026027,0.61322132,1.30406207,True,
cd/490207,105,110,seed5,R1,0.44959673,0.33703895,0.24225047,0.95026027,0.61322132,0.04493025,True,
cd/490207,110,115,seed1,R1,0.26521445,0.44619134,0.09876285,0.59657534,0.15038399,0.13080162,True,
cd/490207,110,115,seed2,R1,1.30050936,0.44619134,0.09876285,0.59657534,0.15038399,1.68699894,True,
cd/490207,110,115,seed3,R1,0.79082383,0.44619134,0.09876285,0.59657534,0.15038399,0.53498782,True,
cd/490207,110,115,seed4,R1,0.24513464,0.44619134,0.09876285,0.59657534,0.15038399,0.18135816,True,
cd/490207,110,115,seed5,R1,0.87500866,0.44619134,0.09876285,0.59657534,0.15038399,0.44873014,True,
cd/490207,115,120,seed1,R1,1.08904604,0.49530494,0.3371713,0.90610095,0.410796,0.3354097,True,
cd/490207,115,120,seed2,R1,2.81088703,0.49530494,0.3371713,0.90610095,0.410796,1.42520178,True,
cd/490207,115,120,seed3,R1,0.72205413,0.49530494,0.3371713,0.90610095,0.410796,0.05431795,True,
cd/490207,115,120,seed4,R1,0.78342654,0.49530494,0.3371713,0.90610095,0.410796,2.62294453,True,
cd/490207,115,120,seed5,R1,0.81094748,0.49530494,0.3371713,0.90610095,0.410796,0.09263076,True,
cd/490207,120,125,seed1,R1,0.71072893,0.52999317,0.26878029,0.57512044,0.04512727,0.29447516,True,
cd/490207,120,125,seed2,R1,0.46121888,0.52999317,0.26878029,0.57512044,0.04512727,1.41304711,True,
cd/490207,120,125,seed3,R1,0.59597703,0.52999317,0.26878029,0.57512044,0.04512727,0.08907717,True,
cd/490207,120,125,seed4,R1,1.81036438,0.52999317,0.26878029,0.57512044,0.04512727,0.88023502,True,
cd/490207,120,125,seed5,R1,0.64121443,0.52999317,0.26878029,0.57512044,0.04512727,0.19876776,True,
cd/490208,100,105,seed1,R1,0.22284097,0.4650933,0.51561493,0.64991255,0.18481926,0.36975381,True,
cd/490208,100,105,seed2,R1,0.19064224,0.4650933,0.51561493,0.64991255,0.18481926,1.02568899,True,
cd/490208,100,105,seed3,R1,3.52640729,0.4650933,0.51561493,0.64991255,0.18481926,1.62315772,True,
cd/490208,100,105,seed4,R1,0.7139418,0.4650933,0.51561493,0.64991255,0.18481926,0.0119679,True,
cd/490208,100,105,seed5,R1,1.17380511,0.4650933,0.51561493,0.64991255,0.18481926,0.21899434,True,
cd/490208,105,110,seed1,R1,2.58420387,0.65833781,0.62916775,1.75834704,1.10000924,3.2781095,True,
cd/490208,105,110,seed2,R1,0.77067174,0.65833781,0.62916775,1.75834704,1.10000924,0.72936424,True,
cd/490208,105,110,seed3,R1,5.20377813,0.65833781,0.62916775,1.75834704,1.10000924,3.46019157,True,
cd/490208,105,110,seed4,R1,2.89911753,0.65833781,0.62916775,1.75834704,1.10000924,0.75080794,True,
cd/490208,105,110,seed5,R1,0.4798027,0.65833781,0.62916775,1.75834704,1.10000924,0.57326197,True,
cd/490208,110,115,seed1,R1,1.57153478,0.79348284,-0.08033363,1.45300265,0.65951981,1.35641339,True,
cd/490208,110,115,seed2,R1,3.07503109,0.79348284,-0.08033363,1.45300265,0.65951981,2.83101178,True,
cd/490208,110,115,seed3,R1,0.81113761,0.79348284,-0.08033363,1.45300265,0.65951981,1.38265954,True,
cd/490208,110,115,seed4,R1,0.22260377,0.79348284,-0.08033363,1.45300265,0.65951981,0.76954967,True,
cd/490208,110,115,seed5,R1,1.18303785,0.79348284,-0.08033363,1.45300265,0.65951981,0.92537889,True,
cd/490208,115,120,seed1,R1,2.38658235,0.93585114,0.23357359,2.60415898,1.66830784,0.77608359,True,
cd/490208,115,120,seed2,R1,5.59476558,0.93585114,0.23357359,2.60415898,1.66830784,6.61370228,True,
cd/490208,115,120,seed3,R1,0.98690578,0.93585114,0.23357359,2.60415898,1.66830784,0.42464777,True,
cd/490208,115,120,seed4,R1,3.86016765,0.93585114,0.23357359,2.60415898,1.66830784,3.4859762,True,
cd/490208,115,120,seed5,R1,1.36024147,0.93585114,0.23357359,2.60415898,1.66830784,1.72038504,True,
cd/490208,120,125,seed1,R1,0.6094658,0.87791344,0.44611121,1.73387763,0.85596419,0.11996619,True,
cd/490208,120,125,seed2,R1,5.87689219,0.87791344,0.44611121,1.73387763,0.85596419,3.69077112,True,
cd/490208,120,125,seed3,R1,2.65082563,0.87791344,0.44611121,1.73387763,0.85596419,0.98228462,True,
cd/490208,120,125,seed4,R1,1.26749048,0.87791344,0.44611121,1.73387763,0.85596419,2.74218566,True,
cd/490208,120,125,seed5,R1,0.49527007,0.87791344,0.44611121,1.73387763,0.85596419,1.13418054,True,
cd/490211,100,105,seed1,R1,1.24157081,0.34314279,0.42895775,0.16755574,-0.17558705,0.24372822,True,
cd/490211,100,105,seed2,R1,0.8377952,0.34314279,0.42895775,0.16755574,-0.17558705,0.11959197,True,
cd/490211,100,105,seed3,R1,0.18856385,0.34314279,0.42895775,0.16755574,-0.17558705,0.08481663,True,
cd/490211,100,105,seed4,R1,0.68452684,0.34314279,0.42895775,0.16755574,-0.17558705,0.05079642,True,
cd/490211,100,105,seed5,R1,0.03011075,0.34314279,0.42895775,0.16755574,-0.17558705,0.33884547,True,
cd/490211,105,110,seed1,R1,0.6111208,0.4581105,0.25723046,0.89560484,0.43749434,1.11694805,True,
cd/490211,105,110,seed2,R1,0.32275106,0.4581105,0.25723046,0.89560484,0.43749434,0.71860794,True,
cd/490211,105,110,seed3,R1,1.54096581,0.4581105,0.25723046,0.89560484,0.43749434,0.60628146,True,
cd/490211,105,110,seed4,R1,2.42882906,0.4581105,0.25723046,0.89560484,0.43749434,1.46875352,True,
cd/490211,105,110,seed5,R1,0.86050978,0.4581105,0.25723046,0.89560484,0.43749434,0.56743324,True,
cd/490211,110,115,seed1,R1,0.73815037,0.5699424,-0.12569606,2.09373928,1.52379688,1.50663756,True,
cd/490211,110,115,seed2,R1,3.9097916,0.5699424,-0.12569606,2.09373928,1.52379688,2.98252038,True,
cd/490211,110,115,seed3,R1,1.08931441,0.5699424,-0.12569606,2.09373928,1.52379688,2.54762784,True,
cd/490211,110,115,seed4,R1,1.65371541,0.5699424,-0.12569606,2.09373928,1.52379688,1.11096404,True,
cd/490211,110,115,seed5,R1,2.44924433,0.5699424,-0.12569606,2.09373928,1.52379688,2.3209466,True,
cd/490211,115,120,seed1,R1,0.85133994,0.71074837,0.56654529,2.05108397,1.3403356,0.22061383,True,
cd/490211,115,120,seed2,R1,5.63277243,0.71074837,0.56654529,2.05108397,1.3403356,6.48221888,True,
cd/490211,115,120,seed3,R1,3.91082831,0.71074837,0.56654529,2.05108397,1.3403356,1.68344652,True,
cd/490211,115,120,seed4,R1,1.73012181,0.71074837,0.56654529,2.05108397,1.3403356,1.26552011,True,
cd/490211,115,120,seed5,R1,0.9630838,0.71074837,0.56654529,2.05108397,1.3403356,0.60362051,True,
cd/490211,120,125,seed1,R1,0.82168016,0.84251303,-0.00875344,0.7472384,-0.09527463,0.43632914,True,
cd/490211,120,125,seed2,R1,0.99469624,0.84251303,-0.00875344,0.7472384,-0.09527463,0.89066345,True,
cd/490211,120,125,seed3,R1,0.20212102,0.84251303,-0.00875344,0.7472384,-0.09527463,0.78291346,True,
cd/490211,120,125,seed4,R1,1.46069272,0.84251303,-0.00875344,0.7472384,-0.09527463,1.10645945,True,
cd/490211,120,125,seed5,R1,0.21323465,0.84251303,-0.00875344,0.7472384,-0.09527463,0.51982652,True,
cd/490212,100,105,seed1,R1,0.19231451,0.37827375,-0.09869482,0.63114274,0.25286899,0.13273914,True,
cd/490212,100,105,seed2,R1,0.33352043,0.37827375,-0.09869482,0.63114274,0.25286899,0.34529318,True,
cd/490212,100,105,seed3,R1,0.38847287,0.37827375,-0.09869482,0.63114274,0.25286899,0.66347426,True,
cd/490212,100,105,seed4,R1,1.19153208,0.37827375,-0.09869482,0.63114274,0.25286899,1.21213554,True,
cd/490212,100,105,seed5,R1,0.55639972,0.37827375,-0.09869482,0.63114274,0.25286899,0.80207158,True,
cd/490212,105,110,seed1,R1,0.84643862,0.35599426,0.05455116,0.86002797,0.5040337,0.44490339,True,
cd/490212,105,110,seed2,R1,0.72475142,0.35599426,0.05455116,0.86002797,0.5040337,0.47257972,True,
cd/490212,105,110,seed3,R1,0.59278104,0.35599426,0.05455116,0.86002797,0.5040337,0.52034759,True,
cd/490212,105,110,seed4,R1,1.50424605,0.35599426,0.05455116,0.86002797,0.5040337,2.17572687,True,
cd/490212,105,110,seed5,R1,0.90467851,0.35599426,0.05455116,0.86002797,0.5040337,0.68658225,True,
cd/490212,110,115,seed1,R1,0.34190544,0.43747642,1.04581403,0.72454093,0.28706451,1.52526103,True,
cd/490212,110,115,seed2,R1,0.74732495,0.43747642,1.04581403,0.72454093,0.28706451,0.20058932,True,
cd/490212,110,115,seed3,R1,1.06813857,0.43747642,1.04581403,0.72454093,0.28706451,0.05140278,True,
cd/490212,110,115,seed4,R1,2.44578558,0.43747642,1.04581403,0.72454093,0.28706451,0.41329707,True,
cd/490212,110,115,seed5,R1,4.24862023,0.43747642,1.04581403,0.72454093,0.28706451,1.43215443,True,
cd/490212,115,120,seed1,R1,0.58349264,0.43823658,0.26689438,0.88092587,0.44268929,0.15175415,True,
cd/490212,115,120,seed2,R1,2.92401035,0.43823658,0.26689438,0.88092587,0.44268929,1.82794419,True,
cd/490212,115,120,seed3,R1,0.74727984,0.43823658,0.26689438,0.88092587,0.44268929,0.16263525,True,
cd/490212,115,120,seed4,R1,1.25250333,0.43823658,0.26689438,0.88092587,0.44268929,0.76679995,True,
cd/490212,115,120,seed5,R1,0.23181509,0.43823658,0.26689438,0.88092587,0.44268929,1.49549581,True,
cd/490212,120,125,seed1,R1,5.1799273,0.65363716,1.41884636,2.04550306,1.39186589,2.41561087,True,
cd/490212,120,125,seed2,R1,4.22450076,0.65363716,1.41884636,2.04550306,1.39186589,5.3492529,True,
cd/490212,120,125,seed3,R1,1.06149037,0.65363716,1.41884636,2.04550306,1.39186589,0.13447206,True,
cd/490212,120,125,seed4,R1,2.84264507,0.65363716,1.41884636,2.04550306,1.39186589,1.60836289,True,
cd/490212,120,125,seed5,R1,4.01318357,0.65363716,1.41884636,2.04550306,1.39186589,0.71981656,True,
cd/490213,100,105,seed1,R1,0.63477093,0.2423533,0.61728799,0.10614057,-0.13621273,0.09294152,True,
cd/490213,100,105,seed2,R1,0.87530077,0.2423533,0.61728799,0.10614057,-0.13621273,0.2163473,True,
cd/490213,100,105,seed3,R1,0.70929516,0.2423533,0.61728799,0.10614057,-0.13621273,0.05182084,True,
cd/490213,100,105,seed4,R1,0.71720288,0.2423533,0.61728799,0.10614057,-0.13621273,0.08658027,True,
cd/490213,100,105,seed5,R1,0.68057307,0.2423533,0.61728799,0.10614057,-0.13621273,0.08301291,True,
cd/490213,105,110,seed1,R1,0.70844574,0.34037977,0.3338408,0.77516289,0.43478313,0.24666356,True,
cd/490213,105,110,seed2,R1,2.03423265,0.34037977,0.3338408,0.77516289,0.43478313,1.85715825,True,
cd/490213,105,110,seed3,R1,0.94706739,0.34037977,0.3338408,0.77516289,0.43478313,0.19758303,True,
cd/490213,105,110,seed4,R1,0.58599988,0.34037977,0.3338408,0.77516289,0.43478313,1.2693971,True,
cd/490213,105,110,seed5,R1,1.26927281,0.34037977,0.3338408,0.77516289,0.43478313,0.30501252,True,
cd/490213,110,115,seed1,R1,1.54280761,0.3624931,0.59277278,0.62315666,0.26066356,0.56564449,True,
cd/490213,110,115,seed2,R1,2.53301375,0.3624931,0.59277278,0.62315666,0.26066356,1.23758893,True,
cd/490213,110,115,seed3,R1,0.65786199,0.3624931,0.59277278,0.62315666,0.26066356,0.6817216,True,
cd/490213,110,115,seed4,R1,0.75703574,0.3624931,0.59277278,0.62315666,0.26066356,0.26279819,True,
cd/490213,110,115,seed5,R1,0.58892807,0.3624931,0.59277278,0.62315666,0.26066356,0.36803006,True,
cd/490213,115,120,seed1,R1,2.92956606,0.71784087,0.17182245,2.3185342,1.60069334,1.4599238,True,
cd/490213,115,120,seed2,R1,3.38304892,0.71784087,0.17182245,2.3185342,1.60069334,4.35738542,True,
cd/490213,115,120,seed3,R1,4.28347229,0.71784087,0.17182245,2.3185342,1.60069334,3.97927497,True,
cd/490213,115,120,seed4,R1,1.28801622,0.71784087,0.17182245,2.3185342,1.60069334,1.34007715,True,
cd/490213,115,120,seed5,R1,0.56767978,0.71784087,0.17182245,2.3185342,1.60069334,0.45600968,True,
cd/490213,120,125,seed1,R1,1.89145188,0.96154633,0.59839959,1.90869494,0.94714861,0.64702923,True,
cd/490213,120,125,seed2,R1,2.15792809,0.96154633,0.59839959,1.90869494,0.94714861,1.18749754,True,
cd/490213,120,125,seed3,R1,4.6067581,0.96154633,0.59839959,1.90869494,0.94714861,2.59801339,True,
cd/490213,120,125,seed4,R1,2.24122587,0.96154633,0.59839959,1.90869494,0.94714861,1.01655804,True,
cd/490213,120,125,seed5,R1,1.63810871,0.96154633,0.59839959,1.90869494,0.94714861,4.09437647,True,
cd/490214,100,105,seed1,R1,0.32876579,0.36203552,0.34887211,0.21286942,-0.1491661,0.19943521,True,
cd/490214,100,105,seed2,R1,0.52665958,0.36203552,0.34887211,0.21286942,-0.1491661,0.06814407,True,
cd/490214,100,105,seed3,R1,0.38513972,0.36203552,0.34887211,0.21286942,-0.1491661,0.2801268,True,
cd/490214,100,105,seed4,R1,0.83132128,0.36203552,0.34887211,0.21286942,-0.1491661,0.44832943,True,
cd/490214,100,105,seed5,R1,0.73682126,0.36203552,0.34887211,0.21286942,-0.1491661,0.06831159,True,
cd/490214,105,110,seed1,R1,0.2425196,0.4866138,0.09832737,0.13957953,-0.34703427,0.03315541,True,
cd/490214,105,110,seed2,R1,0.01541733,0.4866138,0.09832737,0.13957953,-0.34703427,0.08431425,True,
cd/490214,105,110,seed3,R1,0.85040101,0.4866138,0.09832737,0.13957953,-0.34703427,0.40496093,True,
cd/490214,105,110,seed4,R1,7.5e-07,0.4866138,0.09832737,0.13957953,-0.34703427,0.15704357,True,
cd/490214,105,110,seed5,R1,0.0811958,0.4866138,0.09832737,0.13957953,-0.34703427,0.01842348,True,
cd/490214,110,115,seed1,R1,3.10440498,0.43971017,0.08773843,0.8506588,0.41094863,1.96713921,True,
cd/490214,110,115,seed2,R1,0.1357094,0.43971017,0.08773843,0.8506588,0.41094863,0.84948732,True,
cd/490214,110,115,seed3,R1,0.47607987,0.43971017,0.08773843,0.8506588,0.41094863,0.18382649,True,
cd/490214,110,115,seed4,R1,0.72733787,0.43971017,0.08773843,0.8506588,0.41094863,0.2186456,True,
cd/490214,110,115,seed5,R1,0.24845404,0.43971017,0.08773843,0.8506588,0.41094863,1.03419539,True,
cd/490214,115,120,seed1,R1,0.24208772,0.42507037,-0.02822296,0.68250087,0.2574305,0.42938421,True,
cd/490214,115,120,seed2,R1,0.60991588,0.42507037,-0.02822296,0.68250087,0.2574305,0.66039293,True,
cd/490214,115,120,seed3,R1,0.22040332,0.42507037,-0.02822296,0.68250087,0.2574305,0.35712751,True,
cd/490214,115,120,seed4,R1,1.76769838,0.42507037,-0.02822296,0.68250087,0.2574305,1.25182508,True,
cd/490214,115,120,seed5,R1,0.43128423,0.42507037,-0.02822296,0.68250087,0.2574305,0.71377462,True,
cd/490214,120,125,seed1,R1,0.35845261,0.39851898,0.2032634,0.46647438,0.06795541,0.09770818,True,
cd/490214,120,125,seed2,R1,0.1746271,0.39851898,0.2032634,0.46647438,0.06795541,0.26688875,True,
cd/490214,120,125,seed3,R1,0.12721829,0.39851898,0.2032634,0.46647438,0.06795541,0.46587784,True,
cd/490214,120,125,seed4,R1,0.40712765,0.39851898,0.2032634,0.46647438,0.06795541,0.07582246,True,
cd/490214,120,125,seed5,R1,2.28126329,0.39851898,0.2032634,0.46647438,0.06795541,1.42607469,True,
cd/490215,100,105,seed1,R1,1.77237371,0.33635692,1.48994771,0.28305393,-0.05330299,0.03506806,True,
cd/490215,100,105,seed2,R1,1.94724949,0.33635692,1.48994771,0.28305393,-0.05330299,0.19606255,True,
cd/490215,100,105,seed3,R1,1.11009726,0.33635692,1.48994771,0.28305393,-0.05330299,0.78265976,True,
cd/490215,100,105,seed4,R1,2.39461285,0.33635692,1.48994771,0.28305393,-0.05330299,0.32466934,True,
cd/490215,100,105,seed5,R1,1.6406749,0.33635692,1.48994771,0.28305393,-0.05330299,0.07680993,True,
cd/490215,105,110,seed1,R1,0.41957783,0.40180194,-0.13600129,1.89214029,1.49033834,0.34435498,True,
cd/490215,105,110,seed2,R1,1.54312022,0.40180194,-0.13600129,1.89214029,1.49033834,0.88292745,True,
cd/490215,105,110,seed3,R1,4.50156581,0.40180194,-0.13600129,1.89214029,1.49033834,5.45727874,True,
cd/490215,105,110,seed4,R1,1.83679784,0.40180194,-0.13600129,1.89214029,1.49033834,2.37371728,True,
cd/490215,105,110,seed5,R1,0.4796333,0.40180194,-0.13600129,1.89214029,1.49033834,0.40242299,True,
cd/490215,110,115,seed1,R1,0.88854688,0.45064754,0.00943977,0.7328146,0.28216706,0.49813108,True,
cd/490215,110,115,seed2,R1,0.35204783,0.45064754,0.00943977,0.7328146,0.28216706,0.51207932,True,
cd/490215,110,115,seed3,R1,0.68592997,0.45064754,0.00943977,0.7328146,0.28216706,1.20662944,True,
cd/490215,110,115,seed4,R1,1.19380047,0.45064754,0.00943977,0.7328146,0.28216706,0.91684108,True,
cd/490215,110,115,seed5,R1,0.59094666,0.45064754,0.00943977,0.7328146,0.28216706,0.53039205,True,
cd/490215,115,120,seed1,R1,1.05945954,0.48844516,0.38081696,0.50857336,0.02012821,0.19275784,True,
cd/490215,115,120,seed2,R1,1.77172991,0.48844516,0.38081696,0.50857336,0.02012821,0.80038074,True,
cd/490215,115,120,seed3,R1,0.79775274,0.48844516,0.38081696,0.50857336,0.02012821,0.40842005,True,
cd/490215,115,120,seed4,R1,0.16677684,0.48844516,0.38081696,0.50857336,0.02012821,1.03714648,True,
cd/490215,115,120,seed5,R1,0.65123258,0.48844516,0.38081696,0.50857336,0.02012821,0.10416171,True,
cd/490215,120,125,seed1,R1,1.05862974,0.52348258,0.6251384,1.27400039,0.75051781,0.38508453,True,
cd/490215,120,125,seed2,R1,3.6717153,0.52348258,0.6251384,1.27400039,0.75051781,2.43227995,True,
cd/490215,120,125,seed3,R1,0.59811567,0.52348258,0.6251384,1.27400039,0.75051781,0.11062829,True,
cd/490215,120,125,seed4,R1,0.97919035,0.52348258,0.6251384,1.27400039,0.75051781,0.35023848,True,
cd/490215,120,125,seed5,R1,3.18804288,0.52348258,0.6251384,1.27400039,0.75051781,3.09177069,True,
cd/490217,100,105,seed1,R1,0.91502162,0.09757294,2.40975276,0.17353183,0.07595888,0.61604117,True,
cd/490217,100,105,seed2,R1,3.45470044,0.09757294,2.40975276,0.17353183,0.07595888,0.12266971,True,
cd/490217,100,105,seed3,R1,2.83079685,0.09757294,2.40975276,0.17353183,0.07595888,0.04686987,True,
cd/490217,100,105,seed4,R1,2.41083573,0.09757294,2.40975276,0.17353183,0.07595888,0.00067966,True,
cd/490217,100,105,seed5,R1,3.3050683,0.09757294,2.40975276,0.17353183,0.07595888,0.08139874,True,
cd/490217,105,110,seed1,R1,0.04325253,0.14532238,0.02404233,0.03505621,-0.11026617,0.05368849,True,
cd/490217,105,110,seed2,R1,0.13474161,0.14532238,0.02404233,0.03505621,-0.11026617,0.0925928,True,
cd/490217,105,110,seed3,R1,0.05859357,0.14532238,0.02404233,0.03505621,-0.11026617,0.01326736,True,
cd/490217,105,110,seed4,R1,0.04191412,0.14532238,0.02404233,0.03505621,-0.11026617,0.0038318,True,
cd/490217,105,110,seed5,R1,0.01699088,0.14532238,0.02404233,0.03505621,-0.11026617,0.01190058,True,
cd/490217,110,115,seed1,R1,0.27873137,0.22745245,-0.01381777,0.11699942,-0.11045303,0.23375558,True,
cd/490217,110,115,seed2,R1,0.10554965,0.22745245,-0.01381777,0.11699942,-0.11045303,0.20050949,True,
cd/490217,110,115,seed3,R1,0.01603309,0.22745245,-0.01381777,0.11699942,-0.11045303,0.00119213,True,
cd/490217,110,115,seed4,R1,0.0419078,0.22745245,-0.01381777,0.11699942,-0.11045303,0.1112213,True,
cd/490217,110,115,seed5,R1,0.07368635,0.22745245,-0.01381777,0.11699942,-0.11045303,0.03831858,True,
cd/490217,115,120,seed1,R1,0.0264436,0.25616863,0.03133752,0.41983565,0.16366702,0.29164726,True,
cd/490217,115,120,seed2,R1,0.0871922,0.25616863,0.03133752,0.41983565,0.16366702,0.28806816,True,
cd/490217,115,120,seed3,R1,1.60609506,0.25616863,0.03133752,0.41983565,0.16366702,1.10754766,True,
cd/490217,115,120,seed4,R1,0.51959383,0.25616863,0.03133752,0.41983565,0.16366702,0.20496209,True,
cd/490217,115,120,seed5,R1,0.01654119,0.25616863,0.03133752,0.41983565,0.16366702,0.20695309,True,
cd/490217,120,125,seed1,R1,0.4336653,0.27022228,0.03967749,0.29052408,0.02030181,0.15008263,True,
cd/490217,120,125,seed2,R1,0.18082431,0.27022228,0.03967749,0.29052408,0.02030181,0.55715437,True,
cd/490217,120,125,seed3,R1,0.45725041,0.27022228,0.03967749,0.29052408,0.02030181,0.22462739,True,
cd/490217,120,125,seed4,R1,0.54288348,0.27022228,0.03967749,0.29052408,0.02030181,0.24181459,True,
cd/490217,120,125,seed5,R1,0.03638438,0.27022228,0.03967749,0.29052408,0.02030181,0.27894144,True,
cd/490219,100,105,seed1,R1,1.62706152,0.19169046,0.92548917,0.14175017,-0.04994029,0.12630503,True,
cd/490219,100,105,seed2,R1,1.11630742,0.19169046,0.92548917,0.14175017,-0.04994029,0.00826478,True,
cd/490219,100,105,seed3,R1,0.59554338,0.19169046,0.92548917,0.14175017,-0.04994029,0.35207383,True,
cd/490219,100,105,seed4,R1,1.47880185,0.19169046,0.92548917,0.14175017,-0.04994029,0.09451757,True,
cd/490219,100,105,seed5,R1,0.51848257,0.19169046,0.92548917,0.14175017,-0.04994029,0.12758966,True,
cd/490219,105,110,seed1,R1,0.31228956,0.42838434,0.38701547,0.86408019,0.43569585,1.06885255,True,
cd/490219,105,110,seed2,R1,3.77383701,0.42838434,0.38701547,0.86408019,0.43569585,1.95401296,True,
cd/490219,105,110,seed3,R1,1.47052009,0.42838434,0.38701547,0.86408019,0.43569585,0.51615779,True,
cd/490219,105,110,seed4,R1,0.49988052,0.42838434,0.38701547,0.86408019,0.43569585,0.32981281,True,
cd/490219,105,110,seed5,R1,0.19895112,0.42838434,0.38701547,0.86408019,0.43569585,0.45156485,True,
cd/490219,110,115,seed1,R1,2.21879825,0.58343783,0.43033371,1.25477205,0.67133422,1.20027842,True,
cd/490219,110,115,seed2,R1,1.06654686,0.58343783,0.43033371,1.25477205,0.67133422,1.43682164,True,
cd/490219,110,115,seed3,R1,3.21085354,0.58343783,0.43033371,1.25477205,0.67133422,1.53593161,True,
cd/490219,110,115,seed4,R1,1.71426998,0.58343783,0.43033371,1.25477205,0.67133422,1.90150395,True,
cd/490219,110,115,seed5,R1,0.21506017,0.58343783,0.43033371,1.25477205,0.67133422,0.19932464,True,
cd/490219,115,120,seed1,R1,6.77037987,0.88018594,0.67048642,3.24622223,2.36603629,4.81339713,True,
cd/490219,115,120,seed2,R1,6.29985134,0.88018594,0.67048642,3.24622223,2.36603629,2.74185218,True,
cd/490219,115,120,seed3,R1,4.26193966,0.88018594,0.67048642,3.24622223,2.36603629,3.18158549,True,
cd/490219,115,120,seed4,R1,1.20235676,0.88018594,0.67048642,3.24622223,2.36603629,3.9535442,True,
cd/490219,115,120,seed5,R1,1.04901565,0.88018594,0.67048642,3.24622223,2.36603629,1.54073215,True,
cd/490219,120,125,seed1,R1,1.03777918,0.94091801,-0.09722472,1.79978986,0.85887184,0.95183979,True,
cd/490219,120,125,seed2,R1,2.31865635,0.94091801,-0.09722472,1.79978986,0.85887184,2.24836164,True,
cd/490219,120,125,seed3,R1,2.83643747,0.94091801,-0.09722472,1.79978986,0.85887184,2.50022202,True,
cd/490219,120,125,seed4,R1,0.63596694,0.94091801,-0.09722472,1.79978986,0.85887184,0.91597913,True,
cd/490219,120,125,seed5,R1,1.68398576,0.94091801,-0.09722472,1.79978986,0.85887184,2.3825467,True,
cd/490221,100,105,seed1,R1,2.90290999,0.37330317,2.25381066,0.36030264,-0.01300052,0.34058878,True,
cd/490221,100,105,seed2,R1,2.49710231,0.37330317,2.25381066,0.36030264,-0.01300052,0.12030592,True,
cd/490221,100,105,seed3,R1,1.18671714,0.37330317,2.25381066,0.36030264,-0.01300052,0.43992021,True,
cd/490221,100,105,seed4,R1,4.17118582,0.37330317,2.25381066,0.36030264,-0.01300052,0.58323367,True,
cd/490221,100,105,seed5,R1,2.31265128,0.37330317,2.25381066,0.36030264,-0.01300052,0.31746464,True,
cd/490221,105,110,seed1,R1,0.92431979,0.51716396,0.12756181,0.94143407,0.42427011,0.52444869,True,
cd/490221,105,110,seed2,R1,0.84250082,0.51716396,0.12756181,0.94143407,0.42427011,0.21047883,True,
cd/490221,105,110,seed3,R1,1.66532161,0.51716396,0.12756181,0.94143407,0.42427011,1.65144453,True,
cd/490221,105,110,seed4,R1,1.18465943,0.51716396,0.12756181,0.94143407,0.42427011,0.81843,True,
cd/490221,105,110,seed5,R1,0.72817774,0.51716396,0.12756181,0.94143407,0.42427011,1.5023683,True,
cd/490221,110,115,seed1,R1,3.49534759,0.71609162,-0.08673373,1.34131035,0.62521873,3.49839961,True,
cd/490221,110,115,seed2,R1,0.52485211,0.71609162,-0.08673373,1.34131035,0.62521873,0.24368303,True,
cd/490221,110,115,seed3,R1,0.13351336,0.71609162,-0.08673373,1.34131035,0.62521873,0.73991656,True,
cd/490221,110,115,seed4,R1,0.34331582,0.71609162,-0.08673373,1.34131035,0.62521873,0.13714779,True,
cd/490221,110,115,seed5,R1,1.77585421,0.71609162,-0.08673373,1.34131035,0.62521873,2.08740476,True,
cd/490221,115,120,seed1,R1,1.55182247,0.70744809,0.26331079,1.17692261,0.46947453,3.28740763,True,
cd/490221,115,120,seed2,R1,1.40674294,0.70744809,0.26331079,1.17692261,0.46947453,0.80764507,True,
cd/490221,115,120,seed3,R1,0.47871897,0.70744809,0.26331079,1.17692261,0.46947453,0.21187549,True,
cd/490221,115,120,seed4,R1,0.77920355,0.70744809,0.26331079,1.17692261,0.46947453,0.1302789,True,
cd/490221,115,120,seed5,R1,2.98467907,0.70744809,0.26331079,1.17692261,0.46947453,1.44740597,True,
cd/490221,120,125,seed1,R1,1.19248365,0.6487802,0.5677709,1.17309045,0.52431025,1.26508949,True,
cd/490221,120,125,seed2,R1,3.66587764,0.6487802,0.5677709,1.17309045,0.52431025,2.6560134,True,
cd/490221,120,125,seed3,R1,2.00772151,0.6487802,0.5677709,1.17309045,0.52431025,0.48988137,True,
cd/490221,120,125,seed4,R1,1.11319493,0.6487802,0.5677709,1.17309045,0.52431025,1.35926739,True,
cd/490221,120,125,seed5,R1,0.72502903,0.6487802,0.5677709,1.17309045,0.52431025,0.0952006,True,
cd/490225,100,105,seed1,R1,1.88819787,0.44225036,0.52381888,0.52648203,0.08423167,0.46484117,True,
cd/490225,100,105,seed2,R1,0.15264429,0.44225036,0.52381888,0.52648203,0.08423167,0.65938205,True,
cd/490225,100,105,seed3,R1,0.75688345,0.44225036,0.52381888,0.52648203,0.08423167,0.14148712,True,
cd/490225,100,105,seed4,R1,2.18308529,0.44225036,0.52381888,0.52648203,0.08423167,0.75690609,True,
cd/490225,100,105,seed5,R1,0.27069366,0.44225036,0.52381888,0.52648203,0.08423167,0.60979373,True,
cd/490225,105,110,seed1,R1,4.32212967,0.74841773,0.996182,2.07540071,1.32698298,2.00484073,True,
cd/490225,105,110,seed2,R1,4.59548154,0.74841773,0.996182,2.07540071,1.32698298,1.31658132,True,
cd/490225,105,110,seed3,R1,1.97678409,0.74841773,0.996182,2.07540071,1.32698298,2.88543493,True,
cd/490225,105,110,seed4,R1,3.53041689,0.74841773,0.996182,2.07540071,1.32698298,1.94484261,True,
cd/490225,105,110,seed5,R1,0.93310136,0.74841773,0.996182,2.07540071,1.32698298,2.22530396,True,
cd/490225,110,115,seed1,R1,1.22932146,0.73569815,-0.23591359,2.3199717,1.58427355,0.92283829,True,
cd/490225,110,115,seed2,R1,2.22287459,0.73569815,-0.23591359,2.3199717,1.58427355,2.07218512,True,
cd/490225,110,115,seed3,R1,1.06027365,0.73569815,-0.23591359,2.3199717,1.58427355,1.44924721,True,
cd/490225,110,115,seed4,R1,1.98000288,0.73569815,-0.23591359,2.3199717,1.58427355,1.37281917,True,
cd/490225,110,115,seed5,R1,3.92781799,0.73569815,-0.23591359,2.3199717,1.58427355,5.78276872,True,
cd/490225,115,120,seed1,R1,2.58574359,0.74760829,0.37816876,2.32042203,1.57281375,0.81799314,True,
cd/490225,115,120,seed2,R1,2.860669,0.74760829,0.37816876,2.32042203,1.57281375,1.96367777,True,
cd/490225,115,120,seed3,R1,4.37862086,0.74760829,0.37816876,2.32042203,1.57281375,2.3259896,True,
cd/490225,115,120,seed4,R1,2.33965708,0.74760829,0.37816876,2.32042203,1.57281375,1.78794404,True,
cd/490225,115,120,seed5,R1,1.32826346,0.74760829,0.37816876,2.32042203,1.57281375,4.70650562,True,
cd/490225,120,125,seed1,R1,0.90770273,0.8850745,0.76407077,2.29065875,1.40558425,0.13151378,True,
cd/490225,120,125,seed2,R1,5.42970743,0.8850745,0.76407077,2.29065875,1.40558425,2.9846613,True,
cd/490225,120,125,seed3,R1,0.58656573,0.8850745,0.76407077,2.29065875,1.40558425,4.01321384,True,
cd/490225,120,125,seed4,R1,1.3662501,0.8850745,0.76407077,2.29065875,1.40558425,0.07520721,True,
cd/490225,120,125,seed5,R1,6.98342161,0.8850745,0.76407077,2.29065875,1.40558425,4.24869761,True,
cd/490227,100,105,seed1,R1,0.27044615,0.40449928,-0.01299052,0.42833199,0.02383271,0.10563656,True,
cd/490227,100,105,seed2,R1,0.49862488,0.40449928,-0.01299052,0.42833199,0.02383271,0.95900884,True,
cd/490227,100,105,seed3,R1,0.25437947,0.40449928,-0.01299052,0.42833199,0.02383271,0.08503316,True,
cd/490227,100,105,seed4,R1,0.90406335,0.40449928,-0.01299052,0.42833199,0.02383271,0.96444875,True,
cd/490227,100,105,seed5,R1,0.14919351,0.40449928,-0.01299052,0.42833199,0.02383271,0.02753265,True,
cd/490227,105,110,seed1,R1,0.2540191,0.31242654,-0.02722097,0.52924702,0.21682048,0.52529883,True,
cd/490227,105,110,seed2,R1,0.60851222,0.31242654,-0.02722097,0.52924702,0.21682048,0.3967269,True,
cd/490227,105,110,seed3,R1,1.2658758,0.31242654,-0.02722097,0.52924702,0.21682048,1.03348342,True,
cd/490227,105,110,seed4,R1,0.16957181,0.31242654,-0.02722097,0.52924702,0.21682048,0.20430555,True,
cd/490227,105,110,seed5,R1,0.21215132,0.31242654,-0.02722097,0.52924702,0.21682048,0.4864204,True,
cd/490227,110,115,seed1,R1,1.44874182,0.39658184,0.48335237,0.64259009,0.24600825,0.41682358,True,
cd/490227,110,115,seed2,R1,1.35859317,0.39658184,0.48335237,0.64259009,0.24600825,0.36972344,True,
cd/490227,110,115,seed3,R1,0.93784863,0.39658184,0.48335237,0.64259009,0.24600825,1.50962179,True,
cd/490227,110,115,seed4,R1,0.92914954,0.39658184,0.48335237,0.64259009,0.24600825,0.42256669,True,
cd/490227,110,115,seed5,R1,0.95537914,0.39658184,0.48335237,0.64259009,0.24600825,0.49421493,True,
cd/490227,115,120,seed1,R1,1.88197351,0.50432729,1.17088367,0.52677913,0.02245184,0.81513685,True,
cd/490227,115,120,seed2,R1,1.43893779,0.50432729,1.17088367,0.52677913,0.02245184,0.22488869,True,
cd/490227,115,120,seed3,R1,0.62270822,0.50432729,1.17088367,0.52677913,0.02245184,0.52314811,True,
cd/490227,115,120,seed4,R1,1.46285394,0.50432729,1.17088367,0.52677913,0.02245184,0.27805009,True,
cd/490227,115,120,seed5,R1,3.08184056,0.50432729,1.17088367,0.52677913,0.02245184,0.79267192,True,
cd/490227,120,125,seed1,R1,1.7117753,0.45039532,0.74741301,0.82683587,0.37644055,0.40313961,True,
cd/490227,120,125,seed2,R1,4.1417692,0.45039532,0.74741301,0.82683587,0.37644055,1.64656577,True,
cd/490227,120,125,seed3,R1,0.57864253,0.45039532,0.74741301,0.82683587,0.37644055,0.75520298,True,
cd/490227,120,125,seed4,R1,0.86580675,0.45039532,0.74741301,0.82683587,0.37644055,0.22306169,True,
cd/490227,120,125,seed5,R1,0.57325062,0.45039532,0.74741301,0.82683587,0.37644055,1.1062093,True,
cd/490228,100,105,seed1,R1,3.13346308,0.62330417,1.30404144,0.88972678,0.26642262,2.87166176,True,
cd/490228,100,105,seed2,R1,1.42228058,0.62330417,1.30404144,0.88972678,0.26642262,0.05243431,True,
cd/490228,100,105,seed3,R1,0.98620857,0.62330417,1.30404144,0.88972678,0.26642262,0.06330609,True,
cd/490228,100,105,seed4,R1,3.0936979,0.62330417,1.30404144,0.88972678,0.26642262,1.09530911,True,
cd/490228,100,105,seed5,R1,2.33319099,0.62330417,1.30404144,0.88972678,0.26642262,0.36592264,True,
cd/490228,105,110,seed1,R1,1.3780786,0.72323031,0.22617066,0.70362334,-0.01960697,0.48487004,True,
cd/490228,105,110,seed2,R1,0.59502369,0.72323031,0.22617066,0.70362334,-0.01960697,0.19895012,True,
cd/490228,105,110,seed3,R1,1.07426479,0.72323031,0.22617066,0.70362334,-0.01960697,0.40094711,True,
cd/490228,105,110,seed4,R1,0.57678661,0.72323031,0.22617066,0.70362334,-0.01960697,1.59600105,True,
cd/490228,105,110,seed5,R1,1.02481635,0.72323031,0.22617066,0.70362334,-0.01960697,0.83734839,True,
cd/490228,110,115,seed1,R1,2.71619671,0.89771548,-0.1445156,0.90968705,0.01197158,2.88600174,True,
cd/490228,110,115,seed2,R1,0.29393024,0.89771548,-0.1445156,0.90968705,0.01197158,0.35437566,True,
cd/490228,110,115,seed3,R1,0.22834528,0.89771548,-0.1445156,0.90968705,0.01197158,0.26480245,True,
cd/490228,110,115,seed4,R1,0.39903803,0.89771548,-0.1445156,0.90968705,0.01197158,0.64428755,True,
cd/490228,110,115,seed5,R1,0.188347,0.89771548,-0.1445156,0.90968705,0.01197158,0.39896788,True,
cd/490228,115,120,seed1,R1,1.19194544,0.93533389,1.43102674,1.62692646,0.69159257,0.24394559,True,
cd/490228,115,120,seed2,R1,2.55887949,0.93533389,1.43102674,1.62692646,0.69159257,2.66181886,True,
cd/490228,115,120,seed3,R1,5.99446426,0.93533389,1.43102674,1.62692646,0.69159257,3.33069958,True,
cd/490228,115,120,seed4,R1,4.38821282,0.93533389,1.43102674,1.62692646,0.69159257,1.30444798,True,
cd/490228,115,120,seed5,R1,1.15626399,0.93533389,1.43102674,1.62692646,0.69159257,0.5937203,True,
cd/490228,120,125,seed1,R1,0.91360258,1.0149059,0.71049127,3.81284853,2.79794262,0.92522842,True,
cd/490228,120,125,seed2,R1,8.22231897,1.0149059,0.71049127,3.81284853,2.79794262,8.47484003,True,
cd/490228,120,125,seed3,R1,11.30983444,1.0149059,0.71049127,3.81284853,2.79794262,7.9227394,True,
cd/490228,120,125,seed4,R1,1.86990028,1.0149059,0.71049127,3.81284853,2.79794262,0.20120281,True,
cd/490228,120,125,seed5,R1,0.30104271,1.0149059,0.71049127,3.81284853,2.79794262,1.54023198,True,
cd/490229,100,105,seed1,R1,3.60244502,0.56633765,2.58785145,0.41105311,-0.15528454,0.2470899,True,
cd/490229,100,105,seed2,R1,1.8090328,0.56633765,2.58785145,0.41105311,-0.15528454,0.37552514,True,
cd/490229,100,105,seed3,R1,2.38472301,0.56633765,2.58785145,0.41105311,-0.15528454,0.17554517,True,
cd/490229,100,105,seed4,R1,1.57970112,0.56633765,2.58785145,0.41105311,-0.15528454,0.33561077,True,
cd/490229,100,105,seed5,R1,5.61862086,0.56633765,2.58785145,0.41105311,-0.15528454,0.92149456,True,
cd/490229,105,110,seed1,R1,4.30444889,1.11089624,-0.21662014,3.38748513,2.27658889,4.16263126,True,
cd/490229,105,110,seed2,R1,2.45387713,1.11089624,-0.21662014,3.38748513,2.27658889,2.44077985,True,
cd/490229,105,110,seed3,R1,5.30647976,1.11089624,-0.21662014,3.38748513,2.27658889,4.15668766,True,
cd/490229,105,110,seed4,R1,1.87958428,1.11089624,-0.21662014,3.38748513,2.27658889,3.05527294,True,
cd/490229,105,110,seed5,R1,1.90993488,1.11089624,-0.21662014,3.38748513,2.27658889,3.12205392,True,
cd/490229,110,115,seed1,R1,3.08317491,1.51155419,0.0421819,4.12197588,2.61042168,2.86597311,True,
cd/490229,110,115,seed2,R1,3.80181253,1.51155419,0.0421819,4.12197588,2.61042168,4.67375846,True,
cd/490229,110,115,seed3,R1,9.36612376,1.51155419,0.0421819,4.12197588,2.61042168,9.01608161,True,
cd/490229,110,115,seed4,R1,3.5126276,1.51155419,0.0421819,4.12197588,2.61042168,3.5001256,True,
cd/490229,110,115,seed5,R1,1.05705009,1.51155419,0.0421819,4.12197588,2.61042168,0.55394061,True,
cd/490229,115,120,seed1,R1,5.38671772,1.84477484,0.4191817,3.91261432,2.06783948,2.97799344,True,
cd/490229,115,120,seed2,R1,4.61700062,1.84477484,0.4191817,3.91261432,2.06783948,4.8891727,True,
cd/490229,115,120,seed3,R1,1.39067162,1.84477484,0.4191817,3.91261432,2.06783948,5.1410409,True,
cd/490229,115,120,seed4,R1,5.79120048,1.84477484,0.4191817,3.91261432,2.06783948,3.27774227,True,
cd/490229,115,120,seed5,R1,4.47338964,1.84477484,0.4191817,3.91261432,2.06783948,3.27712229,True,
cd/490229,120,125,seed1,R1,3.53484504,1.83869057,0.21789388,3.63194806,1.79325749,4.32185913,True,
cd/490229,120,125,seed2,R1,4.57408881,1.83869057,0.21789388,3.63194806,1.79325749,3.61961194,True,
cd/490229,120,125,seed3,R1,1.84678771,1.83869057,0.21789388,3.63194806,1.79325749,2.66116903,True,
cd/490229,120,125,seed4,R1,4.92313791,1.83869057,0.21789388,3.63194806,1.79325749,3.83312085,True,
cd/490229,120,125,seed5,R1,4.37035023,1.83869057,0.21789388,3.63194806,1.79325749,3.72397933,True,
cd/490231,100,105,seed1,R1,3.5211403,0.95244327,2.48108539,1.02775501,0.07531174,0.77594739,True,
cd/490231,100,105,seed2,R1,1.79647477,0.95244327,2.48108539,1.02775501,0.07531174,0.57569123,True,
cd/490231,100,105,seed3,R1,5.09777644,0.95244327,2.48108539,1.02775501,0.07531174,0.69040735,True,
cd/490231,100,105,seed4,R1,3.653096,0.95244327,2.48108539,1.02775501,0.07531174,0.46178155,True,
cd/490231,100,105,seed5,R1,3.47571449,0.95244327,2.48108539,1.02775501,0.07531174,2.63494754,True,
cd/490231,105,110,seed1,R1,0.91404191,1.38823657,0.56615362,2.06429676,0.67606019,1.63674526,True,
cd/490231,105,110,seed2,R1,3.98059317,1.38823657,0.56615362,2.06429676,0.67606019,2.60792417,True,
cd/490231,105,110,seed3,R1,2.77322293,1.38823657,0.56615362,2.06429676,0.67606019,1.64471662,True,
cd/490231,105,110,seed4,R1,4.75420067,1.38823657,0.56615362,2.06429676,0.67606019,3.01010209,True,
cd/490231,105,110,seed5,R1,0.73019318,1.38823657,0.56615362,2.06429676,0.67606019,1.42199565,True,
cd/490231,110,115,seed1,R1,5.81291704,1.34706729,1.12730896,2.91311819,1.5660509,5.70978733,True,
cd/490231,110,115,seed2,R1,2.73837073,1.34706729,1.12730896,2.91311819,1.5660509,2.61135353,True,
cd/490231,110,115,seed3,R1,2.487585,1.34706729,1.12730896,2.91311819,1.5660509,1.26031504,True,
cd/490231,110,115,seed4,R1,7.49076106,1.34706729,1.12730896,2.91311819,1.5660509,4.14857084,True,
cd/490231,110,115,seed5,R1,1.67250191,1.34706729,1.12730896,2.91311819,1.5660509,0.83556422,True,
cd/490231,115,120,seed1,R1,3.4314628,1.72033142,0.49711123,1.86738632,0.1470549,2.05592869,True,
cd/490231,115,120,seed2,R1,3.63107251,1.72033142,0.49711123,1.86738632,0.1470549,1.5521904,True,
cd/490231,115,120,seed3,R1,2.59041305,1.72033142,0.49711123,1.86738632,0.1470549,3.26366094,True,
cd/490231,115,120,seed4,R1,0.60282667,1.72033142,0.49711123,1.86738632,0.1470549,0.82628329,True,
cd/490231,115,120,seed5,R1,1.56671271,1.72033142,0.49711123,1.86738632,0.1470549,1.63886827,True,
cd/490231,120,125,seed1,R1,5.34142478,1.84310268,1.40206627,2.01040563,0.16730295,2.68644757,True,
cd/490231,120,125,seed2,R1,2.76659221,1.84310268,1.40206627,2.01040563,0.16730295,2.08353112,True,
cd/490231,120,125,seed3,R1,1.22899631,1.84310268,1.40206627,2.01040563,0.16730295,0.65345487,True,
cd/490231,120,125,seed4,R1,3.69435552,1.84310268,1.40206627,2.01040563,0.16730295,0.98678599,True,
cd/490231,120,125,seed5,R1,4.03099067,1.84310268,1.40206627,2.01040563,0.16730295,3.6418086,True,
cd/490232,100,105,seed1,R1,0.70302401,0.57201381,-0.07664325,0.98275279,0.41073898,0.54052864,True,
cd/490232,100,105,seed2,R1,0.72338853,0.57201381,-0.07664325,0.98275279,0.41073898,1.0072916,True,
cd/490232,100,105,seed3,R1,1.92019764,0.57201381,-0.07664325,0.98275279,0.41073898,2.1563771,True,
cd/490232,100,105,seed4,R1,0.50085759,0.57201381,-0.07664325,0.98275279,0.41073898,0.20417967,True,
cd/490232,100,105,seed5,R1,0.68307991,0.57201381,-0.07664325,0.98275279,0.41073898,1.00538694,True,
cd/490232,105,110,seed1,R1,0.73455825,0.56173662,-0.335563,2.06452252,1.5027859,1.06420702,True,
cd/490232,105,110,seed2,R1,0.76309899,0.56173662,-0.335563,2.06452252,1.5027859,0.97713028,True,
cd/490232,105,110,seed3,R1,2.48597278,0.56173662,-0.335563,2.06452252,1.5027859,3.59888828,True,
cd/490232,105,110,seed4,R1,1.75320642,0.56173662,-0.335563,2.06452252,1.5027859,1.37246127,True,
cd/490232,105,110,seed5,R1,2.90796118,0.56173662,-0.335563,2.06452252,1.5027859,3.30992575,True,
cd/490232,110,115,seed1,R1,0.28804715,0.52488847,0.14903547,0.69315217,0.1682637,0.00038993,True,
cd/490232,110,115,seed2,R1,0.30843774,0.52488847,0.14903547,0.69315217,0.1682637,0.00084312,True,
cd/490232,110,115,seed3,R1,1.78146012,0.52488847,0.14903547,0.69315217,0.1682637,1.15766253,True,
cd/490232,110,115,seed4,R1,0.19451243,0.52488847,0.14903547,0.69315217,0.1682637,1.19409023,True,
cd/490232,110,115,seed5,R1,1.63848074,0.52488847,0.14903547,0.69315217,0.1682637,1.11277504,True,
cd/490232,115,120,seed1,R1,0.37720391,0.59478542,0.08606507,0.84842562,0.2536402,0.06052721,True,
cd/490232,115,120,seed2,R1,0.35567355,0.59478542,0.08606507,0.84842562,0.2536402,0.05487703,True,
cd/490232,115,120,seed3,R1,2.93489973,0.59478542,0.08606507,0.84842562,0.2536402,2.69901933,True,
cd/490232,115,120,seed4,R1,0.38630614,0.59478542,0.08606507,0.84842562,0.2536402,0.0630989,True,
cd/490232,115,120,seed5,R1,0.61837013,0.59478542,0.08606507,0.84842562,0.2536402,1.36460562,True,
cd/490232,120,125,seed1,R1,0.34490952,0.49718157,0.24198643,0.1952012,-0.30198037,0.03879027,True,
cd/490232,120,125,seed2,R1,0.3581916,0.49718157,0.24198643,0.1952012,-0.30198037,0.04127236,True,
cd/490232,120,125,seed3,R1,0.79095651,0.49718157,0.24198643,0.1952012,-0.30198037,0.77159518,True,
cd/490232,120,125,seed4,R1,0.38966832,0.49718157,0.24198643,0.1952012,-0.30198037,0.04816585,True,
cd/490232,120,125,seed5,R1,0.30221219,0.49718157,0.24198643,0.1952012,-0.30198037,0.07618235,True,
cd/490233,100,105,seed1,R1,5.3898429,0.16411106,3.77512117,0.1379437,-0.02616736,0.32099184,True,
cd/490233,100,105,seed2,R1,4.24043853,0.16411106,3.77512117,0.1379437,-0.02616736,0.08937781,True,
cd/490233,100,105,seed3,R1,3.01353459,0.16411106,3.77512117,0.1379437,-0.02616736,0.12306878,True,
cd/490233,100,105,seed4,R1,3.61719996,0.16411106,3.77512117,0.1379437,-0.02616736,0.04641385,True,
cd/490233,100,105,seed5,R1,3.30430837,0.16411106,3.77512117,0.1379437,-0.02616736,0.10986622,True,
cd/490233,105,110,seed1,R1,0.51147883,0.25584602,0.68159105,0.42045867,0.16461265,0.2619864,True,
cd/490233,105,110,seed2,R1,1.30876529,0.25584602,0.68159105,0.42045867,0.16461265,0.75617531,True,
cd/490233,105,110,seed3,R1,2.13403703,0.25584602,0.68159105,0.42045867,0.16461265,0.60442807,True,
cd/490233,105,110,seed4,R1,0.85950924,0.25584602,0.68159105,0.42045867,0.16461265,0.32491733,True,
cd/490233,105,110,seed5,R1,0.69645818,0.25584602,0.68159105,0.42045867,0.16461265,0.15478623,True,
cd/490233,110,115,seed1,R1,0.57055959,0.51398129,-0.18950527,1.16741459,0.65343331,0.43175539,True,
cd/490233,110,115,seed2,R1,0.4700741,0.51398129,-0.18950527,1.16741459,0.65343331,0.57477342,True,
cd/490233,110,115,seed3,R1,0.59707894,0.51398129,-0.18950527,1.16741459,0.65343331,0.82832731,True,
cd/490233,110,115,seed4,R1,1.66887762,0.51398129,-0.18950527,1.16741459,0.65343331,2.25939924,True,
cd/490233,110,115,seed5,R1,1.58295635,0.51398129,-0.18950527,1.16741459,0.65343331,1.74281761,True,
cd/490233,115,120,seed1,R1,4.39166792,0.66199593,0.22175755,1.34094315,0.67894722,2.56890805,True,
cd/490233,115,120,seed2,R1,1.7452021,0.66199593,0.22175755,1.34094315,0.67894722,2.49195285,True,
cd/490233,115,120,seed3,R1,0.3519518,0.66199593,0.22175755,1.34094315,0.67894722,0.54021266,True,
cd/490233,115,120,seed4,R1,0.8848347,0.66199593,0.22175755,1.34094315,0.67894722,0.54018265,True,
cd/490233,115,120,seed5,R1,0.43984701,0.66199593,0.22175755,1.34094315,0.67894722,0.56345956,True,
cd/490233,120,125,seed1,R1,3.21338241,0.84762318,0.141442,1.86918693,1.02156375,2.93958663,True,
cd/490233,120,125,seed2,R1,1.06132891,0.84762318,0.141442,1.86918693,1.02156375,0.37084737,True,
cd/490233,120,125,seed3,R1,0.89847217,0.84762318,0.141442,1.86918693,1.02156375,1.21707589,True,
cd/490233,120,125,seed4,R1,1.88713406,0.84762318,0.141442,1.86918693,1.02156375,3.02158928,True,
cd/490233,120,125,seed5,R1,2.99282709,0.84762318,0.141442,1.86918693,1.02156375,1.79683547,True,
cd/490234,100,105,seed1,R1,0.43212994,0.42178429,0.68603756,0.83077656,0.40899227,0.28871114,True,
cd/490234,100,105,seed2,R1,5.29960136,0.42178429,0.68603756,0.83077656,0.40899227,2.45811571,True,
cd/490234,100,105,seed3,R1,0.7085639,0.42178429,0.68603756,0.83077656,0.40899227,0.10599933,True,
cd/490234,100,105,seed4,R1,0.84922169,0.42178429,0.68603756,0.83077656,0.40899227,0.12882109,True,
cd/490234,100,105,seed5,R1,0.2945537,0.42178429,0.68603756,0.83077656,0.40899227,1.17223554,True,
cd/490234,105,110,seed1,R1,1.75674282,0.44569024,0.1554848,1.52978881,1.08409857,4.05036483,True,
cd/490234,105,110,seed2,R1,2.20677654,0.44569024,0.1554848,1.52978881,1.08409857,0.96465523,True,
cd/490234,105,110,seed3,R1,1.52919367,0.44569024,0.1554848,1.52978881,1.08409857,0.89906309,True,
cd/490234,105,110,seed4,R1,2.80759481,0.44569024,0.1554848,1.52978881,1.08409857,1.39676464,True,
cd/490234,105,110,seed5,R1,0.12606022,0.44569024,0.1554848,1.52978881,1.08409857,0.33809625,True,
cd/490234,110,115,seed1,R1,1.01536638,0.62810071,-0.11022327,2.13593341,1.50783271,1.57279684,True,
cd/490234,110,115,seed2,R1,2.65890042,0.62810071,-0.11022327,2.13593341,1.50783271,3.24349047,True,
cd/490234,110,115,seed3,R1,1.17655102,0.62810071,-0.11022327,2.13593341,1.50783271,0.84189276,True,
cd/490234,110,115,seed4,R1,4.84109447,0.62810071,-0.11022327,2.13593341,1.50783271,4.64445734,True,
cd/490234,110,115,seed5,R1,0.43663842,0.62810071,-0.11022327,2.13593341,1.50783271,0.37702966,True,
cd/490234,115,120,seed1,R1,0.55514346,0.59468033,-0.12733607,0.98750141,0.39282108,0.33784753,True,
cd/490234,115,120,seed2,R1,1.17719942,0.59468033,-0.12733607,0.98750141,0.39282108,0.88261886,True,
cd/490234,115,120,seed3,R1,0.23608211,0.59468033,-0.12733607,0.98750141,0.39282108,0.40583511,True,
cd/490234,115,120,seed4,R1,0.63210619,0.59468033,-0.12733607,0.98750141,0.39282108,0.37138621,True,
cd/490234,115,120,seed5,R1,1.70029554,0.59468033,-0.12733607,0.98750141,0.39282108,2.93981934,True,
cd/490234,120,125,seed1,R1,3.77469135,0.80834102,0.57217292,2.21830454,1.40996352,3.52423804,True,
cd/490234,120,125,seed2,R1,0.59363344,0.80834102,0.57217292,2.21830454,1.40996352,1.42736939,True,
cd/490234,120,125,seed3,R1,0.48271166,0.80834102,0.57217292,2.21830454,1.40996352,0.57780836,True,
cd/490234,120,125,seed4,R1,3.19374313,0.80834102,0.57217292,2.21830454,1.40996352,1.75273078,True,
cd/490234,120,125,seed5,R1,5.90760774,0.80834102,0.57217292,2.21830454,1.40996352,3.80937613,True,
cd/490235,100,105,seed1,R1,3.54712449,0.56533676,2.66490911,0.26821631,-0.29712045,0.23455009,True,
cd/490235,100,105,seed2,R1,1.02741539,0.56533676,2.66490911,0.26821631,-0.29712045,0.56240183,True,
cd/490235,100,105,seed3,R1,3.36691453,0.56533676,2.66490911,0.26821631,-0.29712045,0.34093249,True,
cd/490235,100,105,seed4,R1,3.70264573,0.56533676,2.66490911,0.26821631,-0.29712045,0.1283442,True,
cd/490235,100,105,seed5,R1,3.02152698,0.56533676,2.66490911,0.26821631,-0.29712045,0.07485294,True,
cd/490235,105,110,seed1,R1,1.09607768,0.85945016,0.70818574,1.04123767,0.18178751,0.18638138,True,
cd/490235,105,110,seed2,R1,5.32136072,0.85945016,0.70818574,1.04123767,0.18178751,2.65467208,True,
cd/490235,105,110,seed3,R1,0.54760627,0.85945016,0.70818574,1.04123767,0.18178751,0.49279655,True,
cd/490235,105,110,seed4,R1,0.32031817,0.85945016,0.70818574,1.04123767,0.18178751,1.05865656,True,
cd/490235,105,110,seed5,R1,1.46175424,0.85945016,0.70818574,1.04123767,0.18178751,0.8136818,True,
cd/490235,110,115,seed1,R1,1.3550025,1.02190498,0.78933216,1.48610487,0.46419989,3.81987272,True,
cd/490235,110,115,seed2,R1,4.04611487,1.02190498,0.78933216,1.48610487,0.46419989,1.55216326,True,
cd/490235,110,115,seed3,R1,3.25448307,1.02190498,0.78933216,1.48610487,0.46419989,1.46786964,True,
cd/490235,110,115,seed4,R1,1.63767375,1.02190498,0.78933216,1.48610487,0.46419989,0.39718991,True,
cd/490235,110,115,seed5,R1,1.08391098,1.02190498,0.78933216,1.48610487,0.46419989,0.19342884,True,
cd/490235,115,120,seed1,R1,4.72585917,1.03773776,0.27872048,3.16725025,2.12951249,3.22909065,True,
cd/490235,115,120,seed2,R1,6.18913623,1.03773776,0.27872048,3.16725025,2.12951249,3.45178336,True,
cd/490235,115,120,seed3,R1,1.53255396,1.03773776,0.27872048,3.16725025,2.12951249,4.7856213,True,
cd/490235,115,120,seed4,R1,3.24127337,1.03773776,0.27872048,3.16725025,2.12951249,3.68393458,True,
cd/490235,115,120,seed5,R1,1.54103091,1.03773776,0.27872048,3.16725025,2.12951249,0.68582137,True,
cd/490235,120,125,seed1,R1,3.78554668,1.25997296,0.18278282,2.82600974,1.56603678,3.62679863,True,
cd/490235,120,125,seed2,R1,3.07149964,1.25997296,0.18278282,2.82600974,1.56603678,3.34989214,True,
cd/490235,120,125,seed3,R1,3.85706214,1.25997296,0.18278282,2.82600974,1.56603678,3.73079795,True,
cd/490235,120,125,seed4,R1,2.83272663,1.25997296,0.18278282,2.82600974,1.56603678,1.85799661,True,
cd/490235,120,125,seed5,R1,1.49712773,1.25997296,0.18278282,2.82600974,1.56603678,1.56456338,True,
cd/490236,100,105,seed1,R1,3.70936848,0.70694776,4.90042168,0.45470776,-0.25224001,0.55633592,True,
cd/490236,100,105,seed2,R1,5.59874588,0.70694776,4.90042168,0.45470776,-0.25224001,0.48325335,True,
cd/490236,100,105,seed3,R1,4.43361801,0.70694776,4.90042168,0.45470776,-0.25224001,0.08280845,True,
cd/490236,100,105,seed4,R1,6.36720408,0.70694776,4.90042168,0.45470776,-0.25224001,0.61069771,True,
cd/490236,100,105,seed5,R1,6.66671074,0.70694776,4.90042168,0.45470776,-0.25224001,0.54044337,True,
cd/490236,105,110,seed1,R1,0.87419924,1.30248473,0.1829212,2.15664678,0.85416205,1.15976557,True,
cd/490236,105,110,seed2,R1,0.91167439,1.30248473,0.1829212,2.15664678,0.85416205,2.05133762,True,
cd/490236,105,110,seed3,R1,0.94837021,1.30248473,0.1829212,2.15664678,0.85416205,0.27792345,True,
cd/490236,105,110,seed4,R1,7.71160144,1.30248473,0.1829212,2.15664678,0.85416205,5.43053742,True,
cd/490236,105,110,seed5,R1,1.2519946,1.30248473,0.1829212,2.15664678,0.85416205,1.86366984,True,
cd/490236,110,115,seed1,R1,4.30916227,1.27716411,-0.08361401,4.29503966,3.01787555,4.78113892,True,
cd/490236,110,115,seed2,R1,5.91828694,1.27716411,-0.08361401,4.29503966,3.01787555,7.93339817,True,
cd/490236,110,115,seed3,R1,3.49916564,1.27716411,-0.08361401,4.29503966,3.01787555,2.08179761,True,
cd/490236,110,115,seed4,R1,1.34916057,1.27716411,-0.08361401,4.29503966,3.01787555,2.23924637,True,
cd/490236,110,115,seed5,R1,5.98135283,1.27716411,-0.08361401,4.29503966,3.01787555,4.43961723,True,
cd/490236,115,120,seed1,R1,1.325645,1.54874324,0.03988129,3.21110913,1.66236589,1.42311975,True,
cd/490236,115,120,seed2,R1,4.33885847,1.54874324,0.03988129,3.21110913,1.66236589,3.12053747,True,
cd/490236,115,120,seed3,R1,3.61272794,1.54874324,0.03988129,3.21110913,1.66236589,2.39752486,True,
cd/490236,115,120,seed4,R1,3.10961853,1.54874324,0.03988129,3.21110913,1.66236589,3.72657523,True,
cd/490236,115,120,seed5,R1,3.86810219,1.54874324,0.03988129,3.21110913,1.66236589,5.38778835,True,
cd/490236,120,125,seed1,R1,0.58089419,1.47532713,-0.09783505,2.12955855,0.65423141,0.60526827,True,
cd/490236,120,125,seed2,R1,4.44632949,1.47532713,-0.09783505,2.12955855,0.65423141,4.00218138,True,
cd/490236,120,125,seed3,R1,1.77501003,1.47532713,-0.09783505,2.12955855,0.65423141,2.34283724,True,
cd/490236,120,125,seed4,R1,1.67492732,1.47532713,-0.09783505,2.12955855,0.65423141,2.45588894,True,
cd/490236,120,125,seed5,R1,1.68145644,1.47532713,-0.09783505,2.12955855,0.65423141,1.24161688,True,
cd/490237,100,105,seed1,R1,0.06819167,0.04076221,0.01426486,0.02593334,-0.01482886,0.01850345,True,
cd/490237,100,105,seed2,R1,0.00614999,0.04076221,0.01426486,0.02593334,-0.01482886,0.05934539,True,
cd/490237,100,105,seed3,R1,0.00073943,0.04076221,0.01426486,0.02593334,-0.01482886,0.01575748,True,
cd/490237,100,105,seed4,R1,0.09202218,0.04076221,0.01426486,0.02593334,-0.01482886,0.03357197,True,
cd/490237,100,105,seed5,R1,0.03388777,0.04076221,0.01426486,0.02593334,-0.01482886,0.00248841,True,
cd/490237,105,110,seed1,R1,0.10827239,0.14796064,0.02650796,0.09797514,-0.0499855,0.01633966,True,
cd/490237,105,110,seed2,R1,0.11182519,0.14796064,0.02650796,0.09797514,-0.0499855,0.37691432,True,
cd/490237,105,110,seed3,R1,0.06899846,0.14796064,0.02650796,0.09797514,-0.0499855,0.00287514,True,
cd/490237,105,110,seed4,R1,0.15892786,0.14796064,0.02650796,0.09797514,-0.0499855,0.0422931,True,
cd/490237,105,110,seed5,R1,0.17439158,0.14796064,0.02650796,0.09797514,-0.0499855,0.05145347,True,
cd/490237,110,115,seed1,R1,0.87648409,0.22781942,0.16670702,0.15055713,-0.07726229,0.30327541,True,
cd/490237,110,115,seed2,R1,0.16892049,0.22781942,0.16670702,0.15055713,-0.07726229,0.00133195,True,
cd/490237,110,115,seed3,R1,0.51298108,0.22781942,0.16670702,0.15055713,-0.07726229,0.09287804,True,
cd/490237,110,115,seed4,R1,0.02779264,0.22781942,0.16670702,0.15055713,-0.07726229,0.09586347,True,
cd/490237,110,115,seed5,R1,0.00014241,0.22781942,0.16670702,0.15055713,-0.07726229,0.25943676,True,
cd/490237,115,120,seed1,R1,0.64584911,0.2098799,0.04614424,0.22698962,0.01710972,0.31386151,True,
cd/490237,115,120,seed2,R1,0.00579526,0.2098799,0.04614424,0.22698962,0.01710972,0.1792538,True,
cd/490237,115,120,seed3,R1,0.71216019,0.2098799,0.04614424,0.22698962,0.01710972,0.36630649,True,
cd/490237,115,120,seed4,R1,0.00043048,0.2098799,0.04614424,0.22698962,0.01710972,0.13065949,True,
cd/490237,115,120,seed5,R1,0.00143428,0.2098799,0.04614424,0.22698962,0.01710972,0.14486683,True,
cd/490237,120,125,seed1,R1,0.65015324,0.17693821,0.89998328,0.11915084,-0.05778737,0.02996593,True,
cd/490237,120,125,seed2,R1,0.53354855,0.17693821,0.89998328,0.11915084,-0.05778737,0.06653277,True,
cd/490237,120,125,seed3,R1,0.76201001,0.17693821,0.89998328,0.11915084,-0.05778737,0.00972853,True,
cd/490237,120,125,seed4,R1,0.67941952,0.17693821,0.89998328,0.11915084,-0.05778737,0.02342122,True,
cd/490237,120,125,seed5,R1,2.47053927,0.17693821,0.89998328,0.11915084,-0.05778737,0.46610575,True,
cd/490239,100,105,seed1,R1,0.73095271,0.29266176,0.70158179,0.1705289,-0.12213286,0.02758873,True,
cd/490239,100,105,seed2,R1,2.14731044,0.29266176,0.70158179,0.1705289,-0.12213286,0.47165086,True,
cd/490239,100,105,seed3,R1,0.29590543,0.29266176,0.70158179,0.1705289,-0.12213286,0.12349716,True,
cd/490239,100,105,seed4,R1,0.82574342,0.29266176,0.70158179,0.1705289,-0.12213286,0.07478599,True,
cd/490239,100,105,seed5,R1,0.36064146,0.29266176,0.70158179,0.1705289,-0.12213286,0.15512176,True,
cd/490239,105,110,seed1,R1,2.49278097,0.42744309,0.37455724,1.18778069,0.7603376,0.85258764,True,
cd/490239,105,110,seed2,R1,1.50760304,0.42744309,0.37455724,1.18778069,0.7603376,3.68748676,True,
cd/490239,105,110,seed3,R1,2.89981035,0.42744309,0.37455724,1.18778069,0.7603376,1.08670149,True,
cd/490239,105,110,seed4,R1,0.51525818,0.42744309,0.37455724,1.18778069,0.7603376,0.22024211,True,
cd/490239,105,110,seed5,R1,0.39623711,0.42744309,0.37455724,1.18778069,0.7603376,0.09188545,True,
cd/490239,110,115,seed1,R1,1.03839733,0.59471875,-0.23592661,1.61753258,1.02281382,1.99015325,True,
cd/490239,110,115,seed2,R1,0.42619276,0.59471875,-0.23592661,1.61753258,1.02281382,0.41828202,True,
cd/490239,110,115,seed3,R1,0.91034739,0.59471875,-0.23592661,1.61753258,1.02281382,1.8976555,True,
cd/490239,110,115,seed4,R1,3.22367424,0.59471875,-0.23592661,1.61753258,1.02281382,2.81078088,True,
cd/490239,110,115,seed5,R1,1.30941811,0.59471875,-0.23592661,1.61753258,1.02281382,0.97079124,True,
cd/490239,115,120,seed1,R1,2.07257967,0.54077578,-0.22007319,1.55894763,1.01817185,2.86086472,True,
cd/490239,115,120,seed2,R1,0.26740415,0.54077578,-0.22007319,1.55894763,1.01817185,0.7738054,True,
cd/490239,115,120,seed3,R1,0.28010462,0.54077578,-0.22007319,1.55894763,1.01817185,0.20856048,True,
cd/490239,115,120,seed4,R1,2.78783029,0.54077578,-0.22007319,1.55894763,1.01817185,2.69766302,True,
cd/490239,115,120,seed5,R1,1.28645344,0.54077578,-0.22007319,1.55894763,1.01817185,1.25384452,True,
cd/490239,120,125,seed1,R1,0.0686421,0.52806679,0.06844354,1.22018118,0.69211438,0.36106944,True,
cd/490239,120,125,seed2,R1,0.12075924,0.52806679,0.06844354,1.22018118,0.69211438,0.28494463,True,
cd/490239,120,125,seed3,R1,2.0556026,0.52806679,0.06844354,1.22018118,0.69211438,1.84265343,True,
cd/490239,120,125,seed4,R1,0.80447912,0.52806679,0.06844354,1.22018118,0.69211438,0.14946461,True,
cd/490239,120,125,seed5,R1,3.39364053,0.52806679,0.06844354,1.22018118,0.69211438,3.46277377,True,
cd/490240,100,105,seed1,R1,0.67849934,0.33884513,0.70774343,0.91505171,0.57620658,2.90071466,True,
cd/490240,100,105,seed2,R1,1.0634588,0.33884513,0.70774343,0.91505171,0.57620658,0.20937862,True,
cd/490240,100,105,seed3,R1,2.89248835,0.33884513,0.70774343,0.91505171,0.57620658,0.75616195,True,
cd/490240,100,105,seed4,R1,2.62051446,0.33884513,0.70774343,0.91505171,0.57620658,0.66852384,True,
cd/490240,100,105,seed5,R1,0.85901476,0.33884513,0.70774343,0.91505171,0.57620658,0.04047948,True,
cd/490240,105,110,seed1,R1,0.33276756,0.87660943,0.11473204,1.19665853,0.3200491,1.24587332,True,
cd/490240,105,110,seed2,R1,2.88191373,0.87660943,0.11473204,1.19665853,0.3200491,1.83703019,True,
cd/490240,105,110,seed3,R1,1.54974162,0.87660943,0.11473204,1.19665853,0.3200491,1.23083534,True,
cd/490240,105,110,seed4,R1,1.44077254,0.87660943,0.11473204,1.19665853,0.3200491,0.96455432,True,
cd/490240,105,110,seed5,R1,0.35175744,0.87660943,0.11473204,1.19665853,0.3200491,0.70499951,True,
cd/490240,110,115,seed1,R1,0.77090575,0.98049856,0.42522779,1.19925532,0.21875676,0.3665365,True,
cd/490240,110,115,seed2,R1,4.56790503,0.98049856,0.42522779,1.19925532,0.21875676,3.15767637,True,
cd/490240,110,115,seed3,R1,0.31571875,0.98049856,0.42522779,1.19925532,0.21875676,0.90113454,True,
cd/490240,110,115,seed4,R1,1.19628095,0.98049856,0.42522779,1.19925532,0.21875676,0.75015354,True,
cd/490240,110,115,seed5,R1,1.27160509,0.98049856,0.42522779,1.19925532,0.21875676,0.82077566,True,
cd/490240,115,120,seed1,R1,2.53392524,1.02868819,0.13438301,3.64758898,2.61890078,1.09264217,True,
cd/490240,115,120,seed2,R1,5.42145839,1.02868819,0.13438301,3.64758898,2.61890078,2.77198472,True,
cd/490240,115,120,seed3,R1,3.68161321,1.02868819,0.13438301,3.64758898,2.61890078,2.51191926,True,
cd/490240,115,120,seed4,R1,4.68480359,1.02868819,0.13438301,3.64758898,2.61890078,6.35731131,True,
cd/490240,115,120,seed5,R1,2.58805951,1.02868819,0.13438301,3.64758898,2.61890078,5.50408742,True,
cd/490240,120,125,seed1,R1,1.15187841,1.24270134,-0.30565318,4.0732533,2.83055196,2.66862779,True,
cd/490240,120,125,seed2,R1,1.50485135,1.24270134,-0.30565318,4.0732533,2.83055196,1.75539736,True,
cd/490240,120,125,seed3,R1,9.25905875,1.24270134,-0.30565318,4.0732533,2.83055196,10.3542662,True,
cd/490240,120,125,seed4,R1,1.88101521,1.24270134,-0.30565318,4.0732533,2.83055196,1.91724642,True,
cd/490240,120,125,seed5,R1,5.04119687,1.24270134,-0.30565318,4.0732533,2.83055196,3.67072872,True,
cd/490241,100,105,seed1,R1,0.47315477,0.16444141,0.65871344,0.18723706,0.02279564,0.33322953,True,
cd/490241,100,105,seed2,R1,1.31232092,0.16444141,0.65871344,0.18723706,0.02279564,0.25067042,True,
cd/490241,100,105,seed3,R1,0.68857869,0.16444141,0.65871344,0.18723706,0.02279564,0.01109198,True,
cd/490241,100,105,seed4,R1,0.73745349,0.16444141,0.65871344,0.18723706,0.02279564,0.18487496,True,
cd/490241,100,105,seed5,R1,1.01824463,0.16444141,0.65871344,0.18723706,0.02279564,0.15631841,True,
cd/490241,105,110,seed1,R1,0.07372445,0.53860715,0.53449012,0.5029718,-0.03563535,0.53658127,True,
cd/490241,105,110,seed2,R1,2.57308658,0.53860715,0.53449012,0.5029718,-0.03563535,0.90196535,True,
cd/490241,105,110,seed3,R1,0.64283621,0.53860715,0.53449012,0.5029718,-0.03563535,0.0412868,True,
cd/490241,105,110,seed4,R1,1.70224166,0.53860715,0.53449012,0.5029718,-0.03563535,0.49254336,True,
cd/490241,105,110,seed5,R1,0.19542069,0.53860715,0.53449012,0.5029718,-0.03563535,0.54248223,True,
cd/490241,110,115,seed1,R1,4.30196713,0.66852362,1.24731313,1.12811873,0.45959511,1.10428981,True,
cd/490241,110,115,seed2,R1,2.08511431,0.66852362,1.24731313,1.12811873,0.45959511,0.84554306,True,
cd/490241,110,115,seed3,R1,0.42244,0.66852362,1.24731313,1.12811873,0.45959511,0.45262781,True,
cd/490241,110,115,seed4,R1,4.91733475,0.66852362,1.24731313,1.12811873,0.45959511,1.69554097,True,
cd/490241,110,115,seed5,R1,0.1503031,0.66852362,1.24731313,1.12811873,0.45959511,1.542592,True,
cd/490241,115,120,seed1,R1,1.40840254,0.77365772,0.65455868,1.19863349,0.42497578,0.48548944,True,
cd/490241,115,120,seed2,R1,1.79373584,0.77365772,0.65455868,1.19863349,0.42497578,0.32400571,True,
cd/490241,115,120,seed3,R1,0.85627807,0.77365772,0.65455868,1.19863349,0.42497578,1.76546282,True,
cd/490241,115,120,seed4,R1,5.05428404,0.77365772,0.65455868,1.19863349,0.42497578,2.13187551,True,
cd/490241,115,120,seed5,R1,0.15326038,0.77365772,0.65455868,1.19863349,0.42497578,1.28633398,True,
cd/490241,120,125,seed1,R1,1.04957548,0.90865884,0.26523162,2.29394696,1.38528812,1.37801037,True,
cd/490241,120,125,seed2,R1,0.66131828,0.90865884,0.26523162,2.29394696,1.38528812,1.06399858,True,
cd/490241,120,125,seed3,R1,9.12257971,0.90865884,0.26523162,2.29394696,1.38528812,6.07696251,True,
cd/490241,120,125,seed4,R1,1.65882684,0.90865884,0.26523162,2.29394696,1.38528812,0.89683104,True,
cd/490241,120,125,seed5,R1,0.30359259,0.90865884,0.26523162,2.29394696,1.38528812,2.0539323,True,
cd/490243,100,105,seed1,R1,1.3912128,0.27528188,0.48675304,0.19729125,-0.07799063,0.30202086,True,
cd/490243,100,105,seed2,R1,0.22284831,0.27528188,0.48675304,0.19729125,-0.07799063,0.59553034,True,
cd/490243,100,105,seed3,R1,0.65651525,0.27528188,0.48675304,0.19729125,-0.07799063,0.02123936,True,
cd/490243,100,105,seed4,R1,0.48659084,0.27528188,0.48675304,0.19729125,-0.07799063,0.01615896,True,
cd/490243,100,105,seed5,R1,0.66305427,0.27528188,0.48675304,0.19729125,-0.07799063,0.05150673,True,
cd/490243,105,110,seed1,R1,1.28455102,0.40853943,0.3306209,0.46237797,0.05383854,0.59920764,True,
cd/490243,105,110,seed2,R1,1.26817527,0.40853943,0.3306209,0.46237797,0.05383854,1.16427998,True,
cd/490243,105,110,seed3,R1,0.51136369,0.40853943,0.3306209,0.46237797,0.05383854,0.07429652,True,
cd/490243,105,110,seed4,R1,0.45287186,0.40853943,0.3306209,0.46237797,0.05383854,0.23419274,True,
cd/490243,105,110,seed5,R1,0.44803252,0.40853943,0.3306209,0.46237797,0.05383854,0.23991298,True,
cd/490243,110,115,seed1,R1,0.49070844,0.60357435,0.80783283,0.57167929,-0.03189506,0.33588722,True,
cd/490243,110,115,seed2,R1,1.09509182,0.60357435,0.80783283,0.57167929,-0.03189506,0.43337466,True,
cd/490243,110,115,seed3,R1,0.49331486,0.60357435,0.80783283,0.57167929,-0.03189506,0.44467046,True,
cd/490243,110,115,seed4,R1,1.58807536,0.60357435,0.80783283,0.57167929,-0.03189506,0.4250534,True,
cd/490243,110,115,seed5,R1,3.23037013,0.60357435,0.80783283,0.57167929,-0.03189506,1.21941069,True,
cd/490243,115,120,seed1,R1,0.68142739,0.73984801,0.27646764,1.12496888,0.38512087,0.19077201,True,
cd/490243,115,120,seed2,R1,3.25747459,0.73984801,0.27646764,1.12496888,0.38512087,2.2659516,True,
cd/490243,115,120,seed3,R1,0.95256031,0.73984801,0.27646764,1.12496888,0.38512087,1.39940775,True,
cd/490243,115,120,seed4,R1,1.30795071,0.73984801,0.27646764,1.12496888,0.38512087,0.93613008,True,
cd/490243,115,120,seed5,R1,0.80776958,0.73984801,0.27646764,1.12496888,0.38512087,0.83258295,True,
cd/490243,120,125,seed1,R1,0.35448362,0.70354068,0.04456289,0.97502693,0.27148626,1.09257944,True,
cd/490243,120,125,seed2,R1,0.82480716,0.70354068,0.04456289,0.97502693,0.27148626,1.30250264,True,
cd/490243,120,125,seed3,R1,1.89539527,0.70354068,0.04456289,0.97502693,0.27148626,1.1232533,True,
cd/490243,120,125,seed4,R1,1.67747757,0.70354068,0.04456289,0.97502693,0.27148626,1.17586478,True,
cd/490243,120,125,seed5,R1,0.34578546,0.70354068,0.04456289,0.97502693,0.27148626,0.1809345,True,
cd/490245,100,105,seed1,R1,0.69517276,1.11030083,1.50389384,0.86645158,-0.24384925,0.56360552,True,
cd/490245,100,105,seed2,R1,4.46627954,1.11030083,1.50389384,0.86645158,-0.24384925,1.9309668,True,
cd/490245,100,105,seed3,R1,2.39724021,1.11030083,1.50389384,0.86645158,-0.24384925,1.08614108,True,
cd/490245,100,105,seed4,R1,1.59421098,1.11030083,1.50389384,0.86645158,-0.24384925,0.23951775,True,
cd/490245,100,105,seed5,R1,2.69882361,1.11030083,1.50389384,0.86645158,-0.24384925,0.51202674,True,
cd/490245,105,110,seed1,R1,1.20031694,1.33021219,-0.23686049,1.66850209,0.33828991,0.98485403,True,
cd/490245,105,110,seed2,R1,1.41696442,1.33021219,-0.23686049,1.66850209,0.33828991,1.78214682,True,
cd/490245,105,110,seed3,R1,1.84666054,1.33021219,-0.23686049,1.66850209,0.33828991,2.51398105,True,
cd/490245,105,110,seed4,R1,1.4125405,1.33021219,-0.23686049,1.66850209,0.33828991,1.57484307,True,
cd/490245,105,110,seed5,R1,1.28172564,1.33021219,-0.23686049,1.66850209,0.33828991,1.48668551,True,
cd/490245,110,115,seed1,R1,1.3937312,1.1593811,0.83006392,2.66938882,1.51000773,0.98705377,True,
cd/490245,110,115,seed2,R1,5.79053892,1.1593811,0.83006392,2.66938882,1.51000773,3.22701533,True,
cd/490245,110,115,seed3,R1,1.29832729,1.1593811,0.83006392,2.66938882,1.51000773,1.04421812,True,
cd/490245,110,115,seed4,R1,2.63753792,1.1593811,0.83006392,2.66938882,1.51000773,4.13532179,True,
cd/490245,110,115,seed5,R1,6.37712839,1.1593811,0.83006392,2.66938882,1.51000773,3.95333512,True,
cd/490245,115,120,seed1,R1,3.91254858,1.20810704,0.2450466,2.59818565,1.39007861,4.23044575,True,
cd/490245,115,120,seed2,R1,2.42306292,1.20810704,0.2450466,2.59818565,1.39007861,1.61269855,True,
cd/490245,115,120,seed3,R1,1.48986407,1.20810704,0.2450466,2.59818565,1.39007861,0.94600632,True,
cd/490245,115,120,seed4,R1,3.74270103,1.20810704,0.2450466,2.59818565,1.39007861,3.36970072,True,
cd/490245,115,120,seed5,R1,2.64798463,1.20810704,0.2450466,2.59818565,1.39007861,2.83207691,True,
cd/490245,120,125,seed1,R1,3.3123013,1.32439483,-0.34353665,4.68777263,3.3633778,1.85695271,True,
cd/490245,120,125,seed2,R1,4.20057218,1.32439483,-0.34353665,4.68777263,3.3633778,3.89131058,True,
cd/490245,120,125,seed3,R1,4.65592145,1.32439483,-0.34353665,4.68777263,3.3633778,3.68578323,True,
cd/490245,120,125,seed4,R1,3.47480461,1.32439483,-0.34353665,4.68777263,3.3633778,4.22505046,True,
cd/490245,120,125,seed5,R1,6.07758035,1.32439483,-0.34353665,4.68777263,3.3633778,9.77976618,True,
cd/490246,100,105,seed1,R1,0.86477375,0.09244627,0.49454933,0.04833489,-0.04411138,0.09472224,True,
cd/490246,100,105,seed2,R1,0.42925392,0.09244627,0.49454933,0.04833489,-0.04411138,0.05795424,True,
cd/490246,100,105,seed3,R1,0.64878,0.09244627,0.49454933,0.04833489,-0.04411138,0.02900106,True,
cd/490246,100,105,seed4,R1,0.39929772,0.09244627,0.49454933,0.04833489,-0.04411138,0.01278673,True,
cd/490246,100,105,seed5,R1,0.3723157,0.09244627,0.49454933,0.04833489,-0.04411138,0.04721019,True,
cd/490246,105,110,seed1,R1,0.49346179,0.17355236,0.48655132,0.43319159,0.25963923,0.50503584,True,
cd/490246,105,110,seed2,R1,1.92026697,0.17355236,0.48655132,0.43319159,0.25963923,0.63772764,True,
cd/490246,105,110,seed3,R1,1.02194656,0.17355236,0.48655132,0.43319159,0.25963923,0.47900062,True,
cd/490246,105,110,seed4,R1,0.21653577,0.17355236,0.48655132,0.43319159,0.25963923,0.22241577,True,
cd/490246,105,110,seed5,R1,0.94650346,0.17355236,0.48655132,0.43319159,0.25963923,0.32177811,True,
cd/490246,110,115,seed1,R1,5.9401691,0.61952946,0.42497452,1.31680499,0.69727554,3.56720725,True,
cd/490246,110,115,seed2,R1,0.89594607,0.61952946,0.42497452,1.31680499,0.69727554,0.17441888,True,
cd/490246,110,115,seed3,R1,0.1724804,0.61952946,0.42497452,1.31680499,0.69727554,0.52018151,True,
cd/490246,110,115,seed4,R1,0.69752231,0.61952946,0.42497452,1.31680499,0.69727554,0.14194452,True,
cd/490246,110,115,seed5,R1,1.00277969,0.61952946,0.42497452,1.31680499,0.69727554,2.1802728,True,
cd/490246,115,120,seed1,R1,3.90236645,0.61921466,-0.28540966,2.19958538,1.58037071,4.49853224,True,
cd/490246,115,120,seed2,R1,0.41465069,0.61921466,-0.28540966,2.19958538,1.58037071,0.30174598,True,
cd/490246,115,120,seed3,R1,1.38672398,0.61921466,-0.28540966,2.19958538,1.58037071,2.11421338,True,
cd/490246,115,120,seed4,R1,3.78222666,0.61921466,-0.28540966,2.19958538,1.58037071,3.74392039,True,
cd/490246,115,120,seed5,R1,0.0849108,0.61921466,-0.28540966,2.19958538,1.58037071,0.3395149,True,
cd/490246,120,125,seed1,R1,0.75508333,0.69005689,-0.12530339,1.28858509,0.5985282,1.14821043,True,
cd/490246,120,125,seed2,R1,2.01654718,0.69005689,-0.12530339,1.28858509,0.5985282,1.77550269,True,
cd/490246,120,125,seed3,R1,0.85446337,0.69005689,-0.12530339,1.28858509,0.5985282,1.83416691,True,
cd/490246,120,125,seed4,R1,2.09037454,0.69005689,-0.12530339,1.28858509,0.5985282,1.60902513,True,
cd/490246,120,125,seed5,R1,0.09994009,0.69005689,-0.12530339,1.28858509,0.5985282,0.0760203,True,
cd/490248,100,105,seed1,R1,0.04674985,0.00271295,0.03859367,0.00366255,0.0009496,0.00040091,True,
cd/490248,100,105,seed2,R1,0.07372337,0.00271295,0.03859367,0.00366255,0.0009496,0.00670003,True,
cd/490248,100,105,seed3,R1,0.01113135,0.00271295,0.03859367,0.00366255,0.0009496,0.01076552,True,
cd/490248,100,105,seed4,R1,0.04514941,0.00271295,0.03859367,0.00366255,0.0009496,0.00025119,True,
cd/490248,100,105,seed5,R1,0.03452711,0.00271295,0.03859367,0.00366255,0.0009496,0.00019511,True,
cd/490248,105,110,seed1,R1,0.02258191,0.00321459,0.02092649,0.05539804,0.05218344,0.00102457,True,
cd/490248,105,110,seed2,R1,0.18493108,0.00321459,0.02092649,0.05539804,0.05218344,0.07883515,True,
cd/490248,105,110,seed3,R1,0.07736217,0.00321459,0.02092649,0.05539804,0.05218344,0.01231025,True,
cd/490248,105,110,seed4,R1,0.04046875,0.00321459,0.02092649,0.05539804,0.05218344,0.18056739,True,
cd/490248,105,110,seed5,R1,0.0562787,0.00321459,0.02092649,0.05539804,0.05218344,0.00425282,True,
cd/490248,110,115,seed1,R1,0.09601013,0.00411932,0.04745458,0.0271568,0.02303748,0.00797713,True,
cd/490248,110,115,seed2,R1,0.20919406,0.00411932,0.04745458,0.0271568,0.02303748,0.06464296,True,
cd/490248,110,115,seed3,R1,0.00026517,0.00411932,0.04745458,0.0271568,0.02303748,0.05707674,True,
cd/490248,110,115,seed4,R1,0.03951891,0.00411932,0.04745458,0.0271568,0.02303748,0.00121491,True,
cd/490248,110,115,seed5,R1,0.02806864,0.00411932,0.04745458,0.0271568,0.02303748,0.00487226,True,
cd/490248,115,120,seed1,R1,0.03219528,0.00722185,0.01827664,0.04128579,0.03406394,0.0003419,True,
cd/490248,115,120,seed2,R1,0.19164349,0.00722185,0.01827664,0.04128579,0.03406394,0.09444813,True,
cd/490248,115,120,seed3,R1,0.02515783,0.00722185,0.01827664,0.04128579,0.03406394,2.29e-05,True,
cd/490248,115,120,seed4,R1,0.01841644,0.00722185,0.01827664,0.04128579,0.03406394,0.11145183,True,
cd/490248,115,120,seed5,R1,0.03039911,0.00722185,0.01827664,0.04128579,0.03406394,0.00016421,True,
cd/490248,120,125,seed1,R1,0.00205358,0.01031393,-0.00348135,0.01837082,0.00805689,0.00438112,True,
cd/490248,120,125,seed2,R1,0.01436366,0.01031393,-0.00348135,0.01837082,0.00805689,0.01403513,True,
cd/490248,120,125,seed3,R1,0.03899917,0.01031393,-0.00348135,0.01837082,0.00805689,0.05584542,True,
cd/490248,120,125,seed4,R1,0.0063951,0.01031393,-0.00348135,0.01837082,0.00805689,0.00545881,True,
cd/490248,120,125,seed5,R1,0.01263585,0.01031393,-0.00348135,0.01837082,0.00805689,0.01213362,True,
cd/490249,100,105,seed1,R1,0.47479041,0.3963784,0.24504124,0.18832958,-0.20804882,0.13182044,True,
cd/490249,100,105,seed2,R1,0.75942912,0.3963784,0.24504124,0.18832958,-0.20804882,0.28454785,True,
cd/490249,100,105,seed3,R1,0.25596398,0.3963784,0.24504124,0.18832958,-0.20804882,0.09407464,True,
cd/490249,100,105,seed4,R1,0.55698435,0.3963784,0.24504124,0.18832958,-0.20804882,0.13312575,True,
cd/490249,100,105,seed5,R1,0.11968623,0.3963784,0.24504124,0.18832958,-0.20804882,0.29807922,True,
cd/490249,105,110,seed1,R1,1.76708811,0.79733902,1.27875052,2.32084805,1.52350903,1.94141992,True,
cd/490249,105,110,seed2,R1,4.50120863,0.79733902,1.27875052,2.32084805,1.52350903,2.47974292,True,
cd/490249,105,110,seed3,R1,5.27078306,0.79733902,1.27875052,2.32084805,1.52350903,2.28233091,True,
cd/490249,105,110,seed4,R1,5.5805142,0.79733902,1.27875052,2.32084805,1.52350903,4.2031783,True,
cd/490249,105,110,seed5,R1,0.87839883,0.79733902,1.27875052,2.32084805,1.52350903,0.69756818,True,
cd/490249,110,115,seed1,R1,1.82594516,1.41971617,-0.14658986,2.70254158,1.28282542,2.31892839,True,
cd/490249,110,115,seed2,R1,1.37131549,1.41971617,-0.14658986,2.70254158,1.28282542,1.06839759,True,
cd/490249,110,115,seed3,R1,6.07868044,1.41971617,-0.14658986,2.70254158,1.28282542,5.11892353,True,
cd/490249,110,115,seed4,R1,1.68223083,1.41971617,-0.14658986,2.70254158,1.28282542,1.79534887,True,
cd/490249,110,115,seed5,R1,1.8215867,1.41971617,-0.14658986,2.70254158,1.28282542,3.21110955,True,
cd/490249,115,120,seed1,R1,5.8578011,1.39133624,0.72430766,4.60769799,3.21636175,7.341518,True,
cd/490249,115,120,seed2,R1,2.98974899,1.39133624,0.72430766,4.60769799,3.21636175,3.33376086,True,
cd/490249,115,120,seed3,R1,3.2839909,1.39133624,0.72430766,4.60769799,3.21636175,1.45981223,True,
cd/490249,115,120,seed4,R1,13.35223849,1.39133624,0.72430766,4.60769799,3.21636175,8.74060594,True,
cd/490249,115,120,seed5,R1,1.17624876,1.39133624,0.72430766,4.60769799,3.21636175,2.16279292,True,
cd/490249,120,125,seed1,R1,3.28020061,1.37427239,-0.09218446,4.13886285,2.76459046,4.21695837,True,
cd/490249,120,125,seed2,R1,3.45030886,1.37427239,-0.09218446,4.13886285,2.76459046,2.80510908,True,
cd/490249,120,125,seed3,R1,2.77454391,1.37427239,-0.09218446,4.13886285,2.76459046,2.61206121,True,
cd/490249,120,125,seed4,R1,8.36263418,1.37427239,-0.09218446,4.13886285,2.76459046,7.97305573,True,
cd/490249,120,125,seed5,R1,2.36570439,1.37427239,-0.09218446,4.13886285,2.76459046,3.08712986,True,
cd/490254,100,105,seed1,R1,0.03992547,0.11734263,0.15944297,0.07183363,-0.04550899,0.06531481,True,
cd/490254,100,105,seed2,R1,0.05776693,0.11734263,0.15944297,0.07183363,-0.04550899,0.04847882,True,
cd/490254,100,105,seed3,R1,0.13921611,0.11734263,0.15944297,0.07183363,-0.04550899,0.0075779,True,
cd/490254,100,105,seed4,R1,0.22271024,0.11734263,0.15944297,0.07183363,-0.04550899,0.01667768,True,
cd/490254,100,105,seed5,R1,0.69676423,0.11734263,0.15944297,0.07183363,-0.04550899,0.22111895,True,
cd/490254,105,110,seed1,R1,0.01919924,0.29712983,0.02690142,0.32574953,0.0286197,0.18925423,True,
cd/490254,105,110,seed2,R1,0.66566702,0.29712983,0.02690142,0.32574953,0.0286197,0.35105385,True,
cd/490254,105,110,seed3,R1,0.19203644,0.29712983,0.02690142,0.32574953,0.0286197,0.02534546,True,
cd/490254,105,110,seed4,R1,0.646603,0.29712983,0.02690142,0.32574953,0.0286197,0.73132876,True,
cd/490254,105,110,seed5,R1,0.23974903,0.29712983,0.02690142,0.32574953,0.0286197,0.33176535,True,
cd/490254,110,115,seed1,R1,0.20091154,0.47282145,0.09123381,0.46899497,-0.00382648,0.48337234,True,
cd/490254,110,115,seed2,R1,0.10317462,0.47282145,0.09123381,0.46899497,-0.00382648,0.320639,True,
cd/490254,110,115,seed3,R1,1.23134324,0.47282145,0.09123381,0.46899497,-0.00382648,0.71249464,True,
cd/490254,110,115,seed4,R1,0.69066672,0.47282145,0.09123381,0.46899497,-0.00382648,0.25623341,True,
cd/490254,110,115,seed5,R1,0.57504777,0.47282145,0.09123381,0.46899497,-0.00382648,0.57223545,True,
cd/490254,115,120,seed1,R1,2.93747002,0.43035271,0.09862881,1.48452232,1.05416961,2.04585903,True,
cd/490254,115,120,seed2,R1,0.05252204,0.43035271,0.09862881,1.48452232,1.05416961,0.89142071,True,
cd/490254,115,120,seed3,R1,1.53069534,0.43035271,0.09862881,1.48452232,1.05416961,1.08487828,True,
cd/490254,115,120,seed4,R1,2.86553915,0.43035271,0.09862881,1.48452232,1.05416961,1.45274063,True,
cd/490254,115,120,seed5,R1,0.52952913,0.43035271,0.09862881,1.48452232,1.05416961,1.94771295,True,
cd/490254,120,125,seed1,R1,3.97743959,0.58549219,0.51667476,3.36237598,2.77688379,2.09168794,True,
cd/490254,120,125,seed2,R1,3.04224238,0.58549219,0.51667476,3.36237598,2.77688379,1.75309089,True,
cd/490254,120,125,seed3,R1,0.59703222,0.58549219,0.51667476,3.36237598,2.77688379,3.85372901,True,
cd/490254,120,125,seed4,R1,11.01452927,0.58549219,0.51667476,3.36237598,2.77688379,6.97498939,True,
cd/490254,120,125,seed5,R1,0.76401026,0.58549219,0.51667476,3.36237598,2.77688379,2.13838267,True,
cd/490256,100,105,seed1,R1,0.5313394,0.0768529,0.76344463,0.06193494,-0.01491796,0.06228723,True,
cd/490256,100,105,seed2,R1,1.08208133,0.0768529,0.76344463,0.06193494,-0.01491796,0.09128679,True,
cd/490256,100,105,seed3,R1,0.49252336,0.0768529,0.76344463,0.06193494,-0.01491796,0.07409361,True,
cd/490256,100,105,seed4,R1,0.92328729,0.0768529,0.76344463,0.06193494,-0.01491796,0.02014537,True,
cd/490256,100,105,seed5,R1,1.09766651,0.0768529,0.76344463,0.06193494,-0.01491796,0.06186171,True,
cd/490256,105,110,seed1,R1,0.58319734,0.11681375,0.1666604,0.4688656,0.35205185,0.33542056,True,
cd/490256,105,110,seed2,R1,1.93171754,0.11681375,0.1666604,0.4688656,0.35205185,1.24440496,True,
cd/490256,105,110,seed3,R1,0.18341415,0.11681375,0.1666604,0.4688656,0.35205185,0.28160671,True,
cd/490256,105,110,seed4,R1,0.37105698,0.11681375,0.1666604,0.4688656,0.35205185,0.4072998,True,
cd/490256,105,110,seed5,R1,0.108244,0.11681375,0.1666604,0.4688656,0.35205185,0.07559599,True,
cd/490256,110,115,seed1,R1,0.17445198,0.21952999,-0.02051684,0.39221081,0.17268081,0.18717074,True,
cd/490256,110,115,seed2,R1,0.80590918,0.21952999,-0.02051684,0.39221081,0.17268081,1.04754789,True,
cd/490256,110,115,seed3,R1,0.07074737,0.21952999,-0.02051684,0.39221081,0.17268081,0.17249365,True,
cd/490256,110,115,seed4,R1,0.57807035,0.21952999,-0.02051684,0.39221081,0.17268081,0.38783061,True,
cd/490256,110,115,seed5,R1,0.22929094,0.21952999,-0.02051684,0.39221081,0.17268081,0.16601114,True,
cd/490256,115,120,seed1,R1,0.0801134,0.41156293,0.05747344,1.00515381,0.59359088,0.37715063,True,
cd/490256,115,120,seed2,R1,2.5368631,0.41156293,0.05747344,1.00515381,0.59359088,2.25730797,True,
cd/490256,115,120,seed3,R1,0.34808631,0.41156293,0.05747344,1.00515381,0.59359088,0.87009733,True,
cd/490256,115,120,seed4,R1,1.86541429,0.41156293,0.05747344,1.00515381,0.59359088,1.03047152,True,
cd/490256,115,120,seed5,R1,0.48265916,0.41156293,0.05747344,1.00515381,0.59359088,0.49074161,True,
cd/490256,120,125,seed1,R1,0.48469826,0.52791541,-0.44338056,2.77901114,2.25109573,0.93510297,True,
cd/490256,120,125,seed2,R1,8.33894818,0.52791541,-0.44338056,2.77901114,2.25109573,8.94513153,True,
cd/490256,120,125,seed3,R1,1.03801777,0.52791541,-0.44338056,2.77901114,2.25109573,1.98491181,True,
cd/490256,120,125,seed4,R1,1.50688542,0.52791541,-0.44338056,2.77901114,2.25109573,1.55020389,True,
cd/490256,120,125,seed5,R1,0.30960325,0.52791541,-0.44338056,2.77901114,2.25109573,0.47970549,True,
cd/490258,100,105,seed1,R1,0.21677053,0.80477024,0.85746483,0.41323681,-0.39153342,0.50051236,True,
cd/490258,100,105,seed2,R1,0.84011733,0.80477024,0.85746483,0.41323681,-0.39153342,0.38891155,True,
cd/490258,100,105,seed3,R1,1.97727662,0.80477024,0.85746483,0.41323681,-0.39153342,0.53389865,True,
cd/490258,100,105,seed4,R1,1.31570475,0.80477024,0.85746483,0.41323681,-0.39153342,0.16625136,True,
cd/490258,100,105,seed5,R1,2.00363895,0.80477024,0.85746483,0.41323681,-0.39153342,0.47661015,True,
cd/490258,105,110,seed1,R1,2.50919234,0.97091649,-0.07404659,1.60604363,0.63512714,1.9325403,True,
cd/490258,105,110,seed2,R1,1.40539188,0.97091649,-0.07404659,1.60604363,0.63512714,0.79541908,True,
cd/490258,105,110,seed3,R1,1.10449363,0.97091649,-0.07404659,1.60604363,0.63512714,2.07769131,True,
cd/490258,105,110,seed4,R1,1.98717104,0.97091649,-0.07404659,1.60604363,0.63512714,2.20500231,True,
cd/490258,105,110,seed5,R1,0.6537363,0.97091649,-0.07404659,1.60604363,0.63512714,1.01956515,True,
cd/490258,110,115,seed1,R1,2.24879292,1.25188634,-0.47529647,4.06366712,2.81178078,3.86672627,True,
cd/490258,110,115,seed2,R1,2.13254454,1.25188634,-0.47529647,4.06366712,2.81178078,2.21249066,True,
cd/490258,110,115,seed3,R1,1.16271199,1.25188634,-0.47529647,4.06366712,2.81178078,1.17923333,True,
cd/490258,110,115,seed4,R1,5.19725485,1.25188634,-0.47529647,4.06366712,2.81178078,5.60941361,True,
cd/490258,110,115,seed5,R1,7.20054895,1.25188634,-0.47529647,4.06366712,2.81178078,7.45047173,True,
cd/490258,115,120,seed1,R1,2.96225417,1.41267442,-0.25346388,4.35484907,2.94217465,4.93834222,True,
cd/490258,115,120,seed2,R1,4.40489506,1.41267442,-0.25346388,4.35484907,2.94217465,4.85432245,True,
cd/490258,115,120,seed3,R1,1.12440434,1.41267442,-0.25346388,4.35484907,2.94217465,1.45629958,True,
cd/490258,115,120,seed4,R1,3.03492206,1.41267442,-0.25346388,4.35484907,2.94217465,3.90113648,True,
cd/490258,115,120,seed5,R1,8.98045031,1.41267442,-0.25346388,4.35484907,2.94217465,6.62414463,True,
cd/490258,120,125,seed1,R1,1.42113716,1.88422391,0.64338157,2.22955868,0.34533477,2.08803132,True,
cd/490258,120,125,seed2,R1,4.19294171,1.88422391,0.64338157,2.22955868,0.34533477,1.89447548,True,
cd/490258,120,125,seed3,R1,2.51860454,1.88422391,0.64338157,2.22955868,0.34533477,1.83113995,True,
cd/490258,120,125,seed4,R1,4.37697026,1.88422391,0.64338157,2.22955868,0.34533477,2.50888679,True,
cd/490258,120,125,seed5,R1,1.85504757,1.88422391,0.64338157,2.22955868,0.34533477,2.82525989,True,
cd/490259,100,105,seed1,R1,1.21461654,0.08922023,0.64278876,0.05259705,-0.03662318,0.10963095,True,
cd/490259,100,105,seed2,R1,0.36322586,0.08922023,0.64278876,0.05259705,-0.03662318,0.05305557,True,
cd/490259,100,105,seed3,R1,0.77127172,0.08922023,0.64278876,0.05259705,-0.03662318,0.00632721,True,
cd/490259,100,105,seed4,R1,0.66879437,0.08922023,0.64278876,0.05259705,-0.03662318,0.02382995,True,
cd/490259,100,105,seed5,R1,0.45902057,0.08922023,0.64278876,0.05259705,-0.03662318,0.07014158,True,
cd/490259,105,110,seed1,R1,0.75712606,0.28677549,0.98167738,0.17863271,-0.10814279,0.04745905,True,
cd/490259,105,110,seed2,R1,1.92451044,0.28677549,0.98167738,0.17863271,-0.10814279,0.23274496,True,
cd/490259,105,110,seed3,R1,0.41788482,0.28677549,0.98167738,0.17863271,-0.10814279,0.16931092,True,
cd/490259,105,110,seed4,R1,2.11578487,0.28677549,0.98167738,0.17863271,-0.10814279,0.25089658,True,
cd/490259,105,110,seed5,R1,0.58624426,0.28677549,0.98167738,0.17863271,-0.10814279,0.19275203,True,
cd/490259,110,115,seed1,R1,0.01762365,0.20546187,0.39108958,0.42922315,0.22376129,0.77284708,True,
cd/490259,110,115,seed2,R1,1.85962422,0.20546187,0.39108958,0.42922315,0.22376129,0.60218877,True,
cd/490259,110,115,seed3,R1,0.49484037,0.20546187,0.39108958,0.42922315,0.22376129,0.19520734,True,
cd/490259,110,115,seed4,R1,1.31385118,0.20546187,0.39108958,0.42922315,0.22376129,0.34906498,True,
cd/490259,110,115,seed5,R1,0.41562424,0.20546187,0.39108958,0.42922315,0.22376129,0.2268076,True,
cd/490259,115,120,seed1,R1,0.26082888,0.3673954,0.04544109,0.39997311,0.03257771,0.78923723,True,
cd/490259,115,120,seed2,R1,0.46208643,0.3673954,0.04544109,0.39997311,0.03257771,0.46460328,True,
cd/490259,115,120,seed3,R1,0.62371778,0.3673954,0.04544109,0.39997311,0.03257771,0.27955673,True,
cd/490259,115,120,seed4,R1,0.35380613,0.3673954,0.04544109,0.39997311,0.03257771,0.10130209,True,
cd/490259,115,120,seed5,R1,0.52663178,0.3673954,0.04544109,0.39997311,0.03257771,0.36516621,True,
cd/490259,120,125,seed1,R1,0.14737749,0.35149689,-0.02560333,0.64525311,0.29375622,0.33665707,True,
cd/490259,120,125,seed2,R1,0.83462969,0.35149689,-0.02560333,0.64525311,0.29375622,0.44143066,True,
cd/490259,120,125,seed3,R1,1.02658095,0.35149689,-0.02560333,0.64525311,0.29375622,1.18363922,True,
cd/490259,120,125,seed4,R1,0.19983031,0.35149689,-0.02560333,0.64525311,0.29375622,0.14141081,True,
cd/490259,120,125,seed5,R1,0.88983046,0.35149689,-0.02560333,0.64525311,0.29375622,1.12312781,True,
cd/490260,100,105,seed1,R1,0.0401161,0.03974259,0.01958556,0.02263792,-0.01710467,0.0029156,True,
cd/490260,100,105,seed2,R1,0.03410409,0.03974259,0.01958556,0.02263792,-0.01710467,0.00867619,True,
cd/490260,100,105,seed3,R1,0.0713586,0.03974259,0.01958556,0.02263792,-0.01710467,0.03131041,True,
cd/490260,100,105,seed4,R1,0.04078873,0.03974259,0.01958556,0.02263792,-0.01710467,0.0089656,True,
cd/490260,100,105,seed5,R1,0.02474988,0.03974259,0.01958556,0.02263792,-0.01710467,0.0613218,True,
cd/490260,105,110,seed1,R1,0.46846251,0.05417868,0.0134488,0.29947472,0.24529603,0.21548167,True,
cd/490260,105,110,seed2,R1,0.43324086,0.05417868,0.0134488,0.29947472,0.24529603,0.30424083,True,
cd/490260,105,110,seed3,R1,0.16052517,0.05417868,0.0134488,0.29947472,0.24529603,0.31618342,True,
cd/490260,105,110,seed4,R1,0.1322072,0.05417868,0.0134488,0.29947472,0.24529603,0.11023741,True,
cd/490260,105,110,seed5,R1,0.37018185,0.05417868,0.0134488,0.29947472,0.24529603,0.55123026,True,
cd/490260,110,115,seed1,R1,0.23984268,0.09713557,0.12269061,0.0912903,-0.00584528,0.2100225,True,
cd/490260,110,115,seed2,R1,0.35711207,0.09713557,0.12269061,0.0912903,-0.00584528,0.13134226,True,
cd/490260,110,115,seed3,R1,0.25681952,0.09713557,0.12269061,0.0912903,-0.00584528,0.0226192,True,
cd/490260,110,115,seed4,R1,0.20094562,0.09713557,0.12269061,0.0912903,-0.00584528,0.01295797,True,
cd/490260,110,115,seed5,R1,0.01518463,0.09713557,0.12269061,0.0912903,-0.00584528,0.07950956,True,
cd/490260,115,120,seed1,R1,0.3340606,0.21162913,0.17840939,0.3700673,0.15843817,0.20963744,True,
cd/490260,115,120,seed2,R1,1.61822532,0.21162913,0.17840939,0.3700673,0.15843817,0.95584748,True,
cd/490260,115,120,seed3,R1,0.01947209,0.21162913,0.17840939,0.3700673,0.15843817,0.31538234,True,
cd/490260,115,120,seed4,R1,0.73232594,0.21162913,0.17840939,0.3700673,0.15843817,0.1582482,True,
cd/490260,115,120,seed5,R1,0.0382995,0.21162913,0.17840939,0.3700673,0.15843817,0.21122102,True,
cd/490260,120,125,seed1,R1,0.18019483,0.23095465,-0.01071496,0.52453188,0.29357724,0.45930202,True,
cd/490260,120,125,seed2,R1,1.70620503,0.23095465,-0.01071496,0.52453188,0.29357724,1.34685177,True,
cd/490260,120,125,seed3,R1,0.35322288,0.23095465,-0.01071496,0.52453188,0.29357724,0.18784076,True,
cd/490260,120,125,seed4,R1,0.3233005,0.23095465,-0.01071496,0.52453188,0.29357724,0.54657549,True,
cd/490260,120,125,seed5,R1,0.00616137,0.23095465,-0.01071496,0.52453188,0.29357724,0.08208937,True,
cd/490261,100,105,seed1,R1,2.9173689,0.12568653,4.18018056,0.19939505,0.07370851,0.25675802,True,
cd/490261,100,105,seed2,R1,5.91895542,0.12568653,4.18018056,0.19939505,0.07370851,0.27240034,True,
cd/490261,100,105,seed3,R1,3.46303633,0.12568653,4.18018056,0.19939505,0.07370851,0.06312028,True,
cd/490261,100,105,seed4,R1,4.9915226,0.12568653,4.18018056,0.19939505,0.07370851,0.27218191,True,
cd/490261,100,105,seed5,R1,4.60699479,0.12568653,4.18018056,0.19939505,0.07370851,0.13251469,True,
cd/490261,105,110,seed1,R1,0.40575082,0.27241157,0.57329019,0.6469882,0.37457663,0.31964096,True,
cd/490261,105,110,seed2,R1,1.35629995,0.27241157,0.57329019,0.6469882,0.37457663,0.40662222,True,
cd/490261,105,110,seed3,R1,1.05803585,0.27241157,0.57329019,0.6469882,0.37457663,0.29354845,True,
cd/490261,105,110,seed4,R1,3.03446095,0.27241157,0.57329019,0.6469882,0.37457663,1.6289846,True,
cd/490261,105,110,seed5,R1,0.24684436,0.27241157,0.57329019,0.6469882,0.37457663,0.58614476,True,
cd/490261,110,115,seed1,R1,0.07122855,0.347167,0.08939915,1.365603,1.018436,0.4492024,True,
cd/490261,110,115,seed2,R1,3.03254555,0.347167,0.08939915,1.365603,1.018436,2.67606611,True,
cd/490261,110,115,seed3,R1,0.51488867,0.347167,0.08939915,1.365603,1.018436,0.3751876,True,
cd/490261,110,115,seed4,R1,3.25635082,0.347167,0.08939915,1.365603,1.018436,2.90472518,True,
cd/490261,110,115,seed5,R1,0.39999714,0.347167,0.08939915,1.365603,1.018436,0.42283369,True,
cd/490261,115,120,seed1,R1,0.111554,0.67878522,0.87172292,2.95915588,2.28037066,2.48107679,True,
cd/490261,115,120,seed2,R1,7.49970954,0.67878522,0.87172292,2.95915588,2.28037066,5.55248091,True,
cd/490261,115,120,seed3,R1,1.45466079,0.67878522,0.87172292,2.95915588,2.28037066,2.92048631,True,
cd/490261,115,120,seed4,R1,3.02904203,0.67878522,0.87172292,2.95915588,2.28037066,1.17945845,True,
cd/490261,115,120,seed5,R1,7.0594276,0.67878522,0.87172292,2.95915588,2.28037066,2.66227693,True,
cd/490261,120,125,seed1,R1,0.86713742,0.7443643,0.13466704,2.06818964,1.32382534,1.96271601,True,
cd/490261,120,125,seed2,R1,3.26841106,0.7443643,0.13466704,2.06818964,1.32382534,2.03924472,True,
cd/490261,120,125,seed3,R1,1.85599478,0.7443643,0.13466704,2.06818964,1.32382534,2.45488579,True,
cd/490261,120,125,seed4,R1,1.12852102,0.7443643,0.13466704,2.06818964,1.32382534,0.94082521,True,
cd/490261,120,125,seed5,R1,3.89421913,0.7443643,0.13466704,2.06818964,1.32382534,2.94327645,True,
cd/490262,100,105,seed1,R1,0.01648957,0.04804283,-0.00778622,0.12823109,0.08018826,0.01694221,True,
cd/490262,100,105,seed2,R1,0.13049164,0.04804283,-0.00778622,0.12823109,0.08018826,0.14689235,True,
cd/490262,100,105,seed3,R1,0.11057059,0.04804283,-0.00778622,0.12823109,0.08018826,0.21190492,True,
cd/490262,100,105,seed4,R1,0.15959046,0.04804283,-0.00778622,0.12823109,0.08018826,0.12963712,True,
cd/490262,100,105,seed5,R1,0.18508212,0.04804283,-0.00778622,0.12823109,0.08018826,0.13577886,True,
cd/490262,105,110,seed1,R1,0.28796477,0.1064297,0.11496547,0.27369188,0.16726218,0.42259798,True,
cd/490262,105,110,seed2,R1,0.87340952,0.1064297,0.11496547,0.27369188,0.16726218,0.46457123,True,
cd/490262,105,110,seed3,R1,0.53300602,0.1064297,0.11496547,0.27369188,0.16726218,0.26193481,True,
cd/490262,105,110,seed4,R1,0.20178575,0.1064297,0.11496547,0.27369188,0.16726218,0.1715972,True,
cd/490262,105,110,seed5,R1,0.04712069,0.1064297,0.11496547,0.27369188,0.16726218,0.04775817,True,
cd/490262,110,115,seed1,R1,0.55694166,0.20849168,0.06960044,0.29247151,0.08397983,0.65013609,True,
cd/490262,110,115,seed2,R1,0.35496645,0.20849168,0.06960044,0.29247151,0.08397983,0.13879118,True,
cd/490262,110,115,seed3,R1,0.39788282,0.20849168,0.06960044,0.29247151,0.08397983,0.19738844,True,
cd/490262,110,115,seed4,R1,0.33410725,0.20849168,0.06960044,0.29247151,0.08397983,0.4031975,True,
cd/490262,110,115,seed5,R1,0.16646159,0.20849168,0.06960044,0.29247151,0.08397983,0.07284434,True,
cd/490262,115,120,seed1,R1,0.85085291,0.29578251,-0.08670447,0.92790251,0.63211999,0.62222389,True,
cd/490262,115,120,seed2,R1,0.45660232,0.29578251,-0.08670447,0.92790251,0.63211999,0.16316388,True,
cd/490262,115,120,seed3,R1,1.36477976,0.29578251,-0.08670447,0.92790251,0.63211999,1.24379711,True,
cd/490262,115,120,seed4,R1,1.21473575,0.29578251,-0.08670447,0.92790251,0.63211999,2.12011155,True,
cd/490262,115,120,seed5,R1,0.31901947,0.29578251,-0.08670447,0.92790251,0.63211999,0.49021611,True,
cd/490262,120,125,seed1,R1,1.42606305,0.28740928,1.45595533,0.92840942,0.64100014,0.04095466,True,
cd/490262,120,125,seed2,R1,7.58069105,0.28740928,1.45595533,0.92840942,0.64100014,2.97638152,True,
cd/490262,120,125,seed3,R1,1.57730058,0.28740928,1.45595533,0.92840942,0.64100014,0.06547813,True,
cd/490262,120,125,seed4,R1,0.11239399,0.28740928,1.45595533,0.92840942,0.64100014,1.22603008,True,
cd/490262,120,125,seed5,R1,1.22537507,0.28740928,1.45595533,0.92840942,0.64100014,0.33320272,True,
cd/490263,100,105,seed1,R1,0.46469272,0.17556421,0.24649657,0.20207077,0.02650656,0.08637259,True,
cd/490263,100,105,seed2,R1,0.76478813,0.17556421,0.24649657,0.20207077,0.02650656,0.36774514,True,
cd/490263,100,105,seed3,R1,0.21631851,0.17556421,0.24649657,0.20207077,0.02650656,0.16634401,True,
cd/490263,100,105,seed4,R1,0.34356346,0.17556421,0.24649657,0.20207077,0.02650656,0.21090425,True,
cd/490263,100,105,seed5,R1,0.45347389,0.17556421,0.24649657,0.20207077,0.02650656,0.17898787,True,
cd/490263,105,110,seed1,R1,0.32909585,0.28793938,0.32416169,0.77659448,0.48865509,0.42326367,True,
cd/490263,105,110,seed2,R1,3.15619625,0.28793938,0.32416169,0.77659448,0.48865509,1.70108537,True,
cd/490263,105,110,seed3,R1,0.66528343,0.28793938,0.32416169,0.77659448,0.48865509,0.09932293,True,
cd/490263,105,110,seed4,R1,0.60251282,0.28793938,0.32416169,0.77659448,0.48865509,0.56129597,True,
cd/490263,105,110,seed5,R1,0.75069245,0.28793938,0.32416169,0.77659448,0.48865509,1.09800443,True,
cd/490263,110,115,seed1,R1,0.75924308,0.55686987,0.4102748,1.12179771,0.56492784,0.37593322,True,
cd/490263,110,115,seed2,R1,3.195354,0.55686987,0.4102748,1.12179771,0.56492784,1.82587786,True,
cd/490263,110,115,seed3,R1,0.16036197,0.55686987,0.4102748,1.12179771,0.56492784,0.95159652,True,
cd/490263,110,115,seed4,R1,3.02452008,0.55686987,0.4102748,1.12179771,0.56492784,1.99269114,True,
cd/490263,110,115,seed5,R1,0.52088342,0.55686987,0.4102748,1.12179771,0.56492784,0.46288982,True,
cd/490263,115,120,seed1,R1,1.12064526,0.7559285,0.2622055,3.26166026,2.50573176,0.30718459,True,
cd/490263,115,120,seed2,R1,2.02359777,0.7559285,0.2622055,3.26166026,2.50573176,4.72620665,True,
cd/490263,115,120,seed3,R1,2.15974492,0.7559285,0.2622055,3.26166026,2.50573176,1.33608311,True,
cd/490263,115,120,seed4,R1,9.37919208,0.7559285,0.2622055,3.26166026,2.50573176,7.19909242,True,
cd/490263,115,120,seed5,R1,2.9361488,0.7559285,0.2622055,3.26166026,2.50573176,2.73973455,True,
cd/490263,120,125,seed1,R1,0.9708523,1.02947325,1.95854614,1.84858157,0.81910833,0.82641295,True,
cd/490263,120,125,seed2,R1,2.96759753,1.02947325,1.95854614,1.84858157,0.81910833,1.75995854,True,
cd/490263,120,125,seed3,R1,1.82169523,1.02947325,1.95854614,1.84858157,0.81910833,0.28452755,True,
cd/490263,120,125,seed4,R1,7.68652958,1.02947325,1.95854614,1.84858157,0.81910833,4.69908339,True,
cd/490263,120,125,seed5,R1,5.58896395,1.02947325,1.95854614,1.84858157,0.81910833,1.67292544,True,
cd/490264,100,105,seed1,R1,0.01226747,0.12744975,0.03395451,0.21070847,0.08325872,0.0343534,True,
cd/490264,100,105,seed2,R1,0.57206257,0.12744975,0.03395451,0.21070847,0.08325872,0.31591832,True,
cd/490264,100,105,seed3,R1,0.01226747,0.12744975,0.03395451,0.21070847,0.08325872,0.0343534,True,
cd/490264,100,105,seed4,R1,0.56585701,0.12744975,0.03395451,0.21070847,0.08325872,0.33219939,True,
cd/490264,100,105,seed5,R1,0.06086042,0.12744975,0.03395451,0.21070847,0.08325872,0.33671786,True,
cd/490264,105,110,seed1,R1,0.67466697,0.25738253,0.63493731,0.24732495,-0.01005758,0.0035099,True,
cd/490264,105,110,seed2,R1,1.08792374,0.25738253,0.63493731,0.24732495,-0.01005758,0.07609613,True,
cd/490264,105,110,seed3,R1,1.30433094,0.25738253,0.63493731,0.24732495,-0.01005758,0.18473782,True,
cd/490264,105,110,seed4,R1,0.32683504,0.25738253,0.63493731,0.24732495,-0.01005758,0.5017804,True,
cd/490264,105,110,seed5,R1,1.01755462,0.25738253,0.63493731,0.24732495,-0.01005758,0.47050051,True,
cd/490264,110,115,seed1,R1,0.42458412,0.46131903,0.14475385,0.19220981,-0.26910923,0.17506087,True,
cd/490264,110,115,seed2,R1,0.28874715,0.46131903,0.14475385,0.19220981,-0.26910923,0.15587422,True,
cd/490264,110,115,seed3,R1,0.35539939,0.46131903,0.14475385,0.19220981,-0.26910923,0.30836709,True,
cd/490264,110,115,seed4,R1,0.22453199,0.46131903,0.14475385,0.19220981,-0.26910923,0.24306576,True,
cd/490264,110,115,seed5,R1,0.39155561,0.46131903,0.14475385,0.19220981,-0.26910923,0.07868108,True,
cd/490264,115,120,seed1,R1,0.77485107,0.51107287,-0.10816378,0.64009004,0.12901717,0.68875027,True,
cd/490264,115,120,seed2,R1,0.3407135,0.51107287,-0.10816378,0.64009004,0.12901717,0.35968026,True,
cd/490264,115,120,seed3,R1,1.34962251,0.51107287,-0.10816378,0.64009004,0.12901717,1.98117077,True,
cd/490264,115,120,seed4,R1,0.08024084,0.51107287,-0.10816378,0.64009004,0.12901717,0.06660671,True,
cd/490264,115,120,seed5,R1,0.11420337,0.51107287,-0.10816378,0.64009004,0.12901717,0.10424219,True,
cd/490264,120,125,seed1,R1,0.52313353,0.52869673,0.32762321,1.78057289,1.25187616,0.02389495,True,
cd/490264,120,125,seed2,R1,1.43305833,0.52869673,0.32762321,1.78057289,1.25187616,2.41738042,True,
cd/490264,120,125,seed3,R1,1.49474868,0.52869673,0.32762321,1.78057289,1.25187616,0.77281297,True,
cd/490264,120,125,seed4,R1,5.14614604,0.52869673,0.32762321,1.78057289,1.25187616,2.95528696,True,
cd/490264,120,125,seed5,R1,1.9438939,0.52869673,0.32762321,1.78057289,1.25187616,2.73348914,True,
cd/490266,100,105,seed1,R1,2.42234478,0.46454054,1.95853148,0.97360504,0.5090645,0.21120987,True,
cd/490266,100,105,seed2,R1,5.23402082,0.46454054,1.95853148,0.97360504,0.5090645,1.90630076,True,
cd/490266,100,105,seed3,R1,2.59379886,0.46454054,1.95853148,0.97360504,0.5090645,2.5113601,True,
cd/490266,100,105,seed4,R1,2.04005687,0.46454054,1.95853148,0.97360504,0.5090645,0.1789682,True,
cd/490266,100,105,seed5,R1,2.37046128,0.46454054,1.95853148,0.97360504,0.5090645,0.06018625,True,
cd/490266,105,110,seed1,R1,0.86268623,0.50898397,-0.43926836,3.41701999,2.90803602,0.526725,True,
cd/490266,105,110,seed2,R1,3.14801861,0.50898397,-0.43926836,3.41701999,2.90803602,5.0804226,True,
cd/490266,105,110,seed3,R1,6.43925651,0.50898397,-0.43926836,3.41701999,2.90803602,7.28790242,True,
cd/490266,105,110,seed4,R1,3.89097476,0.50898397,-0.43926836,3.41701999,2.90803602,3.31730811,True,
cd/490266,105,110,seed5,R1,0.54782201,0.50898397,-0.43926836,3.41701999,2.90803602,0.87274181,True,
cd/490266,110,115,seed1,R1,1.32579662,0.71698812,-0.1236709,2.77186672,2.0548786,1.64108086,True,
cd/490266,110,115,seed2,R1,0.74298882,0.71698812,-0.1236709,2.77186672,2.0548786,1.54485104,True,
cd/490266,110,115,seed3,R1,1.36311053,0.71698812,-0.1236709,2.77186672,2.0548786,0.92442763,True,
cd/490266,110,115,seed4,R1,3.77108068,0.71698812,-0.1236709,2.77186672,2.0548786,4.93257424,True,
cd/490266,110,115,seed5,R1,6.03800243,0.71698812,-0.1236709,2.77186672,2.0548786,4.81639982,True,
cd/490266,115,120,seed1,R1,0.92861284,0.71795547,0.02364991,0.98736417,0.2694087,0.89655202,True,
cd/490266,115,120,seed2,R1,1.26974343,0.71795547,0.02364991,0.98736417,0.2694087,0.79645945,True,
cd/490266,115,120,seed3,R1,0.34780351,0.71795547,0.02364991,0.98736417,0.2694087,0.17710989,True,
cd/490266,115,120,seed4,R1,2.08972605,0.71795547,0.02364991,0.98736417,0.2694087,1.59106941,True,
cd/490266,115,120,seed5,R1,0.41918455,0.71795547,0.02364991,0.98736417,0.2694087,1.47563008,True,
cd/490266,120,125,seed1,R1,0.43124453,0.52953179,0.64146034,0.84042512,0.31089332,0.74287893,True,
cd/490266,120,125,seed2,R1,2.98549093,0.52953179,0.64146034,0.84042512,0.31089332,1.74459797,True,
cd/490266,120,125,seed3,R1,1.37507649,0.52953179,0.64146034,0.84042512,0.31089332,0.45345003,True,
cd/490266,120,125,seed4,R1,0.73191451,0.52953179,0.64146034,0.84042512,0.31089332,0.76509324,True,
cd/490266,120,125,seed5,R1,1.88570085,0.52953179,0.64146034,0.84042512,0.31089332,0.49610542,True,
cd/490267,100,105,seed1,R1,1.04097203,0.50242539,0.6800069,0.18607665,-0.31634874,0.07166118,True,
cd/490267,100,105,seed2,R1,0.07985885,0.50242539,0.6800069,0.18607665,-0.31634874,0.42591972,True,
cd/490267,100,105,seed3,R1,1.10669948,0.50242539,0.6800069,0.18607665,-0.31634874,0.07881385,True,
cd/490267,100,105,seed4,R1,1.63370362,0.50242539,0.6800069,0.18607665,-0.31634874,0.2535611,True,
cd/490267,100,105,seed5,R1,0.46918373,0.50242539,0.6800069,0.18607665,-0.31634874,0.10042738,True,
cd/490267,105,110,seed1,R1,0.24775243,0.79742449,-0.00385587,0.95373422,0.15630972,0.46854301,True,
cd/490267,105,110,seed2,R1,1.99620921,0.79742449,-0.00385587,0.95373422,0.15630972,1.96990576,True,
cd/490267,105,110,seed3,R1,0.08781395,0.79742449,-0.00385587,0.95373422,0.15630972,0.07373752,True,
cd/490267,105,110,seed4,R1,2.12090428,0.79742449,-0.00385587,0.95373422,0.15630972,2.10326743,True,
cd/490267,105,110,seed5,R1,0.29671186,0.79742449,-0.00385587,0.95373422,0.15630972,0.15321735,True,
cd/490267,110,115,seed1,R1,0.49915706,0.80043172,0.44603257,1.49819921,0.69776749,0.65629837,True,
cd/490267,110,115,seed2,R1,5.93541889,0.80043172,0.44603257,1.49819921,0.69776749,3.68289997,True,
cd/490267,110,115,seed3,R1,0.1432545,0.80043172,0.44603257,1.49819921,0.69776749,1.6158903,True,
cd/490267,110,115,seed4,R1,1.33854457,0.80043172,0.44603257,1.49819921,0.69776749,0.64643578,True,
cd/490267,110,115,seed5,R1,1.80478387,0.80043172,0.44603257,1.49819921,0.69776749,0.88947161,True,
cd/490267,115,120,seed1,R1,2.01479975,0.71997837,0.03971215,2.8598619,2.13988354,4.3561118,True,
cd/490267,115,120,seed2,R1,4.63306571,0.71997837,0.03971215,2.8598619,2.13988354,5.86717505,True,
cd/490267,115,120,seed3,R1,1.10221859,0.71997837,0.03971215,2.8598619,2.13988354,0.27395272,True,
cd/490267,115,120,seed4,R1,4.67530439,0.71997837,0.03971215,2.8598619,2.13988354,2.96547736,True,
cd/490267,115,120,seed5,R1,2.07248182,0.71997837,0.03971215,2.8598619,2.13988354,0.83659258,True,
cd/490267,120,125,seed1,R1,0.99221534,1.02002745,0.99319311,0.50396292,-0.51606452,0.31570854,True,
cd/490267,120,125,seed2,R1,1.08903396,1.02002745,0.99319311,0.50396292,-0.51606452,0.24216396,True,
cd/490267,120,125,seed3,R1,1.5608652,1.02002745,0.99319311,0.50396292,-0.51606452,0.61649922,True,
cd/490267,120,125,seed4,R1,1.28612029,1.02002745,0.99319311,0.50396292,-0.51606452,0.54383683,True,
cd/490267,120,125,seed5,R1,2.55754538,1.02002745,0.99319311,0.50396292,-0.51606452,0.80160608,True,
cd/490268,100,105,seed1,R1,0.37797483,0.02547816,0.36900032,0.05037679,0.02489862,0.05175863,True,
cd/490268,100,105,seed2,R1,0.79044506,0.02547816,0.36900032,0.05037679,0.02489862,0.14066263,True,
cd/490268,100,105,seed3,R1,0.39692978,0.02547816,0.36900032,0.05037679,0.02489862,0.01427406,True,
cd/490268,100,105,seed4,R1,0.31632365,0.02547816,0.36900032,0.05037679,0.02489862,0.01581341,True,
cd/490268,100,105,seed5,R1,0.21521221,0.02547816,0.36900032,0.05037679,0.02489862,0.0293752,True,
cd/490268,105,110,seed1,R1,0.00022342,0.03981981,0.06152133,0.1548556,0.1150358,0.10882963,True,
cd/490268,105,110,seed2,R1,0.71330867,0.03981981,0.06152133,0.1548556,0.1150358,0.37449619,True,
cd/490268,105,110,seed3,R1,0.16613945,0.03981981,0.06152133,0.1548556,0.1150358,0.06070476,True,
cd/490268,105,110,seed4,R1,0.19931364,0.03981981,0.06152133,0.1548556,0.1150358,0.15194283,True,
cd/490268,105,110,seed5,R1,0.00289948,0.03981981,0.06152133,0.1548556,0.1150358,0.0783046,True,
cd/490268,110,115,seed1,R1,0.16982678,0.07529613,-0.02140899,0.41668087,0.34138474,0.04336756,True,
cd/490268,110,115,seed2,R1,0.5579797,0.07529613,-0.02140899,0.41668087,0.34138474,0.45851353,True,
cd/490268,110,115,seed3,R1,0.36439597,0.07529613,-0.02140899,0.41668087,0.34138474,0.54972341,True,
cd/490268,110,115,seed4,R1,0.42057351,0.07529613,-0.02140899,0.41668087,0.34138474,0.58676517,True,
cd/490268,110,115,seed5,R1,0.46358344,0.07529613,-0.02140899,0.41668087,0.34138474,0.44503468,True,
cd/490268,115,120,seed1,R1,0.06880549,0.13452826,-0.00928637,0.51765964,0.38313138,0.00907802,True,
cd/490268,115,120,seed2,R1,1.5680264,0.13452826,-0.00928637,0.51765964,0.38313138,1.46608488,True,
cd/490268,115,120,seed3,R1,0.24692058,0.13452826,-0.00928637,0.51765964,0.38313138,0.53216076,True,
cd/490268,115,120,seed4,R1,0.61759512,0.13452826,-0.00928637,0.51765964,0.38313138,0.49390308,True,
cd/490268,115,120,seed5,R1,0.04051877,0.13452826,-0.00928637,0.51765964,0.38313138,0.08707146,True,
cd/490268,120,125,seed1,R1,3.13733444,0.15988635,-0.16167771,1.65772242,1.49783607,3.77075488,True,
cd/490268,120,125,seed2,R1,3.44185516,0.15988635,-0.16167771,1.65772242,1.49783607,3.02621032,True,
cd/490268,120,125,seed3,R1,0.12775964,0.15988635,-0.16167771,1.65772242,1.49783607,0.12516302,True,
cd/490268,120,125,seed4,R1,0.23572582,0.15988635,-0.16167771,1.65772242,1.49783607,0.89302368,True,
cd/490268,120,125,seed5,R1,0.5375485,0.15988635,-0.16167771,1.65772242,1.49783607,0.47346019,True,
cd/490270,100,105,seed1,R1,0.00205246,0.00347013,0.0114862,0.00592716,0.00245703,0.0056556,True,
cd/490270,100,105,seed2,R1,0.04492932,0.00347013,0.0114862,0.00592716,0.00245703,0.01234972,True,
cd/490270,100,105,seed3,R1,0.01151178,0.00347013,0.0114862,0.00592716,0.00245703,3.479e-05,True,
cd/490270,100,105,seed4,R1,0.02752529,0.00347013,0.0114862,0.00592716,0.00245703,0.00355633,True,
cd/490270,100,105,seed5,R1,0.00104793,0.00347013,0.0114862,0.00592716,0.00245703,0.00803936,True,
cd/490270,105,110,seed1,R1,0.02301972,0.00349872,0.03024636,0.04651933,0.04302061,0.00277889,True,
cd/490270,105,110,seed2,R1,0.08701124,0.00349872,0.03024636,0.04651933,0.04302061,0.01154504,True,
cd/490270,105,110,seed3,R1,0.02104748,0.00349872,0.03024636,0.04651933,0.04302061,0.00361736,True,
cd/490270,105,110,seed4,R1,0.2443375,0.00349872,0.03024636,0.04651933,0.04302061,0.10910059,True,
cd/490270,105,110,seed5,R1,0.00841252,0.00349872,0.03024636,0.04651933,0.04302061,0.10555478,True,
cd/490270,110,115,seed1,R1,0.00743183,0.00537239,0.02463156,0.03113503,0.02576264,0.01000343,True,
cd/490270,110,115,seed2,R1,0.08221989,0.00537239,0.02463156,0.03113503,0.02576264,0.0154218,True,
cd/490270,110,115,seed3,R1,0.00014299,0.00537239,0.02463156,0.03113503,0.02576264,0.04400333,True,
cd/490270,110,115,seed4,R1,0.18048008,0.00537239,0.02463156,0.03113503,0.02576264,0.077603,True,
cd/490270,110,115,seed5,R1,0.00855818,0.00537239,0.02463156,0.03113503,0.02576264,0.00864358,True,
cd/490270,115,120,seed1,R1,0.0049402,0.0051985,-0.00130433,0.00702551,0.00182701,0.00806518,True,
cd/490270,115,120,seed2,R1,0.00031113,0.0051985,-0.00130433,0.00702551,0.00182701,7.221e-05,True,
cd/490270,115,120,seed3,R1,0.01846855,0.0051985,-0.00130433,0.00702551,0.00182701,0.01980103,True,
cd/490270,115,120,seed4,R1,0.00090314,0.0051985,-0.00130433,0.00702551,0.00182701,0.00050068,True,
cd/490270,115,120,seed5,R1,0.0039829,0.0051985,-0.00130433,0.00702551,0.00182701,0.00668845,True,
cd/490270,120,125,seed1,R1,0.00100257,0.00585359,-0.00786566,0.03990581,0.03405222,0.00054685,True,
cd/490270,120,125,seed2,R1,0.09640467,0.00585359,-0.00786566,0.03990581,0.03405222,0.12899256,True,
cd/490270,120,125,seed3,R1,0.00600229,0.00585359,-0.00786566,0.03990581,0.03405222,0.00556565,True,
cd/490270,120,125,seed4,R1,0.05648783,0.00585359,-0.00786566,0.03990581,0.03405222,0.06436835,True,
cd/490270,120,125,seed5,R1,0.00030338,0.00585359,-0.00786566,0.03990581,0.03405222,5.562e-05,True,
cd/490271,100,105,seed1,R1,4.16692986,0.50169701,3.52403933,0.7738569,0.27215989,0.59469735,True,
cd/490271,100,105,seed2,R1,1.5819561,0.50169701,3.52403933,0.7738569,0.27215989,0.68618928,True,
cd/490271,100,105,seed3,R1,3.45209665,0.50169701,3.52403933,0.7738569,0.27215989,1.08357324,True,
cd/490271,100,105,seed4,R1,8.19080251,0.50169701,3.52403933,0.7738569,0.27215989,1.18990695,True,
cd/490271,100,105,seed5,R1,4.09769604,0.50169701,3.52403933,0.7738569,0.27215989,0.31491766,True,
cd/490271,105,110,seed1,R1,0.42267022,0.48249218,0.38578506,0.89459327,0.41210109,0.77586895,True,
cd/490271,105,110,seed2,R1,1.07805823,0.48249218,0.38578506,0.89459327,0.41210109,0.82490475,True,
cd/490271,105,110,seed3,R1,1.61809556,0.48249218,0.38578506,0.89459327,0.41210109,1.61994944,True,
cd/490271,105,110,seed4,R1,2.77666864,0.48249218,0.38578506,0.89459327,0.41210109,1.1581723,True,
cd/490271,105,110,seed5,R1,0.50639899,0.48249218,0.38578506,0.89459327,0.41210109,0.09407089,True,
cd/490271,110,115,seed1,R1,0.7505375,0.56346198,-0.02952529,0.95178152,0.38831954,0.45362605,True,
cd/490271,110,115,seed2,R1,0.70271321,0.56346198,-0.02952529,0.95178152,0.38831954,1.50962774,True,
cd/490271,110,115,seed3,R1,0.58797187,0.56346198,-0.02952529,0.95178152,0.38831954,0.91857877,True,
cd/490271,110,115,seed4,R1,1.90454468,0.56346198,-0.02952529,0.95178152,0.38831954,1.34871937,True,
cd/490271,110,115,seed5,R1,0.66551388,0.56346198,-0.02952529,0.95178152,0.38831954,0.52835569,True,
cd/490271,115,120,seed1,R1,3.23572735,0.71202108,0.45712307,1.80768203,1.09566095,1.29051842,True,
cd/490271,115,120,seed2,R1,3.09953677,0.71202108,0.45712307,1.80768203,1.09566095,1.06029231,True,
cd/490271,115,120,seed3,R1,0.94437875,0.71202108,0.45712307,1.80768203,1.09566095,4.22862141,True,
cd/490271,115,120,seed4,R1,1.05707189,0.71202108,0.45712307,1.80768203,1.09566095,0.0889872,True,
cd/490271,115,120,seed5,R1,2.98731073,0.71202108,0.45712307,1.80768203,1.09566095,2.3699908,True,
cd/490271,120,125,seed1,R1,2.2957308,0.7399714,0.08289211,4.7551148,4.0151434,2.79861832,True,
cd/490271,120,125,seed2,R1,11.96941719,0.7399714,0.08289211,4.7551148,4.0151434,10.42887984,True,
cd/490271,120,125,seed3,R1,5.69934585,0.7399714,0.08289211,4.7551148,4.0151434,2.91812518,True,
cd/490271,120,125,seed4,R1,2.24184218,0.7399714,0.08289211,4.7551148,4.0151434,2.93142438,True,
cd/490271,120,125,seed5,R1,1.98369856,0.7399714,0.08289211,4.7551148,4.0151434,4.69852631,True,
cd/490274,100,105,seed1,R1,0.08319914,0.18897912,0.57556542,0.24844064,0.05946152,0.40166946,True,
cd/490274,100,105,seed2,R1,1.00736073,0.18897912,0.57556542,0.24844064,0.05946152,0.11968502,True,
cd/490274,100,105,seed3,R1,1.99262537,0.18897912,0.57556542,0.24844064,0.05946152,0.55514052,True,
cd/490274,100,105,seed4,R1,0.43691082,0.18897912,0.57556542,0.24844064,0.05946152,0.04621937,True,
cd/490274,100,105,seed5,R1,0.59993424,0.18897912,0.57556542,0.24844064,0.05946152,0.11948885,True,
cd/490274,105,110,seed1,R1,0.19221628,0.41206263,0.02283025,0.45748641,0.04542378,0.20058277,True,
cd/490274,105,110,seed2,R1,0.8226135,0.41206263,0.02283025,0.45748641,0.04542378,0.41430636,True,
cd/490274,105,110,seed3,R1,0.53911497,0.41206263,0.02283025,0.45748641,0.04542378,0.87520292,True,
cd/490274,105,110,seed4,R1,0.48285916,0.41206263,0.02283025,0.45748641,0.04542378,0.39979077,True,
cd/490274,105,110,seed5,R1,0.36477939,0.41206263,0.02283025,0.45748641,0.04542378,0.39754924,True,
cd/490274,110,115,seed1,R1,1.87337999,0.56318848,0.41984551,0.91578773,0.35259925,0.82048818,True,
cd/490274,110,115,seed2,R1,0.78148012,0.56318848,0.41984551,0.91578773,0.35259925,0.58533436,True,
cd/490274,110,115,seed3,R1,2.59425537,0.56318848,0.41984551,0.91578773,0.35259925,1.22223141,True,
cd/490274,110,115,seed4,R1,1.10870129,0.56318848,0.41984551,0.91578773,0.35259925,0.34874024,True,
cd/490274,110,115,seed5,R1,0.32034944,0.56318848,0.41984551,0.91578773,0.35259925,1.60214448,True,
cd/490274,115,120,seed1,R1,0.5889741,0.6493924,1.13020033,0.82329293,0.17390053,0.38277756,True,
cd/490274,115,120,seed2,R1,2.96754582,0.6493924,1.13020033,0.82329293,0.17390053,2.31181162,True,
cd/490274,115,120,seed3,R1,2.3601962,0.6493924,1.13020033,0.82329293,0.17390053,0.30689971,True,
cd/490274,115,120,seed4,R1,2.30749342,0.6493924,1.13020033,0.82329293,0.17390053,0.51886233,True,
cd/490274,115,120,seed5,R1,1.54325676,0.6493924,1.13020033,0.82329293,0.17390053,0.59611344,True,
cd/490274,120,125,seed1,R1,0.61528227,0.86008713,0.01146439,0.27127612,-0.58881101,0.5315151,True,
cd/490274,120,125,seed2,R1,0.3033118,0.86008713,0.01146439,0.27127612,-0.58881101,0.20560951,True,
cd/490274,120,125,seed3,R1,0.38588309,0.86008713,0.01146439,0.27127612,-0.58881101,0.37772018,True,
cd/490274,120,125,seed4,R1,0.08477791,0.86008713,0.01146439,0.27127612,-0.58881101,0.1268556,True,
cd/490274,120,125,seed5,R1,0.02444746,0.86008713,0.01146439,0.27127612,-0.58881101,0.11468021,True,
cd/490275,100,105,seed1,R1,0.23912729,0.04789738,0.10160392,0.05823883,0.01034145,0.02906176,True,
cd/490275,100,105,seed2,R1,0.03300918,0.04789738,0.10160392,0.05823883,0.01034145,0.02997106,True,
cd/490275,100,105,seed3,R1,0.43153342,0.04789738,0.10160392,0.05823883,0.01034145,0.12830671,True,
cd/490275,100,105,seed4,R1,0.09304257,0.04789738,0.10160392,0.05823883,0.01034145,0.00124032,True,
cd/490275,100,105,seed5,R1,0.00250128,0.04789738,0.10160392,0.05823883,0.01034145,0.10261429,True,
cd/490275,105,110,seed1,R1,0.02596207,0.0523224,-0.00598923,0.04369355,-0.00862884,0.01476745,True,
cd/490275,105,110,seed2,R1,0.00851968,0.0523224,-0.00598923,0.04369355,-0.00862884,0.00198669,True,
cd/490275,105,110,seed3,R1,0.03332674,0.0523224,-0.00598923,0.04369355,-0.00862884,0.02116424,True,
cd/490275,105,110,seed4,R1,0.10029629,0.0523224,-0.00598923,0.04369355,-0.00862884,0.17032244,True,
cd/490275,105,110,seed5,R1,0.02041682,0.0523224,-0.00598923,0.04369355,-0.00862884,0.01022695,True,
cd/490275,110,115,seed1,R1,0.46484806,0.13275785,0.0452066,0.15367112,0.02091326,0.20627246,True,
cd/490275,110,115,seed2,R1,0.12037562,0.13275785,0.0452066,0.15367112,0.02091326,0.48442255,True,
cd/490275,110,115,seed3,R1,0.03937898,0.13275785,0.0452066,0.15367112,0.02091326,0.00743673,True,
cd/490275,110,115,seed4,R1,0.25331808,0.13275785,0.0452066,0.15367112,0.02091326,0.06482819,True,
cd/490275,110,115,seed5,R1,0.11646784,0.13275785,0.0452066,0.15367112,0.02091326,0.00539565,True,
cd/490275,115,120,seed1,R1,0.10856891,0.21013644,0.14544883,0.19248673,-0.01764971,0.71893935,True,
cd/490275,115,120,seed2,R1,0.22894552,0.21013644,0.14544883,0.19248673,-0.01764971,0.00307434,True,
cd/490275,115,120,seed3,R1,0.36941269,0.21013644,0.14544883,0.19248673,-0.01764971,0.04000823,True,
cd/490275,115,120,seed4,R1,0.62992484,0.21013644,0.14544883,0.19248673,-0.01764971,0.16633839,True,
cd/490275,115,120,seed5,R1,0.3528258,0.21013644,0.14544883,0.19248673,-0.01764971,0.03407332,True,
cd/490275,120,125,seed1,R1,0.00715657,0.24202539,0.14684289,0.65764528,0.41561989,0.24532583,True,
cd/490275,120,125,seed2,R1,0.19787178,0.24202539,0.14684289,0.65764528,0.41561989,1.18204326,True,
cd/490275,120,125,seed3,R1,0.56958043,0.24202539,0.14684289,0.65764528,0.41561989,0.06446567,True,
cd/490275,120,125,seed4,R1,2.9803229,0.24202539,0.14684289,0.65764528,0.41561989,1.79625652,True,
cd/490275,120,125,seed5,R1,0.26750915,0.24202539,0.14684289,0.65764528,0.41561989,0.00013512,True,
cd/490276,100,105,seed1,R1,0.47619524,0.2961565,0.09183075,0.21338475,-0.08277175,0.17102114,True,
cd/490276,100,105,seed2,R1,0.23403509,0.2961565,0.09183075,0.21338475,-0.08277175,0.06596195,True,
cd/490276,100,105,seed3,R1,0.25642931,0.2961565,0.09183075,0.21338475,-0.08277175,0.63197754,True,
cd/490276,100,105,seed4,R1,0.11517468,0.2961565,0.09183075,0.21338475,-0.08277175,0.00729777,True,
cd/490276,100,105,seed5,R1,0.44424319,0.2961565,0.09183075,0.21338475,-0.08277175,0.19066537,True,
cd/490276,105,110,seed1,R1,0.97294679,0.63984131,0.30691866,1.541387,0.90154569,0.33774718,True,
cd/490276,105,110,seed2,R1,2.27041892,0.63984131,0.30691866,1.541387,0.90154569,0.71761676,True,
cd/490276,105,110,seed3,R1,3.49968254,0.63984131,0.30691866,1.541387,0.90154569,2.73624718,True,
cd/490276,105,110,seed4,R1,1.85469158,0.63984131,0.30691866,1.541387,0.90154569,2.96305303,True,
cd/490276,105,110,seed5,R1,0.64378846,0.63984131,0.30691866,1.541387,0.90154569,0.95227085,True,
cd/490276,110,115,seed1,R1,7.21361155,0.82230813,0.50898726,2.29488649,1.47257836,3.87696376,True,
cd/490276,110,115,seed2,R1,1.45375051,0.82230813,0.50898726,2.29488649,1.47257836,0.88948879,True,
cd/490276,110,115,seed3,R1,2.12666691,0.82230813,0.50898726,2.29488649,1.47257836,2.61649066,True,
cd/490276,110,115,seed4,R1,1.21532101,0.82230813,0.50898726,2.29488649,1.47257836,3.40888742,True,
cd/490276,110,115,seed5,R1,2.01001874,0.82230813,0.50898726,2.29488649,1.47257836,0.68260182,True,
cd/490276,115,120,seed1,R1,0.58720452,0.91076939,0.67347327,3.16540265,2.25463326,0.70106244,True,
cd/490276,115,120,seed2,R1,2.2903836,0.91076939,0.67347327,3.16540265,2.25463326,5.10700331,True,
cd/490276,115,120,seed3,R1,0.72957526,0.91076939,0.67347327,3.16540265,2.25463326,0.70456737,True,
cd/490276,115,120,seed4,R1,8.99443868,0.91076939,0.67347327,3.16540265,2.25463326,5.34783221,True,
cd/490276,115,120,seed5,R1,6.59277751,0.91076939,0.67347327,3.16540265,2.25463326,3.9665479,True,
cd/490276,120,125,seed1,R1,0.59007672,0.96980489,-0.02141986,1.72026755,0.75046266,0.31645007,True,
cd/490276,120,125,seed2,R1,3.6333201,0.96980489,-0.02141986,1.72026755,0.75046266,3.03345185,True,
cd/490276,120,125,seed3,R1,0.8657924,0.96980489,-0.02141986,1.72026755,0.75046266,1.76070431,True,
cd/490276,120,125,seed4,R1,0.98872952,0.96980489,-0.02141986,1.72026755,0.75046266,1.13165717,True,
cd/490276,120,125,seed5,R1,2.41631972,0.96980489,-0.02141986,1.72026755,0.75046266,2.35907437,True,
cd/490279,100,105,seed1,R1,0.17750776,0.26469387,0.48021895,0.17041255,-0.09428132,0.21517595,True,
cd/490279,100,105,seed2,R1,0.47282114,0.26469387,0.48021895,0.17041255,-0.09428132,0.00620214,True,
cd/490279,100,105,seed3,R1,0.62745984,0.26469387,0.48021895,0.17041255,-0.09428132,0.05561713,True,
cd/490279,100,105,seed4,R1,0.49306757,0.26469387,0.48021895,0.17041255,-0.09428132,0.10667404,True,
cd/490279,100,105,seed5,R1,1.4823012,0.26469387,0.48021895,0.17041255,-0.09428132,0.46839348,True,
cd/490279,105,110,seed1,R1,1.61175011,0.46430337,0.22560202,0.50727588,0.0429725,0.70083678,True,
cd/490279,105,110,seed2,R1,0.95015765,0.46430337,0.22560202,0.50727588,0.0429725,0.22894716,True,
cd/490279,105,110,seed3,R1,0.28033074,0.46430337,0.22560202,0.50727588,0.0429725,0.87850354,True,
cd/490279,105,110,seed4,R1,0.79402539,0.46430337,0.22560202,0.50727588,0.0429725,0.40226766,True,
cd/490279,105,110,seed5,R1,0.0281256,0.46430337,0.22560202,0.50727588,0.0429725,0.32582426,True,
cd/490279,110,115,seed1,R1,0.62373207,0.55261176,0.09563555,1.10999832,0.55738656,0.31759385,True,
cd/490279,110,115,seed2,R1,0.67164749,0.55261176,0.09563555,1.10999832,0.55738656,0.96082186,True,
cd/490279,110,115,seed3,R1,0.40642602,0.55261176,0.09563555,1.10999832,0.55738656,0.74787333,True,
cd/490279,110,115,seed4,R1,3.74370882,0.55261176,0.09563555,1.10999832,0.55738656,3.38152911,True,
cd/490279,110,115,seed5,R1,0.582655,0.55261176,0.09563555,1.10999832,0.55738656,0.14217347,True,
cd/490279,115,120,seed1,R1,0.36226337,0.61806609,-0.23663872,1.44545228,0.82738619,0.8023153,True,
cd/490279,115,120,seed2,R1,2.47863976,0.61806609,-0.23663872,1.44545228,0.82738619,2.55864156,True,
cd/490279,115,120,seed3,R1,0.21386353,0.61806609,-0.23663872,1.44545228,0.82738619,0.28283854,True,
cd/490279,115,120,seed4,R1,1.44422478,0.61806609,-0.23663872,1.44545228,0.82738619,2.18395831,True,
cd/490279,115,120,seed5,R1,1.54507638,0.61806609,-0.23663872,1.44545228,0.82738619,1.3995077,True,
cd/490279,120,125,seed1,R1,0.35855627,0.57724057,-0.28332352,1.42413626,0.84689569,0.41668882,True,
cd/490279,120,125,seed2,R1,0.55145995,0.57724057,-0.28332352,1.42413626,0.84689569,0.65140271,True,
cd/490279,120,125,seed3,R1,0.76878691,0.57724057,-0.28332352,1.42413626,0.84689569,1.01074394,True,
cd/490279,120,125,seed4,R1,2.11655728,0.57724057,-0.28332352,1.42413626,0.84689569,2.73932685,True,
cd/490279,120,125,seed5,R1,1.90870329,0.57724057,-0.28332352,1.42413626,0.84689569,2.30251898,True,
cd/490280,100,105,seed1,R1,1.04578111,0.13282829,0.95027362,0.16691137,0.03408307,0.10787183,True,
cd/490280,100,105,seed2,R1,1.70692936,0.13282829,0.95027362,0.16691137,0.03408307,0.4269092,True,
cd/490280,100,105,seed3,R1,0.64955977,0.13282829,0.95027362,0.16691137,0.03408307,0.1484793,True,
cd/490280,100,105,seed4,R1,0.87918955,0.13282829,0.95027362,0.16691137,0.03408307,0.08387861,True,
cd/490280,100,105,seed5,R1,1.30446517,0.13282829,0.95027362,0.16691137,0.03408307,0.0674179,True,
cd/490280,105,110,seed1,R1,0.42797048,0.26633013,0.08583624,1.30351272,1.03718259,0.58593858,True,
cd/490280,105,110,seed2,R1,4.78241862,0.26633013,0.08583624,1.30351272,1.03718259,4.21548362,True,
cd/490280,105,110,seed3,R1,0.17371128,0.26633013,0.08583624,1.30351272,1.03718259,0.41677867,True,
cd/490280,105,110,seed4,R1,0.86628536,0.26633013,0.08583624,1.30351272,1.03718259,1.19445744,True,
cd/490280,105,110,seed5,R1,0.69635907,0.26633013,0.08583624,1.30351272,1.03718259,0.10490531,True,
cd/490280,110,115,seed1,R1,0.54407783,0.38423886,0.34217737,1.26221224,0.87797338,2.27028616,True,
cd/490280,110,115,seed2,R1,3.88440892,0.38423886,0.34217737,1.26221224,0.87797338,2.30534813,True,
cd/490280,110,115,seed3,R1,0.84786313,0.38423886,0.34217737,1.26221224,0.87797338,0.16609014,True,
cd/490280,110,115,seed4,R1,1.62682805,0.38423886,0.34217737,1.26221224,0.87797338,0.4633749,True,
cd/490280,110,115,seed5,R1,1.1187701,0.38423886,0.34217737,1.26221224,0.87797338,1.10596186,True,
cd/490280,115,120,seed1,R1,3.53606742,0.56214557,0.26160161,1.74951285,1.18736729,1.94738425,True,
cd/490280,115,120,seed2,R1,1.98540602,0.56214557,0.26160161,1.74951285,1.18736729,2.63169781,True,
cd/490280,115,120,seed3,R1,0.45483093,0.56214557,0.26160161,1.74951285,1.18736729,0.54284225,True,
cd/490280,115,120,seed4,R1,4.03431613,0.56214557,0.26160161,1.74951285,1.18736729,2.65727623,True,
cd/490280,115,120,seed5,R1,0.04495183,0.56214557,0.26160161,1.74951285,1.18736729,0.96836372,True,
cd/490280,120,125,seed1,R1,0.20553882,0.72564635,-0.01581841,1.06736301,0.34171666,0.79388064,True,
cd/490280,120,125,seed2,R1,2.78295668,0.72564635,-0.01581841,1.06736301,0.34171666,2.7042182,True,
cd/490280,120,125,seed3,R1,0.62989935,0.72564635,-0.01581841,1.06736301,0.34171666,0.49017891,True,
cd/490280,120,125,seed4,R1,1.55086041,0.72564635,-0.01581841,1.06736301,0.34171666,1.17509348,True,
cd/490280,120,125,seed5,R1,0.08846773,0.72564635,-0.01581841,1.06736301,0.34171666,0.17344381,True,
cd/490281,100,105,seed1,R1,0.50378674,0.69657061,0.33998352,0.39546434,-0.30110627,0.34321061,True,
cd/490281,100,105,seed2,R1,0.45603895,0.69657061,0.33998352,0.39546434,-0.30110627,0.19353054,True,
cd/490281,100,105,seed3,R1,1.61218524,0.69657061,0.33998352,0.39546434,-0.30110627,0.52699425,True,
cd/490281,100,105,seed4,R1,0.42537882,0.69657061,0.33998352,0.39546434,-0.30110627,0.37677448,True,
cd/490281,100,105,seed5,R1,0.6798496,0.69657061,0.33998352,0.39546434,-0.30110627,0.53681184,True,
cd/490281,105,110,seed1,R1,1.64849183,0.69670471,1.12435982,2.03521696,1.33851225,0.08556115,True,
cd/490281,105,110,seed2,R1,6.36589709,0.69670471,1.12435982,2.03521696,1.33851225,2.12519131,True,
cd/490281,105,110,seed3,R1,6.29422642,0.69670471,1.12435982,2.03521696,1.33851225,3.37876957,True,
cd/490281,105,110,seed4,R1,0.46439256,0.69670471,1.12435982,2.03521696,1.33851225,3.23817469,True,
cd/490281,105,110,seed5,R1,1.02487602,0.69670471,1.12435982,2.03521696,1.33851225,1.34838809,True,
cd/490281,110,115,seed1,R1,1.2287738,0.81988302,0.31972403,1.80449909,0.98461607,0.96186701,True,
cd/490281,110,115,seed2,R1,0.86349207,0.81988302,0.31972403,1.80449909,0.98461607,0.65589722,True,
cd/490281,110,115,seed3,R1,3.6065084,0.81988302,0.31972403,1.80449909,0.98461607,2.65695508,True,
cd/490281,110,115,seed4,R1,3.17278476,0.81988302,0.31972403,1.80449909,0.98461607,1.6221209,True,
cd/490281,110,115,seed5,R1,1.74955657,0.81988302,0.31972403,1.80449909,0.98461607,3.12565523,True,
cd/490281,115,120,seed1,R1,1.41692602,0.95118957,0.50067968,0.47075606,-0.4804335,0.39056219,True,
cd/490281,115,120,seed2,R1,0.86611575,0.95118957,0.50067968,0.47075606,-0.4804335,0.53895702,True,
cd/490281,115,120,seed3,R1,0.82098353,0.95118957,0.50067968,0.47075606,-0.4804335,0.49560929,True,
cd/490281,115,120,seed4,R1,1.12679528,0.95118957,0.50067968,0.47075606,-0.4804335,0.77246785,True,
cd/490281,115,120,seed5,R1,0.62635813,0.95118957,0.50067968,0.47075606,-0.4804335,0.15618397,True,
cd/490281,120,125,seed1,R1,4.2760104,0.9158386,1.06654486,0.93881785,0.02297925,1.82485096,True,
cd/490281,120,125,seed2,R1,0.46305285,0.9158386,1.06654486,0.93881785,0.02297925,1.42377724,True,
cd/490281,120,125,seed3,R1,2.30568074,0.9158386,1.06654486,0.93881785,0.02297925,0.96750222,True,
cd/490281,120,125,seed4,R1,1.07189882,0.9158386,1.06654486,0.93881785,0.02297925,0.10491926,True,
cd/490281,120,125,seed5,R1,1.91017074,0.9158386,1.06654486,0.93881785,0.02297925,0.37303957,True,
cd/490282,100,105,seed1,R1,0.59516897,0.43299065,0.88960834,0.29249944,-0.14049121,0.50203422,True,
cd/490282,100,105,seed2,R1,1.54188349,0.43299065,0.88960834,0.29249944,-0.14049121,0.11550557,True,
cd/490282,100,105,seed3,R1,0.53154707,0.43299065,0.88960834,0.29249944,-0.14049121,0.19585028,True,
cd/490282,100,105,seed4,R1,1.96649536,0.43299065,0.88960834,0.29249944,-0.14049121,0.33961848,True,
cd/490282,100,105,seed5,R1,1.275444,0.43299065,0.88960834,0.29249944,-0.14049121,0.30948865,True,
cd/490282,105,110,seed1,R1,0.27858588,0.56172124,0.1452952,0.57670627,0.01498502,0.16468621,True,
cd/490282,105,110,seed2,R1,1.12226223,0.56172124,0.1452952,0.57670627,0.01498502,0.84242321,True,
cd/490282,105,110,seed3,R1,0.66720001,0.56172124,0.1452952,0.57670627,0.01498502,0.31917802,True,
cd/490282,105,110,seed4,R1,1.2070967,0.56172124,0.1452952,0.57670627,0.01498502,0.7886873,True,
cd/490282,105,110,seed5,R1,0.33486254,0.56172124,0.1452952,0.57670627,0.01498502,0.76855659,True,
cd/490282,110,115,seed1,R1,1.27744096,0.86334,1.16373638,1.34862152,0.48528152,1.20721189,True,
cd/490282,110,115,seed2,R1,3.18231205,0.86334,1.16373638,1.34862152,0.48528152,1.12434018,True,
cd/490282,110,115,seed3,R1,0.11969759,0.86334,1.16373638,1.34862152,0.48528152,1.73737175,True,
cd/490282,110,115,seed4,R1,2.23062007,0.86334,1.16373638,1.34862152,0.48528152,0.12012605,True,
cd/490282,110,115,seed5,R1,5.75171883,0.86334,1.16373638,1.34862152,0.48528152,2.5540577,True,
cd/490282,115,120,seed1,R1,0.71065164,0.97643757,0.29182958,1.61460041,0.63816285,1.1514032,True,
cd/490282,115,120,seed2,R1,1.90863805,0.97643757,0.29182958,1.61460041,0.63816285,1.31022927,True,
cd/490282,115,120,seed3,R1,3.33226274,0.97643757,0.29182958,1.61460041,0.63816285,1.70533298,True,
cd/490282,115,120,seed4,R1,2.26626866,0.97643757,0.29182958,1.61460041,0.63816285,1.15298749,True,
cd/490282,115,120,seed5,R1,1.31432886,0.97643757,0.29182958,1.61460041,0.63816285,2.75304912,True,
cd/490282,120,125,seed1,R1,3.01635753,0.93776606,0.66973685,1.22021569,0.28244963,3.20674471,True,
cd/490282,120,125,seed2,R1,0.78964097,0.93776606,0.66973685,1.22021569,0.28244963,0.42724824,True,
cd/490282,120,125,seed3,R1,2.77543556,0.93776606,0.66973685,1.22021569,0.28244963,1.67913661,True,
cd/490282,120,125,seed4,R1,0.93627673,0.93776606,0.66973685,1.22021569,0.28244963,0.44470687,True,
cd/490282,120,125,seed5,R1,1.93205191,0.93776606,0.66973685,1.22021569,0.28244963,0.343242,True,
cd/490283,100,105,seed1,R1,0.17639027,0.17811361,0.13304091,0.23148664,0.05337303,0.42038532,True,
cd/490283,100,105,seed2,R1,1.09278223,0.17811361,0.13304091,0.23148664,0.05337303,0.56086949,True,
cd/490283,100,105,seed3,R1,0.16691285,0.17811361,0.13304091,0.23148664,0.05337303,0.04463495,True,
cd/490283,100,105,seed4,R1,0.15103094,0.17811361,0.13304091,0.23148664,0.05337303,0.03772026,True,
cd/490283,100,105,seed5,R1,0.23552145,0.17811361,0.13304091,0.23148664,0.05337303,0.09382319,True,
cd/490283,105,110,seed1,R1,0.32716174,0.48517085,0.19473221,1.13786163,0.65269078,0.07915772,True,
cd/490283,105,110,seed2,R1,0.72419952,0.48517085,0.19473221,1.13786163,0.65269078,1.34047653,True,
cd/490283,105,110,seed3,R1,0.97909099,0.48517085,0.19473221,1.13786163,0.65269078,0.52691114,True,
cd/490283,105,110,seed4,R1,4.29405505,0.48517085,0.19473221,1.13786163,0.65269078,3.19275743,True,
cd/490283,105,110,seed5,R1,0.33846189,0.48517085,0.19473221,1.13786163,0.65269078,0.55000532,True,
cd/490283,110,115,seed1,R1,1.18905968,0.86376316,0.10080737,1.79166874,0.92790558,0.47060798,True,
cd/490283,110,115,seed2,R1,1.36507504,0.86376316,0.10080737,1.79166874,0.92790558,0.97771047,True,
cd/490283,110,115,seed3,R1,2.57549236,0.86376316,0.10080737,1.79166874,0.92790558,2.86870558,True,
cd/490283,110,115,seed4,R1,3.76389835,0.86376316,0.10080737,1.79166874,0.92790558,4.56326383,True,
cd/490283,110,115,seed5,R1,0.56885511,0.86376316,0.10080737,1.79166874,0.92790558,0.07805584,True,
cd/490283,115,120,seed1,R1,0.83232476,0.96502846,0.28233491,3.53710723,2.57207877,2.03324089,True,
cd/490283,115,120,seed2,R1,6.55276244,0.96502846,0.28233491,3.53710723,2.57207877,4.14549805,True,
cd/490283,115,120,seed3,R1,7.14945091,0.96502846,0.28233491,3.53710723,2.57207877,4.75639258,True,
cd/490283,115,120,seed4,R1,2.65856894,0.96502846,0.28233491,3.53710723,2.57207877,4.42575755,True,
cd/490283,115,120,seed5,R1,1.90410365,0.96502846,0.28233491,3.53710723,2.57207877,2.32464708,True,
cd/490283,120,125,seed1,R1,0.71387906,1.24516643,-0.42307832,2.39668672,1.15152029,0.84598686,True,
cd/490283,120,125,seed2,R1,1.03569533,1.24516643,-0.42307832,2.39668672,1.15152029,1.17823613,True,
cd/490283,120,125,seed3,R1,2.858465,1.24516643,-0.42307832,2.39668672,1.15152029,3.84723731,True,
cd/490283,120,125,seed4,R1,3.67254249,1.24516643,-0.42307832,2.39668672,1.15152029,4.56453504,True,
cd/490283,120,125,seed5,R1,1.58746013,1.24516643,-0.42307832,2.39668672,1.15152029,1.54743823,True,
cd/490287,100,105,seed1,R1,0.30301376,0.0715986,0.30112538,0.03894302,-0.03265558,0.00461176,True,
cd/490287,100,105,seed2,R1,0.47281746,0.0715986,0.30112538,0.03894302,-0.03265558,0.06974786,True,
cd/490287,100,105,seed3,R1,0.35578638,0.0715986,0.30112538,0.03894302,-0.03265558,0.01874197,True,
cd/490287,100,105,seed4,R1,0.40925745,0.0715986,0.30112538,0.03894302,-0.03265558,0.03108178,True,
cd/490287,100,105,seed5,R1,0.15946694,0.0715986,0.30112538,0.03894302,-0.03265558,0.07053172,True,
cd/490287,105,110,seed1,R1,0.40556049,0.13702024,0.57554148,0.14525811,0.00823787,0.03073239,True,
cd/490287,105,110,seed2,R1,1.28424556,0.13702024,0.57554148,0.14525811,0.00823787,0.28329121,True,
cd/490287,105,110,seed3,R1,0.49914744,0.13702024,0.57554148,0.14525811,0.00823787,0.12132988,True,
cd/490287,105,110,seed4,R1,0.63812694,0.13702024,0.57554148,0.14525811,0.00823787,0.13249448,True,
cd/490287,105,110,seed5,R1,0.77691752,0.13702024,0.57554148,0.14525811,0.00823787,0.1584426,True,
cd/490287,110,115,seed1,R1,1.10643571,0.43104463,0.56744458,1.2672686,0.83622397,0.07054301,True,
cd/490287,110,115,seed2,R1,3.26532867,0.43104463,0.56744458,1.2672686,0.83622397,1.59831178,True,
cd/490287,110,115,seed3,R1,0.67520618,0.43104463,0.56744458,1.2672686,0.83622397,0.50665721,True,
cd/490287,110,115,seed4,R1,3.08465885,0.43104463,0.56744458,1.2672686,0.83622397,1.25498378,True,
cd/490287,110,115,seed5,R1,1.04193649,0.43104463,0.56744458,1.2672686,0.83622397,2.90584721,True,
cd/490287,115,120,seed1,R1,1.57653823,0.5659985,0.50806609,0.56264669,-0.00335181,0.87173794,True,
cd/490287,115,120,seed2,R1,0.43853695,0.5659985,0.50806609,0.56264669,-0.00335181,0.4173947,True,
cd/490287,115,120,seed3,R1,1.01033674,0.5659985,0.50806609,0.56264669,-0.00335181,0.47626336,True,
cd/490287,115,120,seed4,R1,1.65027999,0.5659985,0.50806609,0.56264669,-0.00335181,0.52982747,True,
cd/490287,115,120,seed5,R1,0.67787197,0.5659985,0.50806609,0.56264669,-0.00335181,0.51800999,True,
cd/490287,120,125,seed1,R1,0.18707572,0.69881562,0.06156442,0.79980108,0.10098547,0.33514941,True,
cd/490287,120,125,seed2,R1,1.5960345,0.69881562,0.06156442,0.79980108,0.10098547,1.3241167,True,
cd/490287,120,125,seed3,R1,0.55688464,0.69881562,0.06156442,0.79980108,0.10098547,0.25041291,True,
cd/490287,120,125,seed4,R1,1.28386892,0.69881562,0.06156442,0.79980108,0.10098547,0.93403924,True,
cd/490287,120,125,seed5,R1,0.68296374,0.69881562,0.06156442,0.79980108,0.10098547,1.15528716,True,
cd/490288,100,105,seed1,R1,2.28157926,0.91151791,4.85443314,0.51626975,-0.39524816,0.80831524,True,
cd/490288,100,105,seed2,R1,5.49435163,0.91151791,4.85443314,0.51626975,-0.39524816,0.72075825,True,
cd/490288,100,105,seed3,R1,6.86742149,0.91151791,4.85443314,0.51626975,-0.39524816,0.5726173,True,
cd/490288,100,105,seed4,R1,5.66288411,0.91151791,4.85443314,0.51626975,-0.39524816,0.2556249,True,
cd/490288,100,105,seed5,R1,6.54727797,0.91151791,4.85443314,0.51626975,-0.39524816,0.22403307,True,
cd/490288,105,110,seed1,R1,5.65245563,1.52261056,0.10921579,1.92612702,0.40351646,4.60959299,True,
cd/490288,105,110,seed2,R1,1.21280393,1.52261056,0.10921579,1.92612702,0.40351646,1.03597384,True,
cd/490288,105,110,seed3,R1,1.42532256,1.52261056,0.10921579,1.92612702,0.40351646,0.85199903,True,
cd/490288,105,110,seed4,R1,0.86767862,1.52261056,0.10921579,1.92612702,0.40351646,0.56459401,True,
cd/490288,105,110,seed5,R1,1.01845329,1.52261056,0.10921579,1.92612702,0.40351646,2.56847521,True,
cd/490288,110,115,seed1,R1,3.5709871,1.56272206,0.3962805,2.9252223,1.36250024,1.79504518,True,
cd/490288,110,115,seed2,R1,4.88999741,1.56272206,0.3962805,2.9252223,1.36250024,4.19515518,True,
cd/490288,110,115,seed3,R1,6.90480867,1.56272206,0.3962805,2.9252223,1.36250024,6.73360781,True,
cd/490288,110,115,seed4,R1,0.82323501,1.56272206,0.3962805,2.9252223,1.36250024,1.53500585,True,
cd/490288,110,115,seed5,R1,0.41848583,1.56272206,0.3962805,2.9252223,1.36250024,0.36729751,True,
cd/490288,115,120,seed1,R1,1.16604731,1.71707707,0.49594314,2.91082757,1.19375049,1.46132314,True,
cd/490288,115,120,seed2,R1,1.77401167,1.71707707,0.49594314,2.91082757,1.19375049,2.03788117,True,
cd/490288,115,120,seed3,R1,2.24491845,1.71707707,0.49594314,2.91082757,1.19375049,1.64838283,True,
cd/490288,115,120,seed4,R1,9.79505264,1.71707707,0.49594314,2.91082757,1.19375049,7.10084111,True,
cd/490288,115,120,seed5,R1,2.05382348,1.71707707,0.49594314,2.91082757,1.19375049,2.30570959,True,
cd/490288,120,125,seed1,R1,7.57491751,1.60664644,0.52689631,2.41308524,0.8064388,5.90325472,True,
cd/490288,120,125,seed2,R1,1.55016799,1.60664644,0.52689631,2.41308524,0.8064388,0.89032849,True,
cd/490288,120,125,seed3,R1,1.78664892,1.60664644,0.52689631,2.41308524,0.8064388,2.91287316,True,
cd/490288,120,125,seed4,R1,2.35133844,1.60664644,0.52689631,2.41308524,0.8064388,1.50518985,True,
cd/490288,120,125,seed5,R1,1.43683489,1.60664644,0.52689631,2.41308524,0.8064388,0.85377998,True,
cd/490290,100,105,seed1,R1,1.07095871,0.21134519,1.02017629,0.12629556,-0.08504964,0.07963146,True,
cd/490290,100,105,seed2,R1,1.4766612,0.21134519,1.02017629,0.12629556,-0.08504964,0.32273198,True,
cd/490290,100,105,seed3,R1,1.25769966,0.21134519,1.02017629,0.12629556,-0.08504964,0.1007941,True,
cd/490290,100,105,seed4,R1,0.57529888,0.21134519,1.02017629,0.12629556,-0.08504964,0.09231038,True,
cd/490290,100,105,seed5,R1,1.35174077,0.21134519,1.02017629,0.12629556,-0.08504964,0.03600986,True,
cd/490290,105,110,seed1,R1,0.53244342,0.4481895,0.32505001,0.46752554,0.01933604,0.1331916,True,
cd/490290,105,110,seed2,R1,1.64722991,0.4481895,0.32505001,0.46752554,0.01933604,0.80912887,True,
cd/490290,105,110,seed3,R1,0.25040342,0.4481895,0.32505001,0.46752554,0.01933604,0.36089487,True,
cd/490290,105,110,seed4,R1,0.57386397,0.4481895,0.32505001,0.46752554,0.01933604,0.75070474,True,
cd/490290,105,110,seed5,R1,0.95893705,0.4481895,0.32505001,0.46752554,0.01933604,0.28370763,True,
cd/490290,110,115,seed1,R1,2.79183075,0.60334045,0.30051638,0.78059355,0.17725311,1.41225453,True,
cd/490290,110,115,seed2,R1,1.24059433,0.60334045,0.30051638,0.78059355,0.17725311,0.31339455,True,
cd/490290,110,115,seed3,R1,0.28320045,0.60334045,0.30051638,0.78059355,0.17725311,0.82552755,True,
cd/490290,110,115,seed4,R1,0.85825597,0.60334045,0.30051638,0.78059355,0.17725311,0.24661574,True,
cd/490290,110,115,seed5,R1,0.23166817,0.60334045,0.30051638,0.78059355,0.17725311,1.1051754,True,
cd/490290,115,120,seed1,R1,0.29892246,0.85547697,0.31768728,0.92174767,0.06627071,0.47440506,True,
cd/490290,115,120,seed2,R1,0.91506742,0.85547697,0.31768728,0.92174767,0.06627071,0.49549349,True,
cd/490290,115,120,seed3,R1,2.6200827,0.85547697,0.31768728,0.92174767,0.06627071,1.09644126,True,
cd/490290,115,120,seed4,R1,1.41873506,0.85547697,0.31768728,0.92174767,0.06627071,1.97220775,True,
cd/490290,115,120,seed5,R1,0.94436715,0.85547697,0.31768728,0.92174767,0.06627071,0.57019081,True,
cd/490290,120,125,seed1,R1,0.31483786,0.88147153,0.06319973,1.12083553,0.239364,0.38490204,True,
cd/490290,120,125,seed2,R1,1.21608266,0.88147153,0.06319973,1.12083553,0.239364,0.46343255,True,
cd/490290,120,125,seed3,R1,0.62859433,0.88147153,0.06319973,1.12083553,0.239364,1.37642764,True,
cd/490290,120,125,seed4,R1,1.71814249,0.88147153,0.06319973,1.12083553,0.239364,2.35445555,True,
cd/490290,120,125,seed5,R1,2.04251896,0.88147153,0.06319973,1.12083553,0.239364,1.02495988,True,
cd/490292,100,105,seed1,R1,1.80225509,1.57495711,2.89920006,0.85162003,-0.72333709,0.47084864,True,
cd/490292,100,105,seed2,R1,5.14186624,1.57495711,2.89920006,0.85162003,-0.72333709,0.5736133,True,
cd/490292,100,105,seed3,R1,7.35552893,1.57495711,2.89920006,0.85162003,-0.72333709,1.84531549,True,
cd/490292,100,105,seed4,R1,2.51988969,1.57495711,2.89920006,0.85162003,-0.72333709,0.29773291,True,
cd/490292,100,105,seed5,R1,1.93456046,1.57495711,2.89920006,0.85162003,-0.72333709,1.07058978,True,
cd/490292,105,110,seed1,R1,2.60097959,1.86531389,0.9255692,4.62457926,2.75926537,1.86949669,True,
cd/490292,105,110,seed2,R1,6.44521577,1.86531389,0.9255692,4.62457926,2.75926537,4.23223238,True,
cd/490292,105,110,seed3,R1,4.89910814,1.86531389,0.9255692,4.62457926,2.75926537,6.15030502,True,
cd/490292,105,110,seed4,R1,2.3698032,1.86531389,0.9255692,4.62457926,2.75926537,1.99354801,True,
cd/490292,105,110,seed5,R1,11.43563559,1.86531389,0.9255692,4.62457926,2.75926537,8.87731422,True,
cd/490292,110,115,seed1,R1,8.47614544,2.35403902,1.786827,3.94770194,1.59366292,3.76484397,True,
cd/490292,110,115,seed2,R1,4.38575483,2.35403902,1.786827,3.94770194,1.59366292,7.06780622,True,
cd/490292,110,115,seed3,R1,4.67814252,2.35403902,1.786827,3.94770194,1.59366292,2.64572587,True,
cd/490292,110,115,seed4,R1,7.3486439,2.35403902,1.786827,3.94770194,1.59366292,2.99065894,True,
cd/490292,110,115,seed5,R1,3.78395805,2.35403902,1.786827,3.94770194,1.59366292,3.26947472,True,
cd/490292,115,120,seed1,R1,2.88648046,2.2802045,1.89818626,3.19853824,0.91833375,0.85481775,True,
cd/490292,115,120,seed2,R1,3.55822712,2.2802045,1.89818626,3.19853824,0.91833375,2.40533662,True,
cd/490292,115,120,seed3,R1,8.13001758,2.2802045,1.89818626,3.19853824,0.91833375,4.65977235,True,
cd/490292,115,120,seed4,R1,8.76880505,2.2802045,1.89818626,3.19853824,0.91833375,6.25998324,True,
cd/490292,115,120,seed5,R1,2.14009232,2.2802045,1.89818626,3.19853824,0.91833375,1.81278125,True,
cd/490292,120,125,seed1,R1,6.41891814,2.47257876,3.8323451,3.21707624,0.74449747,1.2174781,True,
cd/490292,120,125,seed2,R1,4.1236291,2.47257876,3.8323451,3.21707624,0.74449747,3.39520159,True,
cd/490292,120,125,seed3,R1,6.958084,2.47257876,3.8323451,3.21707624,0.74449747,4.85859034,True,
cd/490292,120,125,seed4,R1,8.79894239,2.47257876,3.8323451,3.21707624,0.74449747,3.59293958,True,
cd/490292,120,125,seed5,R1,8.94753305,2.47257876,3.8323451,3.21707624,0.74449747,3.02117159,True,
cd/490296,100,105,seed1,R1,3.87597294,0.84047732,2.01506659,0.70761559,-0.13286174,0.56401199,True,
cd/490296,100,105,seed2,R1,2.10660979,0.84047732,2.01506659,0.70761559,-0.13286174,0.46852661,True,
cd/490296,100,105,seed3,R1,1.5162622,0.84047732,2.01506659,0.70761559,-0.13286174,0.66706003,True,
cd/490296,100,105,seed4,R1,1.77235316,0.84047732,2.01506659,0.70761559,-0.13286174,1.13026696,True,
cd/490296,100,105,seed5,R1,4.3422128,0.84047732,2.01506659,0.70761559,-0.13286174,0.70821236,True,
cd/490296,105,110,seed1,R1,4.09945627,1.09790949,-0.05442199,2.10082085,1.00291135,5.4625618,True,
cd/490296,105,110,seed2,R1,1.21888371,1.09790949,-0.05442199,2.10082085,1.00291135,0.61391517,True,
cd/490296,105,110,seed3,R1,0.94083196,1.09790949,-0.05442199,2.10082085,1.00291135,0.7099497,True,
cd/490296,105,110,seed4,R1,3.18471389,1.09790949,-0.05442199,2.10082085,1.00291135,3.45324908,True,
cd/490296,105,110,seed5,R1,0.78810844,1.09790949,-0.05442199,2.10082085,1.00291135,0.26442849,True,
cd/490296,110,115,seed1,R1,1.5330123,1.55422833,-0.30147778,2.69193288,1.13770454,1.91051717,True,
cd/490296,110,115,seed2,R1,1.86483271,1.55422833,-0.30147778,2.69193288,1.13770454,1.90777966,True,
cd/490296,110,115,seed3,R1,2.89768423,1.55422833,-0.30147778,2.69193288,1.13770454,2.52002167,True,
cd/490296,110,115,seed4,R1,4.31920134,1.55422833,-0.30147778,2.69193288,1.13770454,4.63794479,True,
cd/490296,110,115,seed5,R1,1.33754492,1.55422833,-0.30147778,2.69193288,1.13770454,2.48340108,True,
cd/490296,115,120,seed1,R1,6.81869402,1.76099444,0.60229623,2.62497065,0.86397621,3.11834008,True,
cd/490296,115,120,seed2,R1,4.52501952,1.76099444,0.60229623,2.62497065,0.86397621,2.45503939,True,
cd/490296,115,120,seed3,R1,1.99167743,1.76099444,0.60229623,2.62497065,0.86397621,1.66267571,True,
cd/490296,115,120,seed4,R1,1.41970502,1.76099444,0.60229623,2.62497065,0.86397621,3.3511649,True,
cd/490296,115,120,seed5,R1,1.38123844,1.76099444,0.60229623,2.62497065,0.86397621,2.53763317,True,
cd/490296,120,125,seed1,R1,1.50468208,1.70573306,-0.40751401,4.89614044,3.19040737,1.85801332,True,
cd/490296,120,125,seed2,R1,2.83928801,1.70573306,-0.40751401,4.89614044,3.19040737,4.20820226,True,
cd/490296,120,125,seed3,R1,7.19909714,1.70573306,-0.40751401,4.89614044,3.19040737,10.17381026,True,
cd/490296,120,125,seed4,R1,6.7677309,1.70573306,-0.40751401,4.89614044,3.19040737,5.16437848,True,
cd/490296,120,125,seed5,R1,4.13233399,1.70573306,-0.40751401,4.89614044,3.19040737,3.07629787,True,
cd/490297,100,105,seed1,R1,0.08176717,0.08724694,0.14339252,0.04058047,-0.04666647,0.01443462,True,
cd/490297,100,105,seed2,R1,0.38801557,0.08724694,0.14339252,0.04058047,-0.04666647,0.09470796,True,
cd/490297,100,105,seed3,R1,0.03982816,0.08724694,0.14339252,0.04058047,-0.04666647,0.05260722,True,
cd/490297,100,105,seed4,R1,0.17171281,0.08724694,0.14339252,0.04058047,-0.04666647,0.00098335,True,
cd/490297,100,105,seed5,R1,0.23854124,0.08724694,0.14339252,0.04058047,-0.04666647,0.04016921,True,
cd/490297,105,110,seed1,R1,0.13769115,0.0963582,0.03628896,0.09215667,-0.00420153,0.02389266,True,
cd/490297,105,110,seed2,R1,0.01984024,0.0963582,0.03628896,0.09215667,-0.00420153,0.12777267,True,
cd/490297,105,110,seed3,R1,0.00692689,0.0963582,0.03628896,0.09215667,-0.00420153,0.07056958,True,
cd/490297,105,110,seed4,R1,0.42944146,0.0963582,0.03628896,0.09215667,-0.00420153,0.22595777,True,
cd/490297,105,110,seed5,R1,0.04832841,0.0963582,0.03628896,0.09215667,-0.00420153,0.01259067,True,
cd/490297,110,115,seed1,R1,1.01521995,0.1086373,-0.19951758,1.12063874,1.01200144,1.1013837,True,
cd/490297,110,115,seed2,R1,3.0037467,0.1086373,-0.19951758,1.12063874,1.01200144,3.9372112,True,
cd/490297,110,115,seed3,R1,0.01097391,0.1086373,-0.19951758,1.12063874,1.01200144,0.01437069,True,
cd/490297,110,115,seed4,R1,0.22564879,0.1086373,-0.19951758,1.12063874,1.01200144,0.20688579,True,
cd/490297,110,115,seed5,R1,0.35001645,0.1086373,-0.19951758,1.12063874,1.01200144,0.34334231,True,
cd/490297,115,120,seed1,R1,0.20686043,0.14482096,0.10710688,0.79262956,0.64780859,0.35271868,True,
cd/490297,115,120,seed2,R1,3.38895156,0.14482096,0.10710688,0.79262956,0.64780859,2.19623961,True,
cd/490297,115,120,seed3,R1,0.5654083,0.14482096,0.10710688,0.79262956,0.64780859,0.07410532,True,
cd/490297,115,120,seed4,R1,0.07107594,0.14482096,0.10710688,0.79262956,0.64780859,0.15380907,True,
cd/490297,115,120,seed5,R1,0.26638595,0.14482096,0.10710688,0.79262956,0.64780859,1.18627511,True,
cd/490297,120,125,seed1,R1,0.52811281,0.13929701,-0.09998713,0.5547521,0.41545509,0.48768054,True,
cd/490297,120,125,seed2,R1,0.96031331,0.13929701,-0.09998713,0.5547521,0.41545509,1.47032232,True,
cd/490297,120,125,seed3,R1,0.00976309,0.13929701,-0.09998713,0.5547521,0.41545509,0.04339446,True,
cd/490297,120,125,seed4,R1,0.77174487,0.13929701,-0.09998713,0.5547521,0.41545509,0.74964495,True,
cd/490297,120,125,seed5,R1,0.00389076,0.13929701,-0.09998713,0.5547521,0.41545509,0.02271822,True,
cd/490303,100,105,seed1,R1,1.24135259,0.74959015,1.16106017,0.49599586,-0.25359429,0.25972134,True,
cd/490303,100,105,seed2,R1,2.14459109,0.74959015,1.16106017,0.49599586,-0.25359429,1.82085219,True,
cd/490303,100,105,seed3,R1,1.57914139,0.74959015,1.16106017,0.49599586,-0.25359429,0.15799355,True,
cd/490303,100,105,seed4,R1,1.67240437,0.74959015,1.16106017,0.49599586,-0.25359429,0.12650361,True,
cd/490303,100,105,seed5,R1,1.64779073,0.74959015,1.16106017,0.49599586,-0.25359429,0.11490862,True,
cd/490303,105,110,seed1,R1,0.86128775,0.83558615,0.17773555,1.70176364,0.86617749,0.3194601,True,
cd/490303,105,110,seed2,R1,4.24543181,0.83558615,0.17773555,1.70176364,0.86617749,4.01062945,True,
cd/490303,105,110,seed3,R1,1.52052065,0.83558615,0.17773555,1.70176364,0.86617749,1.6928693,True,
cd/490303,105,110,seed4,R1,2.1007586,0.83558615,0.17773555,1.70176364,0.86617749,2.14794427,True,
cd/490303,105,110,seed5,R1,0.66949714,0.83558615,0.17773555,1.70176364,0.86617749,0.33791508,True,
cd/490303,110,115,seed1,R1,3.92078931,1.01478937,0.44453422,1.98409256,0.96930318,4.47792101,True,
cd/490303,110,115,seed2,R1,1.69712484,1.01478937,0.44453422,1.98409256,0.96930318,1.33658489,True,
cd/490303,110,115,seed3,R1,1.51769837,1.01478937,0.44453422,1.98409256,0.96930318,0.3177076,True,
cd/490303,110,115,seed4,R1,2.68980631,1.01478937,0.44453422,1.98409256,0.96930318,0.90654758,True,
cd/490303,110,115,seed5,R1,2.31771507,1.01478937,0.44453422,1.98409256,0.96930318,2.8817017,True,
cd/490303,115,120,seed1,R1,4.19601939,1.56472463,1.31917742,2.72557767,1.16085304,5.90017933,True,
cd/490303,115,120,seed2,R1,4.7968643,1.56472463,1.31917742,2.72557767,1.16085304,1.97093868,True,
cd/490303,115,120,seed3,R1,3.80171518,1.56472463,1.31917742,2.72557767,1.16085304,1.39186209,True,
cd/490303,115,120,seed4,R1,2.42309417,1.56472463,1.31917742,2.72557767,1.16085304,0.57711687,True,
cd/490303,115,120,seed5,R1,5.00608239,1.56472463,1.31917742,2.72557767,1.16085304,3.78779137,True,
cd/490303,120,125,seed1,R1,3.6928443,1.56188198,0.11979718,2.79146979,1.2295878,2.88597073,True,
cd/490303,120,125,seed2,R1,5.52597416,1.56188198,0.11979718,2.79146979,1.2295878,4.54025153,True,
cd/490303,120,125,seed3,R1,3.50219501,1.56188198,0.11979718,2.79146979,1.2295878,5.05505614,True,
cd/490303,120,125,seed4,R1,1.13022812,1.56188198,0.11979718,2.79146979,1.2295878,1.3058927,True,
cd/490303,120,125,seed5,R1,0.70509324,1.56188198,0.11979718,2.79146979,1.2295878,0.17017784,True,
cd/490304,100,105,seed1,R1,0.01352737,0.13275806,0.02934524,0.16871551,0.03595746,0.03663751,True,
cd/490304,100,105,seed2,R1,0.03843071,0.13275806,0.02934524,0.16871551,0.03595746,0.11100701,True,
cd/490304,100,105,seed3,R1,0.83796234,0.13275806,0.02934524,0.16871551,0.03595746,0.5587373,True,
cd/490304,100,105,seed4,R1,0.00829697,0.13275806,0.02934524,0.16871551,0.03595746,0.08186596,True,
cd/490304,100,105,seed5,R1,0.09208636,0.13275806,0.02934524,0.16871551,0.03595746,0.05532978,True,
cd/490304,105,110,seed1,R1,0.88919893,0.19045704,0.20300542,0.27610516,0.08564812,0.23719616,True,
cd/490304,105,110,seed2,R1,0.39877595,0.19045704,0.20300542,0.27610516,0.08564812,0.10738052,True,
cd/490304,105,110,seed3,R1,0.14024774,0.19045704,0.20300542,0.27610516,0.08564812,0.66145547,True,
cd/490304,105,110,seed4,R1,0.68115095,0.19045704,0.20300542,0.27610516,0.08564812,0.25671576,True,
cd/490304,105,110,seed5,R1,0.2861793,0.19045704,0.20300542,0.27610516,0.08564812,0.11777789,True,
cd/490304,110,115,seed1,R1,0.05870801,0.29285719,-0.02948044,0.24998957,-0.04286762,0.1857929,True,
cd/490304,110,115,seed2,R1,0.51894394,0.29285719,-0.02948044,0.24998957,-0.04286762,0.41765624,True,
cd/490304,110,115,seed3,R1,0.2326045,0.29285719,-0.02948044,0.24998957,-0.04286762,0.48392312,True,
cd/490304,110,115,seed4,R1,0.22318771,0.29285719,-0.02948044,0.24998957,-0.04286762,0.14051862,True,
cd/490304,110,115,seed5,R1,0.0691015,0.29285719,-0.02948044,0.24998957,-0.04286762,0.02205698,True,
cd/490304,115,120,seed1,R1,0.10762036,0.51690207,0.04229282,0.58072464,0.06382257,0.6426188,True,
cd/490304,115,120,seed2,R1,0.98911418,0.51690207,0.04229282,0.58072464,0.06382257,0.4471326,True,
cd/490304,115,120,seed3,R1,1.75759156,0.51690207,0.04229282,0.58072464,0.06382257,1.08278427,True,
cd/490304,115,120,seed4,R1,0.13670353,0.51690207,0.04229282,0.58072464,0.06382257,0.72211365,True,
cd/490304,115,120,seed5,R1,0.12405764,0.51690207,0.04229282,0.58072464,0.06382257,0.00897387,True,
cd/490304,120,125,seed1,R1,1.43558612,0.50143866,-0.25503426,1.42421859,0.92277993,2.0260242,True,
cd/490304,120,125,seed2,R1,1.40884812,0.50143866,-0.25503426,1.42421859,0.92277993,1.71379221,True,
cd/490304,120,125,seed3,R1,0.41719121,0.50143866,-0.25503426,1.42421859,0.92277993,0.59572418,True,
cd/490304,120,125,seed4,R1,1.75383089,0.50143866,-0.25503426,1.42421859,0.92277993,1.66479761,True,
cd/490304,120,125,seed5,R1,0.83046527,0.50143866,-0.25503426,1.42421859,0.92277993,1.12075472,True,
cd/490305,100,105,seed1,R1,0.3552831,0.03876639,0.0778739,0.0483855,0.00961911,0.11262462,True,
cd/490305,100,105,seed2,R1,0.11182526,0.03876639,0.0778739,0.0483855,0.00961911,0.00185403,True,
cd/490305,100,105,seed3,R1,0.07261756,0.03876639,0.0778739,0.0483855,0.00961911,0.00087211,True,
cd/490305,100,105,seed4,R1,0.09107506,0.03876639,0.0778739,0.0483855,0.00961911,4.346e-05,True,
cd/490305,100,105,seed5,R1,0.000496,0.03876639,0.0778739,0.0483855,0.00961911,0.12653328,True,
cd/490305,105,110,seed1,R1,0.14353752,0.0434259,-0.01316548,0.17002974,0.12660383,0.34220645,True,
cd/490305,105,110,seed2,R1,0.39134718,0.0434259,-0.01316548,0.17002974,0.12660383,0.2894601,True,
cd/490305,105,110,seed3,R1,0.00576426,0.0434259,-0.01316548,0.17002974,0.12660383,0.00585497,True,
cd/490305,105,110,seed4,R1,0.0075292,0.0434259,-0.01316548,0.17002974,0.12660383,0.06677822,True,
cd/490305,105,110,seed5,R1,0.23614311,0.0434259,-0.01316548,0.17002974,0.12660383,0.14584895,True,
cd/490305,110,115,seed1,R1,0.03091271,0.21450476,0.0041418,0.0398364,-0.17466836,0.00540857,True,
cd/490305,110,115,seed2,R1,0.01856825,0.21450476,0.0041418,0.0398364,-0.17466836,0.00085963,True,
cd/490305,110,115,seed3,R1,0.01968315,0.21450476,0.0041418,0.0398364,-0.17466836,0.00114423,True,
cd/490305,110,115,seed4,R1,0.04893803,0.21450476,0.0041418,0.0398364,-0.17466836,0.13716706,True,
cd/490305,110,115,seed5,R1,0.10178888,0.21450476,0.0041418,0.0398364,-0.17466836,0.05460251,True,
cd/490305,115,120,seed1,R1,0.25386355,0.29632929,-0.0222264,0.29531062,-0.00101867,0.60512873,True,
cd/490305,115,120,seed2,R1,0.00343993,0.29632929,-0.0222264,0.29531062,-0.00101867,0.07848624,True,
cd/490305,115,120,seed3,R1,0.0064621,0.29632929,-0.0222264,0.29531062,-0.00101867,0.01555124,True,
cd/490305,115,120,seed4,R1,0.80537259,0.29632929,-0.0222264,0.29531062,-0.00101867,0.62216136,True,
cd/490305,115,120,seed5,R1,0.29628293,0.29632929,-0.0222264,0.29531062,-0.00101867,0.15522552,True,
cd/490305,120,125,seed2,R1,0.45503534,0.35250146,-0.11737108,0.51460732,0.16210586,0.29282059,True,
cd/490305,120,125,seed3,R1,0.35399441,0.35250146,-0.11737108,0.51460732,0.16210586,1.0276493,True,
cd/490305,120,125,seed5,R1,0.38267898,0.35250146,-0.11737108,0.51460732,0.16210586,0.22335207,True,
cd/490306,100,105,seed1,R1,0.07779273,0.081208,0.05073229,0.00484012,-0.07636788,0.00332001,True,
cd/490306,100,105,seed2,R1,0.01536439,0.081208,0.05073229,0.00484012,-0.07636788,0.01337062,True,
cd/490306,100,105,seed3,R1,0.08379144,0.081208,0.05073229,0.00484012,-0.07636788,0.00481903,True,
cd/490306,100,105,seed4,R1,0.06486433,0.081208,0.05073229,0.00484012,-0.07636788,0.00093214,True,
cd/490306,100,105,seed5,R1,0.0360492,0.081208,0.05073229,0.00484012,-0.07636788,0.00175882,True,
cd/490306,105,110,seed1,R1,0.02134654,0.14352581,0.00018874,0.10195997,-0.04156584,8.74e-06,True,
cd/490306,105,110,seed2,R1,0.32981936,0.14352581,0.00018874,0.10195997,-0.04156584,0.23202797,True,
cd/490306,105,110,seed3,R1,0.01155805,0.14352581,0.00018874,0.10195997,-0.04156584,0.07873132,True,
cd/490306,105,110,seed4,R1,0.04613473,0.14352581,0.00018874,0.10195997,-0.04156584,0.16042868,True,
cd/490306,105,110,seed5,R1,0.10188488,0.14352581,0.00018874,0.10195997,-0.04156584,0.03860316,True,
cd/490306,110,115,seed1,R1,0.00073415,0.30334208,-0.00720094,0.18741719,-0.11592489,0.02698315,True,
cd/490306,110,115,seed2,R1,0.81535501,0.30334208,-0.00720094,0.18741719,-0.11592489,0.66421274,True,
cd/490306,110,115,seed3,R1,0.0573356,0.30334208,-0.00720094,0.18741719,-0.11592489,0.21369391,True,
cd/490306,110,115,seed4,R1,0.0274676,0.30334208,-0.00720094,0.18741719,-0.11592489,8.58e-05,True,
cd/490306,110,115,seed5,R1,0.00018887,0.30334208,-0.00720094,0.18741719,-0.11592489,0.03211033,True,
cd/490306,115,120,seed1,R1,0.2776796,0.32577175,-0.04897854,0.57979544,0.25402369,0.77177176,True,
cd/490306,115,120,seed2,R1,0.14109175,0.32577175,-0.04897854,0.57979544,0.25402369,0.50312331,True,
cd/490306,115,120,seed3,R1,1.45367673,0.32577175,-0.04897854,0.57979544,0.25402369,1.12072521,True,
cd/490306,115,120,seed4,R1,0.76858835,0.32577175,-0.04897854,0.57979544,0.25402369,0.47722844,True,
cd/490306,115,120,seed5,R1,0.01304805,0.32577175,-0.04897854,0.57979544,0.25402369,0.02612848,True,
cd/490306,120,125,seed1,R1,0.58880019,0.2017342,-0.0700106,0.28039201,0.07865781,0.80431353,True,
cd/490306,120,125,seed3,R1,0.12601831,0.2017342,-0.0700106,0.28039201,0.07865781,0.15929083,True,
cd/490306,120,125,seed4,R1,0.01249653,0.2017342,-0.0700106,0.28039201,0.07865781,0.01399164,True,
cd/490306,120,125,seed5,R1,0.1142106,0.2017342,-0.0700106,0.28039201,0.07865781,0.14397203,True,
cd/490307,100,105,seed1,R1,3.7945269,0.69214761,0.34624859,1.57606396,0.88391635,2.11417709,True,
cd/490307,100,105,seed2,R1,3.14832684,0.69214761,0.34624859,1.57606396,0.88391635,1.69673672,True,
cd/490307,100,105,seed3,R1,1.53924302,0.69214761,0.34624859,1.57606396,0.88391635,1.88294487,True,
cd/490307,100,105,seed4,R1,0.70289092,0.69214761,0.34624859,1.57606396,0.88391635,0.4724843,True,
cd/490307,100,105,seed5,R1,0.42657509,0.69214761,0.34624859,1.57606396,0.88391635,1.71397682,True,
cd/490307,105,110,seed1,R1,16.14380541,1.26749324,0.22617483,4.93978684,3.6722936,13.1254765,True,
cd/490307,105,110,seed2,R1,3.18416836,1.26749324,0.22617483,4.93978684,3.6722936,2.10765204,True,
cd/490307,105,110,seed3,R1,0.59520104,1.26749324,0.22617483,4.93978684,3.6722936,0.87541135,True,
cd/490307,105,110,seed4,R1,2.55860941,1.26749324,0.22617483,4.93978684,3.6722936,2.1492688,True,
cd/490307,105,110,seed5,R1,3.34802414,1.26749324,0.22617483,4.93978684,3.6722936,6.4411255,True,
cd/490307,110,115,seed1,R1,9.2620828,1.37376642,0.19773816,4.48672807,3.11296165,10.56825608,True,
cd/490307,110,115,seed2,R1,6.16909386,1.37376642,0.19773816,4.48672807,3.11296165,4.2068254,True,
cd/490307,110,115,seed3,R1,1.32790186,1.37376642,0.19773816,4.48672807,3.11296165,1.53057233,True,
cd/490307,110,115,seed4,R1,2.20191661,1.37376642,0.19773816,4.48672807,3.11296165,2.42965203,True,
cd/490307,110,115,seed5,R1,4.46133602,1.37376642,0.19773816,4.48672807,3.11296165,3.69833453,True,
cd/490307,115,120,seed1,R1,3.60298645,1.37277347,0.13248764,2.37365135,1.00087789,2.67028969,True,
cd/490307,115,120,seed2,R1,2.27090276,1.37277347,0.13248764,2.37365135,1.00087789,2.33524401,True,
cd/490307,115,120,seed3,R1,2.91632881,1.37277347,0.13248764,2.37365135,1.00087789,2.59405998,True,
cd/490307,115,120,seed4,R1,2.09285476,1.37277347,0.13248764,2.37365135,1.00087789,2.08039841,True,
cd/490307,115,120,seed5,R1,1.6476222,1.37277347,0.13248764,2.37365135,1.00087789,2.18826468,True,
cd/490307,120,125,seed1,R1,2.96478234,1.56634705,-0.55959492,4.30368755,2.7373405,4.84347704,True,
cd/490307,120,125,seed2,R1,5.70815321,1.56634705,-0.55959492,4.30368755,2.7373405,4.47338742,True,
cd/490307,120,125,seed3,R1,5.81850789,1.56634705,-0.55959492,4.30368755,2.7373405,7.91311029,True,
cd/490307,120,125,seed4,R1,2.36944743,1.56634705,-0.55959492,4.30368755,2.7373405,2.30245322,True,
cd/490307,120,125,seed5,R1,1.85957225,1.56634705,-0.55959492,4.30368755,2.7373405,1.98600977,True,
cd/490308,100,105,seed1,R1,0.00774627,0.02957443,0.00481872,0.03755693,0.0079825,0.00066287,True,
cd/490308,100,105,seed2,R1,0.00670135,0.02957443,0.00481872,0.03755693,0.0079825,0.00106429,True,
cd/490308,100,105,seed3,R1,0.01859975,0.02957443,0.00481872,0.03755693,0.0079825,0.00080264,True,
cd/490308,100,105,seed4,R1,0.15710108,0.02957443,0.00481872,0.03755693,0.0079825,0.1017585,True,
cd/490308,100,105,seed5,R1,0.0217298,0.02957443,0.00481872,0.03755693,0.0079825,0.08349635,True,
cd/490308,105,110,seed1,R1,0.03029433,0.08333004,0.01537281,0.04051827,-0.04281177,0.00054248,True,
cd/490308,105,110,seed2,R1,0.01861285,0.08333004,0.01537281,0.04051827,-0.04281177,0.10487084,True,
cd/490308,105,110,seed3,R1,0.16693607,0.08333004,0.01537281,0.04051827,-0.04281177,0.08150951,True,
cd/490308,105,110,seed4,R1,0.00657225,0.08333004,0.01537281,0.04051827,-0.04281177,0.00650719,True,
cd/490308,105,110,seed5,R1,0.0570399,0.08333004,0.01537281,0.04051827,-0.04281177,0.00916133,True,
cd/490308,110,115,seed1,R1,0.00285448,0.1433307,0.00258982,0.51290053,0.36956984,0.17834662,True,
cd/490308,110,115,seed2,R1,1.54839846,0.1433307,0.00258982,0.51290053,0.36956984,1.05810918,True,
cd/490308,110,115,seed3,R1,0.65880995,0.1433307,0.00258982,0.51290053,0.36956984,0.29691427,True,
cd/490308,110,115,seed4,R1,0.03738875,0.1433307,0.00258982,0.51290053,0.36956984,0.02143076,True,
cd/490308,110,115,seed5,R1,0.33000013,0.1433307,0.00258982,0.51290053,0.36956984,1.00970184,True,
cd/490308,115,120,seed1,R1,0.06354321,0.31062837,-0.04411578,0.24908932,-0.06153905,0.03896928,True,
cd/490308,115,120,seed2,R1,0.01158786,0.31062837,-0.04411578,0.24908932,-0.06153905,0.0012908,True,
cd/490308,115,120,seed3,R1,0.07628554,0.31062837,-0.04411578,0.24908932,-0.06153905,0.15462536,True,
cd/490308,115,120,seed4,R1,0.62616941,0.31062837,-0.04411578,0.24908932,-0.06153905,0.64045583,True,
cd/490308,115,120,seed5,R1,0.24728168,0.31062837,-0.04411578,0.24908932,-0.06153905,0.41010532,True,
cd/490308,120,125,seed1,R1,0.06013582,0.35685806,0.97967521,1.36067873,1.00382067,1.08870299,True,
cd/490308,120,125,seed3,R1,0.02521626,0.35685806,0.97967521,1.36067873,1.00382067,1.30692866,True,
cd/490308,120,125,seed4,R1,2.55850209,0.35685806,0.97967521,1.36067873,1.00382067,0.2708248,True,
cd/490308,120,125,seed5,R1,6.71756157,0.35685806,0.97967521,1.36067873,1.00382067,2.77625847,True,
cd/490309,100,105,seed1,R1,3.67386777,2.33277198,3.38131868,1.75788268,-0.5748893,1.03308063,True,
cd/490309,100,105,seed2,R1,6.84602753,2.33277198,3.38131868,1.75788268,-0.5748893,1.33966458,True,
cd/490309,100,105,seed3,R1,4.36915059,2.33277198,3.38131868,1.75788268,-0.5748893,3.67613274,True,
cd/490309,100,105,seed4,R1,6.48000622,2.33277198,3.38131868,1.75788268,-0.5748893,1.01235863,True,
cd/490309,100,105,seed5,R1,4.3269547,2.33277198,3.38131868,1.75788268,-0.5748893,1.72817681,True,
cd/490309,105,110,seed1,R1,4.3540692,2.63836338,1.86927775,4.91506739,2.27670401,3.013799,True,
cd/490309,105,110,seed2,R1,11.59926887,2.63836338,1.86927775,4.91506739,2.27670401,8.46702577,True,
cd/490309,105,110,seed3,R1,4.90763862,2.63836338,1.86927775,4.91506739,2.27670401,5.81076917,True,
cd/490309,105,110,seed4,R1,6.19304475,2.63836338,1.86927775,4.91506739,2.27670401,3.38268713,True,
cd/490309,105,110,seed5,R1,6.86770427,2.63836338,1.86927775,4.91506739,2.27670401,3.90105588,True,
cd/490309,110,115,seed1,R1,6.40984366,3.30588514,2.87040981,4.47779577,1.17191063,2.20362237,True,
cd/490309,110,115,seed2,R1,6.95898892,3.30588514,2.87040981,4.47779577,1.17191063,3.33864982,True,
cd/490309,110,115,seed3,R1,8.41125936,3.30588514,2.87040981,4.47779577,1.17191063,8.76922166,True,
cd/490309,110,115,seed4,R1,6.09388285,3.30588514,2.87040981,4.47779577,1.17191063,4.20500098,True,
cd/490309,110,115,seed5,R1,8.86705311,3.30588514,2.87040981,4.47779577,1.17191063,3.87248403,True,
cd/490309,115,120,seed1,R1,7.07973288,3.09909203,0.56743711,4.2586283,1.15953627,5.57220669,True,
cd/490309,115,120,seed2,R1,6.06434894,3.09909203,0.56743711,4.2586283,1.15953627,6.93916465,True,
cd/490309,115,120,seed3,R1,2.76638151,3.09909203,0.56743711,4.2586283,1.15953627,2.21845004,True,
cd/490309,115,120,seed4,R1,5.11386487,3.09909203,0.56743711,4.2586283,1.15953627,3.15326647,True,
cd/490309,115,120,seed5,R1,3.10599886,3.09909203,0.56743711,4.2586283,1.15953627,3.41005365,True,
cd/490309,120,125,seed1,R1,7.72511149,3.25709047,1.16673694,4.07427835,0.81718787,8.7206549,True,
cd/490309,120,125,seed2,R1,6.62022269,3.25709047,1.16673694,4.07427835,0.81718787,4.86350282,True,
cd/490309,120,125,seed3,R1,5.06076295,3.25709047,1.16673694,4.07427835,0.81718787,2.25407186,True,
cd/490309,120,125,seed4,R1,3.39644651,3.25709047,1.16673694,4.07427835,0.81718787,3.55690119,True,
cd/490309,120,125,seed5,R1,3.40253279,3.25709047,1.16673694,4.07427835,0.81718787,0.97626094,True,
cd/490312,100,105,seed1,R1,0.48825349,0.23252114,0.29584427,0.12731458,-0.10520656,0.02347332,True,
cd/490312,100,105,seed2,R1,0.31425603,0.23252114,0.29584427,0.12731458,-0.10520656,0.068187,True,
cd/490312,100,105,seed3,R1,0.52485026,0.23252114,0.29584427,0.12731458,-0.10520656,0.03695997,True,
cd/490312,100,105,seed4,R1,0.01957155,0.23252114,0.29584427,0.12731458,-0.10520656,0.37441225,True,
cd/490312,100,105,seed5,R1,0.76886291,0.23252114,0.29584427,0.12731458,-0.10520656,0.13354033,True,
cd/490312,105,110,seed1,R1,0.01603269,0.32662287,0.16244924,0.53925913,0.21263625,0.19996372,True,
cd/490312,105,110,seed2,R1,0.80950201,0.32662287,0.16244924,0.53925913,0.21263625,0.39750115,True,
cd/490312,105,110,seed3,R1,2.22123516,0.32662287,0.16244924,0.53925913,0.21263625,1.24156575,True,
cd/490312,105,110,seed4,R1,0.07857695,0.32662287,0.16244924,0.53925913,0.21263625,0.65012267,True,
cd/490312,105,110,seed5,R1,0.38319502,0.32662287,0.16244924,0.53925913,0.21263625,0.20714235,True,
cd/490312,110,115,seed1,R1,0.07719921,0.31214688,0.69244635,0.31672208,0.0045752,0.44650488,True,
cd/490312,110,115,seed2,R1,2.35033849,0.31214688,0.69244635,0.31672208,0.0045752,0.55065466,True,
cd/490312,110,115,seed3,R1,1.53807682,0.31214688,0.69244635,0.31672208,0.0045752,0.17400117,True,
cd/490312,110,115,seed4,R1,0.10100749,0.31214688,0.69244635,0.31672208,0.0045752,0.39280641,True,
cd/490312,110,115,seed5,R1,0.97922015,0.31214688,0.69244635,0.31672208,0.0045752,0.01964331,True,
cd/490312,115,120,seed1,R1,0.06127251,0.26765482,-0.0239282,0.47157806,0.20392323,0.00040087,True,
cd/490312,115,120,seed2,R1,0.38230946,0.26765482,-0.0239282,0.47157806,0.20392323,0.21762309,True,
cd/490312,115,120,seed3,R1,0.37690705,0.26765482,-0.0239282,0.47157806,0.20392323,0.19201671,True,
cd/490312,115,120,seed4,R1,0.30081296,0.26765482,-0.0239282,0.47157806,0.20392323,0.20807164,True,
cd/490312,115,120,seed5,R1,1.11694727,0.26765482,-0.0239282,0.47157806,0.20392323,1.73977797,True,
cd/490312,120,125,seed1,R1,0.27515568,0.24365173,-0.05903057,0.47004741,0.22639569,0.28568446,True,
cd/490312,120,125,seed2,R1,1.08211288,0.24365173,-0.05903057,0.47004741,0.22639569,1.16234012,True,
cd/490312,120,125,seed3,R1,0.25865572,0.24365173,-0.05903057,0.47004741,0.22639569,0.34706292,True,
cd/490312,120,125,seed4,R1,0.20439505,0.24365173,-0.05903057,0.47004741,0.22639569,0.32025167,True,
cd/490312,120,125,seed5,R1,0.23476487,0.24365173,-0.05903057,0.47004741,0.22639569,0.2348979,True,
cd/490313,100,105,seed1,R1,3.81296086,0.2401852,2.84962079,0.18474917,-0.05543604,0.0986704,True,
cd/490313,100,105,seed2,R1,1.53525498,0.2401852,2.84962079,0.18474917,-0.05543604,0.39211354,True,
cd/490313,100,105,seed3,R1,3.7001468,0.2401852,2.84962079,0.18474917,-0.05543604,0.22800409,True,
cd/490313,100,105,seed4,R1,2.47505249,0.2401852,2.84962079,0.18474917,-0.05543604,0.0304464,True,
cd/490313,100,105,seed5,R1,3.64843467,0.2401852,2.84962079,0.18474917,-0.05543604,0.17451141,True,
cd/490313,105,110,seed1,R1,3.8644523,0.56869867,0.09472931,1.68502049,1.11632182,2.7720844,True,
cd/490313,105,110,seed2,R1,2.81009238,0.56869867,0.09472931,1.68502049,1.11632182,2.40883177,True,
cd/490313,105,110,seed3,R1,0.99035237,0.56869867,0.09472931,1.68502049,1.11632182,0.9328196,True,
cd/490313,105,110,seed4,R1,0.59247108,0.56869867,0.09472931,1.68502049,1.11632182,1.48789561,True,
cd/490313,105,110,seed5,R1,0.64138087,0.56869867,0.09472931,1.68502049,1.11632182,0.82347107,True,
cd/490313,110,115,seed1,R1,0.52764576,0.57703873,-0.01631529,0.5583618,-0.01867693,0.4819007,True,
cd/490313,110,115,seed2,R1,0.67521569,0.57703873,-0.01631529,0.5583618,-0.01867693,0.85057133,True,
cd/490313,110,115,seed3,R1,0.30821084,0.57703873,-0.01631529,0.5583618,-0.01867693,0.76107931,True,
cd/490313,110,115,seed4,R1,0.49952921,0.57703873,-0.01631529,0.5583618,-0.01867693,0.32224061,True,
cd/490313,110,115,seed5,R1,0.69963105,0.57703873,-0.01631529,0.5583618,-0.01867693,0.37601703,True,
cd/490313,115,120,seed1,R1,0.89345355,0.68267136,-0.25594279,2.29570279,1.61303143,1.45446455,True,
cd/490313,115,120,seed2,R1,6.75672659,0.68267136,-0.25594279,2.29570279,1.61303143,5.77362552,True,
cd/490313,115,120,seed3,R1,0.55949458,0.68267136,-0.25594279,2.29570279,1.61303143,0.78597672,True,
cd/490313,115,120,seed4,R1,1.49329698,0.68267136,-0.25594279,2.29570279,1.61303143,2.72774875,True,
cd/490313,115,120,seed5,R1,0.49582828,0.68267136,-0.25594279,2.29570279,1.61303143,0.73669838,True,
cd/490313,120,125,seed1,R1,1.0161727,0.74843827,0.87180372,0.75213262,0.00369435,0.08498067,True,
cd/490313,120,125,seed2,R1,2.68603732,0.74843827,0.87180372,0.75213262,0.00369435,1.4719991,True,
cd/490313,120,125,seed3,R1,0.71292728,0.74843827,0.87180372,0.75213262,0.00369435,0.18862559,True,
cd/490313,120,125,seed4,R1,2.85552339,0.74843827,0.87180372,0.75213262,0.00369435,0.94007228,True,
cd/490313,120,125,seed5,R1,0.84902103,0.74843827,0.87180372,0.75213262,0.00369435,1.07498548,True,
cd/490315,100,105,seed1,R1,0.20213301,0.13825312,0.1242589,0.16859657,0.03034345,0.10172692,True,
cd/490315,100,105,seed2,R1,0.57132611,0.13825312,0.1242589,0.16859657,0.03034345,0.34428371,True,
cd/490315,100,105,seed3,R1,0.10941166,0.13825312,0.1242589,0.16859657,0.03034345,0.127473,True,
cd/490315,100,105,seed4,R1,0.27861352,0.13825312,0.1242589,0.16859657,0.03034345,0.10721787,True,
cd/490315,100,105,seed5,R1,0.30279307,0.13825312,0.1242589,0.16859657,0.03034345,0.16228136,True,
cd/490315,105,110,seed1,R1,0.23018729,0.30166773,0.44673284,0.75276614,0.45109841,0.27850346,True,
cd/490315,105,110,seed2,R1,1.75581066,0.30166773,0.44673284,0.75276614,0.45109841,0.44201478,True,
cd/490315,105,110,seed3,R1,0.98630805,0.30166773,0.44673284,0.75276614,0.45109841,0.35865303,True,
cd/490315,105,110,seed4,R1,2.16479428,0.30166773,0.44673284,0.75276614,0.45109841,0.82138062,True,
cd/490315,105,110,seed5,R1,0.86039461,0.30166773,0.44673284,0.75276614,0.45109841,1.86327882,True,
cd/490315,110,115,seed1,R1,0.39300323,0.56889682,0.10305335,0.61943393,0.05053711,0.23931066,True,
cd/490315,110,115,seed2,R1,0.74234291,0.56889682,0.10305335,0.61943393,0.05053711,0.40718269,True,
cd/490315,110,115,seed3,R1,0.90162632,0.56889682,0.10305335,0.61943393,0.05053711,0.34678752,True,
cd/490315,110,115,seed4,R1,0.86144146,0.56889682,0.10305335,0.61943393,0.05053711,0.78124946,True,
cd/490315,110,115,seed5,R1,0.71402245,0.56889682,0.10305335,0.61943393,0.05053711,1.32263932,True,
cd/490315,115,120,seed1,R1,3.63725999,0.80554325,-0.22670168,1.84547032,1.03992706,3.21377823,True,
cd/490315,115,120,seed2,R1,1.08574237,0.80554325,-0.22670168,1.84547032,1.03992706,1.03025746,True,
cd/490315,115,120,seed3,R1,0.88286651,0.80554325,-0.22670168,1.84547032,1.03992706,1.88718883,True,
cd/490315,115,120,seed4,R1,1.54992045,0.80554325,-0.22670168,1.84547032,1.03992706,1.9503202,True,
cd/490315,115,120,seed5,R1,0.93805384,0.80554325,-0.22670168,1.84547032,1.03992706,1.14580687,True,
cd/490315,120,125,seed1,R1,0.56314952,0.88484729,-0.20551112,2.62050191,1.73565462,1.85998641,True,
cd/490315,120,125,seed2,R1,3.8692905,0.88484729,-0.20551112,2.62050191,1.73565462,2.73022848,True,
cd/490315,120,125,seed3,R1,0.54492753,0.88484729,-0.20551112,2.62050191,1.73565462,1.04450925,True,
cd/490315,120,125,seed4,R1,0.53635776,0.88484729,-0.20551112,2.62050191,1.73565462,1.64486059,True,
cd/490315,120,125,seed5,R1,6.56122862,0.88484729,-0.20551112,2.62050191,1.73565462,5.82292481,True,
cd/490316,100,105,seed1,R1,0.94388618,0.34645456,0.30469393,0.19546053,-0.15099403,0.26430215,True,
cd/490316,100,105,seed2,R1,0.37564368,0.34645456,0.30469393,0.19546053,-0.15099403,0.36882429,True,
cd/490316,100,105,seed3,R1,0.31280101,0.34645456,0.30469393,0.19546053,-0.15099403,0.06307742,True,
cd/490316,100,105,seed4,R1,0.48775383,0.34645456,0.30469393,0.19546053,-0.15099403,0.25566222,True,
cd/490316,100,105,seed5,R1,0.3806876,0.34645456,0.30469393,0.19546053,-0.15099403,0.0254366,True,
cd/490316,105,110,seed1,R1,0.73413049,0.64127309,0.23528933,0.58682823,-0.05444486,0.46227466,True,
cd/490316,105,110,seed2,R1,0.81158378,0.64127309,0.23528933,0.58682823,-0.05444486,0.67265237,True,
cd/490316,105,110,seed3,R1,1.39126166,0.64127309,0.23528933,0.58682823,-0.05444486,0.64982355,True,
cd/490316,105,110,seed4,R1,0.7440995,0.64127309,0.23528933,0.58682823,-0.05444486,0.67516368,True,
cd/490316,105,110,seed5,R1,0.42951238,0.64127309,0.23528933,0.58682823,-0.05444486,0.47422688,True,
cd/490316,110,115,seed1,R1,1.42931521,0.62689728,-0.02896499,2.41545778,1.7885605,0.69068388,True,
cd/490316,110,115,seed2,R1,3.03201092,0.62689728,-0.02896499,2.41545778,1.7885605,3.36519289,True,
cd/490316,110,115,seed3,R1,3.00263371,0.62689728,-0.02896499,2.41545778,1.7885605,5.98215692,True,
cd/490316,110,115,seed4,R1,1.23446195,0.62689728,-0.02896499,2.41545778,1.7885605,0.39529778,True,
cd/490316,110,115,seed5,R1,3.23404214,0.62689728,-0.02896499,2.41545778,1.7885605,1.64395742,True,
cd/490316,115,120,seed1,R1,2.0414811,0.7428051,1.0875801,1.56607609,0.82327099,0.61713629,True,
cd/490316,115,120,seed2,R1,1.75339765,0.7428051,1.0875801,1.56607609,0.82327099,0.93000261,True,
cd/490316,115,120,seed3,R1,2.05577911,0.7428051,1.0875801,1.56607609,0.82327099,0.9447844,True,
cd/490316,115,120,seed4,R1,6.99183291,0.7428051,1.0875801,1.56607609,0.82327099,3.52986278,True,
cd/490316,115,120,seed5,R1,0.42579018,0.7428051,1.0875801,1.56607609,0.82327099,1.80859437,True,
cd/490316,120,125,seed1,R1,1.01216484,0.76697008,0.35495428,1.40661009,0.63964001,0.72752082,True,
cd/490316,120,125,seed2,R1,2.84767506,0.76697008,0.35495428,1.40661009,0.63964001,2.87095897,True,
cd/490316,120,125,seed3,R1,1.68086222,0.76697008,0.35495428,1.40661009,0.63964001,0.76364425,True,
cd/490316,120,125,seed4,R1,2.79420336,0.76697008,0.35495428,1.40661009,0.63964001,2.62965599,True,
cd/490316,120,125,seed5,R1,0.47291636,0.76697008,0.35495428,1.40661009,0.63964001,0.0412704,True,
cd/490317,100,105,seed1,R1,1.04932419,0.23786932,2.26786862,0.24525872,0.0073894,0.45507256,True,
cd/490317,100,105,seed2,R1,2.50597128,0.23786932,2.26786862,0.24525872,0.0073894,0.2102084,True,
cd/490317,100,105,seed3,R1,1.91831178,0.23786932,2.26786862,0.24525872,0.0073894,0.03353828,True,
cd/490317,100,105,seed4,R1,4.57645099,0.23786932,2.26786862,0.24525872,0.0073894,0.48465784,True,
cd/490317,100,105,seed5,R1,2.51557844,0.23786932,2.26786862,0.24525872,0.0073894,0.04281651,True,
cd/490317,105,110,seed1,R1,2.44051295,0.43952029,0.19872921,0.86254543,0.42302515,2.24879426,True,
cd/490317,105,110,seed2,R1,1.87009467,0.43952029,0.19872921,0.86254543,0.42302515,0.8068163,True,
cd/490317,105,110,seed3,R1,0.59035012,0.43952029,0.19872921,0.86254543,0.42302515,0.42398864,True,
cd/490317,105,110,seed4,R1,0.35053229,0.43952029,0.19872921,0.86254543,0.42302515,0.39122778,True,
cd/490317,105,110,seed5,R1,0.0548832,0.43952029,0.19872921,0.86254543,0.42302515,0.44190018,True,
cd/490317,110,115,seed1,R1,3.21538515,0.53914766,0.5349686,1.45183483,0.91268716,0.99437479,True,
cd/490317,110,115,seed2,R1,1.29233731,0.53914766,0.5349686,1.45183483,0.91268716,0.32294344,True,
cd/490317,110,115,seed3,R1,1.87783372,0.53914766,0.5349686,1.45183483,0.91268716,3.12136101,True,
cd/490317,110,115,seed4,R1,2.22863692,0.53914766,0.5349686,1.45183483,0.91268716,0.88060278,True,
cd/490317,110,115,seed5,R1,1.31982403,0.53914766,0.5349686,1.45183483,0.91268716,1.93989211,True,
cd/490317,115,120,seed1,R1,0.79376091,0.7341234,-0.1624227,2.24472888,1.51060548,0.77752827,True,
cd/490317,115,120,seed2,R1,2.62827718,0.7341234,-0.1624227,2.24472888,1.51060548,3.21371252,True,
cd/490317,115,120,seed3,R1,1.16106643,0.7341234,-0.1624227,2.24472888,1.51060548,3.01168,True,
cd/490317,115,120,seed4,R1,2.64109843,0.7341234,-0.1624227,2.24472888,1.51060548,2.19094395,True,
cd/490317,115,120,seed5,R1,3.18732794,0.7341234,-0.1624227,2.24472888,1.51060548,2.02977968,True,
cd/490317,120,125,seed1,R1,1.66830878,0.75680636,-0.10860139,2.03247847,1.27567211,1.55963432,True,
cd/490317,120,125,seed2,R1,4.64924171,0.75680636,-0.10860139,2.03247847,1.27567211,4.26636275,True,
cd/490317,120,125,seed3,R1,2.35031019,0.75680636,-0.10860139,2.03247847,1.27567211,2.36599955,True,
cd/490317,120,125,seed4,R1,0.65982704,0.75680636,-0.10860139,2.03247847,1.27567211,0.68395754,True,
cd/490317,120,125,seed5,R1,0.29169767,0.75680636,-0.10860139,2.03247847,1.27567211,1.28643818,True,
cd/490320,100,105,seed1,R1,0.13972638,0.00995135,0.18556835,0.06175545,0.0518041,0.00631572,True,
cd/490320,100,105,seed2,R1,0.623312,0.00995135,0.18556835,0.06175545,0.0518041,0.14845345,True,
cd/490320,100,105,seed3,R1,0.01142525,0.00995135,0.18556835,0.06175545,0.0518041,0.14279858,True,
cd/490320,100,105,seed4,R1,0.17506902,0.00995135,0.18556835,0.06175545,0.0518041,0.00087575,True,
cd/490320,100,105,seed5,R1,0.28708634,0.00995135,0.18556835,0.06175545,0.0518041,0.01033374,True,
cd/490320,105,110,seed1,R1,0.00103946,0.01619046,0.00631551,0.12521158,0.10902112,0.05476967,True,
cd/490320,105,110,seed2,R1,0.17412304,0.01619046,0.00631551,0.12521158,0.10902112,0.07211952,True,
cd/490320,105,110,seed3,R1,0.463937,0.01619046,0.00631551,0.12521158,0.10902112,0.31758021,True,
cd/490320,105,110,seed4,R1,0.0032748,0.01619046,0.00631551,0.12521158,0.10902112,0.06862488,True,
cd/490320,105,110,seed5,R1,0.01526117,0.01619046,0.00631551,0.12521158,0.10902112,0.11296363,True,
cd/490320,110,115,seed1,R1,0.11469204,0.03542502,-0.0156089,0.10088897,0.06546395,0.20630466,True,
cd/490320,110,115,seed2,R1,0.09202081,0.03542502,-0.0156089,0.10088897,0.06546395,0.06947594,True,
cd/490320,110,115,seed3,R1,0.04571696,0.03542502,-0.0156089,0.10088897,0.06546395,0.09898869,True,
cd/490320,110,115,seed4,R1,0.10374386,0.03542502,-0.0156089,0.10088897,0.06546395,0.08096238,True,
cd/490320,110,115,seed5,R1,0.07022669,0.03542502,-0.0156089,0.10088897,0.06546395,0.04871318,True,
cd/490320,115,120,seed1,R1,0.51759025,0.0891154,0.10652986,0.15751621,0.06840081,0.15130118,True,
cd/490320,115,120,seed2,R1,0.13636714,0.0891154,0.10652986,0.15751621,0.06840081,6.32e-06,True,
cd/490320,115,120,seed3,R1,0.66377687,0.0891154,0.10652986,0.15751621,0.06840081,0.24552944,True,
cd/490320,115,120,seed4,R1,0.00248011,0.0891154,0.10652986,0.15751621,0.06840081,0.22189739,True,
cd/490320,115,120,seed5,R1,1.599e-05,0.0891154,0.10652986,0.15751621,0.06840081,0.16884674,True,
cd/490320,120,125,seed1,R1,0.10797157,0.19118361,-0.03140773,0.15979433,-0.03138928,0.11636816,True,
cd/490320,120,125,seed2,R1,0.23438963,0.19118361,-0.03140773,0.15979433,-0.03138928,0.32209039,True,
cd/490320,120,125,seed3,R1,0.04765392,0.19118361,-0.03140773,0.15979433,-0.03138928,0.04744425,True,
cd/490320,120,125,seed4,R1,0.14529054,0.19118361,-0.03140773,0.15979433,-0.03138928,0.15993094,True,
cd/490320,120,125,seed5,R1,0.10662736,0.19118361,-0.03140773,0.15979433,-0.03138928,0.15313791,True,
cd/490321,100,105,seed1,R1,0.42996822,0.06095977,0.25990084,0.10910553,0.04814576,0.02190386,True,
cd/490321,100,105,seed2,R1,0.00864135,0.06095977,0.25990084,0.10910553,0.04814576,0.33646179,True,
cd/490321,100,105,seed3,R1,0.20812609,0.06095977,0.25990084,0.10910553,0.04814576,0.00702007,True,
cd/490321,100,105,seed4,R1,0.50250286,0.06095977,0.25990084,0.10910553,0.04814576,0.04970306,True,
cd/490321,100,105,seed5,R1,0.69579332,0.06095977,0.25990084,0.10910553,0.04814576,0.13043885,True,
cd/490321,105,110,seed1,R1,0.90144677,0.08536827,0.10779678,0.24909364,0.16372537,0.42851667,True,
cd/490321,105,110,seed2,R1,0.04911055,0.08536827,0.10779678,0.24909364,0.16372537,0.17088897,True,
cd/490321,105,110,seed3,R1,0.00377815,0.08536827,0.10779678,0.24909364,0.16372537,0.17769822,True,
cd/490321,105,110,seed4,R1,0.47271234,0.08536827,0.10779678,0.24909364,0.16372537,0.41756821,True,
cd/490321,105,110,seed5,R1,0.3574043,0.08536827,0.10779678,0.24909364,0.16372537,0.05079613,True,
cd/490321,110,115,seed1,R1,0.32219799,0.22758364,0.34517032,0.25122012,0.02363647,0.01572355,True,
cd/490321,110,115,seed2,R1,0.08002274,0.22758364,0.34517032,0.25122012,0.02363647,0.27942536,True,
cd/490321,110,115,seed3,R1,0.05882268,0.22758364,0.34517032,0.25122012,0.02363647,0.22344075,True,
cd/490321,110,115,seed4,R1,1.40083667,0.22758364,0.34517032,0.25122012,0.02363647,0.44085451,True,
cd/490321,110,115,seed5,R1,1.1200721,0.22758364,0.34517032,0.25122012,0.02363647,0.29665641,True,
cd/490321,115,120,seed1,R1,0.0684438,0.18043824,-0.13816633,0.78929094,0.6088527,0.02510137,True,
cd/490321,115,120,seed2,R1,2.28608394,0.18043824,-0.13816633,0.78929094,0.6088527,2.8714077,True,
cd/490321,115,120,seed3,R1,0.15274286,0.18043824,-0.13816633,0.78929094,0.6088527,0.11699282,True,
cd/490321,115,120,seed4,R1,0.19514078,0.18043824,-0.13816633,0.78929094,0.6088527,0.20213547,True,
cd/490321,115,120,seed5,R1,0.5532117,0.18043824,-0.13816633,0.78929094,0.6088527,0.73081735,True,
cd/490321,120,125,seed1,R1,0.02375001,0.21675899,-0.29832641,1.5188714,1.30211241,0.01820719,True,
cd/490321,120,125,seed2,R1,2.47763833,0.21675899,-0.29832641,1.5188714,1.30211241,3.35700421,True,
cd/490321,120,125,seed3,R1,0.30427858,0.21675899,-0.29832641,1.5188714,1.30211241,0.34943471,True,
cd/490321,120,125,seed4,R1,3.18270273,0.21675899,-0.29832641,1.5188714,1.30211241,3.72094277,True,
cd/490321,120,125,seed5,R1,0.11435534,0.21675899,-0.29832641,1.5188714,1.30211241,0.14876813,True,
cd/490322,100,105,seed1,R1,0.75746413,0.24347485,0.50184646,0.32665969,0.08318485,0.04682357,True,
cd/490322,100,105,seed2,R1,0.10453482,0.24347485,0.50184646,0.32665969,0.08318485,0.3784537,True,
cd/490322,100,105,seed3,R1,1.17344296,0.24347485,0.50184646,0.32665969,0.08318485,0.60634328,True,
cd/490322,100,105,seed4,R1,0.78372932,0.24347485,0.50184646,0.32665969,0.08318485,0.13265039,True,
cd/490322,100,105,seed5,R1,1.32335956,0.24347485,0.50184646,0.32665969,0.08318485,0.46902752,True,
cd/490322,105,110,seed1,R1,0.43467196,0.41003976,0.00139736,0.36948742,-0.04055234,0.20208457,True,
cd/490322,105,110,seed2,R1,0.30832762,0.41003976,0.00139736,0.36948742,-0.04055234,0.22210679,True,
cd/490322,105,110,seed3,R1,0.60924502,0.41003976,0.00139736,0.36948742,-0.04055234,0.76319388,True,
cd/490322,105,110,seed4,R1,0.26440573,0.41003976,0.00139736,0.36948742,-0.04055234,0.31708619,True,
cd/490322,105,110,seed5,R1,0.23777353,0.41003976,0.00139736,0.36948742,-0.04055234,0.34296567,True,
cd/490322,110,115,seed1,R1,0.6582683,0.77036269,-0.08985583,1.11331751,0.34295482,0.36795552,True,
cd/490322,110,115,seed2,R1,1.55682464,0.77036269,-0.08985583,1.11331751,0.34295482,1.15472153,True,
cd/490322,110,115,seed3,R1,0.34553213,0.77036269,-0.08985583,1.11331751,0.34295482,0.5708325,True,
cd/490322,110,115,seed4,R1,0.21241071,0.77036269,-0.08985583,1.11331751,0.34295482,0.72761989,True,
cd/490322,110,115,seed5,R1,2.34427264,0.77036269,-0.08985583,1.11331751,0.34295482,2.74545813,True,
cd/490322,115,120,seed1,R1,1.18602301,0.80426716,-0.55536498,3.2317549,2.42748773,1.07395272,True,
cd/490322,115,120,seed2,R1,6.29250858,0.80426716,-0.55536498,3.2317549,2.42748773,7.13347718,True,
cd/490322,115,120,seed3,R1,1.01688448,0.80426716,-0.55536498,3.2317549,2.42748773,0.99317245,True,
cd/490322,115,120,seed4,R1,0.63662141,0.80426716,-0.55536498,3.2317549,2.42748773,1.43601183,True,
cd/490322,115,120,seed5,R1,4.24991213,0.80426716,-0.55536498,3.2317549,2.42748773,5.52216031,True,
cd/490322,120,125,seed1,R1,6.54325857,0.93136537,1.87551223,3.05469012,2.12332475,1.85410094,True,
cd/490322,120,125,seed2,R1,2.24398536,0.93136537,1.87551223,3.05469012,2.12332475,5.99554034,True,
cd/490322,120,125,seed3,R1,0.97077384,0.93136537,1.87551223,3.05469012,2.12332475,0.51772118,True,
cd/490322,120,125,seed4,R1,7.30430936,0.93136537,1.87551223,3.05469012,2.12332475,2.72353854,True,
cd/490322,120,125,seed5,R1,7.58868461,0.93136537,1.87551223,3.05469012,2.12332475,4.1825496,True,
cd/490324,100,105,seed1,R1,1.96660201,0.29899808,1.80658671,0.39230843,0.09331034,0.06630229,True,
cd/490324,100,105,seed2,R1,3.57307081,0.29899808,1.80658671,0.39230843,0.09331034,0.40738689,True,
cd/490324,100,105,seed3,R1,0.71275473,0.29899808,1.80658671,0.39230843,0.09331034,0.63369303,True,
cd/490324,100,105,seed4,R1,1.1067039,0.29899808,1.80658671,0.39230843,0.09331034,0.41876892,True,
cd/490324,100,105,seed5,R1,3.63534423,0.29899808,1.80658671,0.39230843,0.09331034,0.435391,True,
cd/490324,105,110,seed1,R1,0.92450225,0.44729289,0.05420974,1.04025021,0.59295732,0.94468027,True,
cd/490324,105,110,seed2,R1,1.72117657,0.44729289,0.05420974,1.04025021,0.59295732,0.95796847,True,
cd/490324,105,110,seed3,R1,1.87187197,0.44729289,0.05420974,1.04025021,0.59295732,2.17041795,True,
cd/490324,105,110,seed4,R1,0.70693235,0.44729289,0.05420974,1.04025021,0.59295732,0.34149645,True,
cd/490324,105,110,seed5,R1,0.24781664,0.44729289,0.05420974,1.04025021,0.59295732,0.78668792,True,
cd/490324,110,115,seed1,R1,0.65581497,0.65931036,-0.08068225,1.77237524,1.11306488,1.73349447,True,
cd/490324,110,115,seed2,R1,2.14147425,0.65931036,-0.08068225,1.77237524,1.11306488,2.50577394,True,
cd/490324,110,115,seed3,R1,0.36803221,0.65931036,-0.08068225,1.77237524,1.11306488,0.52492993,True,
cd/490324,110,115,seed4,R1,4.53593792,0.65931036,-0.08068225,1.77237524,1.11306488,3.74420237,True,
cd/490324,110,115,seed5,R1,0.75720559,0.65931036,-0.08068225,1.77237524,1.11306488,0.35347549,True,
cd/490324,115,120,seed1,R1,4.68989259,0.7240954,0.26824961,2.1562469,1.4321515,2.47962738,True,
cd/490324,115,120,seed2,R1,2.6958975,0.7240954,0.26824961,2.1562469,1.4321515,2.12100031,True,
cd/490324,115,120,seed3,R1,3.95838135,0.7240954,0.26824961,2.1562469,1.4321515,2.46514052,True,
cd/490324,115,120,seed4,R1,0.70644368,0.7240954,0.26824961,2.1562469,1.4321515,3.21396813,True,
cd/490324,115,120,seed5,R1,0.07186746,0.7240954,0.26824961,2.1562469,1.4321515,0.50149819,True,
cd/490324,120,125,seed1,R1,0.58545459,0.8370798,0.01353336,1.22810696,0.39102716,0.70603388,True,
cd/490324,120,125,seed2,R1,0.50759504,0.8370798,0.01353336,1.22810696,0.39102716,1.05620394,True,
cd/490324,120,125,seed3,R1,1.22256477,0.8370798,0.01353336,1.22810696,0.39102716,0.67511529,True,
cd/490324,120,125,seed4,R1,3.20462648,0.8370798,0.01353336,1.22810696,0.39102716,2.32821935,True,
cd/490324,120,125,seed5,R1,0.68796075,0.8370798,0.01353336,1.22810696,0.39102716,1.37496237,True,
cd/490325,100,105,seed1,R1,6.8777511,0.93659903,1.43185085,1.9391218,1.00252277,2.45331796,True,
cd/490325,100,105,seed2,R1,2.92239301,0.93659903,1.43185085,1.9391218,1.00252277,1.52224955,True,
cd/490325,100,105,seed3,R1,1.16200688,0.93659903,1.43185085,1.9391218,1.00252277,1.71498687,True,
cd/490325,100,105,seed4,R1,1.03321978,0.93659903,1.43185085,1.9391218,1.00252277,2.03705975,True,
cd/490325,100,105,seed5,R1,4.85949249,0.93659903,1.43185085,1.9391218,1.00252277,1.96799486,True,
cd/490325,105,110,seed1,R1,1.12788297,1.09756465,-0.10517167,2.13265876,1.03509411,1.0196232,True,
cd/490325,105,110,seed2,R1,1.98356213,1.09756465,-0.10517167,2.13265876,1.03509411,3.70431477,True,
cd/490325,105,110,seed3,R1,4.80458454,1.09756465,-0.10517167,2.13265876,1.03509411,4.02549248,True,
cd/490325,105,110,seed4,R1,1.62810035,1.09756465,-0.10517167,2.13265876,1.03509411,0.99839034,True,
cd/490325,105,110,seed5,R1,0.59330544,1.09756465,-0.10517167,2.13265876,1.03509411,0.91547301,True,
cd/490325,110,115,seed1,R1,4.01786791,1.36951839,0.3673014,2.79361268,1.42409429,4.61124415,True,
cd/490325,110,115,seed2,R1,4.29998356,1.36951839,0.3673014,2.79361268,1.42409429,2.74422055,True,
cd/490325,110,115,seed3,R1,1.36504632,1.36951839,0.3673014,2.79361268,1.42409429,1.91462235,True,
cd/490325,110,115,seed4,R1,3.93203007,1.36951839,0.3673014,2.79361268,1.42409429,2.20650295,True,
cd/490325,110,115,seed5,R1,2.18964257,1.36951839,0.3673014,2.79361268,1.42409429,2.49147342,True,
cd/490325,115,120,seed1,R1,1.10618651,1.52617308,0.168418,2.77975427,1.2535812,3.39904669,True,
cd/490325,115,120,seed2,R1,5.87028747,1.52617308,0.168418,2.77975427,1.2535812,4.4848888,True,
cd/490325,115,120,seed3,R1,3.67828046,1.52617308,0.168418,2.77975427,1.2535812,2.61730767,True,
cd/490325,115,120,seed4,R1,1.54479861,1.52617308,0.168418,2.77975427,1.2535812,1.27165658,True,
cd/490325,115,120,seed5,R1,2.54130833,1.52617308,0.168418,2.77975427,1.2535812,2.12587163,True,
cd/490325,120,125,seed1,R1,0.59926673,1.55863052,0.73822926,1.79332449,0.23469397,0.98424923,True,
cd/490325,120,125,seed2,R1,4.82686634,1.55863052,0.73822926,1.79332449,0.23469397,2.66756949,True,
cd/490325,120,125,seed3,R1,1.64450891,1.55863052,0.73822926,1.79332449,0.23469397,0.71482572,True,
cd/490325,120,125,seed4,R1,1.74668207,1.55863052,0.73822926,1.79332449,0.23469397,1.49891277,True,
cd/490325,120,125,seed5,R1,3.84044471,1.55863052,0.73822926,1.79332449,0.23469397,3.10106524,True,
cd/490327,100,105,seed1,R1,1.91657226,0.5991293,0.4105934,1.0424232,0.4432939,1.43118239,True,
cd/490327,100,105,seed2,R1,1.58637044,0.5991293,0.4105934,1.0424232,0.4432939,1.3452412,True,
cd/490327,100,105,seed3,R1,2.0304696,0.5991293,0.4105934,1.0424232,0.4432939,1.45591846,True,
cd/490327,100,105,seed4,R1,0.84226253,0.5991293,0.4105934,1.0424232,0.4432939,0.54979894,True,
cd/490327,100,105,seed5,R1,0.88940819,0.5991293,0.4105934,1.0424232,0.4432939,0.42997502,True,
cd/490327,105,110,seed1,R1,0.97376556,0.85961293,0.84630865,1.86092318,1.00131025,1.85541562,True,
cd/490327,105,110,seed2,R1,1.91004029,0.85961293,0.84630865,1.86092318,1.00131025,0.60696271,True,
cd/490327,105,110,seed3,R1,5.40534845,0.85961293,0.84630865,1.86092318,1.00131025,3.40709206,True,
cd/490327,105,110,seed4,R1,4.08961891,0.85961293,0.84630865,1.86092318,1.00131025,2.44038872,True,
cd/490327,105,110,seed5,R1,1.15738589,0.85961293,0.84630865,1.86092318,1.00131025,0.99475677,True,
cd/490327,110,115,seed1,R1,2.45674048,1.12113866,-0.10876815,2.17917774,1.05803908,1.71055265,True,
cd/490327,110,115,seed2,R1,2.29649836,1.12113866,-0.10876815,2.17917774,1.05803908,1.9794822,True,
cd/490327,110,115,seed3,R1,1.34931522,1.12113866,-0.10876815,2.17917774,1.05803908,2.26078045,True,
cd/490327,110,115,seed4,R1,2.59876105,1.12113866,-0.10876815,2.17917774,1.05803908,3.89149798,True,
cd/490327,110,115,seed5,R1,1.65073284,1.12113866,-0.10876815,2.17917774,1.05803908,1.05357541,True,
cd/490327,115,120,seed1,R1,1.64812826,1.5694775,-0.19082138,1.89583159,0.32635409,1.74429787,True,
cd/490327,115,120,seed2,R1,0.96115252,1.5694775,-0.19082138,1.89583159,0.32635409,1.30829183,True,
cd/490327,115,120,seed3,R1,1.7112032,1.5694775,-0.19082138,1.89583159,0.32635409,2.28552393,True,
cd/490327,115,120,seed4,R1,3.62032391,1.5694775,-0.19082138,1.89583159,0.32635409,3.68757222,True,
cd/490327,115,120,seed5,R1,0.58424317,1.5694775,-0.19082138,1.89583159,0.32635409,0.45347209,True,
cd/490327,120,125,seed1,R1,4.03561876,1.52990378,1.22064751,2.89355176,1.36364798,2.10049694,True,
cd/490327,120,125,seed2,R1,4.41918758,1.52990378,1.22064751,2.89355176,1.36364798,2.28713584,True,
cd/490327,120,125,seed3,R1,5.82910121,1.52990378,1.22064751,2.89355176,1.36364798,3.10721081,True,
cd/490327,120,125,seed4,R1,3.92008799,1.52990378,1.22064751,2.89355176,1.36364798,2.97440112,True,
cd/490327,120,125,seed5,R1,2.36700084,1.52990378,1.22064751,2.89355176,1.36364798,3.99851411,True,
cd/490330,100,105,seed1,R1,0.04160068,0.16409293,-0.01823839,0.25106737,0.08697444,0.00079089,True,
cd/490330,100,105,seed2,R1,0.15517036,0.16409293,-0.01823839,0.25106737,0.08697444,0.10106236,True,
cd/490330,100,105,seed3,R1,0.53182775,0.16409293,-0.01823839,0.25106737,0.08697444,0.67471663,True,
cd/490330,100,105,seed4,R1,0.23723275,0.16409293,-0.01823839,0.25106737,0.08697444,0.38997049,True,
cd/490330,100,105,seed5,R1,0.19831336,0.16409293,-0.01823839,0.25106737,0.08697444,0.08879649,True,
cd/490330,105,110,seed1,R1,0.00192214,0.20079021,0.16849692,0.39029231,0.1895021,0.31166071,True,
cd/490330,105,110,seed2,R1,2.04623816,0.20079021,0.16849692,0.39029231,0.1895021,1.11826621,True,
cd/490330,105,110,seed3,R1,0.00928672,0.20079021,0.16849692,0.39029231,0.1895021,0.33991102,True,
cd/490330,105,110,seed4,R1,0.51509836,0.20079021,0.16849692,0.39029231,0.1895021,0.17917321,True,
cd/490330,105,110,seed5,R1,0.22140077,0.20079021,0.16849692,0.39029231,0.1895021,0.0024504,True,
cd/490330,110,115,seed1,R1,0.01067157,0.28342097,-0.05931401,0.48976018,0.20633921,0.04430249,True,
cd/490330,110,115,seed2,R1,0.82995768,0.28342097,-0.05931401,0.48976018,0.20633921,1.26328971,True,
cd/490330,110,115,seed3,R1,0.47016994,0.28342097,-0.05931401,0.48976018,0.20633921,0.40960104,True,
cd/490330,110,115,seed4,R1,0.3934526,0.28342097,-0.05931401,0.48976018,0.20633921,0.44161419,True,
cd/490330,110,115,seed5,R1,0.44797908,0.28342097,-0.05931401,0.48976018,0.20633921,0.2899935,True,
cd/490330,115,120,seed1,R1,0.53951764,0.38396216,0.79176843,0.89744962,0.51348745,0.50632922,True,
cd/490330,115,120,seed2,R1,3.82166663,0.38396216,0.79176843,0.89744962,0.51348745,2.37627,True,
cd/490330,115,120,seed3,R1,2.0887657,0.38396216,0.79176843,0.89744962,0.51348745,0.53188937,True,
cd/490330,115,120,seed4,R1,1.92782839,0.38396216,0.79176843,0.89744962,0.51348745,0.34141267,True,
cd/490330,115,120,seed5,R1,0.06831187,0.38396216,0.79176843,0.89744962,0.51348745,0.73134682,True,
cd/490330,120,125,seed1,R1,0.21124242,0.48016167,0.56182047,0.60971863,0.12955697,0.17768439,True,
cd/490330,120,125,seed2,R1,3.1304561,0.48016167,0.56182047,0.60971863,0.12955697,1.15455826,True,
cd/490330,120,125,seed3,R1,0.11935702,0.48016167,0.56182047,0.60971863,0.12955697,0.35450122,True,
cd/490330,120,125,seed4,R1,2.37026473,0.48016167,0.56182047,0.60971863,0.12955697,0.76527852,True,
cd/490330,120,125,seed5,R1,0.02637523,0.48016167,0.56182047,0.60971863,0.12955697,0.59657077,True,
cd/490331,100,105,seed1,R1,2.70779858,0.58999851,2.3793388,0.59763506,0.00763655,1.06741663,True,
cd/490331,100,105,seed2,R1,2.43723213,0.58999851,2.3793388,0.59763506,0.00763655,0.49262211,True,
cd/490331,100,105,seed3,R1,4.74196477,0.58999851,2.3793388,0.59763506,0.00763655,0.61839854,True,
cd/490331,100,105,seed4,R1,1.91537361,0.58999851,2.3793388,0.59763506,0.00763655,0.26907092,True,
cd/490331,100,105,seed5,R1,3.08250023,0.58999851,2.3793388,0.59763506,0.00763655,0.54066709,True,
cd/490331,105,110,seed1,R1,1.67582883,0.61084521,0.08829221,2.60623957,1.99539436,0.41711949,True,
cd/490331,105,110,seed2,R1,3.69537734,0.61084521,0.08829221,2.60623957,1.99539436,1.88193741,True,
cd/490331,105,110,seed3,R1,0.91063952,0.61084521,0.08829221,2.60623957,1.99539436,0.67183477,True,
cd/490331,105,110,seed4,R1,4.39411464,0.61084521,0.08829221,2.60623957,1.99539436,8.27208018,True,
cd/490331,105,110,seed5,R1,2.79669858,0.61084521,0.08829221,2.60623957,1.99539436,1.788226,True,
cd/490331,110,115,seed1,R1,0.97842201,0.7921974,0.31099674,3.15913442,2.36693701,2.8601628,True,
cd/490331,110,115,seed2,R1,4.34325252,0.7921974,0.31099674,3.15913442,2.36693701,3.03705475,True,
cd/490331,110,115,seed3,R1,0.36798489,0.7921974,0.31099674,3.15913442,2.36693701,0.66740948,True,
cd/490331,110,115,seed4,R1,10.45724623,0.7921974,0.31099674,3.15913442,2.36693701,6.9031816,True,
cd/490331,110,115,seed5,R1,1.20375012,0.7921974,0.31099674,3.15913442,2.36693701,2.32786346,True,
cd/490331,115,120,seed1,R1,1.54494163,0.90735453,0.07483014,1.59458241,0.68722788,1.50758845,True,
cd/490331,115,120,seed2,R1,1.51021594,0.90735453,0.07483014,1.59458241,0.68722788,1.62069906,True,
cd/490331,115,120,seed3,R1,0.3848424,0.90735453,0.07483014,1.59458241,0.68722788,0.70335651,True,
cd/490331,115,120,seed4,R1,4.84857773,0.90735453,0.07483014,1.59458241,0.68722788,3.29064587,True,
cd/490331,115,120,seed5,R1,0.05848504,0.90735453,0.07483014,1.59458241,0.68722788,0.85062215,True,
cd/490331,120,125,seed1,R1,3.87631824,1.19630518,-0.03902204,4.47115383,3.27484865,5.0251892,True,
cd/490331,120,125,seed2,R1,5.65061416,1.19630518,-0.03902204,4.47115383,3.27484865,5.30935246,True,
cd/490331,120,125,seed3,R1,3.90371274,1.19630518,-0.03902204,4.47115383,3.27484865,3.85389956,True,
cd/490331,120,125,seed4,R1,5.96839773,1.19630518,-0.03902204,4.47115383,3.27484865,6.35904969,True,
cd/490331,120,125,seed5,R1,2.76161609,1.19630518,-0.03902204,4.47115383,3.27484865,1.80827824,True,
cd/490333,100,105,seed1,R1,0.58504448,0.1205436,0.46633336,0.06217999,-0.05836361,0.01001336,True,
cd/490333,100,105,seed2,R1,0.6358794,0.1205436,0.46633336,0.06217999,-0.05836361,0.05669083,True,
cd/490333,100,105,seed3,R1,0.2859395,0.1205436,0.46633336,0.06217999,-0.05836361,0.03807441,True,
cd/490333,100,105,seed4,R1,0.88588201,0.1205436,0.46633336,0.06217999,-0.05836361,0.09173448,True,
cd/490333,100,105,seed5,R1,0.24982136,0.1205436,0.46633336,0.06217999,-0.05836361,0.11438685,True,
cd/490333,105,110,seed1,R1,0.55666517,0.18230625,-0.03092878,0.42345643,0.24115018,0.33873713,True,
cd/490333,105,110,seed2,R1,0.60099922,0.18230625,-0.03092878,0.42345643,0.24115018,1.0847768,True,
cd/490333,105,110,seed3,R1,0.25049838,0.18230625,-0.03092878,0.42345643,0.24115018,0.10146699,True,
cd/490333,105,110,seed4,R1,0.53392819,0.18230625,-0.03092878,0.42345643,0.24115018,0.57773402,True,
cd/490333,105,110,seed5,R1,0.02054729,0.18230625,-0.03092878,0.42345643,0.24115018,0.0145672,True,
cd/490333,110,115,seed1,R1,0.04253002,0.22778496,0.10548405,0.76547736,0.5376924,0.43763866,True,
cd/490333,110,115,seed2,R1,0.69758406,0.22778496,0.10548405,0.76547736,0.5376924,0.50338764,True,
cd/490333,110,115,seed3,R1,3.04698314,0.22778496,0.10548405,0.76547736,0.5376924,2.26456662,True,
cd/490333,110,115,seed4,R1,0.20319897,0.22778496,0.10548405,0.76547736,0.5376924,0.28194984,True,
cd/490333,110,115,seed5,R1,0.36451087,0.22778496,0.10548405,0.76547736,0.5376924,0.33984406,True,
cd/490333,115,120,seed1,R1,0.16166894,0.33546327,-0.00534763,0.62082454,0.28536127,0.01738353,True,
cd/490333,115,120,seed2,R1,0.17889907,0.33546327,-0.00534763,0.62082454,0.28536127,0.30897767,True,
cd/490333,115,120,seed3,R1,2.64744405,0.33546327,-0.00534763,0.62082454,0.28536127,2.07385627,True,
cd/490333,115,120,seed4,R1,0.07262479,0.33546327,-0.00534763,0.62082454,0.28536127,0.44568205,True,
cd/490333,115,120,seed5,R1,0.0167477,0.33546327,-0.00534763,0.62082454,0.28536127,0.25822318,True,
cd/490333,120,125,seed1,R1,1.5056089,0.34393109,0.21422192,0.60713597,0.26320488,0.53913598,True,
cd/490333,120,125,seed2,R1,0.00983433,0.34393109,0.21422192,0.60713597,0.26320488,0.47751333,True,
cd/490333,120,125,seed3,R1,0.16115425,0.34393109,0.21422192,0.60713597,0.26320488,0.0402854,True,
cd/490333,120,125,seed4,R1,0.41365008,0.34393109,0.21422192,0.60713597,0.26320488,0.90344461,True,
cd/490333,120,125,seed5,R1,2.01654189,0.34393109,0.21422192,0.60713597,0.26320488,1.07530051,True,
cd/490334,100,105,seed1,R1,0.50549088,0.48479027,0.8444598,0.55511911,0.07032885,0.09757863,True,
cd/490334,100,105,seed2,R1,0.29065427,0.48479027,0.8444598,0.55511911,0.07032885,1.11983016,True,
cd/490334,100,105,seed3,R1,0.55056811,0.48479027,0.8444598,0.55511911,0.07032885,0.10545884,True,
cd/490334,100,105,seed4,R1,2.68691275,0.48479027,0.8444598,0.55511911,0.07032885,0.60126304,True,
cd/490334,100,105,seed5,R1,2.96426855,0.48479027,0.8444598,0.55511911,0.07032885,0.8514649,True,
cd/490334,105,110,seed1,R1,0.13134436,0.62172878,-0.052385,2.49139021,1.86966143,0.55175878,True,
cd/490334,105,110,seed2,R1,2.74023917,0.62172878,-0.052385,2.49139021,1.86966143,3.52505955,True,
cd/490334,105,110,seed3,R1,0.33830507,0.62172878,-0.052385,2.49139021,1.86966143,0.75139164,True,
cd/490334,105,110,seed4,R1,1.92516084,0.62172878,-0.052385,2.49139021,1.86966143,2.005451,True,
cd/490334,105,110,seed5,R1,7.05997663,0.62172878,-0.052385,2.49139021,1.86966143,5.62329011,True,
cd/490334,110,115,seed1,R1,1.83791728,0.80446975,1.46523322,0.75092568,-0.05354407,0.1433001,True,
cd/490334,110,115,seed2,R1,1.06756894,0.80446975,1.46523322,0.75092568,-0.05354407,0.79662887,True,
cd/490334,110,115,seed3,R1,5.17775301,0.80446975,1.46523322,0.75092568,-0.05354407,1.66349446,True,
cd/490334,110,115,seed4,R1,1.65769614,0.80446975,1.46523322,0.75092568,-0.05354407,0.17500092,True,
cd/490334,110,115,seed5,R1,1.33985911,0.80446975,1.46523322,0.75092568,-0.05354407,0.97620406,True,
cd/490334,115,120,seed1,R1,4.61412148,1.05285396,0.39229805,1.76838946,0.7155355,3.13869034,True,
cd/490334,115,120,seed2,R1,3.15143972,1.05285396,0.39229805,1.76838946,0.7155355,2.0378479,True,
cd/490334,115,120,seed3,R1,0.88950414,1.05285396,0.39229805,1.76838946,0.7155355,0.4355572,True,
cd/490334,115,120,seed4,R1,1.40285669,1.05285396,0.39229805,1.76838946,0.7155355,0.33207172,True,
cd/490334,115,120,seed5,R1,0.74551552,1.05285396,0.39229805,1.76838946,0.7155355,2.89778014,True,
cd/490334,120,125,seed1,R1,1.29156942,1.07196262,1.2632351,1.39692651,0.32496389,2.38597337,True,
cd/490334,120,125,seed2,R1,0.82689157,1.07196262,1.2632351,1.39692651,0.32496389,1.94921918,True,
cd/490334,120,125,seed3,R1,4.51649946,1.07196262,1.2632351,1.39692651,0.32496389,1.02364588,True,
cd/490334,120,125,seed4,R1,3.15150813,1.07196262,1.2632351,1.39692651,0.32496389,1.05550411,True,
cd/490334,120,125,seed5,R1,3.51433947,1.07196262,1.2632351,1.39692651,0.32496389,0.57029001,True,
cd/490335,100,105,seed1,R1,0.94876877,0.37914947,0.35985563,1.00789273,0.62874326,1.33509967,True,
cd/490335,100,105,seed2,R1,0.61386554,0.37914947,0.35985563,1.00789273,0.62874326,1.11142528,True,
cd/490335,100,105,seed3,R1,0.52545583,0.37914947,0.35985563,1.00789273,0.62874326,0.03269395,True,
cd/490335,100,105,seed4,R1,3.47709791,0.37914947,0.35985563,1.00789273,0.62874326,2.14511022,True,
cd/490335,100,105,seed5,R1,1.27355372,0.37914947,0.35985563,1.00789273,0.62874326,0.41513451,True,
cd/490335,105,110,seed1,R1,6.49988781,0.52147816,0.96152507,1.1995641,0.67808594,3.14621256,True,
cd/490335,105,110,seed2,R1,1.77286408,0.52147816,0.96152507,1.1995641,0.67808594,0.51544961,True,
cd/490335,105,110,seed3,R1,1.41940045,0.52147816,0.96152507,1.1995641,0.67808594,0.07765311,True,
cd/490335,105,110,seed4,R1,0.85690647,0.52147816,0.96152507,1.1995641,0.67808594,1.65458255,True,
cd/490335,105,110,seed5,R1,0.25638706,0.52147816,0.96152507,1.1995641,0.67808594,0.60392268,True,
cd/490335,110,115,seed1,R1,0.80837615,0.57802677,-0.02139707,1.29767281,0.71964605,0.86511423,True,
cd/490335,110,115,seed2,R1,1.9567866,0.57802677,-0.02139707,1.29767281,0.71964605,1.48912151,True,
cd/490335,110,115,seed3,R1,0.32391007,0.57802677,-0.02139707,1.29767281,0.71964605,0.68228123,True,
cd/490335,110,115,seed4,R1,1.7663621,0.57802677,-0.02139707,1.29767281,0.71964605,1.4852613,True,
cd/490335,110,115,seed5,R1,1.5259438,0.57802677,-0.02139707,1.29767281,0.71964605,1.96658579,True,
cd/490335,115,120,seed1,R1,2.97229917,1.31840991,1.80722193,1.33341666,0.01500675,0.70323539,True,
cd/490335,115,120,seed2,R1,2.38966894,1.31840991,1.80722193,1.33341666,0.01500675,2.80306617,True,
cd/490335,115,120,seed3,R1,5.03136738,1.31840991,1.80722193,1.33341666,0.01500675,1.4346979,True,
cd/490335,115,120,seed4,R1,4.56721956,1.31840991,1.80722193,1.33341666,0.01500675,0.96224318,True,
cd/490335,115,120,seed5,R1,0.7426379,1.31840991,1.80722193,1.33341666,0.01500675,0.76384066,True,
cd/490335,120,125,seed1,R1,4.31203277,1.3445124,1.00195942,1.8161942,0.4716818,2.05487476,True,
cd/490335,120,125,seed2,R1,3.25586188,1.3445124,1.00195942,1.8161942,0.4716818,1.58103275,True,
cd/490335,120,125,seed3,R1,1.79629251,1.3445124,1.00195942,1.8161942,0.4716818,2.73983013,True,
cd/490335,120,125,seed4,R1,3.89354566,1.3445124,1.00195942,1.8161942,0.4716818,1.28576158,True,
cd/490335,120,125,seed5,R1,0.8330353,1.3445124,1.00195942,1.8161942,0.4716818,1.41947179,True,
cd/490337,100,105,seed1,R1,0.52437455,0.12269705,1.02327116,0.2846885,0.16199145,0.22044187,True,
cd/490337,100,105,seed2,R1,2.76068114,0.12269705,1.02327116,0.2846885,0.16199145,0.66138797,True,
cd/490337,100,105,seed3,R1,1.34889565,0.12269705,1.02327116,0.2846885,0.16199145,0.02070073,True,
cd/490337,100,105,seed4,R1,1.24875509,0.12269705,1.02327116,0.2846885,0.16199145,0.0462334,True,
cd/490337,100,105,seed5,R1,0.65709186,0.12269705,1.02327116,0.2846885,0.16199145,0.47467852,True,
cd/490337,105,110,seed1,R1,0.5172094,0.2882698,0.03197688,0.50214392,0.21387412,0.50885682,True,
cd/490337,105,110,seed2,R1,1.05009308,0.2882698,0.03197688,0.50214392,0.21387412,0.85924382,True,
cd/490337,105,110,seed3,R1,0.42737924,0.2882698,0.03197688,0.50214392,0.21387412,0.63248576,True,
cd/490337,105,110,seed4,R1,0.2757278,0.2882698,0.03197688,0.50214392,0.21387412,0.08156902,True,
cd/490337,105,110,seed5,R1,0.40019447,0.2882698,0.03197688,0.50214392,0.21387412,0.4285642,True,
cd/490337,110,115,seed1,R1,0.13566943,0.58737669,0.16522979,1.50736579,0.9199891,0.24755074,True,
cd/490337,110,115,seed2,R1,3.31958088,0.58737669,0.16522979,1.50736579,0.9199891,4.07430373,True,
cd/490337,110,115,seed3,R1,1.50475171,0.58737669,0.16522979,1.50736579,0.9199891,0.8908682,True,
cd/490337,110,115,seed4,R1,2.80626631,0.58737669,0.16522979,1.50736579,0.9199891,1.67256342,True,
cd/490337,110,115,seed5,R1,0.59670955,0.58737669,0.16522979,1.50736579,0.9199891,0.65154285,True,
cd/490337,115,120,seed1,R1,1.2246583,0.7413366,-0.17469193,1.79156836,1.05023176,1.54965157,True,
cd/490337,115,120,seed2,R1,4.16537927,0.7413366,-0.17469193,1.79156836,1.05023176,3.51110688,True,
cd/490337,115,120,seed3,R1,1.54080781,0.7413366,-0.17469193,1.79156836,1.05023176,2.58923174,True,
cd/490337,115,120,seed4,R1,1.03132406,0.7413366,-0.17469193,1.79156836,1.05023176,1.09733819,True,
cd/490337,115,120,seed5,R1,0.12221271,0.7413366,-0.17469193,1.79156836,1.05023176,0.21051341,True,
cd/490337,120,125,seed1,R1,0.63902766,0.79554903,-0.03432585,1.23993735,0.44438831,0.31451416,True,
cd/490337,120,125,seed2,R1,0.70832041,0.79554903,-0.03432585,1.23993735,0.44438831,1.44917017,True,
cd/490337,120,125,seed3,R1,1.17119048,0.79554903,-0.03432585,1.23993735,0.44438831,1.30773006,True,
cd/490337,120,125,seed4,R1,1.49760024,0.79554903,-0.03432585,1.23993735,0.44438831,0.78730041,True,
cd/490337,120,125,seed5,R1,2.01191868,0.79554903,-0.03432585,1.23993735,0.44438831,2.34097192,True,
cd/490338,100,105,seed1,R1,1.91003403,0.65508951,1.59471898,0.47437282,-0.18071669,0.2627338,True,
cd/490338,100,105,seed2,R1,1.82437335,0.65508951,1.59471898,0.47437282,-0.18071669,0.58977496,True,
cd/490338,100,105,seed3,R1,2.13824552,0.65508951,1.59471898,0.47437282,-0.18071669,0.15235098,True,
cd/490338,100,105,seed4,R1,3.51037204,0.65508951,1.59471898,0.47437282,-0.18071669,1.01732234,True,
cd/490338,100,105,seed5,R1,0.96243402,0.65508951,1.59471898,0.47437282,-0.18071669,0.34968201,True,
cd/490338,105,110,seed1,R1,1.10842048,0.92681606,0.42123541,1.49113872,0.56432265,0.7700696,True,
cd/490338,105,110,seed2,R1,4.07251767,0.92681606,0.42123541,1.49113872,0.56432265,2.76463239,True,
cd/490338,105,110,seed3,R1,1.39330769,0.92681606,0.42123541,1.49113872,0.56432265,0.44925042,True,
cd/490338,105,110,seed4,R1,1.43786563,0.92681606,0.42123541,1.49113872,0.56432265,0.97363822,True,
cd/490338,105,110,seed5,R1,1.54975918,0.92681606,0.42123541,1.49113872,0.56432265,2.49810296,True,
cd/490338,110,115,seed1,R1,5.86885382,1.49100907,0.42130795,3.37479557,1.8837865,4.39510979,True,
cd/490338,110,115,seed2,R1,5.32712713,1.49100907,0.42130795,3.37479557,1.8837865,6.39454476,True,
cd/490338,110,115,seed3,R1,1.38058256,1.49100907,0.42130795,3.37479557,1.8837865,1.00587408,True,
cd/490338,110,115,seed4,R1,5.06454042,1.49100907,0.42130795,3.37479557,1.8837865,3.98442554,True,
cd/490338,110,115,seed5,R1,1.33941367,1.49100907,0.42130795,3.37479557,1.8837865,1.09402365,True,
cd/490338,115,120,seed1,R1,13.38362201,1.96352938,-0.34704327,7.11860001,5.15507063,8.90707273,True,
cd/490338,115,120,seed2,R1,5.71860364,1.96352938,-0.34704327,7.11860001,5.15507063,5.64812813,True,
cd/490338,115,120,seed3,R1,4.60668486,1.96352938,-0.34704327,7.11860001,5.15507063,6.02587034,True,
cd/490338,115,120,seed4,R1,2.88229429,1.96352938,-0.34704327,7.11860001,5.15507063,4.91731678,True,
cd/490338,115,120,seed5,R1,7.2665789,1.96352938,-0.34704327,7.11860001,5.15507063,10.09461208,True,
cd/490338,120,125,seed1,R1,1.43129586,2.0597552,0.5429127,3.89444037,1.83468517,2.53928935,True,
cd/490338,120,125,seed2,R1,5.18250907,2.0597552,0.5429127,3.89444037,1.83468517,5.31788014,True,
cd/490338,120,125,seed3,R1,3.03965612,2.0597552,0.5429127,3.89444037,1.83468517,2.76231536,True,
cd/490338,120,125,seed4,R1,3.35344024,2.0597552,0.5429127,3.89444037,1.83468517,2.68305326,True,
cd/490338,120,125,seed5,R1,9.17986405,2.0597552,0.5429127,3.89444037,1.83468517,6.16966372,True,
cd/490339,100,105,seed1,R1,0.34173565,0.35929618,0.6834703,0.44469566,0.08539947,0.49785017,True,
cd/490339,100,105,seed2,R1,3.19513068,0.35929618,0.6834703,0.44469566,0.08539947,1.37513725,True,
cd/490339,100,105,seed3,R1,1.08540828,0.35929618,0.6834703,0.44469566,0.08539947,0.043675,True,
cd/490339,100,105,seed4,R1,0.60094192,0.35929618,0.6834703,0.44469566,0.08539947,0.13818033,True,
cd/490339,100,105,seed5,R1,0.41761326,0.35929618,0.6834703,0.44469566,0.08539947,0.16863554,True,
cd/490339,105,110,seed1,R1,0.9085993,0.39596589,-0.02221464,0.8230443,0.42707841,0.80323987,True,
cd/490339,105,110,seed2,R1,1.88919922,0.39596589,-0.02221464,0.8230443,0.42707841,2.36101384,True,
cd/490339,105,110,seed3,R1,0.14754331,0.39596589,-0.02221464,0.8230443,0.42707841,0.02292524,True,
cd/490339,105,110,seed4,R1,0.62048724,0.39596589,-0.02221464,0.8230443,0.42707841,0.63132323,True,
cd/490339,105,110,seed5,R1,0.43831925,0.39596589,-0.02221464,0.8230443,0.42707841,0.29671934,True,
cd/490339,110,115,seed1,R1,2.14214061,0.48558402,1.09067645,0.2466082,-0.23897582,0.38786723,True,
cd/490339,110,115,seed2,R1,0.93751014,0.48558402,1.09067645,0.2466082,-0.23897582,0.05007273,True,
cd/490339,110,115,seed3,R1,0.74610396,0.48558402,1.09067645,0.2466082,-0.23897582,0.20487467,True,
cd/490339,110,115,seed4,R1,2.24966706,0.48558402,1.09067645,0.2466082,-0.23897582,0.40143661,True,
cd/490339,110,115,seed5,R1,0.61100149,0.48558402,1.09067645,0.2466082,-0.23897582,0.18878978,True,
cd/490339,115,120,seed1,R1,1.00880492,0.7223521,1.06753,0.17773094,-0.54462116,0.04379104,True,
cd/490339,115,120,seed2,R1,1.51194247,0.7223521,1.06753,0.17773094,-0.54462116,0.27259872,True,
cd/490339,115,120,seed3,R1,1.46142522,0.7223521,1.06753,0.17773094,-0.54462116,0.07989425,True,
cd/490339,115,120,seed4,R1,1.71160977,0.7223521,1.06753,0.17773094,-0.54462116,0.22482471,True,
cd/490339,115,120,seed5,R1,0.53252229,0.7223521,1.06753,0.17773094,-0.54462116,0.26754597,True,
cd/490339,120,125,seed1,R1,2.38616268,0.9033532,1.70102435,2.52671637,1.62336318,1.33617344,True,
cd/490339,120,125,seed2,R1,5.54163601,0.9033532,1.70102435,2.52671637,1.62336318,1.31620212,True,
cd/490339,120,125,seed3,R1,3.77280047,0.9033532,1.70102435,2.52671637,1.62336318,2.64058934,True,
cd/490339,120,125,seed4,R1,8.98372354,0.9033532,1.70102435,2.52671637,1.62336318,3.19287114,True,
cd/490339,120,125,seed5,R1,0.45438093,0.9033532,1.70102435,2.52671637,1.62336318,4.14774582,True,
cd/490340,100,105,seed1,R1,0.58632279,0.33012402,0.20643456,0.05893914,-0.27118488,0.12149422,True,
cd/490340,100,105,seed2,R1,0.20461062,0.33012402,0.20643456,0.05893914,-0.27118488,0.04678485,True,
cd/490340,100,105,seed3,R1,0.29972964,0.33012402,0.20643456,0.05893914,-0.27118488,0.0115441,True,
cd/490340,100,105,seed4,R1,0.14571778,0.33012402,0.20643456,0.05893914,-0.27118488,0.06701226,True,
cd/490340,100,105,seed5,R1,0.09048768,0.33012402,0.20643456,0.05893914,-0.27118488,0.04786027,True,
cd/490340,105,110,seed1,R1,0.15678576,0.51510837,0.18303869,0.64659236,0.131484,0.15858051,True,
cd/490340,105,110,seed2,R1,2.05324457,0.51510837,0.18303869,0.64659236,0.131484,1.04867115,True,
cd/490340,105,110,seed3,R1,0.85346822,0.51510837,0.18303869,0.64659236,0.131484,0.25059271,True,
cd/490340,105,110,seed4,R1,0.73091919,0.51510837,0.18303869,0.64659236,0.131484,1.76909854,True,
cd/490340,105,110,seed5,R1,0.35373754,0.51510837,0.18303869,0.64659236,0.131484,0.0060189,True,
cd/490340,110,115,seed1,R1,1.3090794,0.46807722,0.01330131,2.34520385,1.87712663,1.44965281,True,
cd/490340,110,115,seed2,R1,2.84265091,0.46807722,0.01330131,2.34520385,1.87712663,2.16913522,True,
cd/490340,110,115,seed3,R1,2.08184119,0.46807722,0.01330131,2.34520385,1.87712663,2.82810357,True,
cd/490340,110,115,seed4,R1,5.27022273,0.46807722,0.01330131,2.34520385,1.87712663,4.50909779,True,
cd/490340,110,115,seed5,R1,0.2887316,0.46807722,0.01330131,2.34520385,1.87712663,0.77002986,True,
cd/490340,115,120,seed1,R1,0.49047641,0.50471682,0.0176975,1.88740588,1.38268906,0.41713066,True,
cd/490340,115,120,seed2,R1,1.30342751,0.50471682,0.0176975,1.88740588,1.38268906,0.4070091,True,
cd/490340,115,120,seed3,R1,5.37812044,0.50471682,0.0176975,1.88740588,1.38268906,5.03667153,True,
cd/490340,115,120,seed4,R1,1.03732085,0.50471682,0.0176975,1.88740588,1.38268906,2.67192509,True,
cd/490340,115,120,seed5,R1,1.31617168,0.50471682,0.0176975,1.88740588,1.38268906,0.90429303,True,
cd/490340,120,125,seed1,R1,0.60380606,0.48817754,0.15757528,0.4437883,-0.04438925,0.16702921,True,
cd/490340,120,125,seed2,R1,0.37094913,0.48817754,0.15757528,0.4437883,-0.04438925,1.26571556,True,
cd/490340,120,125,seed3,R1,0.64735981,0.48817754,0.15757528,0.4437883,-0.04438925,0.15906495,True,
cd/490340,120,125,seed4,R1,1.29936905,0.48817754,0.15757528,0.4437883,-0.04438925,0.52656766,True,
cd/490340,120,125,seed5,R1,0.08533383,0.48817754,0.15757528,0.4437883,-0.04438925,0.10056411,True,
cd/490341,100,105,seed1,R1,1.9890194,0.87911179,1.42505893,1.0014681,0.12235631,0.38977336,True,
cd/490341,100,105,seed2,R1,4.49041704,0.87911179,1.42505893,1.0014681,0.12235631,2.19876845,True,
cd/490341,100,105,seed3,R1,2.61006204,0.87911179,1.42505893,1.0014681,0.12235631,1.07236517,True,
cd/490341,100,105,seed4,R1,2.10674734,0.87911179,1.42505893,1.0014681,0.12235631,0.51522229,True,
cd/490341,100,105,seed5,R1,0.93638933,0.87911179,1.42505893,1.0014681,0.12235631,0.8312112,True,
cd/490341,105,110,seed1,R1,4.68053301,1.39703822,1.73142934,2.72772654,1.33068832,1.039705,True,
cd/490341,105,110,seed2,R1,5.6867513,1.39703822,1.73142934,2.72772654,1.33068832,5.24997658,True,
cd/490341,105,110,seed3,R1,3.81012435,1.39703822,1.73142934,2.72772654,1.33068832,1.95943912,True,
cd/490341,105,110,seed4,R1,5.03144861,1.39703822,1.73142934,2.72772654,1.33068832,2.41808613,True,
cd/490341,105,110,seed5,R1,3.08692214,1.39703822,1.73142934,2.72772654,1.33068832,2.97142586,True,
cd/490341,110,115,seed1,R1,2.69841795,1.7211303,-0.60409694,4.80977525,3.08864495,3.8042498,True,
cd/490341,110,115,seed2,R1,7.76578552,1.7211303,-0.60409694,4.80977525,3.08864495,6.75703705,True,
cd/490341,110,115,seed3,R1,5.00858407,1.7211303,-0.60409694,4.80977525,3.08864495,6.4689711,True,
cd/490341,110,115,seed4,R1,4.33017292,1.7211303,-0.60409694,4.80977525,3.08864495,5.26673987,True,
cd/490341,110,115,seed5,R1,1.22543112,1.7211303,-0.60409694,4.80977525,3.08864495,1.75187843,True,
cd/490341,115,120,seed1,R1,1.9144712,1.93530751,0.36179519,3.29033348,1.35502597,1.34784801,True,
cd/490341,115,120,seed2,R1,4.51647439,1.93530751,0.36179519,3.29033348,1.35502597,6.71133464,True,
cd/490341,115,120,seed3,R1,3.28232672,1.93530751,0.36179519,3.29033348,1.35502597,2.08561225,True,
cd/490341,115,120,seed4,R1,6.37193582,1.93530751,0.36179519,3.29033348,1.35502597,3.56546649,True,
cd/490341,115,120,seed5,R1,2.17543519,1.93530751,0.36179519,3.29033348,1.35502597,2.74140599,True,
cd/490341,120,125,seed1,R1,3.10999112,2.081444,0.47601572,2.22387255,0.14242855,1.88443016,True,
cd/490341,120,125,seed2,R1,1.93915796,2.081444,0.47601572,2.22387255,0.14242855,0.62976064,True,
cd/490341,120,125,seed3,R1,4.70978096,2.081444,0.47601572,2.22387255,0.14242855,3.76147341,True,
cd/490341,120,125,seed4,R1,2.26513689,2.081444,0.47601572,2.22387255,0.14242855,4.09245296,True,
cd/490341,120,125,seed5,R1,1.47537439,2.081444,0.47601572,2.22387255,0.14242855,0.75124557,True,
cd/490342,100,105,seed1,R1,13.34383589,0.38549345,5.60179157,1.12818813,0.74269468,3.8926241,True,
cd/490342,100,105,seed2,R1,4.66955983,0.38549345,5.60179157,1.12818813,0.74269468,0.4435808,True,
cd/490342,100,105,seed3,R1,5.23028379,0.38549345,5.60179157,1.12818813,0.74269468,0.10320849,True,
cd/490342,100,105,seed4,R1,6.15573142,0.38549345,5.60179157,1.12818813,0.74269468,0.86893642,True,
cd/490342,100,105,seed5,R1,4.25048754,0.38549345,5.60179157,1.12818813,0.74269468,0.33259082,True,
cd/490342,105,110,seed1,R1,12.86534623,0.56524588,0.01946399,3.16523518,2.5999893,10.22155284,True,
cd/490342,105,110,seed2,R1,0.49712289,0.56524588,0.01946399,3.16523518,2.5999893,1.14514754,True,
cd/490342,105,110,seed3,R1,0.23131874,0.56524588,0.01946399,3.16523518,2.5999893,0.6524984,True,
cd/490342,105,110,seed4,R1,1.83705851,0.56524588,0.01946399,3.16523518,2.5999893,3.67717746,True,
cd/490342,105,110,seed5,R1,0.49264949,0.56524588,0.01946399,3.16523518,2.5999893,0.12979967,True,
cd/490342,110,115,seed1,R1,1.6955126,0.8843084,-0.09550662,2.1675348,1.2832264,2.18488425,True,
cd/490342,110,115,seed2,R1,2.05507213,0.8843084,-0.09550662,2.1675348,1.2832264,1.77946759,True,
cd/490342,110,115,seed3,R1,2.61654582,0.8843084,-0.09550662,2.1675348,1.2832264,2.23334874,True,
cd/490342,110,115,seed4,R1,3.8003927,0.8843084,-0.09550662,2.1675348,1.2832264,4.47186045,True,
cd/490342,110,115,seed5,R1,0.19261766,0.8843084,-0.09550662,2.1675348,1.2832264,0.16811297,True,
cd/490342,115,120,seed1,R1,0.58973195,1.22793879,0.68977099,2.2895682,1.06162942,0.76919877,True,
cd/490342,115,120,seed2,R1,7.07801134,1.22793879,0.68977099,2.2895682,1.06162942,5.10029804,True,
cd/490342,115,120,seed3,R1,1.08724964,1.22793879,0.68977099,2.2895682,1.06162942,1.94933556,True,
cd/490342,115,120,seed4,R1,3.16795017,1.22793879,0.68977099,2.2895682,1.06162942,2.41576001,True,
cd/490342,115,120,seed5,R1,2.97375284,1.22793879,0.68977099,2.2895682,1.06162942,1.21324863,True,
cd/490342,120,125,seed1,R1,0.75290678,0.98034683,0.41564738,1.45930771,0.47896088,1.05980908,True,
cd/490342,120,125,seed2,R1,2.82192006,0.98034683,0.41564738,1.45930771,0.47896088,2.65330164,True,
cd/490342,120,125,seed3,R1,1.49524075,0.98034683,0.41564738,1.45930771,0.47896088,1.46999965,True,
cd/490342,120,125,seed4,R1,2.43801916,0.98034683,0.41564738,1.45930771,0.47896088,1.58590115,True,
cd/490342,120,125,seed5,R1,1.86668871,0.98034683,0.41564738,1.45930771,0.47896088,0.52752704,True,
cd/490343,100,105,seed1,R1,1.24013759,0.6663084,0.62250331,0.7349015,0.0685931,0.2570796,True,
cd/490343,100,105,seed2,R1,0.9638158,0.6663084,0.62250331,0.7349015,0.0685931,1.94853822,True,
cd/490343,100,105,seed3,R1,1.86674817,0.6663084,0.62250331,0.7349015,0.0685931,0.39679416,True,
cd/490343,100,105,seed4,R1,0.58020062,0.6663084,0.62250331,0.7349015,0.0685931,0.2331695,True,
cd/490343,100,105,seed5,R1,2.13612187,0.6663084,0.62250331,0.7349015,0.0685931,0.83892599,True,
cd/490343,105,110,seed1,R1,0.89959622,0.71921601,0.43065334,0.90345802,0.18424201,0.40034908,True,
cd/490343,105,110,seed2,R1,3.04195212,0.71921601,0.43065334,0.90345802,0.18424201,1.79976475,True,
cd/490343,105,110,seed3,R1,0.26902073,0.71921601,0.43065334,0.90345802,0.18424201,0.618579,True,
cd/490343,105,110,seed4,R1,1.62691858,0.71921601,0.43065334,0.90345802,0.18424201,1.38744431,True,
cd/490343,105,110,seed5,R1,0.83306913,0.71921601,0.43065334,0.90345802,0.18424201,0.31115295,True,
cd/490343,110,115,seed1,R1,1.66773054,1.02287863,0.36429401,1.07962056,0.05674193,0.715856,True,
cd/490343,110,115,seed2,R1,1.82212309,1.02287863,0.36429401,1.07962056,0.05674193,1.36187751,True,
cd/490343,110,115,seed3,R1,0.75945534,1.02287863,0.36429401,1.07962056,0.05674193,1.22027367,True,
cd/490343,110,115,seed4,R1,2.56115421,1.02287863,0.36429401,1.07962056,0.05674193,1.16742492,True,
cd/490343,110,115,seed5,R1,0.40910967,1.02287863,0.36429401,1.07962056,0.05674193,0.93267071,True,
cd/490343,115,120,seed1,R1,8.33374701,1.33900973,1.69893432,2.947493,1.60848327,3.41804022,True,
cd/490343,115,120,seed2,R1,3.63203866,1.33900973,1.69893432,2.947493,1.60848327,2.6590082,True,
cd/490343,115,120,seed3,R1,4.06129615,1.33900973,1.69893432,2.947493,1.60848327,2.09575245,True,
cd/490343,115,120,seed4,R1,6.56061794,1.33900973,1.69893432,2.947493,1.60848327,3.09311738,True,
cd/490343,115,120,seed5,R1,0.64443685,1.33900973,1.69893432,2.947493,1.60848327,3.47154673,True,
cd/490343,120,125,seed1,R1,1.52636592,1.41410553,1.78479217,3.55262026,2.13851473,1.42149643,True,
cd/490343,120,125,seed2,R1,10.74653554,1.41410553,1.78479217,3.55262026,2.13851473,6.54455737,True,
cd/490343,120,125,seed3,R1,4.67163447,1.41410553,1.78479217,3.55262026,2.13851473,2.04287711,True,
cd/490343,120,125,seed4,R1,4.75942025,1.41410553,1.78479217,3.55262026,2.13851473,2.12700559,True,
cd/490343,120,125,seed5,R1,4.98310598,1.41410553,1.78479217,3.55262026,2.13851473,5.6271648,True,
cd/490344,100,105,seed1,R1,0.52085133,0.34134257,0.03986488,0.36286058,0.02151801,0.55319058,True,
cd/490344,100,105,seed2,R1,1.06540174,0.34134257,0.03986488,0.36286058,0.02151801,1.09313172,True,
cd/490344,100,105,seed3,R1,0.06427558,0.34134257,0.03986488,0.36286058,0.02151801,0.00932288,True,
cd/490344,100,105,seed4,R1,0.21829858,0.34134257,0.03986488,0.36286058,0.02151801,0.15217624,True,
cd/490344,100,105,seed5,R1,0.14480007,0.34134257,0.03986488,0.36286058,0.02151801,0.00648147,True,
cd/490344,105,110,seed1,R1,1.79153911,0.31500957,-0.13543559,0.87059874,0.55558917,1.69414547,True,
cd/490344,105,110,seed2,R1,0.28090092,0.31500957,-0.13543559,0.87059874,0.55558917,0.4719562,True,
cd/490344,105,110,seed3,R1,0.51292106,0.31500957,-0.13543559,0.87059874,0.55558917,0.94754186,True,
cd/490344,105,110,seed4,R1,0.93764125,0.31500957,-0.13543559,0.87059874,0.55558917,0.81161999,True,
cd/490344,105,110,seed5,R1,0.15281341,0.31500957,-0.13543559,0.87059874,0.55558917,0.42773016,True,
cd/490344,110,115,seed1,R1,0.2501214,0.24919532,0.05412132,0.18984501,-0.05935031,0.05595822,True,
cd/490344,110,115,seed2,R1,0.19929493,0.24919532,0.05412132,0.18984501,-0.05935031,0.06150953,True,
cd/490344,110,115,seed3,R1,0.08916685,0.24919532,0.05412132,0.18984501,-0.05935031,0.0724316,True,
cd/490344,110,115,seed4,R1,0.38726389,0.24919532,0.05412132,0.18984501,-0.05935031,0.12718785,True,
cd/490344,110,115,seed5,R1,0.29398461,0.24919532,0.05412132,0.18984501,-0.05935031,0.63213787,True,
cd/490344,115,120,seed1,R1,0.18662481,0.23223974,0.5550908,0.2249559,-0.00728384,0.24968713,True,
cd/490344,115,120,seed2,R1,0.70966828,0.23223974,0.5550908,0.2249559,-0.00728384,0.31108735,True,
cd/490344,115,120,seed3,R1,0.98702211,0.23223974,0.5550908,0.2249559,-0.00728384,0.06047699,True,
cd/490344,115,120,seed4,R1,1.74614525,0.23223974,0.5550908,0.2249559,-0.00728384,0.42269728,True,
cd/490344,115,120,seed5,R1,0.27077305,0.23223974,0.5550908,0.2249559,-0.00728384,0.08083074,True,
cd/490344,120,125,seed1,R1,0.31693881,0.24309302,0.02210197,0.72462685,0.48153383,0.09854903,True,
cd/490344,120,125,seed2,R1,2.82544283,0.24309302,0.02210197,0.72462685,0.48153383,2.03163245,True,
cd/490344,120,125,seed3,R1,0.01055375,0.24309302,0.02210197,0.72462685,0.48153383,0.2898172,True,
cd/490344,120,125,seed4,R1,0.32308955,0.24309302,0.02210197,0.72462685,0.48153383,1.10219048,True,
cd/490344,120,125,seed5,R1,0.25761914,0.24309302,0.02210197,0.72462685,0.48153383,0.10094511,True,
cd/490347,100,105,seed1,R1,3.66411383,0.79606457,2.88506915,0.82988479,0.03382022,0.15063181,True,
cd/490347,100,105,seed2,R1,3.03216256,0.79606457,2.88506915,0.82988479,0.03382022,1.77147508,True,
cd/490347,100,105,seed3,R1,3.85437926,0.79606457,2.88506915,0.82988479,0.03382022,0.42937244,True,
cd/490347,100,105,seed4,R1,3.63438337,0.79606457,2.88506915,0.82988479,0.03382022,0.78257672,True,
cd/490347,100,105,seed5,R1,4.38973069,0.79606457,2.88506915,0.82988479,0.03382022,1.01536792,True,
cd/490347,105,110,seed1,R1,4.05605419,0.87046812,-0.22854697,2.7186174,1.84814927,3.20586071,True,
cd/490347,105,110,seed2,R1,3.47911638,0.87046812,-0.22854697,2.7186174,1.84814927,6.72497216,True,
cd/490347,105,110,seed3,R1,0.60461076,0.87046812,-0.22854697,2.7186174,1.84814927,1.15966914,True,
cd/490347,105,110,seed4,R1,1.08678488,0.87046812,-0.22854697,2.7186174,1.84814927,0.36222516,True,
cd/490347,105,110,seed5,R1,3.22378595,0.87046812,-0.22854697,2.7186174,1.84814927,2.1403598,True,
cd/490347,110,115,seed1,R1,2.80565279,1.26458554,0.43498034,1.95186663,0.68728108,1.71073961,True,
cd/490347,110,115,seed2,R1,1.65767431,1.26458554,0.43498034,1.95186663,0.68728108,1.50185272,True,
cd/490347,110,115,seed3,R1,1.29168455,1.26458554,0.43498034,1.95186663,0.68728108,0.93390045,True,
cd/490347,110,115,seed4,R1,1.83010341,1.26458554,0.43498034,1.95186663,0.68728108,1.57171224,True,
cd/490347,110,115,seed5,R1,4.34911979,1.26458554,0.43498034,1.95186663,0.68728108,4.04112812,True,
cd/490347,115,120,seed1,R1,1.68108911,1.17576667,0.30465307,1.40914575,0.23337908,0.80675505,True,
cd/490347,115,120,seed2,R1,1.0001008,1.17576667,0.30465307,1.40914575,0.23337908,1.90527504,True,
cd/490347,115,120,seed3,R1,1.01629303,1.17576667,0.30465307,1.40914575,0.23337908,0.8085411,True,
cd/490347,115,120,seed4,R1,2.14031279,1.17576667,0.30465307,1.40914575,0.23337908,1.75248551,True,
cd/490347,115,120,seed5,R1,2.73119838,1.17576667,0.30465307,1.40914575,0.23337908,1.77267207,True,
cd/490347,120,125,seed1,R1,1.51491649,1.12801583,0.57491844,2.36023341,1.23221758,0.96735456,True,
cd/490347,120,125,seed2,R1,3.9888847,1.12801583,0.57491844,2.36023341,1.23221758,2.6737718,True,
cd/490347,120,125,seed3,R1,2.59996202,1.12801583,0.57491844,2.36023341,1.23221758,1.84094178,True,
cd/490347,120,125,seed4,R1,5.33185703,1.12801583,0.57491844,2.36023341,1.23221758,2.90240365,True,
cd/490347,120,125,seed5,R1,1.24013901,1.12801583,0.57491844,2.36023341,1.23221758,3.41669526,True,
cd/490348,100,105,seed1,R1,0.23969462,0.40172504,0.24748108,0.30679242,-0.09493262,0.53105359,True,
cd/490348,100,105,seed2,R1,1.02131971,0.40172504,0.24748108,0.30679242,-0.09493262,0.29949135,True,
cd/490348,100,105,seed3,R1,0.42148085,0.40172504,0.24748108,0.30679242,-0.09493262,0.11379592,True,
cd/490348,100,105,seed4,R1,0.07627487,0.40172504,0.24748108,0.30679242,-0.09493262,0.22946845,True,
cd/490348,100,105,seed5,R1,1.01259745,0.40172504,0.24748108,0.30679242,-0.09493262,0.3601528,True,
cd/490348,105,110,seed1,R1,0.4009368,0.37872224,0.06204512,0.55301888,0.17429663,0.14331464,True,
cd/490348,105,110,seed2,R1,1.17667481,0.37872224,0.06204512,0.55301888,0.17429663,0.62600111,True,
cd/490348,105,110,seed3,R1,0.40983762,0.37872224,0.06204512,0.55301888,0.17429663,0.15445509,True,
cd/490348,105,110,seed4,R1,0.74085954,0.37872224,0.06204512,0.55301888,0.17429663,1.15520677,True,
cd/490348,105,110,seed5,R1,0.34701119,0.37872224,0.06204512,0.55301888,0.17429663,0.68611676,True,
cd/490348,110,115,seed1,R1,0.3822338,0.49722233,0.02875605,1.72715794,1.22993562,1.15616498,True,
cd/490348,110,115,seed2,R1,1.65750507,0.49722233,0.02875605,1.72715794,1.22993562,1.67374867,True,
cd/490348,110,115,seed3,R1,1.09290509,0.49722233,0.02875605,1.72715794,1.22993562,0.4939291,True,
cd/490348,110,115,seed4,R1,1.87869176,0.49722233,0.02875605,1.72715794,1.22993562,2.82147365,True,
cd/490348,110,115,seed5,R1,3.76823427,0.49722233,0.02875605,1.72715794,1.22993562,2.49047331,True,
cd/490348,115,120,seed1,R1,0.66734431,0.68830665,0.17193477,2.00379828,1.31549164,0.43005487,True,
cd/490348,115,120,seed2,R1,5.76240376,0.68830665,0.17193477,2.00379828,1.31549164,6.09482054,True,
cd/490348,115,120,seed3,R1,2.84025011,0.68830665,0.17193477,2.00379828,1.31549164,2.67114477,True,
cd/490348,115,120,seed4,R1,1.00654898,0.68830665,0.17193477,2.00379828,1.31549164,0.73631674,True,
cd/490348,115,120,seed5,R1,0.60211808,0.68830665,0.17193477,2.00379828,1.31549164,0.0866545,True,
cd/490348,120,125,seed1,R1,1.10275042,0.69404335,-0.419861,2.76260322,2.06855987,2.27254953,True,
cd/490348,120,125,seed2,R1,6.30492587,0.69404335,-0.419861,2.76260322,2.06855987,6.43293541,True,
cd/490348,120,125,seed3,R1,3.01897256,0.69404335,-0.419861,2.76260322,2.06855987,2.7254834,True,
cd/490348,120,125,seed4,R1,0.53697644,0.69404335,-0.419861,2.76260322,2.06855987,0.92410599,True,
cd/490348,120,125,seed5,R1,0.75008577,0.69404335,-0.419861,2.76260322,2.06855987,1.45794175,True,
cd/490351,100,105,seed1,R1,6.91189118,0.96362189,1.24689232,1.33867599,0.3750541,3.17555896,True,
cd/490351,100,105,seed2,R1,3.01693296,0.96362189,1.24689232,1.33867599,0.3750541,1.42064208,True,
cd/490351,100,105,seed3,R1,1.34066493,0.96362189,1.24689232,1.33867599,0.3750541,0.26948381,True,
cd/490351,100,105,seed4,R1,0.12495858,0.96362189,1.24689232,1.33867599,0.3750541,1.58644686,True,
cd/490351,100,105,seed5,R1,1.53339392,0.96362189,1.24689232,1.33867599,0.3750541,0.24124825,True,
cd/490351,105,110,seed1,R1,14.61238462,1.18021305,2.17788229,2.93452901,1.75431596,6.5223626,True,
cd/490351,105,110,seed2,R1,4.54898303,1.18021305,2.17788229,2.93452901,1.75431596,2.60811479,True,
cd/490351,105,110,seed3,R1,4.495445,1.18021305,2.17788229,2.93452901,1.75431596,1.38619255,True,
cd/490351,105,110,seed4,R1,1.10387197,1.18021305,2.17788229,2.93452901,1.75431596,1.9560996,True,
cd/490351,105,110,seed5,R1,0.80137185,1.18021305,2.17788229,2.93452901,1.75431596,2.1998755,True,
cd/490351,110,115,seed1,R1,2.89032356,1.69987612,0.31096919,1.6833032,-0.01657291,2.16968634,True,
cd/490351,110,115,seed2,R1,2.82336239,1.69987612,0.31096919,1.6833032,-0.01657291,1.95478713,True,
cd/490351,110,115,seed3,R1,1.18100527,1.69987612,0.31096919,1.6833032,-0.01657291,0.48162897,True,
cd/490351,110,115,seed4,R1,1.21522623,1.69987612,0.31096919,1.6833032,-0.01657291,1.28523831,True,
cd/490351,110,115,seed5,R1,1.86144453,1.69987612,0.31096919,1.6833032,-0.01657291,2.52517528,True,
cd/490351,115,120,seed1,R1,6.40019874,1.79204206,1.49100337,2.17933415,0.38729208,3.51617077,True,
cd/490351,115,120,seed2,R1,3.4133315,1.79204206,1.49100337,2.17933415,0.38729208,2.67896537,True,
cd/490351,115,120,seed3,R1,2.97909343,1.79204206,1.49100337,2.17933415,0.38729208,1.55045662,True,
cd/490351,115,120,seed4,R1,1.60984476,1.79204206,1.49100337,2.17933415,0.38729208,1.35537813,True,
cd/490351,115,120,seed5,R1,3.94921919,1.79204206,1.49100337,2.17933415,0.38729208,1.79569986,True,
cd/490351,120,125,seed1,R1,1.3515314,1.76867322,0.84505878,3.2483938,1.47972058,0.59640798,True,
cd/490351,120,125,seed2,R1,3.14189048,1.76867322,0.84505878,3.2483938,1.47972058,1.58182672,True,
cd/490351,120,125,seed3,R1,5.81602092,1.76867322,0.84505878,3.2483938,1.47972058,4.23832564,True,
cd/490351,120,125,seed4,R1,6.37148717,1.76867322,0.84505878,3.2483938,1.47972058,3.30751258,True,
cd/490351,120,125,seed5,R1,3.78633291,1.76867322,0.84505878,3.2483938,1.47972058,6.51789607,True,
cd/490352,100,105,seed1,R1,0.44294251,0.71889143,0.75949596,0.26130764,-0.45758379,0.35449232,True,
cd/490352,100,105,seed2,R1,1.11741705,0.71889143,0.75949596,0.26130764,-0.45758379,0.10431286,True,
cd/490352,100,105,seed3,R1,1.25657938,0.71889143,0.75949596,0.26130764,-0.45758379,0.21740876,True,
cd/490352,100,105,seed4,R1,0.79979878,0.71889143,0.75949596,0.26130764,-0.45758379,0.33241231,True,
cd/490352,100,105,seed5,R1,1.48728027,0.71889143,0.75949596,0.26130764,-0.45758379,0.29791194,True,
cd/490352,105,110,seed1,R1,1.19623583,1.07105181,0.06083651,0.83735857,-0.23369324,1.11657356,True,
cd/490352,105,110,seed2,R1,0.57018429,1.07105181,0.06083651,0.83735857,-0.23369324,1.12774402,True,
cd/490352,105,110,seed3,R1,0.55196123,1.07105181,0.06083651,0.83735857,-0.23369324,0.57575833,True,
cd/490352,105,110,seed4,R1,1.28429847,1.07105181,0.06083651,0.83735857,-0.23369324,1.0551863,True,
cd/490352,105,110,seed5,R1,0.88829558,1.07105181,0.06083651,0.83735857,-0.23369324,0.31153065,True,
cd/490352,110,115,seed1,R1,2.05062327,1.25263663,0.15492272,2.95167821,1.69904158,3.64105337,True,
cd/490352,110,115,seed2,R1,5.93570291,1.25263663,0.15492272,2.95167821,1.69904158,5.23095325,True,
cd/490352,110,115,seed3,R1,3.0531439,1.25263663,0.15492272,2.95167821,1.69904158,3.33145148,True,
cd/490352,110,115,seed4,R1,3.43625135,1.25263663,0.15492272,2.95167821,1.69904158,1.62501766,True,
cd/490352,110,115,seed5,R1,1.05728322,1.25263663,0.15492272,2.95167821,1.69904158,0.92991528,True,
cd/490352,115,120,seed1,R1,1.14160856,1.16057473,-0.12822936,1.90309841,0.74252368,2.61669458,True,
cd/490352,115,120,seed2,R1,0.03526768,1.16057473,-0.12822936,1.90309841,0.74252368,0.3094006,True,
cd/490352,115,120,seed3,R1,4.08815262,1.16057473,-0.12822936,1.90309841,0.74252368,3.28594577,True,
cd/490352,115,120,seed4,R1,2.82672388,1.16057473,-0.12822936,1.90309841,0.74252368,2.33820689,True,
cd/490352,115,120,seed5,R1,0.78259249,1.16057473,-0.12822936,1.90309841,0.74252368,0.9652442,True,
cd/490352,120,125,seed1,R1,1.39489688,1.21023496,-0.16059704,1.63506418,0.42482922,2.07402959,True,
cd/490352,120,125,seed2,R1,0.91959222,1.21023496,-0.16059704,1.63506418,0.42482922,0.45833984,True,
cd/490352,120,125,seed3,R1,1.32824303,1.21023496,-0.16059704,1.63506418,0.42482922,1.47637789,True,
cd/490352,120,125,seed4,R1,0.12042432,1.21023496,-0.16059704,1.63506418,0.42482922,0.35930152,True,
cd/490352,120,125,seed5,R1,3.60917925,1.21023496,-0.16059704,1.63506418,0.42482922,3.80727205,True,
cd/490353,100,105,seed1,R1,0.1551685,0.63145049,0.19699009,0.75977102,0.12832054,0.17574363,True,
cd/490353,100,105,seed2,R1,0.78722596,0.63145049,0.19699009,0.75977102,0.12832054,0.25694408,True,
cd/490353,100,105,seed3,R1,3.13318614,0.63145049,0.19699009,0.75977102,0.12832054,1.84968893,True,
cd/490353,100,105,seed4,R1,0.34445645,0.63145049,0.19699009,0.75977102,0.12832054,0.288429,True,
cd/490353,100,105,seed5,R1,0.36376851,0.63145049,0.19699009,0.75977102,0.12832054,1.22804948,True,
cd/490353,105,110,seed1,R1,0.83525143,0.59571366,0.37736376,0.91807148,0.32235782,1.45777074,True,
cd/490353,105,110,seed2,R1,2.53830639,0.59571366,0.37736376,0.91807148,0.32235782,1.17858635,True,
cd/490353,105,110,seed3,R1,1.33486036,0.59571366,0.37736376,0.91807148,0.32235782,0.41348888,True,
cd/490353,105,110,seed4,R1,0.61805287,0.59571366,0.37736376,0.91807148,0.32235782,0.78227456,True,
cd/490353,105,110,seed5,R1,1.15070514,0.59571366,0.37736376,0.91807148,0.32235782,0.75823687,True,
cd/490353,110,115,seed1,R1,4.77661595,0.78807336,-0.10309331,2.1580163,1.36994294,4.34606706,True,
cd/490353,110,115,seed2,R1,0.37377892,0.78807336,-0.10309331,2.1580163,1.36994294,0.25323046,True,
cd/490353,110,115,seed3,R1,0.65651782,0.78807336,-0.10309331,2.1580163,1.36994294,0.53625172,True,
cd/490353,110,115,seed4,R1,2.78056552,0.78807336,-0.10309331,2.1580163,1.36994294,4.65778723,True,
cd/490353,110,115,seed5,R1,1.68713673,0.78807336,-0.10309331,2.1580163,1.36994294,0.99674502,True,
cd/490353,115,120,seed1,R1,1.9652784,0.96050326,2.02176854,1.88075728,0.92025402,2.40438442,True,
cd/490353,115,120,seed2,R1,5.00253774,0.96050326,2.02176854,1.88075728,0.92025402,1.55853055,True,
cd/490353,115,120,seed3,R1,0.99996262,0.96050326,2.02176854,1.88075728,0.92025402,1.39151472,True,
cd/490353,115,120,seed4,R1,9.2004148,0.96050326,2.02176854,1.88075728,0.92025402,3.15232045,True,
cd/490353,115,120,seed5,R1,2.34443553,0.96050326,2.02176854,1.88075728,0.92025402,0.89703623,True,
cd/490353,120,125,seed1,R1,4.21629251,1.05604648,0.85289875,2.28578539,1.22973891,2.14326307,True,
cd/490353,120,125,seed2,R1,5.97238022,1.05604648,0.85289875,2.28578539,1.22973891,3.72228858,True,
cd/490353,120,125,seed3,R1,0.59188544,1.05604648,0.85289875,2.28578539,1.22973891,1.71142248,True,
cd/490353,120,125,seed4,R1,1.94471939,1.05604648,0.85289875,2.28578539,1.22973891,3.31443534,True,
cd/490353,120,125,seed5,R1,2.96814312,1.05604648,0.85289875,2.28578539,1.22973891,0.53751748,True,
cd/490354,100,105,seed1,R1,1.55035696,1.20310719,2.51212781,1.24979517,0.04668797,1.01363378,True,
cd/490354,100,105,seed2,R1,5.98202046,1.20310719,2.51212781,1.24979517,0.04668797,1.91619698,True,
cd/490354,100,105,seed3,R1,5.8240918,1.20310719,2.51212781,1.24979517,0.04668797,1.60527474,True,
cd/490354,100,105,seed4,R1,2.96898686,1.20310719,2.51212781,1.24979517,0.04668797,0.69540063,True,
cd/490354,100,105,seed5,R1,2.48415881,1.20310719,2.51212781,1.24979517,0.04668797,1.0184697,True,
cd/490354,105,110,seed1,R1,3.3083196,1.534038,1.0382149,3.22261295,1.68857496,1.41631207,True,
cd/490354,105,110,seed2,R1,10.60901123,1.534038,1.0382149,3.22261295,1.68857496,8.31513003,True,
cd/490354,105,110,seed3,R1,2.95688364,1.534038,1.0382149,3.22261295,1.68857496,2.72570523,True,
cd/490354,105,110,seed4,R1,1.37206774,1.534038,1.0382149,3.22261295,1.68857496,1.86226393,True,
cd/490354,105,110,seed5,R1,3.05785708,1.534038,1.0382149,3.22261295,1.68857496,1.79365351,True,
cd/490354,110,115,seed1,R1,5.33889461,2.06181854,0.07841123,6.5244222,4.46260366,5.92914699,True,
cd/490354,110,115,seed2,R1,15.37318001,2.06181854,0.07841123,6.5244222,4.46260366,11.38779912,True,
cd/490354,110,115,seed3,R1,3.56132022,2.06181854,0.07841123,6.5244222,4.46260366,5.60586804,True,
cd/490354,110,115,seed4,R1,3.44126588,2.06181854,0.07841123,6.5244222,4.46260366,5.45690785,True,
cd/490354,110,115,seed5,R1,5.29950639,2.06181854,0.07841123,6.5244222,4.46260366,4.24238898,True,
cd/490354,115,120,seed1,R1,6.25545588,2.3989419,-0.35187749,6.52084199,4.12190008,6.56306492,True,
cd/490354,115,120,seed2,R1,3.70657951,2.3989419,-0.35187749,6.52084199,4.12190008,7.25977562,True,
cd/490354,115,120,seed3,R1,4.81837101,2.3989419,-0.35187749,6.52084199,4.12190008,3.12265376,True,
cd/490354,115,120,seed4,R1,5.01368085,2.3989419,-0.35187749,6.52084199,4.12190008,3.63992643,True,
cd/490354,115,120,seed5,R1,11.05073524,2.3989419,-0.35187749,6.52084199,4.12190008,12.01878919,True,
cd/490354,120,125,seed1,R1,9.21410597,2.05864701,-0.53228968,6.83911512,4.78046811,10.94076386,True,
cd/490354,120,125,seed2,R1,4.48810822,2.05864701,-0.53228968,6.83911512,4.78046811,4.57647342,True,
cd/490354,120,125,seed3,R1,5.04156981,2.05864701,-0.53228968,6.83911512,4.78046811,4.83198303,True,
cd/490354,120,125,seed4,R1,3.1590717,2.05864701,-0.53228968,6.83911512,4.78046811,4.1677081,True,
cd/490354,120,125,seed5,R1,9.63127152,2.05864701,-0.53228968,6.83911512,4.78046811,9.6786472,True,
cd/490356,100,105,seed1,R1,2.72092276,0.49194426,0.4166455,0.66762238,0.17567812,1.26214373,True,
cd/490356,100,105,seed2,R1,0.80360032,0.49194426,0.4166455,0.66762238,0.17567812,0.28126378,True,
cd/490356,100,105,seed3,R1,0.8967979,0.49194426,0.4166455,0.66762238,0.17567812,0.165353,True,
cd/490356,100,105,seed4,R1,0.66725694,0.49194426,0.4166455,0.66762238,0.17567812,1.52690223,True,
cd/490356,100,105,seed5,R1,0.33276144,0.49194426,0.4166455,0.66762238,0.17567812,0.10244914,True,
cd/490356,105,110,seed1,R1,2.73705843,0.6403294,0.27311935,1.45040178,0.81007238,2.73844464,True,
cd/490356,105,110,seed2,R1,1.97410971,0.6403294,0.27311935,1.45040178,0.81007238,0.82346019,True,
cd/490356,105,110,seed3,R1,0.83778561,0.6403294,0.27311935,1.45040178,0.81007238,0.89295743,True,
cd/490356,105,110,seed4,R1,1.34885105,0.6403294,0.27311935,1.45040178,0.81007238,1.43666602,True,
cd/490356,105,110,seed5,R1,1.71980084,0.6403294,0.27311935,1.45040178,0.81007238,1.36048064,True,
cd/490356,110,115,seed1,R1,1.62239259,0.94986301,1.41064922,2.44489056,1.49502756,1.34278655,True,
cd/490356,110,115,seed2,R1,2.79315035,0.94986301,1.41064922,2.44489056,1.49502756,1.95698149,True,
cd/490356,110,115,seed3,R1,1.4816906,0.94986301,1.41064922,2.44489056,1.49502756,0.43374387,True,
cd/490356,110,115,seed4,R1,11.54413529,0.94986301,1.41064922,2.44489056,1.49502756,6.29232807,True,
cd/490356,110,115,seed5,R1,1.83633011,0.94986301,1.41064922,2.44489056,1.49502756,2.19861283,True,
cd/490356,115,120,seed1,R1,4.53256554,1.31308699,0.90419045,1.88983584,0.57674885,3.29831989,True,
cd/490356,115,120,seed2,R1,3.24205573,1.31308699,0.90419045,1.88983584,0.57674885,0.95158221,True,
cd/490356,115,120,seed3,R1,0.68862987,1.31308699,0.90419045,1.88983584,0.57674885,0.54228115,True,
cd/490356,115,120,seed4,R1,3.18700175,1.31308699,0.90419045,1.88983584,0.57674885,3.87199843,True,
cd/490356,115,120,seed5,R1,2.31987857,1.31308699,0.90419045,1.88983584,0.57674885,0.7849975,True,
cd/490356,120,125,seed1,R1,2.94046033,1.24001979,1.33121851,1.84940697,0.60938718,0.94405757,True,
cd/490356,120,125,seed2,R1,5.90951201,1.24001979,1.33121851,1.84940697,0.60938718,3.6315885,True,
cd/490356,120,125,seed3,R1,0.81169659,1.24001979,1.33121851,1.84940697,0.60938718,1.20404763,True,
cd/490356,120,125,seed4,R1,3.44099827,1.24001979,1.33121851,1.84940697,0.60938718,1.02227002,True,
cd/490356,120,125,seed5,R1,2.80046019,1.24001979,1.33121851,1.84940697,0.60938718,2.44507111,True,
cd/490357,100,105,seed1,R1,0.64974649,0.15554,0.5524095,0.19151416,0.03597416,0.09706451,True,
cd/490357,100,105,seed2,R1,1.4586801,0.15554,0.5524095,0.19151416,0.03597416,0.41323788,True,
cd/490357,100,105,seed3,R1,0.6370364,0.15554,0.5524095,0.19151416,0.03597416,0.07845031,True,
cd/490357,100,105,seed4,R1,0.46950779,0.15554,0.5524095,0.19151416,0.03597416,0.19364369,True,
cd/490357,100,105,seed5,R1,0.50464751,0.15554,0.5524095,0.19151416,0.03597416,0.1751744,True,
cd/490357,105,110,seed1,R1,0.11736855,0.24450098,0.02176999,0.41725932,0.17275834,0.21439369,True,
cd/490357,105,110,seed2,R1,0.89080422,0.24450098,0.02176999,0.41725932,0.17275834,0.54672643,True,
cd/490357,105,110,seed3,R1,0.364873,0.24450098,0.02176999,0.41725932,0.17275834,0.4141934,True,
cd/490357,105,110,seed4,R1,0.75112888,0.24450098,0.02176999,0.41725932,0.17275834,0.78152074,True,
cd/490357,105,110,seed5,R1,0.07097191,0.24450098,0.02176999,0.41725932,0.17275834,0.12946233,True,
cd/490357,110,115,seed1,R1,1.2489184,0.37331605,-0.04653692,0.74824516,0.37492911,1.64523571,True,
cd/490357,110,115,seed2,R1,0.58013371,0.37331605,-0.04653692,0.74824516,0.37492911,0.51910914,True,
cd/490357,110,115,seed3,R1,0.70361761,0.37331605,-0.04653692,0.74824516,0.37492911,0.74419496,True,
cd/490357,110,115,seed4,R1,0.52915375,0.37331605,-0.04653692,0.74824516,0.37492911,0.62282351,True,
cd/490357,110,115,seed5,R1,0.44671769,0.37331605,-0.04653692,0.74824516,0.37492911,0.20986246,True,
cd/490357,115,120,seed1,R1,0.43238143,0.59686602,-0.01552453,0.37531663,-0.22154938,0.42317645,True,
cd/490357,115,120,seed2,R1,0.42852807,0.59686602,-0.01552453,0.37531663,-0.22154938,0.62681517,True,
cd/490357,115,120,seed3,R1,0.3737798,0.59686602,-0.01552453,0.37531663,-0.22154938,0.47993207,True,
cd/490357,115,120,seed4,R1,0.26079078,0.59686602,-0.01552453,0.37531663,-0.22154938,0.09626265,True,
cd/490357,115,120,seed5,R1,0.30348044,0.59686602,-0.01552453,0.37531663,-0.22154938,0.25039682,True,
cd/490357,120,125,seed1,R1,0.20722024,0.76317438,1.61269682,1.40118063,0.63800625,1.49733644,True,
cd/490357,120,125,seed2,R1,2.4443185,0.76317438,1.61269682,1.40118063,0.63800625,0.91491396,True,
cd/490357,120,125,seed3,R1,2.67189472,0.76317438,1.61269682,1.40118063,0.63800625,0.63062567,True,
cd/490357,120,125,seed4,R1,5.30552104,0.76317438,1.61269682,1.40118063,0.63800625,2.92246092,True,
cd/490357,120,125,seed5,R1,4.44043275,0.76317438,1.61269682,1.40118063,0.63800625,1.04056615,True,
cd/490360,100,105,seed1,R1,5.42006331,0.47219756,2.08201738,1.53812207,1.06592451,1.04485875,True,
cd/490360,100,105,seed2,R1,3.22945731,0.47219756,2.08201738,1.53812207,1.06592451,0.45260203,True,
cd/490360,100,105,seed3,R1,2.30355364,0.47219756,2.08201738,1.53812207,1.06592451,0.1397148,True,
cd/490360,100,105,seed4,R1,5.63690957,0.47219756,2.08201738,1.53812207,1.06592451,1.29238681,True,
cd/490360,100,105,seed5,R1,1.51071341,0.47219756,2.08201738,1.53812207,1.06592451,4.76104795,True,
cd/490360,105,110,seed1,R1,1.1271928,0.84282207,-0.15945303,3.22648624,2.38366417,0.8085682,True,
cd/490360,105,110,seed2,R1,0.86866904,0.84282207,-0.15945303,3.22648624,2.38366417,0.13572591,True,
cd/490360,105,110,seed3,R1,0.35558661,0.84282207,-0.15945303,3.22648624,2.38366417,1.06180551,True,
cd/490360,105,110,seed4,R1,2.39821517,0.84282207,-0.15945303,3.22648624,2.38366417,4.64679559,True,
cd/490360,105,110,seed5,R1,10.58550243,0.84282207,-0.15945303,3.22648624,2.38366417,9.47953597,True,
cd/490360,110,115,seed1,R1,0.52607964,1.43837569,0.0472355,1.47187468,0.03349899,0.70095906,True,
cd/490360,110,115,seed2,R1,1.39967878,1.43837569,0.0472355,1.47187468,0.03349899,0.68409409,True,
cd/490360,110,115,seed3,R1,1.23135648,1.43837569,0.0472355,1.47187468,0.03349899,2.6879183,True,
cd/490360,110,115,seed4,R1,2.90987685,1.43837569,0.0472355,1.47187468,0.03349899,2.4040689,True,
cd/490360,110,115,seed5,R1,1.52855915,1.43837569,0.0472355,1.47187468,0.03349899,0.88233301,True,
cd/490360,115,120,seed1,R1,4.45046502,1.83931735,-0.57837096,3.75791021,1.91859286,4.74428565,True,
cd/490360,115,120,seed2,R1,5.87407731,1.83931735,-0.57837096,3.75791021,1.91859286,6.123503,True,
cd/490360,115,120,seed3,R1,1.59555182,1.83931735,-0.57837096,3.75791021,1.91859286,2.08234287,True,
cd/490360,115,120,seed4,R1,2.62830873,1.83931735,-0.57837096,3.75791021,1.91859286,3.81712719,True,
cd/490360,115,120,seed5,R1,1.34929338,1.83931735,-0.57837096,3.75791021,1.91859286,2.02229235,True,
cd/490360,120,125,seed1,R1,2.39294729,1.70469314,0.41021478,3.03409855,1.32940541,1.16459018,True,
cd/490360,120,125,seed2,R1,6.34478226,1.70469314,0.41021478,3.03409855,1.32940541,4.68133361,True,
cd/490360,120,125,seed3,R1,5.26905483,1.70469314,0.41021478,3.03409855,1.32940541,2.40635567,True,
cd/490360,120,125,seed4,R1,2.09684745,1.70469314,0.41021478,3.03409855,1.32940541,4.41181099,True,
cd/490360,120,125,seed5,R1,1.11793478,1.70469314,0.41021478,3.03409855,1.32940541,2.50640227,True,
cd/490361,100,105,seed1,R1,2.71090202,0.47222941,0.2092658,1.06429183,0.59206242,2.06453284,True,
cd/490361,100,105,seed2,R1,0.12675028,0.47222941,0.2092658,1.06429183,0.59206242,0.18913324,True,
cd/490361,100,105,seed3,R1,0.54767732,0.47222941,0.2092658,1.06429183,0.59206242,0.07293279,True,
cd/490361,100,105,seed4,R1,2.80622934,0.47222941,0.2092658,1.06429183,0.59206242,2.91662805,True,
cd/490361,100,105,seed5,R1,0.1762292,0.47222941,0.2092658,1.06429183,0.59206242,0.07823224,True,
cd/490361,105,110,seed1,R1,3.3596689,0.45262831,0.24078969,1.38255317,0.92992486,2.83659049,True,
cd/490361,105,110,seed2,R1,0.09751154,0.45262831,0.24078969,1.38255317,0.92992486,1.13772626,True,
cd/490361,105,110,seed3,R1,0.68794381,0.45262831,0.24078969,1.38255317,0.92992486,0.0386646,True,
cd/490361,105,110,seed4,R1,2.57332927,0.45262831,0.24078969,1.38255317,0.92992486,2.49021428,True,
cd/490361,105,110,seed5,R1,1.39826075,0.45262831,0.24078969,1.38255317,0.92992486,0.40957021,True,
cd/490361,110,115,seed1,R1,0.98544649,0.52885226,0.37201361,0.64158605,0.11273378,0.22844333,True,
cd/490361,110,115,seed2,R1,0.51359439,0.52885226,0.37201361,0.64158605,0.11273378,1.75808703,True,
cd/490361,110,115,seed3,R1,0.64951336,0.52885226,0.37201361,0.64158605,0.11273378,0.19977423,True,
cd/490361,110,115,seed4,R1,0.61704042,0.52885226,0.37201361,0.64158605,0.11273378,0.04347375,True,
cd/490361,110,115,seed5,R1,2.30240362,0.52885226,0.37201361,0.64158605,0.11273378,0.9781519,True,
cd/490361,115,120,seed1,R1,1.10621504,0.65612629,0.2036785,0.5560741,-0.10005219,0.30162226,True,
cd/490361,115,120,seed2,R1,0.18042291,0.65612629,0.2036785,0.5560741,-0.10005219,0.19313858,True,
cd/490361,115,120,seed3,R1,0.18988758,0.65612629,0.2036785,0.5560741,-0.10005219,1.23833501,True,
cd/490361,115,120,seed4,R1,1.57688847,0.65612629,0.2036785,0.5560741,-0.10005219,0.86705834,True,
cd/490361,115,120,seed5,R1,0.74534897,0.65612629,0.2036785,0.5560741,-0.10005219,0.1802163,True,
cd/490361,120,125,seed1,R1,1.46785757,0.48059704,-0.32029466,1.8804377,1.39984067,1.78615415,True,
cd/490361,120,125,seed2,R1,0.76371075,0.48059704,-0.32029466,1.8804377,1.39984067,0.878539,True,
cd/490361,120,125,seed3,R1,3.27733092,0.48059704,-0.32029466,1.8804377,1.39984067,4.6615449,True,
cd/490361,120,125,seed4,R1,1.42637374,0.48059704,-0.32029466,1.8804377,1.39984067,1.18598934,True,
cd/490361,120,125,seed5,R1,0.86544225,0.48059704,-0.32029466,1.8804377,1.39984067,0.88996113,True,
cd/490363,100,105,seed1,R1,2.39171686,0.41243918,2.76834893,0.39527015,-0.01716903,0.67593601,True,
cd/490363,100,105,seed2,R1,3.29784702,0.41243918,2.76834893,0.39527015,-0.01716903,0.16232964,True,
cd/490363,100,105,seed3,R1,1.99789335,0.41243918,2.76834893,0.39527015,-0.01716903,0.49798668,True,
cd/490363,100,105,seed4,R1,4.33763741,0.41243918,2.76834893,0.39527015,-0.01716903,0.24081674,True,
cd/490363,100,105,seed5,R1,3.79300072,0.41243918,2.76834893,0.39527015,-0.01716903,0.39928166,True,
cd/490363,105,110,seed1,R1,4.58465812,0.59271113,1.00759161,3.20927498,2.61656385,1.4441406,True,
cd/490363,105,110,seed2,R1,13.53227123,0.59271113,1.00759161,3.20927498,2.61656385,8.87621867,True,
cd/490363,105,110,seed3,R1,0.56298615,0.59271113,1.00759161,3.20927498,2.61656385,0.81925789,True,
cd/490363,105,110,seed4,R1,1.88950001,0.59271113,1.00759161,3.20927498,2.61656385,1.67767241,True,
cd/490363,105,110,seed5,R1,0.51491744,0.59271113,1.00759161,3.20927498,2.61656385,3.22908533,True,
cd/490363,110,115,seed1,R1,4.28055417,1.15703592,0.70274697,3.09372781,1.93669189,1.53232849,True,
cd/490363,110,115,seed2,R1,7.84239383,1.15703592,0.70274697,3.09372781,1.93669189,5.64790883,True,
cd/490363,110,115,seed3,R1,1.7714182,1.15703592,0.70274697,3.09372781,1.93669189,0.85540276,True,
cd/490363,110,115,seed4,R1,0.72148999,1.15703592,0.70274697,3.09372781,1.93669189,0.85748674,True,
cd/490363,110,115,seed5,R1,4.36651771,1.15703592,0.70274697,3.09372781,1.93669189,6.57551225,True,
cd/490363,115,120,seed1,R1,2.71700821,1.39579531,-0.36627297,3.54183959,2.14604429,4.568499,True,
cd/490363,115,120,seed2,R1,5.42561821,1.39579531,-0.36627297,3.54183959,2.14604429,5.78182738,True,
cd/490363,115,120,seed3,R1,5.08073452,1.39579531,-0.36627297,3.54183959,2.14604429,4.39316793,True,
cd/490363,115,120,seed4,R1,1.2468755,1.39579531,-0.36627297,3.54183959,2.14604429,1.50024327,True,
cd/490363,115,120,seed5,R1,1.40759665,1.39579531,-0.36627297,3.54183959,2.14604429,1.46546039,True,
cd/490363,120,125,seed1,R1,0.85633002,1.43070682,-0.59140599,4.70457829,3.27387147,1.70366064,True,
cd/490363,120,125,seed2,R1,4.90155203,1.43070682,-0.59140599,4.70457829,3.27387147,4.8133563,True,
cd/490363,120,125,seed3,R1,2.15743133,1.43070682,-0.59140599,4.70457829,3.27387147,2.35109268,True,
cd/490363,120,125,seed4,R1,8.42035951,1.43070682,-0.59140599,4.70457829,3.27387147,7.36271206,True,
cd/490363,120,125,seed5,R1,4.23018859,1.43070682,-0.59140599,4.70457829,3.27387147,7.29206975,True,
cd/490199,105,110,seed1,R2,1.2785387,0.41717299,0.47615871,0.7991379,0.38196491,0.40182897,True,
cd/490199,105,110,seed2,R2,0.24009579,0.41717299,0.47615871,0.7991379,0.38196491,0.57094831,True,
cd/490199,105,110,seed3,R2,0.25391474,0.41717299,0.47615871,0.7991379,0.38196491,0.50628409,True,
cd/490199,105,110,seed4,R2,0.3956169,0.41717299,0.47615871,0.7991379,0.38196491,0.19538544,True,
cd/490199,105,110,seed5,R2,4.20831696,0.41717299,0.47615871,0.7991379,0.38196491,2.3212427,True,
cd/490199,110,115,seed1,R2,0.1816242,0.44648633,0.0471142,0.38198018,-0.06450615,0.51227244,True,
cd/490199,110,115,seed2,R2,0.99093947,0.44648633,0.0471142,0.38198018,-0.06450615,0.59844812,True,
cd/490199,110,115,seed3,R2,0.17379768,0.44648633,0.0471142,0.38198018,-0.06450615,0.34617962,True,
cd/490199,110,115,seed4,R2,0.35659993,0.44648633,0.0471142,0.38198018,-0.06450615,0.15127631,True,
cd/490199,110,115,seed5,R2,0.44251057,0.44648633,0.0471142,0.38198018,-0.06450615,0.30172439,True,
cd/490199,115,120,seed1,R2,0.26525598,0.49356409,0.20352269,0.74822766,0.25466357,0.87910482,True,
cd/490199,115,120,seed2,R2,0.73288325,0.49356409,0.20352269,0.74822766,0.25466357,0.13095713,True,
cd/490199,115,120,seed3,R2,2.53165051,0.49356409,0.20352269,0.74822766,0.25466357,1.50324914,True,
cd/490199,115,120,seed4,R2,0.38371927,0.49356409,0.20352269,0.74822766,0.25466357,0.96657436,True,
cd/490199,115,120,seed5,R2,0.84524274,0.49356409,0.20352269,0.74822766,0.25466357,0.26125284,True,
cd/490199,120,125,seed1,R2,2.72347307,0.51502004,-0.06556983,1.17173135,0.65671131,2.32098601,True,
cd/490199,120,125,seed2,R2,0.45870668,0.51502004,-0.06556983,1.17173135,0.65671131,0.39341269,True,
cd/490199,120,125,seed3,R2,0.90457824,0.51502004,-0.06556983,1.17173135,0.65671131,2.23521413,True,
cd/490199,120,125,seed4,R2,1.10525146,0.51502004,-0.06556983,1.17173135,0.65671131,0.61451851,True,
cd/490199,120,125,seed5,R2,0.33879816,0.51502004,-0.06556983,1.17173135,0.65671131,0.2945254,True,
cd/490201,105,110,seed1,R2,0.44787671,0.57567382,0.77682788,0.93434712,0.3586733,0.37117994,True,
cd/490201,105,110,seed2,R2,4.94530622,0.57567382,0.77682788,0.93434712,0.3586733,2.02112377,True,
cd/490201,105,110,seed3,R2,1.57285108,0.57567382,0.77682788,0.93434712,0.3586733,0.17544566,True,
cd/490201,105,110,seed4,R2,1.18690693,0.57567382,0.77682788,0.93434712,0.3586733,0.55614594,True,
cd/490201,105,110,seed5,R2,0.40293403,0.57567382,0.77682788,0.93434712,0.3586733,1.54784028,True,
cd/490201,110,115,seed1,R2,0.42197832,0.82859976,-0.12404402,1.72673985,0.89814009,0.18091845,True,
cd/490201,110,115,seed2,R2,3.00743779,0.82859976,-0.12404402,1.72673985,0.89814009,2.57074594,True,
cd/490201,110,115,seed3,R2,0.83218796,0.82859976,-0.12404402,1.72673985,0.89814009,0.72477708,True,
cd/490201,110,115,seed4,R2,1.92421207,0.82859976,-0.12404402,1.72673985,0.89814009,3.2834565,True,
cd/490201,110,115,seed5,R2,1.82766302,0.82859976,-0.12404402,1.72673985,0.89814009,1.87380129,True,
cd/490201,115,120,seed1,R2,1.23023576,0.74795623,-0.26188666,2.11263549,1.36467926,2.21009045,True,
cd/490201,115,120,seed2,R2,1.73156417,0.74795623,-0.26188666,2.11263549,1.36467926,1.42754238,True,
cd/490201,115,120,seed3,R2,0.440019,0.74795623,-0.26188666,2.11263549,1.36467926,1.14288867,True,
cd/490201,115,120,seed4,R2,0.45333263,0.74795623,-0.26188666,2.11263549,1.36467926,0.32149345,True,
cd/490201,115,120,seed5,R2,5.39859262,0.74795623,-0.26188666,2.11263549,1.36467926,5.46116251,True,
cd/490201,120,125,seed1,R2,5.39849988,0.86715203,-0.19430208,3.3297994,2.46264737,5.29990233,True,
cd/490201,120,125,seed2,R2,7.24649002,0.86715203,-0.19430208,3.3297994,2.46264737,5.57725406,True,
cd/490201,120,125,seed3,R2,0.48283863,0.86715203,-0.19430208,3.3297994,2.46264737,1.91112168,True,
cd/490201,120,125,seed4,R2,1.77591037,0.86715203,-0.19430208,3.3297994,2.46264737,1.55578922,True,
cd/490201,120,125,seed5,R2,0.77374771,0.86715203,-0.19430208,3.3297994,2.46264737,2.30492971,True,
cd/490202,105,110,seed1,R2,0.01669075,0.16035352,-0.01081561,0.10185084,-0.05850268,0.06437725,True,
cd/490202,105,110,seed2,R2,0.00357946,0.16035352,-0.01081561,0.10185084,-0.05850268,0.0017973,True,
cd/490202,105,110,seed3,R2,0.01606524,0.16035352,-0.01081561,0.10185084,-0.05850268,0.06299814,True,
cd/490202,105,110,seed4,R2,0.41733238,0.16035352,-0.01081561,0.10185084,-0.05850268,0.37574351,True,
cd/490202,105,110,seed5,R2,0.00150832,0.16035352,-0.01081561,0.10185084,-0.05850268,0.00433802,True,
cd/490202,110,115,seed1,R2,0.94453542,0.25383911,-0.00034517,1.18911172,0.93527261,2.66153855,True,
cd/490202,110,115,seed2,R2,0.00081146,0.25383911,-0.00034517,1.18911172,0.93527261,0.26315644,True,
cd/490202,110,115,seed3,R2,0.24128695,0.25383911,-0.00034517,1.18911172,0.93527261,1.895e-05,True,
cd/490202,110,115,seed4,R2,3.94058427,0.25383911,-0.00034517,1.18911172,0.93527261,2.80415944,True,
cd/490202,110,115,seed5,R2,0.81661463,0.25383911,-0.00034517,1.18911172,0.93527261,0.21668522,True,
cd/490202,115,120,seed1,R2,1.70266841,0.20741095,-0.06003619,0.43864918,0.23123824,1.62008348,True,
cd/490202,115,120,seed2,R2,0.00858297,0.20741095,-0.06003619,0.43864918,0.23123824,0.00680247,True,
cd/490202,115,120,seed3,R2,0.00038017,0.20741095,-0.06003619,0.43864918,0.23123824,0.04320416,True,
cd/490202,115,120,seed4,R2,0.16021262,0.20741095,-0.06003619,0.43864918,0.23123824,0.40140744,True,
cd/490202,115,120,seed5,R2,0.02122078,0.20741095,-0.06003619,0.43864918,0.23123824,0.12174836,True,
cd/490202,120,125,seed1,R2,0.53328036,0.20732523,0.8361999,0.01213534,-0.19518989,0.04301527,True,
cd/490202,120,125,seed2,R2,0.82699534,0.20732523,0.8361999,0.01213534,-0.19518989,5.077e-05,True,
cd/490202,120,125,seed3,R2,0.98035345,0.20732523,0.8361999,0.01213534,-0.19518989,0.00691217,True,
cd/490202,120,125,seed4,R2,1.00656988,0.20732523,0.8361999,0.01213534,-0.19518989,0.00957333,True,
cd/490202,120,125,seed5,R2,0.89447716,0.20732523,0.8361999,0.01213534,-0.19518989,0.00112517,True,
cd/490203,105,110,seed1,R2,0.19060696,0.28124937,-0.07096767,0.48357523,0.20232586,0.19950243,True,
cd/490203,105,110,seed2,R2,0.98776433,0.28124937,-0.07096767,0.48357523,0.20232586,1.31414231,True,
cd/490203,105,110,seed3,R2,0.06430875,0.28124937,-0.07096767,0.48357523,0.20232586,0.07966783,True,
cd/490203,105,110,seed4,R2,0.19654614,0.28124937,-0.07096767,0.48357523,0.20232586,0.10226104,True,
cd/490203,105,110,seed5,R2,0.62381162,0.28124937,-0.07096767,0.48357523,0.20232586,0.72230255,True,
cd/490203,110,115,seed1,R2,1.13985245,0.27800713,0.16338683,1.53425242,1.25624529,0.21434417,True,
cd/490203,110,115,seed2,R2,2.48957387,0.27800713,0.16338683,1.53425242,1.25624529,1.05627678,True,
cd/490203,110,115,seed3,R2,2.11140437,0.27800713,0.16338683,1.53425242,1.25624529,0.73913583,True,
cd/490203,110,115,seed4,R2,0.67772198,0.27800713,0.16338683,1.53425242,1.25624529,0.02383013,True,
cd/490203,110,115,seed5,R2,2.0696436,0.27800713,0.16338683,1.53425242,1.25624529,5.63767519,True,
cd/490203,115,120,seed1,R2,1.13591683,0.22889124,0.30498093,0.65034377,0.42145253,0.30318556,True,
cd/490203,115,120,seed2,R2,1.27964039,0.22889124,0.30498093,0.65034377,0.42145253,0.43086988,True,
cd/490203,115,120,seed3,R2,1.21881977,0.22889124,0.30498093,0.65034377,0.42145253,0.27861888,True,
cd/490203,115,120,seed4,R2,0.69690016,0.22889124,0.30498093,0.65034377,0.42145253,0.04135118,True,
cd/490203,115,120,seed5,R2,0.44534635,0.22889124,0.30498093,0.65034377,0.42145253,2.19769337,True,
cd/490203,120,125,seed1,R2,0.21885463,0.25525029,0.32807266,0.18636683,-0.06888347,0.12185491,True,
cd/490203,120,125,seed2,R2,0.13976331,0.25525029,0.32807266,0.18636683,-0.06888347,0.06648587,True,
cd/490203,120,125,seed3,R2,1.60275911,0.25525029,0.32807266,0.18636683,-0.06888347,0.56212086,True,
cd/490203,120,125,seed4,R2,0.2042827,0.25525029,0.32807266,0.18636683,-0.06888347,0.16084434,True,
cd/490203,120,125,seed5,R2,0.40653772,0.25525029,0.32807266,0.18636683,-0.06888347,0.02052816,True,
cd/490204,105,110,seed1,R2,1.61528292,0.82315733,1.15719131,2.65791802,1.83476069,0.70950651,True,
cd/490204,105,110,seed2,R2,3.07109235,0.82315733,1.15719131,2.65791802,1.83476069,0.75680329,True,
cd/490204,105,110,seed3,R2,1.06267135,0.82315733,1.15719131,2.65791802,1.83476069,0.9922941,True,
cd/490204,105,110,seed4,R2,3.34814909,0.82315733,1.15719131,2.65791802,1.83476069,5.15000842,True,
cd/490204,105,110,seed5,R2,9.97835092,0.82315733,1.15719131,2.65791802,1.83476069,5.68097777,True,
cd/490204,110,115,seed1,R2,0.69016291,1.24601207,0.0862663,2.75015342,1.50414135,0.5774026,True,
cd/490204,110,115,seed2,R2,7.81533387,1.24601207,0.0862663,2.75015342,1.50414135,6.63815959,True,
cd/490204,110,115,seed3,R2,0.49918998,1.24601207,0.0862663,2.75015342,1.50414135,0.6398587,True,
cd/490204,110,115,seed4,R2,3.71283466,1.24601207,0.0862663,2.75015342,1.50414135,3.19958438,True,
cd/490204,110,115,seed5,R2,1.46457717,1.24601207,0.0862663,2.75015342,1.50414135,2.69576184,True,
cd/490204,115,120,seed1,R2,1.87703804,1.56190819,0.44828514,2.88594228,1.32403408,1.76178476,True,
cd/490204,115,120,seed2,R2,5.98900563,1.56190819,0.44828514,2.88594228,1.32403408,5.95097855,True,
cd/490204,115,120,seed3,R2,0.96523093,1.56190819,0.44828514,2.88594228,1.32403408,0.78311848,True,
cd/490204,115,120,seed4,R2,5.08692926,1.56190819,0.44828514,2.88594228,1.32403408,4.48781328,True,
cd/490204,115,120,seed5,R2,2.75293325,1.56190819,0.44828514,2.88594228,1.32403408,1.44601632,True,
cd/490204,120,125,seed1,R2,2.84533758,1.90966339,-0.65499654,6.43375094,4.52408755,2.29333751,True,
cd/490204,120,125,seed2,R2,9.74714368,1.90966339,-0.65499654,6.43375094,4.52408755,12.40174661,True,
cd/490204,120,125,seed3,R2,6.79639379,1.90966339,-0.65499654,6.43375094,4.52408755,5.86431425,True,
cd/490204,120,125,seed4,R2,6.61602991,1.90966339,-0.65499654,6.43375094,4.52408755,9.99514657,True,
cd/490204,120,125,seed5,R2,2.88886703,1.90966339,-0.65499654,6.43375094,4.52408755,1.61420975,True,
cd/490205,105,110,seed1,R2,4.06398531,0.55315797,-0.08395399,1.69539598,1.142238,2.95436576,True,
cd/490205,105,110,seed2,R2,1.8163488,0.55315797,-0.08395399,1.69539598,1.142238,0.95230578,True,
cd/490205,105,110,seed3,R2,0.32115034,0.55315797,-0.08395399,1.69539598,1.142238,0.5945603,True,
cd/490205,105,110,seed4,R2,0.33192539,0.55315797,-0.08395399,1.69539598,1.142238,0.4157583,True,
cd/490205,105,110,seed5,R2,1.52380009,0.55315797,-0.08395399,1.69539598,1.142238,3.55998974,True,
cd/490205,110,115,seed1,R2,1.2723052,0.80145584,-0.07985342,1.28669881,0.48524298,0.83041118,True,
cd/490205,110,115,seed2,R2,0.30425995,0.80145584,-0.07985342,1.28669881,0.48524298,0.98490371,True,
cd/490205,110,115,seed3,R2,0.35881034,0.80145584,-0.07985342,1.28669881,0.48524298,0.49597689,True,
cd/490205,110,115,seed4,R2,1.54955774,0.80145584,-0.07985342,1.28669881,0.48524298,1.20324808,True,
cd/490205,110,115,seed5,R2,2.54929371,0.80145584,-0.07985342,1.28669881,0.48524298,2.9189542,True,
cd/490205,115,120,seed1,R2,1.76482572,0.98695674,0.90266457,2.33118427,1.34422753,0.54988254,True,
cd/490205,115,120,seed2,R2,5.46742204,0.98695674,0.90266457,2.33118427,1.34422753,4.36167546,True,
cd/490205,115,120,seed3,R2,2.09886996,0.98695674,0.90266457,2.33118427,1.34422753,0.70250143,True,
cd/490205,115,120,seed4,R2,2.31046257,0.98695674,0.90266457,2.33118427,1.34422753,0.33558855,True,
cd/490205,115,120,seed5,R2,4.52766388,0.98695674,0.90266457,2.33118427,1.34422753,5.70627336,True,
cd/490205,120,125,seed1,R2,3.01056052,0.9529313,0.46700701,2.3559621,1.4030308,1.03389323,True,
cd/490205,120,125,seed2,R2,2.44508316,0.9529313,0.46700701,2.3559621,1.4030308,4.42213575,True,
cd/490205,120,125,seed3,R2,0.92970863,0.9529313,0.46700701,2.3559621,1.4030308,1.46789445,True,
cd/490205,120,125,seed4,R2,1.13094592,0.9529313,0.46700701,2.3559621,1.4030308,0.93658086,True,
cd/490205,120,125,seed5,R2,6.59854731,0.9529313,0.46700701,2.3559621,1.4030308,3.91930619,True,
cd/490206,105,110,seed1,R2,0.17837748,0.37587079,-0.15331702,1.0994921,0.72362132,0.45345965,True,
cd/490206,105,110,seed2,R2,2.54229112,0.37587079,-0.15331702,1.0994921,0.72362132,2.74969377,True,
cd/490206,105,110,seed3,R2,1.30258527,0.37587079,-0.15331702,1.0994921,0.72362132,1.30078615,True,
cd/490206,105,110,seed4,R2,0.15894251,0.37587079,-0.15331702,1.0994921,0.72362132,0.2013003,True,
cd/490206,105,110,seed5,R2,0.54867907,0.37587079,-0.15331702,1.0994921,0.72362132,0.79222064,True,
cd/490206,110,115,seed1,R2,1.48115825,0.5780697,0.65098142,0.39483981,-0.18322989,0.27015841,True,
cd/490206,110,115,seed2,R2,1.78359653,0.5780697,0.65098142,0.39483981,-0.18322989,0.52950865,True,
cd/490206,110,115,seed3,R2,1.07418204,0.5780697,0.65098142,0.39483981,-0.18322989,0.10544344,True,
cd/490206,110,115,seed4,R2,0.63124214,0.5780697,0.65098142,0.39483981,-0.18322989,0.18610261,True,
cd/490206,110,115,seed5,R2,0.25892722,0.5780697,0.65098142,0.39483981,-0.18322989,0.88298594,True,
cd/490206,115,120,seed1,R2,0.91655079,0.53999812,-0.08368061,1.457622,0.91762388,1.38242349,True,
cd/490206,115,120,seed2,R2,2.48888577,0.53999812,-0.08368061,1.457622,0.91762388,2.80027154,True,
cd/490206,115,120,seed3,R2,1.79416907,0.53999812,-0.08368061,1.457622,0.91762388,1.40786923,True,
cd/490206,115,120,seed4,R2,1.10307473,0.53999812,-0.08368061,1.457622,0.91762388,1.49264268,True,
cd/490206,115,120,seed5,R2,0.56702658,0.53999812,-0.08368061,1.457622,0.91762388,0.20490305,True,
cd/490206,120,125,seed1,R2,4.24058551,0.71765568,0.89540643,0.88572219,0.16806651,1.31951696,True,
cd/490206,120,125,seed2,R2,0.40600784,0.71765568,0.89540643,0.88572219,0.16806651,0.91122624,True,
cd/490206,120,125,seed3,R2,1.89657136,0.71765568,0.89540643,0.88572219,0.16806651,0.3295253,True,
cd/490206,120,125,seed4,R2,2.12306202,0.71765568,0.89540643,0.88572219,0.16806651,1.17275856,True,
cd/490206,120,125,seed5,R2,0.23941636,0.71765568,0.89540643,0.88572219,0.16806651,0.6955839,True,
cd/490207,105,110,seed1,R2,0.38392254,0.39912813,0.29450212,1.10144873,0.70232061,0.04968447,True,
cd/490207,105,110,seed2,R2,4.23257766,0.39912813,0.29450212,1.10144873,0.70232061,3.23788427,True,
cd/490207,105,110,seed3,R2,0.17418721,0.39912813,0.29450212,1.10144873,0.70232061,0.72794314,True,
cd/490207,105,110,seed4,R2,1.43290794,0.39912813,0.29450212,1.10144873,0.70232061,1.39104739,True,
cd/490207,105,110,seed5,R2,0.7561589,0.39912813,0.29450212,1.10144873,0.70232061,0.1006844,True,
cd/490207,110,115,seed1,R2,0.11616347,0.42464049,0.00365309,0.95158682,0.52694634,0.201847,True,
cd/490207,110,115,seed2,R2,2.55433203,0.42464049,0.00365309,0.95158682,0.52694634,3.26281685,True,
cd/490207,110,115,seed3,R2,0.90160619,0.42464049,0.00365309,0.95158682,0.52694634,0.69483672,True,
cd/490207,110,115,seed4,R2,0.27890666,0.42464049,0.00365309,0.95158682,0.52694634,0.06040578,True,
cd/490207,110,115,seed5,R2,0.9251912,0.42464049,0.00365309,0.95158682,0.52694634,0.53802777,True,
cd/490207,115,120,seed1,R2,1.22514253,0.50123592,0.44902402,0.85505665,0.35382073,0.23945739,True,
cd/490207,115,120,seed2,R2,1.89785277,0.50123592,0.44902402,0.85505665,0.35382073,0.57779542,True,
cd/490207,115,120,seed3,R2,1.32118206,0.50123592,0.44902402,0.85505665,0.35382073,0.20691141,True,
cd/490207,115,120,seed4,R2,0.68376256,0.50123592,0.44902402,0.85505665,0.35382073,3.02904084,True,
cd/490207,115,120,seed5,R2,1.39246341,0.50123592,0.44902402,0.85505665,0.35382073,0.22207816,True,
cd/490207,120,125,seed1,R2,0.28956131,0.51201259,-0.04081345,0.88438093,0.37236834,0.18495993,True,
cd/490207,120,125,seed2,R2,1.08232948,0.51201259,-0.04081345,0.88438093,0.37236834,2.24028043,True,
cd/490207,120,125,seed3,R2,0.23210054,0.51201259,-0.04081345,0.88438093,0.37236834,0.04916568,True,
cd/490207,120,125,seed4,R2,2.3191743,0.51201259,-0.04081345,0.88438093,0.37236834,1.76895422,True,
cd/490207,120,125,seed5,R2,0.2946718,0.51201259,-0.04081345,0.88438093,0.37236834,0.1785444,True,
cd/490208,105,110,seed1,R2,2.1829465,0.72337132,0.63550977,2.41080306,1.68743173,3.98428844,True,
cd/490208,105,110,seed2,R2,0.64983913,0.72337132,0.63550977,2.41080306,1.68743173,1.40523181,True,
cd/490208,105,110,seed3,R2,8.15187087,0.72337132,0.63550977,2.41080306,1.68743173,5.14875138,True,
cd/490208,105,110,seed4,R2,3.2930533,0.72337132,0.63550977,2.41080306,1.68743173,0.796809,True,
cd/490208,105,110,seed5,R2,0.95385436,0.72337132,0.63550977,2.41080306,1.68743173,0.71893466,True,
cd/490208,110,115,seed1,R2,2.93458893,0.89445425,-0.32322502,2.17524821,1.28079396,2.84243932,True,
cd/490208,110,115,seed2,R2,2.2027791,0.89445425,-0.32322502,2.17524821,1.28079396,2.78089172,True,
cd/490208,110,115,seed3,R2,2.48830718,0.89445425,-0.32322502,2.17524821,1.28079396,3.09922192,True,
cd/490208,110,115,seed4,R2,0.88989772,0.89445425,-0.32322502,2.17524821,1.28079396,1.13958984,True,
cd/490208,110,115,seed5,R2,0.74454306,0.89445425,-0.32322502,2.17524821,1.28079396,1.01409827,True,
cd/490208,115,120,seed1,R2,1.44449471,0.97958212,-0.19810819,3.61166977,2.63208766,0.46172604,True,
cd/490208,115,120,seed2,R2,8.04470054,0.97958212,-0.19810819,3.61166977,2.63208766,9.72190942,True,
cd/490208,115,120,seed3,R2,1.32938814,0.97958212,-0.19810819,3.61166977,2.63208766,1.02812111,True,
cd/490208,115,120,seed4,R2,4.37956019,0.97958212,-0.19810819,3.61166977,2.63208766,4.33920221,True,
cd/490208,115,120,seed5,R2,1.86966434,0.97958212,-0.19810819,3.61166977,2.63208766,2.50739009,True,
cd/490208,120,125,seed1,R2,0.85090534,1.00401411,0.27781231,2.97443306,1.97041896,0.23789512,True,
cd/490208,120,125,seed2,R2,9.84736501,1.00401411,0.27781231,2.97443306,1.97041896,7.27944851,True,
cd/490208,120,125,seed3,R2,2.66501274,1.00401411,0.27781231,2.97443306,1.97041896,0.90403053,True,
cd/490208,120,125,seed4,R2,1.94570715,1.00401411,0.27781231,2.97443306,1.97041896,4.61438456,True,
cd/490208,120,125,seed5,R2,0.95223664,1.00401411,0.27781231,2.97443306,1.97041896,1.83640659,True,
cd/490211,105,110,seed1,R2,1.03485031,0.46268433,0.08424417,1.01855143,0.5558671,1.46665604,True,
cd/490211,105,110,seed2,R2,0.38781434,0.46268433,0.08424417,1.01855143,0.5558671,0.77034574,True,
cd/490211,105,110,seed3,R2,1.48078659,0.46268433,0.08424417,1.01855143,0.5558671,0.65975266,True,
cd/490211,105,110,seed4,R2,1.81493668,0.46268433,0.08424417,1.01855143,0.5558671,1.40237437,True,
cd/490211,105,110,seed5,R2,0.79559005,0.46268433,0.08424417,1.01855143,0.5558671,0.79362832,True,
cd/490211,110,115,seed1,R2,1.03493342,0.56133747,-0.23238254,2.45197716,1.89063969,2.17071227,True,
cd/490211,110,115,seed2,R2,3.22672372,0.56133747,-0.23238254,2.45197716,1.89063969,2.66573457,True,
cd/490211,110,115,seed3,R2,1.24166828,0.56133747,-0.23238254,2.45197716,1.89063969,2.95754193,True,
cd/490211,110,115,seed4,R2,2.18447361,0.56133747,-0.23238254,2.45197716,1.89063969,1.62442206,True,
cd/490211,110,115,seed5,R2,3.4101741,0.56133747,-0.23238254,2.45197716,1.89063969,2.84147497,True,
cd/490211,115,120,seed1,R2,1.27139047,0.8382192,0.20732011,2.90395592,2.06573672,0.34634949,True,
cd/490211,115,120,seed2,R2,7.70880714,0.8382192,0.20732011,2.90395592,2.06573672,8.8645091,True,
cd/490211,115,120,seed3,R2,5.21284356,0.8382192,0.20732011,2.90395592,2.06573672,2.99294047,True,
cd/490211,115,120,seed4,R2,0.83952323,0.8382192,0.20732011,2.90395592,2.06573672,0.98193271,True,
cd/490211,115,120,seed5,R2,0.52381576,0.8382192,0.20732011,2.90395592,2.06573672,1.33404782,True,
cd/490211,120,125,seed1,R2,0.68035316,0.8278784,-0.28241345,1.48677714,0.65889874,0.65540391,True,
cd/490211,120,125,seed2,R2,2.30438831,0.8278784,-0.28241345,1.48677714,0.65889874,3.03792768,True,
cd/490211,120,125,seed3,R2,1.22736999,0.8278784,-0.28241345,1.48677714,0.65889874,1.54714268,True,
cd/490211,120,125,seed4,R2,1.64918539,0.8278784,-0.28241345,1.48677714,0.65889874,1.90794174,True,
cd/490211,120,125,seed5,R2,0.1605216,0.8278784,-0.28241345,1.48677714,0.65889874,0.28546969,True,
cd/490212,105,110,seed1,R2,0.80920647,0.40355094,-0.00929368,1.25917849,0.85562756,0.36819962,True,
cd/490212,105,110,seed2,R2,0.62374127,0.40355094,-0.00929368,1.25917849,0.85562756,0.45129049,True,
cd/490212,105,110,seed3,R2,0.94666857,0.40355094,-0.00929368,1.25917849,0.85562756,0.94680497,True,
cd/490212,105,110,seed4,R2,2.47813286,0.40355094,-0.00929368,1.25917849,0.85562756,3.36910618,True,
cd/490212,105,110,seed5,R2,1.39167489,0.40355094,-0.00929368,1.25917849,0.85562756,1.16049121,True,
cd/490212,110,115,seed1,R2,0.38387808,0.48941729,0.75773781,0.8211933,0.33177601,2.04544964,True,
cd/490212,110,115,seed2,R2,0.79821248,0.48941729,0.75773781,0.8211933,0.33177601,0.34883874,True,
cd/490212,110,115,seed3,R2,0.66694463,0.48941729,0.75773781,0.8211933,0.33177601,0.06946718,True,
cd/490212,110,115,seed4,R2,2.90290906,0.48941729,0.75773781,0.8211933,0.33177601,0.71719186,True,
cd/490212,110,115,seed5,R2,3.1427113,0.48941729,0.75773781,0.8211933,0.33177601,0.92501907,True,
cd/490212,115,120,seed1,R2,0.71611673,0.50213406,-0.11532627,1.28675082,0.78461676,0.42392675,True,
cd/490212,115,120,seed2,R2,2.16386492,0.50213406,-0.11532627,1.28675082,0.78461676,2.18069237,True,
cd/490212,115,120,seed3,R2,0.29736075,0.50213406,-0.11532627,1.28675082,0.78461676,0.14280313,True,
cd/490212,115,120,seed4,R2,1.38766685,0.50213406,-0.11532627,1.28675082,0.78461676,1.11861781,True,
cd/490212,115,120,seed5,R2,1.2921135,0.50213406,-0.11532627,1.28675082,0.78461676,2.56771404,True,
cd/490212,120,125,seed1,R2,4.67596453,0.65121044,0.80724009,2.58034599,1.92913556,2.4185767,True,
cd/490212,120,125,seed2,R2,3.82406233,0.65121044,0.80724009,2.58034599,1.92913556,6.52320068,True,
cd/490212,120,125,seed3,R2,0.58996525,0.65121044,0.80724009,2.58034599,1.92913556,0.21698631,True,
cd/490212,120,125,seed4,R2,3.27436458,0.65121044,0.80724009,2.58034599,1.92913556,2.30286759,True,
cd/490212,120,125,seed5,R2,4.57357373,0.65121044,0.80724009,2.58034599,1.92913556,1.44009868,True,
cd/490213,105,110,seed1,R2,1.07981662,0.34847929,0.54192364,0.81302302,0.46454374,0.3134579,True,
cd/490213,105,110,seed2,R2,2.05461028,0.34847929,0.54192364,0.81302302,0.46454374,1.97088589,True,
cd/490213,105,110,seed3,R2,1.30695125,0.34847929,0.54192364,0.81302302,0.46454374,0.22193736,True,
cd/490213,105,110,seed4,R2,0.60068862,0.34847929,0.54192364,0.81302302,0.46454374,1.24492675,True,
cd/490213,105,110,seed5,R2,1.73266654,0.34847929,0.54192364,0.81302302,0.46454374,0.31390723,True,
cd/490213,110,115,seed1,R2,1.27098316,0.45612006,0.40619862,0.58408393,0.12796387,0.63985311,True,
cd/490213,110,115,seed2,R2,2.20297921,0.45612006,0.40619862,0.58408393,0.12796387,0.9805157,True,
cd/490213,110,115,seed3,R2,0.528437,0.45612006,0.40619862,0.58408393,0.12796387,0.67325626,True,
cd/490213,110,115,seed4,R2,0.67679936,0.45612006,0.40619862,0.58408393,0.12796387,0.24255585,True,
cd/490213,110,115,seed5,R2,0.27221398,0.45612006,0.40619862,0.58408393,0.12796387,0.38423871,True,
cd/490213,115,120,seed1,R2,2.04146126,0.8045142,-0.12814385,2.6023176,1.79780341,1.29435511,True,
cd/490213,115,120,seed2,R2,3.9309153,0.8045142,-0.12814385,2.6023176,1.79780341,5.42759964,True,
cd/490213,115,120,seed3,R2,5.07496235,0.8045142,-0.12814385,2.6023176,1.79780341,4.50181424,True,
cd/490213,115,120,seed4,R2,0.91442308,0.8045142,-0.12814385,2.6023176,1.79780341,1.29524402,True,
cd/490213,115,120,seed5,R2,0.40910678,0.8045142,-0.12814385,2.6023176,1.79780341,0.492575,True,
cd/490213,120,125,seed1,R2,2.89951583,0.85325457,0.40616836,2.41751476,1.56426019,1.42404951,True,
cd/490213,120,125,seed2,R2,1.35401865,0.85325457,0.40616836,2.41751476,1.56426019,0.81153815,True,
cd/490213,120,125,seed3,R2,6.85662241,0.85325457,0.40616836,2.41751476,1.56426019,4.46161654,True,
cd/490213,120,125,seed4,R2,1.47962254,0.85325457,0.40616836,2.41751476,1.56426019,1.29108955,True,
cd/490213,120,125,seed5,R2,1.52863622,0.85325457,0.40616836,2.41751476,1.56426019,4.09928006,True,
cd/490214,105,110,seed1,R2,0.30079147,0.40957887,0.01010485,0.25627552,-0.15330336,0.11350038,True,
cd/490214,105,110,seed2,R2,0.04301756,0.40957887,0.01010485,0.25627552,-0.15330336,0.13213259,True,
cd/490214,105,110,seed3,R2,0.8677863,0.40957887,0.01010485,0.25627552,-0.15330336,0.64899206,True,
cd/490214,105,110,seed4,R2,0.10155438,0.40957887,0.01010485,0.25627552,-0.15330336,0.36278741,True,
cd/490214,105,110,seed5,R2,0.01875211,0.40957887,0.01010485,0.25627552,-0.15330336,0.02396514,True,
cd/490214,110,115,seed1,R2,3.74796652,0.50026281,0.209788,0.92388506,0.42362225,2.13806765,True,
cd/490214,110,115,seed2,R2,0.10093535,0.50026281,0.209788,0.92388506,0.42362225,0.98276465,True,
cd/490214,110,115,seed3,R2,0.84230635,0.50026281,0.209788,0.92388506,0.42362225,0.18086613,True,
cd/490214,110,115,seed4,R2,0.73817808,0.50026281,0.209788,0.92388506,0.42362225,0.18217738,True,
cd/490214,110,115,seed5,R2,0.23897897,0.50026281,0.209788,0.92388506,0.42362225,1.13554948,True,
cd/490214,115,120,seed1,R2,1.18508699,0.39547181,-0.07924265,0.83653011,0.4410583,1.34161454,True,
cd/490214,115,120,seed2,R2,0.75614486,0.39547181,-0.07924265,0.83653011,0.4410583,1.10098791,True,
cd/490214,115,120,seed3,R2,0.14427308,0.39547181,-0.07924265,0.83653011,0.4410583,0.52423708,True,
cd/490214,115,120,seed4,R2,1.2684985,0.39547181,-0.07924265,0.83653011,0.4410583,0.91762471,True,
cd/490214,115,120,seed5,R2,0.43243386,0.39547181,-0.07924265,0.83653011,0.4410583,0.2981863,True,
cd/490214,120,125,seed1,R2,0.3546163,0.46744501,0.04407005,0.75764395,0.29019894,0.04945739,True,
cd/490214,120,125,seed2,R2,0.34506462,0.46744501,0.04407005,0.75764395,0.29019894,0.61212722,True,
cd/490214,120,125,seed3,R2,0.27226391,0.46744501,0.04407005,0.75764395,0.29019894,0.61748183,True,
cd/490214,120,125,seed4,R2,0.15758808,0.46744501,0.04407005,0.75764395,0.29019894,0.26418796,True,
cd/490214,120,125,seed5,R2,2.87903711,0.46744501,0.04407005,0.75764395,0.29019894,2.24496534,True,
cd/490215,105,110,seed1,R2,0.85142997,0.4674901,0.05404051,2.28499323,1.81750312,0.35904363,True,
cd/490215,105,110,seed2,R2,1.94543102,0.4674901,0.05404051,2.28499323,1.81750312,0.73024836,True,
cd/490215,105,110,seed3,R2,4.85042493,0.4674901,0.05404051,2.28499323,1.81750312,6.93246908,True,
cd/490215,105,110,seed4,R2,2.96554451,0.4674901,0.05404051,2.28499323,1.81750312,2.90812457,True,
cd/490215,105,110,seed5,R2,1.08233828,0.4674901,0.05404051,2.28499323,1.81750312,0.4950805,True,
cd/490215,110,115,seed1,R2,1.10604122,0.39073377,-0.0516495,1.12062653,0.72989277,0.76562025,True,
cd/490215,110,115,seed2,R2,0.17278791,0.39073377,-0.0516495,1.12062653,0.72989277,0.20437688,True,
cd/490215,110,115,seed3,R2,1.88627946,0.39073377,-0.0516495,1.12062653,0.72989277,3.3071478,True,
cd/490215,110,115,seed4,R2,1.20228252,0.39073377,-0.0516495,1.12062653,0.72989277,0.63556142,True,
cd/490215,110,115,seed5,R2,0.97749404,0.39073377,-0.0516495,1.12062653,0.72989277,0.69042632,True,
cd/490215,115,120,seed1,R2,1.34698812,0.46477649,0.44617891,0.48010442,0.01532793,0.27298037,True,
cd/490215,115,120,seed2,R2,1.66890717,0.46477649,0.44617891,0.48010442,0.01532793,0.51631105,True,
cd/490215,115,120,seed3,R2,0.36661563,0.46477649,0.44617891,0.48010442,0.01532793,0.27027443,True,
cd/490215,115,120,seed4,R2,0.17841686,0.46477649,0.44617891,0.48010442,0.01532793,1.17782739,True,
cd/490215,115,120,seed5,R2,1.07048888,0.46477649,0.44617891,0.48010442,0.01532793,0.16312887,True,
cd/490215,120,125,seed1,R2,0.56819953,0.51273658,0.20160539,1.33940227,0.82666568,0.34443041,True,
cd/490215,120,125,seed2,R2,3.38517758,0.51273658,0.20160539,1.33940227,0.82666568,2.81185969,True,
cd/490215,120,125,seed3,R2,0.26838036,0.51273658,0.20160539,1.33940227,0.82666568,0.2149408,True,
cd/490215,120,125,seed4,R2,0.96512859,0.51273658,0.20160539,1.33940227,0.82666568,0.32431754,True,
cd/490215,120,125,seed5,R2,2.5181522,0.51273658,0.20160539,1.33940227,0.82666568,3.00146288,True,
cd/490217,105,110,seed1,R2,0.01230706,0.1825565,0.23889701,0.09309963,-0.08945687,0.23493353,True,
cd/490217,105,110,seed2,R2,0.77099308,0.1825565,0.23889701,0.09309963,-0.08945687,0.17455561,True,
cd/490217,105,110,seed3,R2,0.23287342,0.1825565,0.23889701,0.09309963,-0.08945687,0.01139102,True,
cd/490217,105,110,seed4,R2,0.21063829,0.1825565,0.23889701,0.09309963,-0.08945687,0.00450078,True,
cd/490217,105,110,seed5,R2,0.43317138,0.1825565,0.23889701,0.09309963,-0.08945687,0.04011723,True,
cd/490217,110,115,seed1,R2,0.2055388,0.31227415,-0.01141842,0.0935898,-0.21868435,0.17131562,True,
cd/490217,110,115,seed2,R2,0.05228245,0.31227415,-0.01141842,0.0935898,-0.21868435,0.12139738,True,
cd/490217,110,115,seed3,R2,0.00880681,0.31227415,-0.01141842,0.0935898,-0.21868435,0.00069748,True,
cd/490217,110,115,seed4,R2,0.06549533,0.31227415,-0.01141842,0.0935898,-0.21868435,0.1253152,True,
cd/490217,110,115,seed5,R2,0.07873353,0.31227415,-0.01141842,0.0935898,-0.21868435,0.04922332,True,
cd/490217,115,120,seed1,R2,0.00076761,0.24912611,0.05841355,0.40616171,0.15703559,0.15881306,True,
cd/490217,115,120,seed2,R2,0.14154722,0.24912611,0.05841355,0.40616171,0.15703559,0.46229149,True,
cd/490217,115,120,seed3,R2,1.73385735,0.24912611,0.05841355,0.40616171,0.15703559,1.13047294,True,
cd/490217,115,120,seed4,R2,0.44284223,0.24912611,0.05841355,0.40616171,0.15703559,0.12528312,True,
cd/490217,115,120,seed5,R2,0.00386187,0.24912611,0.05841355,0.40616171,0.15703559,0.15394793,True,
cd/490217,120,125,seed1,R2,0.34997097,0.26120731,0.06984735,0.46715025,0.20594294,0.05645877,True,
cd/490217,120,125,seed2,R2,0.17155427,0.26120731,0.06984735,0.46715025,0.20594294,0.80134194,True,
cd/490217,120,125,seed3,R2,1.18220458,0.26120731,0.06984735,0.46715025,0.20594294,0.61440786,True,
cd/490217,120,125,seed4,R2,0.93832651,0.26120731,0.06984735,0.46715025,0.20594294,0.40153612,True,
cd/490217,120,125,seed5,R2,0.04293169,0.26120731,0.06984735,0.46715025,0.20594294,0.46200657,True,
cd/490219,105,110,seed1,R2,0.69634267,0.38196027,0.01768844,0.97711574,0.59515547,1.3153857,True,
cd/490219,105,110,seed2,R2,2.60652483,0.38196027,0.01768844,0.97711574,0.59515547,1.87919369,True,
cd/490219,105,110,seed3,R2,1.28466489,0.38196027,0.01768844,0.97711574,0.59515547,0.81530455,True,
cd/490219,105,110,seed4,R2,0.27999653,0.38196027,0.01768844,0.97711574,0.59515547,0.42799141,True,
cd/490219,105,110,seed5,R2,0.10649198,0.38196027,0.01768844,0.97711574,0.59515547,0.44770337,True,
cd/490219,110,115,seed1,R2,2.10215568,0.56166344,0.24070516,1.63432654,1.0726631,1.88747537,True,
cd/490219,110,115,seed2,R2,2.38182193,0.56166344,0.24070516,1.63432654,1.0726631,2.57412505,True,
cd/490219,110,115,seed3,R2,3.21525622,0.56166344,0.24070516,1.63432654,1.0726631,1.68554092,True,
cd/490219,110,115,seed4,R2,1.51496146,0.56166344,0.24070516,1.63432654,1.0726631,1.740153,True,
cd/490219,110,115,seed5,R2,0.1609632,0.56166344,0.24070516,1.63432654,1.0726631,0.28433836,True,
cd/490219,115,120,seed1,R2,7.33587812,0.90162369,0.14784605,4.25739315,3.35576947,5.84728234,True,
cd/490219,115,120,seed2,R2,5.81444268,0.90162369,0.14784605,4.25739315,3.35576947,3.56089774,True,
cd/490219,115,120,seed3,R2,5.98754533,0.90162369,0.14784605,4.25739315,3.35576947,4.80663627,True,
cd/490219,115,120,seed4,R2,1.87878929,0.90162369,0.14784605,4.25739315,3.35576947,5.77040727,True,
cd/490219,115,120,seed5,R2,1.00954061,0.90162369,0.14784605,4.25739315,3.35576947,1.30174214,True,
cd/490219,120,125,seed1,R2,2.93080493,0.85291716,-0.06933571,3.14948309,2.29656594,2.46289702,True,
cd/490219,120,125,seed2,R2,4.20325812,0.85291716,-0.06933571,3.14948309,2.29656594,3.02548129,True,
cd/490219,120,125,seed3,R2,5.11297601,0.85291716,-0.06933571,3.14948309,2.29656594,4.24143609,True,
cd/490219,120,125,seed4,R2,1.17912544,0.85291716,-0.06933571,3.14948309,2.29656594,2.4617316,True,
cd/490219,120,125,seed5,R2,1.97457243,0.85291716,-0.06933571,3.14948309,2.29656594,3.55586946,True,
cd/490221,105,110,seed1,R2,1.95969888,0.54205423,0.34378262,1.25915318,0.71709894,0.6872055,True,
cd/490221,105,110,seed2,R2,1.21171097,0.54205423,0.34378262,1.25915318,0.71709894,0.16418315,True,
cd/490221,105,110,seed3,R2,1.38465615,0.54205423,0.34378262,1.25915318,0.71709894,2.20250881,True,
cd/490221,105,110,seed4,R2,2.7776574,0.54205423,0.34378262,1.25915318,0.71709894,1.32497352,True,
cd/490221,105,110,seed5,R2,0.68095555,0.54205423,0.34378262,1.25915318,0.71709894,1.9168949,True,
cd/490221,110,115,seed1,R2,4.41368878,0.70738378,-0.20588586,1.81401755,1.10663377,4.34483437,True,
cd/490221,110,115,seed2,R2,0.32948528,0.70738378,-0.20588586,1.81401755,1.10663377,0.21257642,True,
cd/490221,110,115,seed3,R2,0.53705052,0.70738378,-0.20588586,1.81401755,1.10663377,1.39895219,True,
cd/490221,110,115,seed4,R2,0.39314148,0.70738378,-0.20588586,1.81401755,1.10663377,0.12042671,True,
cd/490221,110,115,seed5,R2,2.36729237,0.70738378,-0.20588586,1.81401755,1.10663377,2.99329805,True,
cd/490221,115,120,seed1,R2,3.51819212,0.80535325,0.22896009,1.98109896,1.17574571,5.71613133,True,
cd/490221,115,120,seed2,R2,1.8068982,0.80535325,0.22896009,1.98109896,1.17574571,0.94087143,True,
cd/490221,115,120,seed3,R2,0.374226,0.80535325,0.22896009,1.98109896,1.17574571,0.50913378,True,
cd/490221,115,120,seed4,R2,0.91382704,0.80535325,0.22896009,1.98109896,1.17574571,0.12130478,True,
cd/490221,115,120,seed5,R2,4.43715189,0.80535325,0.22896009,1.98109896,1.17574571,2.61805349,True,
cd/490221,120,125,seed1,R2,1.59507168,0.65019389,0.25880734,1.12968321,0.47948932,1.35047086,True,
cd/490221,120,125,seed2,R2,2.66817654,0.65019389,0.25880734,1.12968321,0.47948932,2.10287888,True,
cd/490221,120,125,seed3,R2,1.38066229,0.65019389,0.25880734,1.12968321,0.47948932,0.55765582,True,
cd/490221,120,125,seed4,R2,1.08594757,0.65019389,0.25880734,1.12968321,0.47948932,1.25927331,True,
cd/490221,120,125,seed5,R2,0.21259467,0.65019389,0.25880734,1.12968321,0.47948932,0.3781372,True,
cd/490225,105,110,seed1,R2,5.36672076,0.69063499,0.9480088,2.46237087,1.77173588,2.61312562,True,
cd/490225,105,110,seed2,R2,4.04672907,0.69063499,0.9480088,2.46237087,1.77173588,1.03629929,True,
cd/490225,105,110,seed3,R2,1.58102061,0.69063499,0.9480088,2.46237087,1.77173588,2.92351585,True,
cd/490225,105,110,seed4,R2,5.26457201,0.69063499,0.9480088,2.46237087,1.77173588,2.71476673,True,
cd/490225,105,110,seed5,R2,0.79285589,0.69063499,0.9480088,2.46237087,1.77173588,3.02414686,True,
cd/490225,110,115,seed1,R2,2.36068758,0.57950653,-0.29718785,3.62497369,3.04546715,1.83826289,True,
cd/490225,110,115,seed2,R2,4.21487912,0.57950653,-0.29718785,3.62497369,3.04546715,2.7863777,True,
cd/490225,110,115,seed3,R2,2.15316474,0.57950653,-0.29718785,3.62497369,3.04546715,2.63378349,True,
cd/490225,110,115,seed4,R2,3.73482198,0.57950653,-0.29718785,3.62497369,3.04546715,2.53356056,True,
cd/490225,110,115,seed5,R2,4.17537578,0.57950653,-0.29718785,3.62497369,3.04546715,8.33288379,True,
cd/490225,115,120,seed1,R2,3.79464321,0.81435877,0.32756964,3.10248184,2.28812306,1.46470792,True,
cd/490225,115,120,seed2,R2,2.92186281,0.81435877,0.32756964,3.10248184,2.28812306,1.26997782,True,
cd/490225,115,120,seed3,R2,4.12563523,0.81435877,0.32756964,3.10248184,2.28812306,2.33593185,True,
cd/490225,115,120,seed4,R2,3.04010339,0.81435877,0.32756964,3.10248184,2.28812306,1.89313436,True,
cd/490225,115,120,seed5,R2,3.26801278,0.81435877,0.32756964,3.10248184,2.28812306,8.54865724,True,
cd/490225,120,125,seed1,R2,0.39705906,0.81228131,0.15107909,3.09907523,2.28679392,0.29764628,True,
cd/490225,120,125,seed2,R2,5.29061034,0.81228131,0.15107909,3.09907523,2.28679392,3.64208294,True,
cd/490225,120,125,seed3,R2,1.12496685,0.81228131,0.15107909,3.09907523,2.28679392,4.37017622,True,
cd/490225,120,125,seed4,R2,1.35322178,0.81228131,0.15107909,3.09907523,2.28679392,0.41509223,True,
cd/490225,120,125,seed5,R2,8.08491359,0.81228131,0.15107909,3.09907523,2.28679392,6.77037848,True,
cd/490227,105,110,seed1,R2,0.3614221,0.37074512,-0.0992359,0.70856289,0.33781777,0.59938701,True,
cd/490227,105,110,seed2,R2,0.99279564,0.37074512,-0.0992359,0.70856289,0.33781777,0.84943463,True,
cd/490227,105,110,seed3,R2,1.16574602,0.37074512,-0.0992359,0.70856289,0.33781777,1.06010066,True,
cd/490227,105,110,seed4,R2,0.25630007,0.37074512,-0.0992359,0.70856289,0.33781777,0.49964601,True,
cd/490227,105,110,seed5,R2,0.27037109,0.37074512,-0.0992359,0.70856289,0.33781777,0.53424613,True,
cd/490227,110,115,seed1,R2,1.50505053,0.41852099,0.3564053,0.89425579,0.4757348,0.73006181,True,
cd/490227,110,115,seed2,R2,1.03074021,0.41852099,0.3564053,0.89425579,0.4757348,0.19863681,True,
cd/490227,110,115,seed3,R2,1.59023119,0.41852099,0.3564053,0.89425579,0.4757348,2.33388908,True,
cd/490227,110,115,seed4,R2,1.05048133,0.41852099,0.3564053,0.89425579,0.4757348,0.44101406,True,
cd/490227,110,115,seed5,R2,1.07680219,0.41852099,0.3564053,0.89425579,0.4757348,0.76767719,True,
cd/490227,115,120,seed1,R2,1.05285403,0.61990216,0.81150704,0.42638038,-0.19352178,0.85916033,True,
cd/490227,115,120,seed2,R2,0.70249405,0.61990216,0.81150704,0.42638038,-0.19352178,0.26683278,True,
cd/490227,115,120,seed3,R2,1.03332492,0.61990216,0.81150704,0.42638038,-0.19352178,0.31252889,True,
cd/490227,115,120,seed4,R2,1.2636173,0.61990216,0.81150704,0.42638038,-0.19352178,0.2244198,True,
cd/490227,115,120,seed5,R2,2.13714681,0.61990216,0.81150704,0.42638038,-0.19352178,0.46896012,True,
cd/490227,120,125,seed1,R2,0.74513638,0.6353484,0.22859513,0.83733952,0.20199112,0.18818578,True,
cd/490227,120,125,seed2,R2,2.80785404,0.6353484,0.22859513,0.83733952,0.20199112,1.47487043,True,
cd/490227,120,125,seed3,R2,0.26084143,0.6353484,0.22859513,0.83733952,0.20199112,0.49330295,True,
cd/490227,120,125,seed4,R2,0.42349074,0.6353484,0.22859513,0.83733952,0.20199112,0.3223149,True,
cd/490227,120,125,seed5,R2,1.09235066,0.6353484,0.22859513,0.83733952,0.20199112,1.70802353,True,
cd/490228,105,110,seed1,R2,2.22429701,0.7492672,0.08329398,1.15013925,0.40087205,1.55550717,True,
cd/490228,105,110,seed2,R2,0.57774807,0.7492672,0.08329398,1.15013925,0.40087205,0.27237721,True,
cd/490228,105,110,seed3,R2,0.67114179,0.7492672,0.08329398,1.15013925,0.40087205,0.49139034,True,
cd/490228,105,110,seed4,R2,1.3362174,0.7492672,0.08329398,1.15013925,0.40087205,2.61177357,True,
cd/490228,105,110,seed5,R2,1.35776188,0.7492672,0.08329398,1.15013925,0.40087205,0.81964795,True,
cd/490228,110,115,seed1,R2,2.09439868,0.99649082,-0.10349102,0.7935528,-0.20293802,2.30331385,True,
cd/490228,110,115,seed2,R2,0.17383897,0.99649082,-0.10349102,0.7935528,-0.20293802,0.23114579,True,
cd/490228,110,115,seed3,R2,0.50273883,0.99649082,-0.10349102,0.7935528,-0.20293802,0.45120205,True,
cd/490228,110,115,seed4,R2,0.27466087,0.99649082,-0.10349102,0.7935528,-0.20293802,0.22030786,True,
cd/490228,110,115,seed5,R2,0.40467154,0.99649082,-0.10349102,0.7935528,-0.20293802,0.76179448,True,
cd/490228,115,120,seed1,R2,0.65771587,0.93352644,1.29374071,1.71227487,0.77874844,0.67203991,True,
cd/490228,115,120,seed2,R2,2.49603659,0.93352644,1.29374071,1.71227487,0.77874844,2.40719526,True,
cd/490228,115,120,seed3,R2,5.79908389,0.93352644,1.29374071,1.71227487,0.77874844,3.20697257,True,
cd/490228,115,120,seed4,R2,4.73248843,0.93352644,1.29374071,1.71227487,0.77874844,1.80377973,True,
cd/490228,115,120,seed5,R2,1.34475311,0.93352644,1.29374071,1.71227487,0.77874844,0.4713869,True,
cd/490228,120,125,seed1,R2,0.67722646,0.94745771,0.89187391,4.55945194,3.61199423,1.09338115,True,
cd/490228,120,125,seed2,R2,5.59469384,0.94745771,0.89187391,4.55945194,3.61199423,8.63153801,True,
cd/490228,120,125,seed3,R2,17.41928972,0.94745771,0.89187391,4.55945194,3.61199423,11.0460822,True,
cd/490228,120,125,seed4,R2,2.93137168,0.94745771,0.89187391,4.55945194,3.61199423,0.26266218,True,
cd/490228,120,125,seed5,R2,0.63404756,0.94745771,0.89187391,4.55945194,3.61199423,1.76359615,True,
cd/490229,105,110,seed1,R2,6.5781234,0.96281938,0.04185289,3.91644406,2.95362468,4.77276802,True,
cd/490229,105,110,seed2,R2,2.23962513,0.96281938,0.04185289,3.91644406,2.95362468,2.54968068,True,
cd/490229,105,110,seed3,R2,5.59257172,0.96281938,0.04185289,3.91644406,2.95362468,4.40110638,True,
cd/490229,105,110,seed4,R2,1.13311938,0.96281938,0.04185289,3.91644406,2.95362468,3.6595847,True,
cd/490229,105,110,seed5,R2,4.24804508,0.96281938,0.04185289,3.91644406,2.95362468,4.1990805,True,
cd/490229,110,115,seed1,R2,4.92803882,1.81472433,-0.45349327,6.08572137,4.27099704,4.8206772,True,
cd/490229,110,115,seed2,R2,3.64880545,1.81472433,-0.45349327,6.08572137,4.27099704,5.57862181,True,
cd/490229,110,115,seed3,R2,13.68183632,1.81472433,-0.45349327,6.08572137,4.27099704,13.28583285,True,
cd/490229,110,115,seed4,R2,5.0356833,1.81472433,-0.45349327,6.08572137,4.27099704,5.6749682,True,
cd/490229,110,115,seed5,R2,0.86677658,1.81472433,-0.45349327,6.08572137,4.27099704,1.06850678,True,
cd/490229,115,120,seed1,R2,6.10493605,1.66957299,-0.47368524,5.97875948,4.30918649,4.40632882,True,
cd/490229,115,120,seed2,R2,6.68760495,1.66957299,-0.47368524,5.97875948,4.30918649,7.42649082,True,
cd/490229,115,120,seed3,R2,4.31016976,1.66957299,-0.47368524,5.97875948,4.30918649,9.36417293,True,
cd/490229,115,120,seed4,R2,6.136954,1.66957299,-0.47368524,5.97875948,4.30918649,4.89074318,True,
cd/490229,115,120,seed5,R2,4.28570643,1.66957299,-0.47368524,5.97875948,4.30918649,3.80606163,True,
cd/490229,120,125,seed1,R2,3.55785037,1.99291613,0.02286186,4.53831435,2.54539821,5.18842848,True,
cd/490229,120,125,seed2,R2,3.57382794,1.99291613,0.02286186,4.53831435,2.54539821,3.10871387,True,
cd/490229,120,125,seed3,R2,2.24041932,1.99291613,0.02286186,4.53831435,2.54539821,3.94724029,True,
cd/490229,120,125,seed4,R2,7.20083505,1.99291613,0.02286186,4.53831435,2.54539821,5.16985255,True,
cd/490229,120,125,seed5,R2,6.23294835,1.99291613,0.02286186,4.53831435,2.54539821,5.27733655,True,
cd/490231,105,110,seed1,R2,0.78351725,1.3189714,0.98453694,2.63086313,1.31189173,1.31827144,True,
cd/490231,105,110,seed2,R2,4.03365559,1.3189714,0.98453694,2.63086313,1.31189173,3.15309438,True,
cd/490231,105,110,seed3,R2,4.94147165,1.3189714,0.98453694,2.63086313,1.31189173,2.25072566,True,
cd/490231,105,110,seed4,R2,6.64121438,1.3189714,0.98453694,2.63086313,1.31189173,3.69432544,True,
cd/490231,105,110,seed5,R2,1.67714151,1.3189714,0.98453694,2.63086313,1.31189173,2.73789875,True,
cd/490231,110,115,seed1,R2,5.5103008,1.37451037,1.04584152,4.04801418,2.67350382,7.3459707,True,
cd/490231,110,115,seed2,R2,3.94028808,1.37451037,1.04584152,4.04801418,2.67350382,4.00437171,True,
cd/490231,110,115,seed3,R2,3.86909691,1.37451037,1.04584152,4.04801418,2.67350382,2.02879039,True,
cd/490231,110,115,seed4,R2,10.32434908,1.37451037,1.04584152,4.04801418,2.67350382,6.27429152,True,
cd/490231,110,115,seed5,R2,1.82524362,1.37451037,1.04584152,4.04801418,2.67350382,0.58664658,True,
cd/490231,115,120,seed1,R2,3.6273812,1.68962523,0.95862321,2.09953607,0.40991083,1.90260837,True,
cd/490231,115,120,seed2,R2,4.59997552,1.68962523,0.95862321,2.09953607,0.40991083,1.89441289,True,
cd/490231,115,120,seed3,R2,3.06844474,1.68962523,0.95862321,2.09953607,0.40991083,3.87057611,True,
cd/490231,115,120,seed4,R2,2.34092683,1.68962523,0.95862321,2.09953607,0.40991083,1.34256677,True,
cd/490231,115,120,seed5,R2,1.65406807,1.68962523,0.95862321,2.09953607,0.40991083,1.48751618,True,
cd/490231,120,125,seed1,R2,5.49010114,1.68073596,0.78267728,2.57737639,0.89664043,3.79721883,True,
cd/490231,120,125,seed2,R2,2.27792016,1.68073596,0.78267728,2.57737639,0.89664043,2.44351642,True,
cd/490231,120,125,seed3,R2,1.84988921,1.68073596,0.78267728,2.57737639,0.89664043,0.78222319,True,
cd/490231,120,125,seed4,R2,3.2763262,1.68073596,0.78267728,2.57737639,0.89664043,1.28614602,True,
cd/490231,120,125,seed5,R2,3.90603164,1.68073596,0.78267728,2.57737639,0.89664043,4.57777749,True,
cd/490232,105,110,seed1,R2,1.34178539,0.54908531,-0.34712676,3.11433336,2.56524805,1.63800502,True,
cd/490232,105,110,seed2,R2,1.37100233,0.54908531,-0.34712676,3.11433336,2.56524805,1.74037161,True,
cd/490232,105,110,seed3,R2,4.09371989,0.54908531,-0.34712676,3.11433336,2.56524805,5.76761725,True,
cd/490232,105,110,seed4,R2,2.90992389,0.54908531,-0.34712676,3.11433336,2.56524805,1.74372727,True,
cd/490232,105,110,seed5,R2,4.11960146,0.54908531,-0.34712676,3.11433336,2.56524805,4.68194564,True,
cd/490232,110,115,seed1,R2,0.53446095,0.53287232,0.00636768,1.62713249,1.09426017,0.14263195,True,
cd/490232,110,115,seed2,R2,0.55894454,0.53287232,0.00636768,1.62713249,1.09426017,0.11080432,True,
cd/490232,110,115,seed3,R2,3.56624744,0.53287232,0.00636768,1.62713249,1.09426017,2.98780716,True,
cd/490232,110,115,seed4,R2,0.58462881,0.53287232,0.00636768,1.62713249,1.09426017,2.24616557,True,
cd/490232,110,115,seed5,R2,2.92321908,0.53287232,0.00636768,1.62713249,1.09426017,2.64825344,True,
cd/490232,115,120,seed1,R2,0.31595443,0.66385188,-0.05630962,1.32329869,0.65944681,0.05745801,True,
cd/490232,115,120,seed2,R2,0.28899863,0.66385188,-0.05630962,1.32329869,0.65944681,0.04992754,True,
cd/490232,115,120,seed3,R2,3.70661647,0.66385188,-0.05630962,1.32329869,0.65944681,3.82957705,True,
cd/490232,115,120,seed4,R2,0.8275983,0.66385188,-0.05630962,1.32329869,0.65944681,0.32596527,True,
cd/490232,115,120,seed5,R2,1.19577757,0.66385188,-0.05630962,1.32329869,0.65944681,2.3535656,True,
cd/490232,120,125,seed1,R2,0.25826414,0.47222531,0.16623768,0.53015286,0.05792755,0.05966751,True,
cd/490232,120,125,seed2,R2,0.27593181,0.47222531,0.16623768,0.53015286,0.05792755,0.06154153,True,
cd/490232,120,125,seed3,R2,2.08789422,0.47222531,0.16623768,0.53015286,0.05792755,2.01004895,True,
cd/490232,120,125,seed4,R2,0.29427694,0.47222531,0.16623768,0.53015286,0.05792755,0.06416113,True,
cd/490232,120,125,seed5,R2,0.5655856,0.47222531,0.16623768,0.53015286,0.05792755,0.45534516,True,
cd/490233,105,110,seed1,R2,0.4137922,0.27887756,0.09619796,0.49189503,0.21301747,0.44081011,True,
cd/490233,105,110,seed2,R2,1.03360199,0.27887756,0.09619796,0.49189503,0.21301747,0.72310674,True,
cd/490233,105,110,seed3,R2,0.9315115,0.27887756,0.09619796,0.49189503,0.21301747,0.76197261,True,
cd/490233,105,110,seed4,R2,0.4163189,0.27887756,0.09619796,0.49189503,0.21301747,0.4020384,True,
cd/490233,105,110,seed5,R2,0.14524039,0.27887756,0.09619796,0.49189503,0.21301747,0.1315473,True,
cd/490233,110,115,seed1,R2,0.59749881,0.61749616,-0.16548305,1.30659951,0.68910335,0.53235847,True,
cd/490233,110,115,seed2,R2,0.77137559,0.61749616,-0.16548305,1.30659951,0.68910335,0.8051183,True,
cd/490233,110,115,seed3,R2,0.8489201,0.61749616,-0.16548305,1.30659951,0.68910335,0.96005501,True,
cd/490233,110,115,seed4,R2,1.2572616,0.61749616,-0.16548305,1.30659951,0.68910335,2.41605313,True,
cd/490233,110,115,seed5,R2,2.2305262,0.61749616,-0.16548305,1.30659951,0.68910335,1.81941264,True,
cd/490233,115,120,seed1,R2,4.26577856,0.70828344,0.29239646,1.13629739,0.42801395,2.39636934,True,
cd/490233,115,120,seed2,R2,1.27787095,0.70828344,0.29239646,1.13629739,0.42801395,1.82597729,True,
cd/490233,115,120,seed3,R2,0.22374836,0.70828344,0.29239646,1.13629739,0.42801395,0.29736182,True,
cd/490233,115,120,seed4,R2,0.29466383,0.70828344,0.29239646,1.13629739,0.42801395,0.41645753,True,
cd/490233,115,120,seed5,R2,1.08140755,0.70828344,0.29239646,1.13629739,0.42801395,0.74532097,True,
cd/490233,120,125,seed1,R2,5.85976189,0.83074151,0.30233889,2.52311466,1.69237315,4.7105897,True,
cd/490233,120,125,seed2,R2,1.63584087,0.83074151,0.30233889,2.52311466,1.69237315,0.966632,True,
cd/490233,120,125,seed3,R2,1.218292,0.83074151,0.30233889,2.52311466,1.69237315,1.56058417,True,
cd/490233,120,125,seed4,R2,2.27566129,0.83074151,0.30233889,2.52311466,1.69237315,3.64702958,True,
cd/490233,120,125,seed5,R2,3.13771171,0.83074151,0.30233889,2.52311466,1.69237315,1.73073785,True,
cd/490234,105,110,seed1,R2,1.6495912,0.41843244,0.33036876,1.92655511,1.50812267,4.82025815,True,
cd/490234,105,110,seed2,R2,3.56774118,0.41843244,0.33036876,1.92655511,1.50812267,1.54222931,True,
cd/490234,105,110,seed3,R2,2.20526736,0.41843244,0.33036876,1.92655511,1.50812267,0.87105052,True,
cd/490234,105,110,seed4,R2,3.70351023,0.41843244,0.33036876,1.92655511,1.50812267,1.56870767,True,
cd/490234,105,110,seed5,R2,0.15850936,0.41843244,0.33036876,1.92655511,1.50812267,0.83052988,True,
cd/490234,110,115,seed1,R2,1.76270423,0.50984318,-0.17147571,2.710401,2.20055782,3.32362726,True,
cd/490234,110,115,seed2,R2,1.37976229,0.50984318,-0.17147571,2.710401,2.20055782,2.2217818,True,
cd/490234,110,115,seed3,R2,1.92374439,0.50984318,-0.17147571,2.710401,2.20055782,1.15844937,True,
cd/490234,110,115,seed4,R2,7.32471434,0.50984318,-0.17147571,2.710401,2.20055782,6.32092084,True,
cd/490234,110,115,seed5,R2,0.30370119,0.50984318,-0.17147571,2.710401,2.20055782,0.52722571,True,
cd/490234,115,120,seed1,R2,0.41401189,0.70407307,-0.19215823,1.26029323,0.55622015,0.34627758,True,
cd/490234,115,120,seed2,R2,0.65141962,0.70407307,-0.19215823,1.26029323,0.55622015,0.80971398,True,
cd/490234,115,120,seed3,R2,0.12420557,0.70407307,-0.19215823,1.26029323,0.55622015,0.21294847,True,
cd/490234,115,120,seed4,R2,1.96667896,0.70407307,-0.19215823,1.26029323,0.55622015,1.68955131,True,
cd/490234,115,120,seed5,R2,2.18435895,0.70407307,-0.19215823,1.26029323,0.55622015,3.24297478,True,
cd/490234,120,125,seed1,R2,3.58242457,0.83612602,0.25700283,2.87076144,2.03463542,3.84529366,True,
cd/490234,120,125,seed2,R2,0.57256718,0.83612602,0.25700283,2.87076144,2.03463542,1.85432903,True,
cd/490234,120,125,seed3,R2,0.65645474,0.83612602,0.25700283,2.87076144,2.03463542,0.6286224,True,
cd/490234,120,125,seed4,R2,2.59321316,0.83612602,0.25700283,2.87076144,2.03463542,1.67225989,True,
cd/490234,120,125,seed5,R2,8.23416172,0.83612602,0.25700283,2.87076144,2.03463542,6.35330223,True,
cd/490235,105,110,seed1,R2,2.64027598,0.83524462,1.582696,1.08043908,0.24519447,0.23086391,True,
cd/490235,105,110,seed2,R2,6.03122006,0.83524462,1.582696,1.08043908,0.24519447,2.68144233,True,
cd/490235,105,110,seed3,R2,1.16232927,0.83524462,1.582696,1.08043908,0.24519447,0.55085064,True,
cd/490235,105,110,seed4,R2,1.31872752,0.83524462,1.582696,1.08043908,0.24519447,1.05850463,True,
cd/490235,105,110,seed5,R2,2.16312261,0.83524462,1.582696,1.08043908,0.24519447,0.88053391,True,
cd/490235,110,115,seed1,R2,0.8574401,1.01704184,0.95499579,1.78759765,0.7705558,3.99476643,True,
cd/490235,110,115,seed2,R2,5.71886001,1.01704184,0.95499579,1.78759765,0.7705558,2.36766738,True,
cd/490235,110,115,seed3,R2,3.8393356,1.01704184,0.95499579,1.78759765,0.7705558,1.47521839,True,
cd/490235,110,115,seed4,R2,1.41765783,1.01704184,0.95499579,1.78759765,0.7705558,0.70136972,True,
cd/490235,110,115,seed5,R2,1.87967365,1.01704184,0.95499579,1.78759765,0.7705558,0.3989663,True,
cd/490235,115,120,seed1,R2,6.56264668,0.92686048,0.28181519,3.74229124,2.81543076,5.2749776,True,
cd/490235,115,120,seed2,R2,5.89236575,0.92686048,0.28181519,3.74229124,2.81543076,2.94196954,True,
cd/490235,115,120,seed3,R2,2.63079576,0.92686048,0.28181519,3.74229124,2.81543076,6.03883152,True,
cd/490235,115,120,seed4,R2,3.6880168,0.92686048,0.28181519,3.74229124,2.81543076,3.71250502,True,
cd/490235,115,120,seed5,R2,1.34670713,0.92686048,0.28181519,3.74229124,2.81543076,0.74317251,True,
cd/490235,120,125,seed1,R2,4.80555542,1.29068573,-0.25717499,4.28207251,2.99138678,5.42878715,True,
cd/490235,120,125,seed2,R2,5.1762965,1.29068573,-0.25717499,4.28207251,2.99138678,5.07147691,True,
cd/490235,120,125,seed3,R2,5.49386342,1.29068573,-0.25717499,4.28207251,2.99138678,6.58482225,True,
cd/490235,120,125,seed4,R2,3.20863015,1.29068573,-0.25717499,4.28207251,2.99138678,2.75339302,True,
cd/490235,120,125,seed5,R2,1.44014215,1.29068573,-0.25717499,4.28207251,2.99138678,1.57188323,True,
cd/490236,105,110,seed1,R2,0.18846701,1.07523952,0.44107848,2.58709661,1.51185709,1.72586498,True,
cd/490236,105,110,seed2,R2,2.11499486,1.07523952,0.44107848,2.58709661,1.51185709,2.14432031,True,
cd/490236,105,110,seed3,R2,1.30303958,1.07523952,0.44107848,2.58709661,1.51185709,0.3120002,True,
cd/490236,105,110,seed4,R2,8.04916997,1.07523952,0.44107848,2.58709661,1.51185709,6.40802974,True,
cd/490236,105,110,seed5,R2,3.48520404,1.07523952,0.44107848,2.58709661,1.51185709,2.34526783,True,
cd/490236,110,115,seed1,R2,5.25617934,1.38121149,-0.0703103,5.42844891,4.04723742,5.381615,True,
cd/490236,110,115,seed2,R2,6.14786596,1.38121149,-0.0703103,5.42844891,4.04723742,9.96172849,True,
cd/490236,110,115,seed3,R2,4.55650859,1.38121149,-0.0703103,5.42844891,4.04723742,2.53050806,True,
cd/490236,110,115,seed4,R2,4.31904507,1.38121149,-0.0703103,5.42844891,4.04723742,4.29949207,True,
cd/490236,110,115,seed5,R2,6.51109407,1.38121149,-0.0703103,5.42844891,4.04723742,4.96890092,True,
cd/490236,115,120,seed1,R2,1.45272471,1.40037959,-0.43894191,5.08240095,3.68202137,2.50227148,True,
cd/490236,115,120,seed2,R2,6.61452925,1.40037959,-0.43894191,5.08240095,3.68202137,5.46935842,True,
cd/490236,115,120,seed3,R2,5.35001393,1.40037959,-0.43894191,5.08240095,3.68202137,4.08910037,True,
cd/490236,115,120,seed4,R2,2.54736807,1.40037959,-0.43894191,5.08240095,3.68202137,4.26609288,True,
cd/490236,115,120,seed5,R2,7.25265926,1.40037959,-0.43894191,5.08240095,3.68202137,9.08518162,True,
cd/490236,120,125,seed1,R2,0.93960414,1.46799685,-0.23966614,3.00658345,1.5385866,0.76766728,True,
cd/490236,120,125,seed2,R2,5.61993339,1.46799685,-0.23966614,3.00658345,1.5385866,5.27695654,True,
cd/490236,120,125,seed3,R2,3.14973091,1.46799685,-0.23966614,3.00658345,1.5385866,2.99404602,True,
cd/490236,120,125,seed4,R2,2.49264063,1.46799685,-0.23966614,3.00658345,1.5385866,4.41393891,True,
cd/490236,120,125,seed5,R2,1.63267745,1.46799685,-0.23966614,3.00658345,1.5385866,1.58030849,True,
cd/490237,105,110,seed1,R2,0.02303782,0.12768249,-0.02622802,0.13133194,0.00364945,0.03119553,True,
cd/490237,105,110,seed2,R2,0.40129015,0.12768249,-0.02622802,0.13133194,0.00364945,0.49185145,True,
cd/490237,105,110,seed3,R2,2.22e-06,0.12768249,-0.02622802,0.13133194,0.00364945,7.38e-05,True,
cd/490237,105,110,seed4,R2,0.05594919,0.12768249,-0.02622802,0.13133194,0.00364945,0.07364714,True,
cd/490237,105,110,seed5,R2,0.04524021,0.12768249,-0.02622802,0.13133194,0.00364945,0.05989178,True,
cd/490237,110,115,seed1,R2,0.29908775,0.28311519,-0.02557253,0.17316287,-0.10995232,0.25504665,True,
cd/490237,110,115,seed2,R2,0.06720958,0.28311519,-0.02557253,0.17316287,-0.10995232,0.03364618,True,
cd/490237,110,115,seed3,R2,0.122797,0.28311519,-0.02557253,0.17316287,-0.10995232,0.08143418,True,
cd/490237,110,115,seed4,R2,0.06126847,0.28311519,-0.02557253,0.17316287,-0.10995232,0.14681178,True,
cd/490237,110,115,seed5,R2,0.18758889,0.28311519,-0.02557253,0.17316287,-0.10995232,0.34887556,True,
cd/490237,115,120,seed1,R2,1.99342354,0.19475923,0.46629394,0.36327914,0.16851991,0.57418901,True,
cd/490237,115,120,seed2,R2,0.11789012,0.19475923,0.46629394,0.36327914,0.16851991,0.19088691,True,
cd/490237,115,120,seed3,R2,1.88641221,0.19475923,0.46629394,0.36327914,0.16851991,0.51093693,True,
cd/490237,115,120,seed4,R2,0.09702396,0.19475923,0.46629394,0.36327914,0.16851991,0.2232863,True,
cd/490237,115,120,seed5,R2,0.05311558,0.19475923,0.46629394,0.36327914,0.16851991,0.31709654,True,
cd/490237,120,125,seed1,R2,0.62797125,0.18254316,1.23201718,0.18423384,0.00169068,0.13943852,True,
cd/490237,120,125,seed2,R2,1.06317142,0.18254316,1.23201718,0.18423384,0.00169068,0.01136133,True,
cd/490237,120,125,seed3,R2,0.71337218,0.18254316,1.23201718,0.18423384,0.00169068,0.09928165,True,
cd/490237,120,125,seed4,R2,1.22143706,0.18254316,1.23201718,0.18423384,0.00169068,0.00056457,True,
cd/490237,120,125,seed5,R2,3.45530316,0.18254316,1.23201718,0.18423384,0.00169068,0.67052313,True,
cd/490239,105,110,seed1,R2,1.80835421,0.39764062,0.03411632,1.44728965,1.04964904,0.89630293,True,
cd/490239,105,110,seed2,R2,2.84164033,0.39764062,0.03411632,1.44728965,1.04964904,4.6320905,True,
cd/490239,105,110,seed3,R2,2.36478379,0.39764062,0.03411632,1.44728965,1.04964904,1.33601443,True,
cd/490239,105,110,seed4,R2,0.16482127,0.39764062,0.03411632,1.44728965,1.04964904,0.31352732,True,
cd/490239,105,110,seed5,R2,0.22743027,0.39764062,0.03411632,1.44728965,1.04964904,0.05851309,True,
cd/490239,110,115,seed1,R2,2.42468796,0.5390553,-0.46795959,2.35712319,1.81806789,2.99092335,True,
cd/490239,110,115,seed2,R2,1.14470279,0.5390553,-0.46795959,2.35712319,1.81806789,1.54853101,True,
cd/490239,110,115,seed3,R2,2.40322862,0.5390553,-0.46795959,2.35712319,1.81806789,3.01233158,True,
cd/490239,110,115,seed4,R2,2.6264457,0.5390553,-0.46795959,2.35712319,1.81806789,3.17107496,True,
cd/490239,110,115,seed5,R2,0.84675294,0.5390553,-0.46795959,2.35712319,1.81806789,1.06275506,True,
cd/490239,115,120,seed1,R2,2.86049957,0.55813646,-0.38679279,2.53827972,1.98014327,4.56659231,True,
cd/490239,115,120,seed2,R2,0.09829988,0.55813646,-0.38679279,2.53827972,1.98014327,0.50647187,True,
cd/490239,115,120,seed3,R2,0.44609059,0.55813646,-0.38679279,2.53827972,1.98014327,0.77603523,True,
cd/490239,115,120,seed4,R2,4.99725164,0.55813646,-0.38679279,2.53827972,1.98014327,4.80361156,True,
cd/490239,115,120,seed5,R2,2.35529297,0.55813646,-0.38679279,2.53827972,1.98014327,2.03868764,True,
cd/490239,120,125,seed1,R2,0.51465859,0.4969237,0.03160229,2.00984578,1.51292208,1.33924579,True,
cd/490239,120,125,seed2,R2,0.12469076,0.4969237,0.03160229,2.00984578,1.51292208,0.65067443,True,
cd/490239,120,125,seed3,R2,2.61656866,0.4969237,0.03160229,2.00984578,1.51292208,2.26222272,True,
cd/490239,120,125,seed4,R2,2.10302722,0.4969237,0.03160229,2.00984578,1.51292208,0.89234843,True,
cd/490239,120,125,seed5,R2,4.84829512,0.4969237,0.03160229,2.00984578,1.51292208,4.90473751,True,
cd/490240,105,110,seed1,R2,0.61542628,0.75763866,0.23510462,1.69101916,0.9333805,2.66620622,True,
cd/490240,105,110,seed2,R2,3.13634743,0.75763866,0.23510462,1.69101916,0.9333805,2.07721956,True,
cd/490240,105,110,seed3,R2,3.21705596,0.75763866,0.23510462,1.69101916,0.9333805,1.86810091,True,
cd/490240,105,110,seed4,R2,2.14568585,0.75763866,0.23510462,1.69101916,0.9333805,1.18099774,True,
cd/490240,105,110,seed5,R2,0.51610342,0.75763866,0.23510462,1.69101916,0.9333805,0.66257137,True,
cd/490240,110,115,seed1,R2,0.4857887,0.90686581,0.44447809,1.24478617,0.33792036,0.2867154,True,
cd/490240,110,115,seed2,R2,5.53200636,0.90686581,0.44447809,1.24478617,0.33792036,3.93600041,True,
cd/490240,110,115,seed3,R2,0.21150749,0.90686581,0.44447809,1.24478617,0.33792036,0.71861998,True,
cd/490240,110,115,seed4,R2,0.90437423,0.90686581,0.44447809,1.24478617,0.33792036,0.3760363,True,
cd/490240,110,115,seed5,R2,1.3126445,0.90686581,0.44447809,1.24478617,0.33792036,0.90655874,True,
cd/490240,115,120,seed1,R2,1.83363692,1.23451775,-0.31282062,4.40461526,3.1700975,0.72634938,True,
cd/490240,115,120,seed2,R2,6.17873659,1.23451775,-0.31282062,4.40461526,3.1700975,4.07300366,True,
cd/490240,115,120,seed3,R2,3.79049592,1.23451775,-0.31282062,4.40461526,3.1700975,2.60919767,True,
cd/490240,115,120,seed4,R2,5.02181769,1.23451775,-0.31282062,4.40461526,3.1700975,7.67958301,True,
cd/490240,115,120,seed5,R2,3.63428608,1.23451775,-0.31282062,4.40461526,3.1700975,6.93494255,True,
cd/490240,120,125,seed1,R2,2.16338617,1.24402647,-0.92696339,5.91510634,4.67107987,3.45544066,True,
cd/490240,120,125,seed2,R2,2.73486709,1.24402647,-0.92696339,5.91510634,4.67107987,3.08829722,True,
cd/490240,120,125,seed3,R2,9.36072913,1.24402647,-0.92696339,5.91510634,4.67107987,12.45587059,True,
cd/490240,120,125,seed4,R2,3.79025563,1.24402647,-0.92696339,5.91510634,4.67107987,4.67181567,True,
cd/490240,120,125,seed5,R2,6.89147677,1.24402647,-0.92696339,5.91510634,4.67107987,5.90410758,True,
cd/490241,105,110,seed1,R2,0.04348828,0.41608692,0.59386187,0.66835659,0.25226967,0.76822245,True,
cd/490241,105,110,seed2,R2,2.83045686,0.41608692,0.59386187,0.66835659,0.25226967,1.06075756,True,
cd/490241,105,110,seed3,R2,0.81576351,0.41608692,0.59386187,0.66835659,0.25226967,0.04566887,True,
cd/490241,105,110,seed4,R2,2.18786803,0.41608692,0.59386187,0.66835659,0.25226967,0.7060006,True,
cd/490241,105,110,seed5,R2,0.43351564,0.41608692,0.59386187,0.66835659,0.25226967,0.76113349,True,
cd/490241,110,115,seed1,R2,4.66886516,0.6021947,1.58307331,1.29093421,0.68873952,1.23524621,True,
cd/490241,110,115,seed2,R2,2.11799203,0.6021947,1.58307331,1.29093421,0.68873952,0.46400162,True,
cd/490241,110,115,seed3,R2,0.69356985,0.6021947,1.58307331,1.29093421,0.68873952,0.52550286,True,
cd/490241,110,115,seed4,R2,6.63723991,0.6021947,1.58307331,1.29093421,0.68873952,2.24921622,True,
cd/490241,110,115,seed5,R2,0.25237069,0.6021947,1.58307331,1.29093421,0.68873952,1.98070416,True,
cd/490241,115,120,seed1,R2,3.29441246,0.86225733,1.1753544,1.65878497,0.79652764,0.78883267,True,
cd/490241,115,120,seed2,R2,2.67509064,0.86225733,1.1753544,1.65878497,0.79652764,0.52900634,True,
cd/490241,115,120,seed3,R2,0.68636817,0.86225733,1.1753544,1.65878497,0.79652764,2.32847567,True,
cd/490241,115,120,seed4,R2,7.28520118,0.86225733,1.1753544,1.65878497,0.79652764,2.74128804,True,
cd/490241,115,120,seed5,R2,0.22962439,0.86225733,1.1753544,1.65878497,0.79652764,1.90632213,True,
cd/490241,120,125,seed1,R2,0.97500742,0.95487804,-0.14030957,3.05995878,2.10508074,1.95379958,True,
cd/490241,120,125,seed2,R2,1.01555605,0.95487804,-0.14030957,3.05995878,2.10508074,1.27761169,True,
cd/490241,120,125,seed3,R2,10.31538171,0.95487804,-0.14030957,3.05995878,2.10508074,8.62884986,True,
cd/490241,120,125,seed4,R2,1.91305321,0.95487804,-0.14030957,3.05995878,2.10508074,1.5179333,True,
cd/490241,120,125,seed5,R2,0.37924768,0.95487804,-0.14030957,3.05995878,2.10508074,1.92159948,True,
cd/490243,105,110,seed1,R2,1.91629362,0.35457265,0.34711076,0.63576291,0.28119026,0.86201756,True,
cd/490243,105,110,seed2,R2,1.11012129,0.35457265,0.34711076,0.63576291,0.28119026,1.69461716,True,
cd/490243,105,110,seed3,R2,0.70319545,0.35457265,0.34711076,0.63576291,0.28119026,0.09336492,True,
cd/490243,105,110,seed4,R2,0.37236637,0.35457265,0.34711076,0.63576291,0.28119026,0.26508652,True,
cd/490243,105,110,seed5,R2,0.81239162,0.35457265,0.34711076,0.63576291,0.28119026,0.26372837,True,
cd/490243,110,115,seed1,R2,0.51016915,0.48536709,0.71063731,0.65639165,0.17102456,0.13372771,True,
cd/490243,110,115,seed2,R2,0.92801024,0.48536709,0.71063731,0.65639165,0.17102456,0.71212893,True,
cd/490243,110,115,seed3,R2,0.38222398,0.48536709,0.71063731,0.65639165,0.17102456,0.40124275,True,
cd/490243,110,115,seed4,R2,1.28747929,0.48536709,0.71063731,0.65639165,0.17102456,0.55134991,True,
cd/490243,110,115,seed5,R2,3.72726214,0.48536709,0.71063731,0.65639165,0.17102456,1.48350894,True,
cd/490243,115,120,seed1,R2,0.66503449,0.71501843,0.58273744,1.03268422,0.31766579,0.1415501,True,
cd/490243,115,120,seed2,R2,3.67828518,0.71501843,0.58273744,1.03268422,0.31766579,1.82493589,True,
cd/490243,115,120,seed3,R2,0.66272411,0.71501843,0.58273744,1.03268422,0.31766579,1.76037539,True,
cd/490243,115,120,seed4,R2,1.41001587,0.71501843,0.58273744,1.03268422,0.31766579,0.62924621,True,
cd/490243,115,120,seed5,R2,1.66104861,0.71501843,0.58273744,1.03268422,0.31766579,0.80731349,True,
cd/490243,120,125,seed1,R2,0.38745775,0.7358812,-0.03252727,1.27471113,0.53882993,1.22281257,True,
cd/490243,120,125,seed2,R2,1.20626002,0.7358812,-0.03252727,1.27471113,0.53882993,1.59544449,True,
cd/490243,120,125,seed3,R2,2.6753591,0.7358812,-0.03252727,1.27471113,0.53882993,1.73933773,True,
cd/490243,120,125,seed4,R2,1.68836843,0.7358812,-0.03252727,1.27471113,0.53882993,1.51377567,True,
cd/490243,120,125,seed5,R2,0.25347399,0.7358812,-0.03252727,1.27471113,0.53882993,0.30218521,True,
cd/490245,105,110,seed1,R2,1.38070774,1.04096704,-0.30532688,2.27725829,1.23629126,1.12064055,True,
cd/490245,105,110,seed2,R2,2.66408467,1.04096704,-0.30532688,2.27725829,1.23629126,2.9888023,True,
cd/490245,105,110,seed3,R2,2.40066921,1.04096704,-0.30532688,2.27725829,1.23629126,3.62957174,True,
cd/490245,105,110,seed4,R2,0.94268662,1.04096704,-0.30532688,2.27725829,1.23629126,1.63933441,True,
cd/490245,105,110,seed5,R2,2.4715088,1.04096704,-0.30532688,2.27725829,1.23629126,2.00794246,True,
cd/490245,110,115,seed1,R2,1.3344626,1.2880765,0.80332323,2.8889775,1.60090099,0.94464707,True,
cd/490245,110,115,seed2,R2,4.59187333,1.2880765,0.80332323,2.8889775,1.60090099,2.55380598,True,
cd/490245,110,115,seed3,R2,1.69995499,1.2880765,0.80332323,2.8889775,1.60090099,0.43074051,True,
cd/490245,110,115,seed4,R2,2.8158055,1.2880765,0.80332323,2.8889775,1.60090099,4.95158159,True,
cd/490245,110,115,seed5,R2,8.0194072,1.2880765,0.80332323,2.8889775,1.60090099,5.56411234,True,
cd/490245,115,120,seed1,R2,4.03657752,1.2625758,-0.20487178,3.10884149,1.84626569,3.99789519,True,
cd/490245,115,120,seed2,R2,3.59702002,1.2625758,-0.20487178,3.10884149,1.84626569,2.74854501,True,
cd/490245,115,120,seed3,R2,1.46343496,1.2625758,-0.20487178,3.10884149,1.84626569,0.95807049,True,
cd/490245,115,120,seed4,R2,3.74642057,1.2625758,-0.20487178,3.10884149,1.84626569,4.5204406,True,
cd/490245,115,120,seed5,R2,1.6763955,1.2625758,-0.20487178,3.10884149,1.84626569,3.31925617,True,
cd/490245,120,125,seed1,R2,5.11509982,1.31371431,-0.82032443,6.09561251,4.7818982,3.94801128,True,
cd/490245,120,125,seed2,R2,4.53598488,1.31371431,-0.82032443,6.09561251,4.7818982,4.44724497,True,
cd/490245,120,125,seed3,R2,4.29560331,1.31371431,-0.82032443,6.09561251,4.7818982,3.77128959,True,
cd/490245,120,125,seed4,R2,3.70328919,1.31371431,-0.82032443,6.09561251,4.7818982,5.7792506,True,
cd/490245,120,125,seed5,R2,8.72646319,1.31371431,-0.82032443,6.09561251,4.7818982,12.5322661,True,
cd/490246,105,110,seed1,R2,0.81111828,0.17369277,0.40832007,0.45617282,0.28248005,0.61823227,True,
cd/490246,105,110,seed2,R2,1.6412601,0.17369277,0.40832007,0.45617282,0.28248005,0.68542076,True,
cd/490246,105,110,seed3,R2,0.88418581,0.17369277,0.40832007,0.45617282,0.28248005,0.45661983,True,
cd/490246,105,110,seed4,R2,0.16790871,0.17369277,0.40832007,0.45617282,0.28248005,0.23299729,True,
cd/490246,105,110,seed5,R2,0.81799152,0.17369277,0.40832007,0.45617282,0.28248005,0.28759395,True,
cd/490246,110,115,seed1,R2,5.43640108,0.54049616,0.08304049,1.53318411,0.99268794,4.14189684,True,
cd/490246,110,115,seed2,R2,0.41246564,0.54049616,0.08304049,1.53318411,0.99268794,0.23303706,True,
cd/490246,110,115,seed3,R2,0.16022702,0.54049616,0.08304049,1.53318411,0.99268794,0.71000871,True,
cd/490246,110,115,seed4,R2,0.46289766,0.54049616,0.08304049,1.53318411,0.99268794,0.09502836,True,
cd/490246,110,115,seed5,R2,1.60913156,0.54049616,0.08304049,1.53318411,0.99268794,2.48594956,True,
cd/490246,115,120,seed1,R2,7.33198566,0.72854608,-0.3716969,2.95971914,2.23117306,7.43888801,True,
cd/490246,115,120,seed2,R2,0.43217797,0.72854608,-0.3716969,2.95971914,2.23117306,0.19438779,True,
cd/490246,115,120,seed3,R2,1.31060732,0.72854608,-0.3716969,2.95971914,2.23117306,2.90937744,True,
cd/490246,115,120,seed4,R2,3.78467221,0.72854608,-0.3716969,2.95971914,2.23117306,4.10418428,True,
cd/490246,115,120,seed5,R2,0.08066806,0.72854608,-0.3716969,2.95971914,2.23117306,0.15175819,True,
cd/490246,120,125,seed1,R2,1.45392763,0.70363915,-0.28740536,2.03075713,1.32711798,2.5640367,True,
cd/490246,120,125,seed2,R2,1.94046311,0.70363915,-0.28740536,2.03075713,1.32711798,1.58288469,True,
cd/490246,120,125,seed3,R2,1.43883018,0.70363915,-0.28740536,2.03075713,1.32711798,2.60492361,True,
cd/490246,120,125,seed4,R2,3.83414117,0.70363915,-0.28740536,2.03075713,1.32711798,3.32583814,True,
cd/490246,120,125,seed5,R2,0.04939677,0.70363915,-0.28740536,2.03075713,1.32711798,0.07610251,True,
cd/490248,105,110,seed1,R2,0.00632471,0.00280857,0.00193876,0.05537738,0.05256881,0.00149229,True,
cd/490248,105,110,seed2,R2,0.11628338,0.00280857,0.00193876,0.05537738,0.05256881,0.06436787,True,
cd/490248,105,110,seed3,R2,0.0595392,0.00280857,0.00193876,0.05537738,0.05256881,0.02110116,True,
cd/490248,105,110,seed4,R2,0.07326693,0.00280857,0.00193876,0.05537738,0.05256881,0.18504896,True,
cd/490248,105,110,seed5,R2,0.03116645,0.00280857,0.00193876,0.05537738,0.05256881,0.00487661,True,
cd/490248,110,115,seed1,R2,0.06805483,0.00459395,0.02416117,0.02629585,0.0217019,0.00997919,True,
cd/490248,110,115,seed2,R2,0.09977501,0.00459395,0.02416117,0.02629585,0.0217019,0.02604552,True,
cd/490248,110,115,seed3,R2,0.00561911,0.00459395,0.02416117,0.02629585,0.0217019,0.07594315,True,
cd/490248,110,115,seed4,R2,0.07077122,0.00459395,0.02416117,0.02629585,0.0217019,0.011164,True,
cd/490248,110,115,seed5,R2,0.00806495,0.00459395,0.02416117,0.02629585,0.0217019,0.0083474,True,
cd/490248,115,120,seed1,R2,0.00602813,0.0051905,0.00123672,0.03211323,0.02692273,0.00012194,True,
cd/490248,115,120,seed2,R2,0.08244608,0.0051905,0.00123672,0.03211323,0.02692273,0.0498084,True,
cd/490248,115,120,seed3,R2,0.02368554,0.0051905,0.00123672,0.03211323,0.02692273,0.00550842,True,
cd/490248,115,120,seed4,R2,0.04028193,0.0051905,0.00123672,0.03211323,0.02692273,0.10383948,True,
cd/490248,115,120,seed5,R2,0.01430807,0.0051905,0.00123672,0.03211323,0.02692273,0.00128789,True,
cd/490248,120,125,seed1,R2,0.01082573,0.00903216,-0.0026826,0.02115998,0.01212782,0.00523009,True,
cd/490248,120,125,seed2,R2,0.00059583,0.00903216,-0.0026826,0.02115998,0.01212782,0.00027948,True,
cd/490248,120,125,seed3,R2,0.06213753,0.00903216,-0.0026826,0.02115998,0.01212782,0.05507862,True,
cd/490248,120,125,seed4,R2,0.01576156,0.00903216,-0.0026826,0.02115998,0.01212782,0.03399308,True,
cd/490248,120,125,seed5,R2,0.00306623,0.00903216,-0.0026826,0.02115998,0.01212782,0.01121862,True,
cd/490249,105,110,seed1,R2,1.56658827,0.85333345,1.27807777,2.34731371,1.49398026,2.0373825,True,
cd/490249,105,110,seed2,R2,4.67241007,0.85333345,1.27807777,2.34731371,1.49398026,2.67014544,True,
cd/490249,105,110,seed3,R2,5.07764161,0.85333345,1.27807777,2.34731371,1.49398026,2.18894516,True,
cd/490249,105,110,seed4,R2,5.83190478,0.85333345,1.27807777,2.34731371,1.49398026,4.24723251,True,
cd/490249,105,110,seed5,R2,0.97841268,0.85333345,1.27807777,2.34731371,1.49398026,0.59286294,True,
cd/490249,110,115,seed1,R2,1.11476464,1.39474241,0.07943818,4.10763282,2.71289041,3.17344379,True,
cd/490249,110,115,seed2,R2,3.15549637,1.39474241,0.07943818,4.10763282,2.71289041,1.96998542,True,
cd/490249,110,115,seed3,R2,10.26371305,1.39474241,0.07943818,4.10763282,2.71289041,7.5587915,True,
cd/490249,110,115,seed4,R2,4.00472292,1.39474241,0.07943818,4.10763282,2.71289041,3.95882794,True,
cd/490249,110,115,seed5,R2,2.39665804,1.39474241,0.07943818,4.10763282,2.71289041,3.87711547,True,
cd/490249,115,120,seed1,R2,7.10937297,1.46895177,0.46784309,4.60259432,3.13364255,7.27696143,True,
cd/490249,115,120,seed2,R2,2.1120709,1.46895177,0.46784309,4.60259432,3.13364255,3.15880556,True,
cd/490249,115,120,seed3,R2,2.67627976,1.46895177,0.46784309,4.60259432,3.13364255,2.17985285,True,
cd/490249,115,120,seed4,R2,11.3396045,1.46895177,0.46784309,4.60259432,3.13364255,7.04778014,True,
cd/490249,115,120,seed5,R2,2.11485892,1.46895177,0.46784309,4.60259432,3.13364255,3.34957163,True,
cd/490249,120,125,seed1,R2,4.4041891,1.55286496,-0.19105765,6.41185154,4.85898658,7.61099173,True,
cd/490249,120,125,seed2,R2,4.0271971,1.55286496,-0.19105765,6.41185154,4.85898658,3.4882344,True,
cd/490249,120,125,seed3,R2,4.52223426,1.55286496,-0.19105765,6.41185154,4.85898658,2.81560428,True,
cd/490249,120,125,seed4,R2,15.89497236,1.55286496,-0.19105765,6.41185154,4.85898658,13.95121452,True,
cd/490249,120,125,seed5,R2,2.25537664,1.55286496,-0.19105765,6.41185154,4.85898658,4.19321278,True,
cd/490254,105,110,seed1,R2,0.00351352,0.25880004,0.14218314,0.32815998,0.06935994,0.27009983,True,
cd/490254,105,110,seed2,R2,0.78368433,0.25880004,0.14218314,0.32815998,0.06935994,0.29756615,True,
cd/490254,105,110,seed3,R2,0.33247263,0.25880004,0.14218314,0.32815998,0.06935994,0.01836703,True,
cd/490254,105,110,seed4,R2,0.94749485,0.25880004,0.14218314,0.32815998,0.06935994,0.80099721,True,
cd/490254,105,110,seed5,R2,0.28455025,0.25880004,0.14218314,0.32815998,0.06935994,0.25376969,True,
cd/490254,110,115,seed1,R2,0.3196938,0.44472403,-0.03230027,0.65368595,0.20896192,0.50750667,True,
cd/490254,110,115,seed2,R2,0.15595363,0.44472403,-0.03230027,0.65368595,0.20896192,0.53783011,True,
cd/490254,110,115,seed3,R2,0.97214225,0.44472403,-0.03230027,0.65368595,0.20896192,0.71881627,True,
cd/490254,110,115,seed4,R2,0.85584093,0.44472403,-0.03230027,0.65368595,0.20896192,0.60592171,True,
cd/490254,110,115,seed5,R2,0.8032978,0.44472403,-0.03230027,0.65368595,0.20896192,0.89835501,True,
cd/490254,115,120,seed1,R2,3.18417726,0.46986807,0.11293436,1.65487183,1.18500375,2.73850172,True,
cd/490254,115,120,seed2,R2,0.12376299,0.46986807,0.11293436,1.65487183,1.18500375,1.25971549,True,
cd/490254,115,120,seed3,R2,2.38168096,0.46986807,0.11293436,1.65487183,1.18500375,1.66802163,True,
cd/490254,115,120,seed4,R2,2.7089899,0.46986807,0.11293436,1.65487183,1.18500375,1.28744938,True,
cd/490254,115,120,seed5,R2,0.44041982,0.46986807,0.11293436,1.65487183,1.18500375,1.32067091,True,
cd/490254,120,125,seed1,R2,6.28067898,0.62712031,0.19339967,4.53905622,3.91193591,3.68104089,True,
cd/490254,120,125,seed2,R2,3.21692834,0.62712031,0.19339967,4.53905622,3.91193591,2.60512281,True,
cd/490254,120,125,seed3,R2,1.03106486,0.62712031,0.19339967,4.53905622,3.91193591,5.32211219,True,
cd/490254,120,125,seed4,R2,12.08069715,0.62712031,0.19339967,4.53905622,3.91193591,7.90124227,True,
cd/490254,120,125,seed5,R2,1.05291012,0.62712031,0.19339967,4.53905622,3.91193591,3.18576296,True,
cd/490256,105,110,seed1,R2,0.58394995,0.11296267,0.14942385,0.44082667,0.327864,0.35273391,True,
cd/490256,105,110,seed2,R2,1.67983356,0.11296267,0.14942385,0.44082667,0.327864,1.06562358,True,
cd/490256,105,110,seed3,R2,0.16375227,0.11296267,0.14942385,0.44082667,0.327864,0.27112573,True,
cd/490256,105,110,seed4,R2,0.41513049,0.11296267,0.14942385,0.44082667,0.327864,0.44593831,True,
cd/490256,105,110,seed5,R2,0.10858631,0.11296267,0.14942385,0.44082667,0.327864,0.06871182,True,
cd/490256,110,115,seed1,R2,0.20226951,0.18735943,-0.04190853,0.36341414,0.17605471,0.16379831,True,
cd/490256,110,115,seed2,R2,0.3440864,0.18735943,-0.04190853,0.36341414,0.17605471,0.68838855,True,
cd/490256,110,115,seed3,R2,0.15414698,0.18735943,-0.04190853,0.36341414,0.17605471,0.2273311,True,
cd/490256,110,115,seed4,R2,0.71139389,0.18735943,-0.04190853,0.36341414,0.17605471,0.57421133,True,
cd/490256,110,115,seed5,R2,0.19563128,0.18735943,-0.04190853,0.36341414,0.17605471,0.16334143,True,
cd/490256,115,120,seed1,R2,0.0711569,0.38910426,0.00275569,1.09670246,0.7075982,0.24250396,True,
cd/490256,115,120,seed2,R2,2.51477082,0.38910426,0.00275569,1.09670246,0.7075982,2.74431991,True,
cd/490256,115,120,seed3,R2,0.25910216,0.38910426,0.00275569,1.09670246,0.7075982,0.65856933,True,
cd/490256,115,120,seed4,R2,1.97335375,0.38910426,0.00275569,1.09670246,0.7075982,1.20166583,True,
cd/490256,115,120,seed5,R2,0.67890713,0.38910426,0.00275569,1.09670246,0.7075982,0.63645328,True,
cd/490256,120,125,seed1,R2,0.49930132,0.49805851,-0.43177177,3.02121881,2.5231603,1.05059451,True,
cd/490256,120,125,seed2,R2,9.56908405,0.49805851,-0.43177177,3.02121881,2.5231603,9.38406147,True,
cd/490256,120,125,seed3,R2,1.38096922,0.49805851,-0.43177177,3.02121881,2.5231603,2.85708346,True,
cd/490256,120,125,seed4,R2,1.31562615,0.49805851,-0.43177177,3.02121881,2.5231603,1.1660566,True,
cd/490256,120,125,seed5,R2,0.1822545,0.49805851,-0.43177177,3.02121881,2.5231603,0.64829804,True,
cd/490258,105,110,seed1,R2,2.31967493,1.01284347,-0.25147624,2.07948818,1.0666447,2.63409207,True,
cd/490258,105,110,seed2,R2,1.25956888,1.01284347,-0.25147624,2.07948818,1.0666447,0.94665702,True,
cd/490258,105,110,seed3,R2,1.83104097,1.01284347,-0.25147624,2.07948818,1.0666447,2.85256093,True,
cd/490258,105,110,seed4,R2,2.26074035,1.01284347,-0.25147624,2.07948818,1.0666447,2.50495515,True,
cd/490258,105,110,seed5,R2,1.46903455,1.01284347,-0.25147624,2.07948818,1.0666447,1.45917571,True,
cd/490258,110,115,seed1,R2,3.38039364,1.36203306,-0.8157001,5.22518982,3.86315676,5.35549182,True,
cd/490258,110,115,seed2,R2,2.25979583,1.36203306,-0.8157001,5.22518982,3.86315676,2.39589441,True,
cd/490258,110,115,seed3,R2,1.59952609,1.36203306,-0.8157001,5.22518982,3.86315676,1.80579479,True,
cd/490258,110,115,seed4,R2,6.76616689,1.36203306,-0.8157001,5.22518982,3.86315676,7.82299104,True,
cd/490258,110,115,seed5,R2,8.04156614,1.36203306,-0.8157001,5.22518982,3.86315676,8.74577705,True,
cd/490258,115,120,seed1,R2,4.5730233,1.52648158,-0.42179,6.42180386,4.89532228,8.29420187,True,
cd/490258,115,120,seed2,R2,5.90340584,1.52648158,-0.42179,6.42180386,4.89532228,6.06699125,True,
cd/490258,115,120,seed3,R2,1.27710198,1.52648158,-0.42179,6.42180386,4.89532228,1.45295683,True,
cd/490258,115,120,seed4,R2,4.8768236,1.52648158,-0.42179,6.42180386,4.89532228,6.36935873,True,
cd/490258,115,120,seed5,R2,13.36971461,1.52648158,-0.42179,6.42180386,4.89532228,9.92551063,True,
cd/490258,120,125,seed1,R2,3.04988406,1.7527675,0.79168615,3.51767729,1.76490979,4.18224201,True,
cd/490258,120,125,seed2,R2,3.8913506,1.7527675,0.79168615,3.51767729,1.76490979,2.02178221,True,
cd/490258,120,125,seed3,R2,3.6633338,1.7527675,0.79168615,3.51767729,1.76490979,2.71053245,True,
cd/490258,120,125,seed4,R2,5.85754933,1.7527675,0.79168615,3.51767729,1.76490979,3.31498617,True,
cd/490258,120,125,seed5,R2,5.08469939,1.7527675,0.79168615,3.51767729,1.76490979,5.3588436,True,
cd/490259,105,110,seed1,R2,0.44557152,0.3543536,0.62526811,0.18028,-0.1740736,0.11262008,True,
cd/490259,105,110,seed2,R2,1.57439863,0.3543536,0.62526811,0.18028,-0.1740736,0.2513096,True,
cd/490259,105,110,seed3,R2,0.1929566,0.3543536,0.62526811,0.18028,-0.1740736,0.18061038,True,
cd/490259,105,110,seed4,R2,1.46135825,0.3543536,0.62526811,0.18028,-0.1740736,0.22110286,True,
cd/490259,105,110,seed5,R2,0.35345555,0.3543536,0.62526811,0.18028,-0.1740736,0.1357571,True,
cd/490259,110,115,seed1,R2,0.04866135,0.22904481,1.00606864,0.55978699,0.33074218,0.87654593,True,
cd/490259,110,115,seed2,R2,3.35184064,0.22904481,1.00606864,0.55978699,0.33074218,0.77133159,True,
cd/490259,110,115,seed3,R2,0.85150297,0.22904481,1.00606864,0.55978699,0.33074218,0.22184,True,
cd/490259,110,115,seed4,R2,2.77314375,0.22904481,1.00606864,0.55978699,0.33074218,0.53657406,True,
cd/490259,110,115,seed5,R2,0.80412941,0.22904481,1.00606864,0.55978699,0.33074218,0.39264336,True,
cd/490259,115,120,seed1,R2,0.29561973,0.40586317,0.20251431,0.51974555,0.11388239,1.44487833,True,
cd/490259,115,120,seed2,R2,0.43974209,0.40586317,0.20251431,0.51974555,0.11388239,0.21189492,True,
cd/490259,115,120,seed3,R2,1.02985955,0.40586317,0.20251431,0.51974555,0.11388239,0.26593587,True,
cd/490259,115,120,seed4,R2,0.97063466,0.40586317,0.20251431,0.51974555,0.11388239,0.23516089,True,
cd/490259,115,120,seed5,R2,0.87544328,0.40586317,0.20251431,0.51974555,0.11388239,0.44085775,True,
cd/490259,120,125,seed1,R2,0.0688241,0.34164842,-0.04128399,0.58552907,0.24388065,0.18239754,True,
cd/490259,120,125,seed2,R2,0.41359345,0.34164842,-0.04128399,0.58552907,0.24388065,0.24372701,True,
cd/490259,120,125,seed3,R2,1.65939287,0.34164842,-0.04128399,0.58552907,0.24388065,1.61713879,True,
cd/490259,120,125,seed4,R2,0.07476116,0.34164842,-0.04128399,0.58552907,0.24388065,0.07131255,True,
cd/490259,120,125,seed5,R2,0.50465381,0.34164842,-0.04128399,0.58552907,0.24388065,0.81306946,True,
cd/490260,105,110,seed1,R2,0.51633761,0.07328169,0.01865367,0.33566967,0.26238799,0.22667039,True,
cd/490260,105,110,seed2,R2,0.48768905,0.07328169,0.01865367,0.33566967,0.26238799,0.29221308,True,
cd/490260,105,110,seed3,R2,0.24253399,0.07328169,0.01865367,0.33566967,0.26238799,0.38281579,True,
cd/490260,105,110,seed4,R2,0.10316455,0.07328169,0.01865367,0.33566967,0.26238799,0.09118191,True,
cd/490260,105,110,seed5,R2,0.42189152,0.07328169,0.01865367,0.33566967,0.26238799,0.6854672,True,
cd/490260,110,115,seed1,R2,0.29755324,0.10836412,0.05815468,0.12718687,0.01882275,0.3364181,True,
cd/490260,110,115,seed2,R2,0.16338487,0.10836412,0.05815468,0.12718687,0.01882275,0.17335239,True,
cd/490260,110,115,seed3,R2,0.19171971,0.10836412,0.05815468,0.12718687,0.01882275,0.07958205,True,
cd/490260,110,115,seed4,R2,0.18304823,0.10836412,0.05815468,0.12718687,0.01882275,0.02543707,True,
cd/490260,110,115,seed5,R2,0.09100172,0.10836412,0.05815468,0.12718687,0.01882275,0.02114475,True,
cd/490260,115,120,seed1,R2,0.19807152,0.17650873,0.09927475,0.31625964,0.13975091,0.11446075,True,
cd/490260,115,120,seed2,R2,1.18470528,0.17650873,0.09927475,0.31625964,0.13975091,0.8148668,True,
cd/490260,115,120,seed3,R2,0.09271396,0.17650873,0.09927475,0.31625964,0.13975091,0.3679377,True,
cd/490260,115,120,seed4,R2,0.5536874,0.17650873,0.09927475,0.31625964,0.13975091,0.153168,True,
cd/490260,115,120,seed5,R2,0.04849378,0.17650873,0.09927475,0.31625964,0.13975091,0.13086495,True,
cd/490260,120,125,seed1,R2,0.09955919,0.26521954,0.03185063,0.69804072,0.43282119,0.64759332,True,
cd/490260,120,125,seed2,R2,3.10475233,0.26521954,0.03185063,0.69804072,0.43282119,2.28018974,True,
cd/490260,120,125,seed3,R2,0.34702969,0.26521954,0.03185063,0.69804072,0.43282119,0.05479384,True,
cd/490260,120,125,seed4,R2,0.08504843,0.26521954,0.03185063,0.69804072,0.43282119,0.360136,True,
cd/490260,120,125,seed5,R2,0.01306714,0.26521954,0.03185063,0.69804072,0.43282119,0.14749071,True,
cd/490261,105,110,seed1,R2,0.64635111,0.291025,1.33040921,0.74679809,0.4557731,0.43062881,True,
cd/490261,105,110,seed2,R2,2.28065129,0.291025,1.33040921,0.74679809,0.4557731,0.3152521,True,
cd/490261,105,110,seed3,R2,1.12616037,0.291025,1.33040921,0.74679809,0.4557731,0.37023498,True,
cd/490261,105,110,seed4,R2,5.76613633,0.291025,1.33040921,0.74679809,0.4557731,1.96748163,True,
cd/490261,105,110,seed5,R2,0.56673744,0.291025,1.33040921,0.74679809,0.4557731,0.65039296,True,
cd/490261,110,115,seed1,R2,0.12179697,0.4079013,-0.12618205,1.46896557,1.06106427,0.50245087,True,
cd/490261,110,115,seed2,R2,1.92290119,0.4079013,-0.12618205,1.46896557,1.06106427,2.27343259,True,
cd/490261,110,115,seed3,R2,0.39221545,0.4079013,-0.12618205,1.46896557,1.06106427,0.32035571,True,
cd/490261,110,115,seed4,R2,3.92737411,0.4079013,-0.12618205,1.46896557,1.06106427,3.69723049,True,
cd/490261,110,115,seed5,R2,0.34962985,0.4079013,-0.12618205,1.46896557,1.06106427,0.55135818,True,
cd/490261,115,120,seed1,R2,0.09230251,0.67591925,0.4364498,3.68287512,3.00695586,2.02266447,True,
cd/490261,115,120,seed2,R2,9.70482419,0.67591925,0.4364498,3.68287512,3.00695586,8.03260127,True,
cd/490261,115,120,seed3,R2,1.49564146,0.67591925,0.4364498,3.68287512,3.00695586,3.3325247,True,
cd/490261,115,120,seed4,R2,2.1488222,0.67591925,0.4364498,3.68287512,3.00695586,1.75093397,True,
cd/490261,115,120,seed5,R2,7.1550342,0.67591925,0.4364498,3.68287512,3.00695586,3.27565118,True,
cd/490261,120,125,seed1,R2,0.97630951,0.68284196,0.39876534,3.31694126,2.63409931,3.71391526,True,
cd/490261,120,125,seed2,R2,4.46283951,0.68284196,0.39876534,3.31694126,2.63409931,2.7564474,True,
cd/490261,120,125,seed3,R2,2.90331175,0.68284196,0.39876534,3.31694126,2.63409931,4.22519231,True,
cd/490261,120,125,seed4,R2,2.09717699,0.68284196,0.39876534,3.31694126,2.63409931,0.76229935,True,
cd/490261,120,125,seed5,R2,8.13889524,0.68284196,0.39876534,3.31694126,2.63409931,5.12685201,True,
cd/490262,105,110,seed1,R2,0.20943868,0.10058238,0.09228615,0.37028609,0.26970371,0.441103,True,
cd/490262,105,110,seed2,R2,1.05499186,0.10058238,0.09228615,0.37028609,0.26970371,0.58307551,True,
cd/490262,105,110,seed3,R2,0.84602728,0.10058238,0.09228615,0.37028609,0.26970371,0.44980737,True,
cd/490262,105,110,seed4,R2,0.17984044,0.10058238,0.09228615,0.37028609,0.26970371,0.28799689,True,
cd/490262,105,110,seed5,R2,0.02256297,0.10058238,0.09228615,0.37028609,0.26970371,0.0894477,True,
cd/490262,110,115,seed1,R2,1.0309216,0.23537387,-0.00950695,0.3373185,0.10194463,1.02392721,True,
cd/490262,110,115,seed2,R2,0.21184951,0.23537387,-0.00950695,0.3373185,0.10194463,0.28349724,True,
cd/490262,110,115,seed3,R2,0.21129331,0.23537387,-0.00950695,0.3373185,0.10194463,0.07304775,True,
cd/490262,110,115,seed4,R2,0.10492728,0.23537387,-0.00950695,0.3373185,0.10194463,0.24232248,True,
cd/490262,110,115,seed5,R2,0.08006604,0.23537387,-0.00950695,0.3373185,0.10194463,0.06379782,True,
cd/490262,115,120,seed1,R2,0.99485864,0.26702256,-0.2160059,1.22120507,0.9541825,1.14188661,True,
cd/490262,115,120,seed2,R2,0.19980791,0.26702256,-0.2160059,1.22120507,0.9541825,0.09855418,True,
cd/490262,115,120,seed3,R2,1.27249336,0.26702256,-0.2160059,1.22120507,0.9541825,1.57411308,True,
cd/490262,115,120,seed4,R2,2.02723268,0.26702256,-0.2160059,1.22120507,0.9541825,2.66232248,True,
cd/490262,115,120,seed5,R2,0.53160321,0.26702256,-0.2160059,1.22120507,0.9541825,0.62914898,True,
cd/490262,120,125,seed1,R2,2.48701794,0.25466874,1.82658933,1.29438533,1.0397166,0.03169132,True,
cd/490262,120,125,seed2,R2,9.03898779,0.25466874,1.82658933,1.29438533,1.0397166,3.33035191,True,
cd/490262,120,125,seed3,R2,3.02274319,0.25466874,1.82658933,1.29438533,1.0397166,0.15122194,True,
cd/490262,120,125,seed4,R2,0.00620386,0.25466874,1.82658933,1.29438533,1.0397166,2.39310596,True,
cd/490262,120,125,seed5,R2,1.04992051,0.25466874,1.82658933,1.29438533,1.0397166,0.56555553,True,
cd/490263,105,110,seed1,R2,0.25086982,0.33053991,0.19181269,0.7696211,0.43908119,0.39013928,True,
cd/490263,105,110,seed2,R2,2.46563221,0.33053991,0.19181269,0.7696211,0.43908119,1.30684188,True,
cd/490263,105,110,seed3,R2,0.65606512,0.33053991,0.19181269,0.7696211,0.43908119,0.15467203,True,
cd/490263,105,110,seed4,R2,0.64487779,0.33053991,0.19181269,0.7696211,0.43908119,0.61182268,True,
cd/490263,105,110,seed5,R2,0.78972401,0.33053991,0.19181269,0.7696211,0.43908119,1.38462963,True,
cd/490263,110,115,seed1,R2,0.79088892,0.56680769,0.37716477,0.99057309,0.4237654,0.31312558,True,
cd/490263,110,115,seed2,R2,2.04178286,0.56680769,0.37716477,0.99057309,0.4237654,1.11834241,True,
cd/490263,110,115,seed3,R2,0.37552819,0.56680769,0.37716477,0.99057309,0.4237654,0.87594244,True,
cd/490263,110,115,seed4,R2,3.01279989,0.56680769,0.37716477,0.99057309,0.4237654,2.26946369,True,
cd/490263,110,115,seed5,R2,0.61768947,0.56680769,0.37716477,0.99057309,0.4237654,0.37599134,True,
cd/490263,115,120,seed1,R2,1.27491157,0.86522816,0.17796605,3.31416232,2.44893416,0.4669516,True,
cd/490263,115,120,seed2,R2,3.48142921,0.86522816,0.17796605,3.31416232,2.44893416,5.37876393,True,
cd/490263,115,120,seed3,R2,2.35663992,0.86522816,0.17796605,3.31416232,2.44893416,2.06338379,True,
cd/490263,115,120,seed4,R2,7.79407547,0.86522816,0.17796605,3.31416232,2.44893416,6.05302239,True,
cd/490263,115,120,seed5,R2,2.5535857,0.86522816,0.17796605,3.31416232,2.44893416,2.60868988,True,
cd/490263,120,125,seed1,R2,1.24348617,0.95920048,2.0256334,2.75813569,1.7989352,0.93708269,True,
cd/490263,120,125,seed2,R2,2.58787756,0.95920048,2.0256334,2.75813569,1.7989352,2.54287809,True,
cd/490263,120,125,seed3,R2,2.77467234,0.95920048,2.0256334,2.75813569,1.7989352,0.28448643,True,
cd/490263,120,125,seed4,R2,9.01768565,0.95920048,2.0256334,2.75813569,1.7989352,6.9221435,True,
cd/490263,120,125,seed5,R2,8.29512371,0.95920048,2.0256334,2.75813569,1.7989352,3.10408772,True,
cd/490264,105,110,seed1,R2,1.02917975,0.25262404,0.90331674,0.3317824,0.07915836,0.00148408,True,
cd/490264,105,110,seed2,R2,1.09177576,0.25262404,0.90331674,0.3317824,0.07915836,0.01452776,True,
cd/490264,105,110,seed3,R2,1.706312,0.25262404,0.90331674,0.3317824,0.07915836,0.19160008,True,
cd/490264,105,110,seed4,R2,0.47570912,0.25262404,0.90331674,0.3317824,0.07915836,0.75743263,True,
cd/490264,105,110,seed5,R2,1.87251908,0.25262404,0.90331674,0.3317824,0.07915836,0.69386745,True,
cd/490264,110,115,seed1,R2,0.71700939,0.53822677,0.28477383,0.16251287,-0.3757139,0.18683127,True,
cd/490264,110,115,seed2,R2,0.47916344,0.53822677,0.28477383,0.16251287,-0.3757139,0.19691669,True,
cd/490264,110,115,seed3,R2,0.2749547,0.53822677,0.28477383,0.16251287,-0.3757139,0.1707903,True,
cd/490264,110,115,seed4,R2,0.41839207,0.53822677,0.28477383,0.16251287,-0.3757139,0.25272743,True,
cd/490264,110,115,seed5,R2,0.34691388,0.53822677,0.28477383,0.16251287,-0.3757139,0.00529865,True,
cd/490264,115,120,seed1,R2,1.12512028,0.56473374,-0.09254629,0.78247478,0.21774104,0.93745529,True,
cd/490264,115,120,seed2,R2,0.65286488,0.56473374,-0.09254629,0.78247478,0.21774104,0.43147241,True,
cd/490264,115,120,seed3,R2,1.25461885,0.56473374,-0.09254629,0.78247478,0.21774104,2.34838444,True,
cd/490264,115,120,seed4,R2,0.18001213,0.56473374,-0.09254629,0.78247478,0.21774104,0.11268824,True,
cd/490264,115,120,seed5,R2,0.23702632,0.56473374,-0.09254629,0.78247478,0.21774104,0.08237353,True,
cd/490264,120,125,seed1,R2,1.24457575,0.56416641,0.76903723,2.08115471,1.5169883,0.11191966,True,
cd/490264,120,125,seed2,R2,1.44702218,0.56416641,0.76903723,2.08115471,1.5169883,2.99339332,True,
cd/490264,120,125,seed3,R2,3.48197394,0.56416641,0.76903723,2.08115471,1.5169883,1.76409483,True,
cd/490264,120,125,seed4,R2,5.85735321,0.56416641,0.76903723,2.08115471,1.5169883,2.80465826,True,
cd/490264,120,125,seed5,R2,2.22003462,0.56416641,0.76903723,2.08115471,1.5169883,2.73170746,True,
cd/490266,105,110,seed1,R2,0.5642863,0.50351446,-0.88496638,4.53757523,4.03406077,0.7638367,True,
cd/490266,105,110,seed2,R2,5.92586542,0.50351446,-0.88496638,4.53757523,4.03406077,7.45687101,True,
cd/490266,105,110,seed3,R2,8.73013356,0.50351446,-0.88496638,4.53757523,4.03406077,10.54587704,True,
cd/490266,105,110,seed4,R2,2.24770099,0.50351446,-0.88496638,4.53757523,4.03406077,3.128568,True,
cd/490266,105,110,seed5,R2,0.79505796,0.50351446,-0.88496638,4.53757523,4.03406077,0.7927234,True,
cd/490266,110,115,seed1,R2,2.15957294,0.61996313,-0.34317398,4.63076206,4.01079894,2.35074664,True,
cd/490266,110,115,seed2,R2,0.93921652,0.61996313,-0.34317398,4.63076206,4.01079894,3.38781151,True,
cd/490266,110,115,seed3,R2,4.12499394,0.61996313,-0.34317398,4.63076206,4.01079894,3.2502384,True,
cd/490266,110,115,seed4,R2,7.01758253,0.61996313,-0.34317398,4.63076206,4.01079894,8.03971032,True,
cd/490266,110,115,seed5,R2,7.19657452,0.61996313,-0.34317398,4.63076206,4.01079894,6.12530345,True,
cd/490266,115,120,seed1,R2,0.61568275,0.64555232,-0.32369866,1.99553802,1.3499857,0.44919499,True,
cd/490266,115,120,seed2,R2,1.16980361,0.64555232,-0.32369866,1.99553802,1.3499857,1.09330649,True,
cd/490266,115,120,seed3,R2,0.30759627,0.64555232,-0.32369866,1.99553802,1.3499857,0.4430398,True,
cd/490266,115,120,seed4,R2,3.89026335,0.64555232,-0.32369866,1.99553802,1.3499857,4.17093753,True,
cd/490266,115,120,seed5,R2,2.3758508,0.64555232,-0.32369866,1.99553802,1.3499857,3.82121129,True,
cd/490266,120,125,seed1,R2,0.25011119,0.5104059,0.53924107,0.7610355,0.25062959,1.22865942,True,
cd/490266,120,125,seed2,R2,2.43931164,0.5104059,0.53924107,0.7610355,0.25062959,1.26112629,True,
cd/490266,120,125,seed3,R2,1.13619533,0.5104059,0.53924107,0.7610355,0.25062959,0.30262047,True,
cd/490266,120,125,seed4,R2,0.88442994,0.5104059,0.53924107,0.7610355,0.25062959,0.57925372,True,
cd/490266,120,125,seed5,R2,1.79133474,0.5104059,0.53924107,0.7610355,0.25062959,0.43351757,True,
cd/490267,105,110,seed1,R2,0.49070294,0.86986088,0.08900698,1.18175556,0.31189468,0.4212448,True,
cd/490267,105,110,seed2,R2,1.73196319,0.86986088,0.08900698,1.18175556,0.31189468,2.51494643,True,
cd/490267,105,110,seed3,R2,0.34064546,0.86986088,0.08900698,1.18175556,0.31189468,0.12269216,True,
cd/490267,105,110,seed4,R2,3.52418038,0.86986088,0.08900698,1.18175556,0.31189468,2.62177825,True,
cd/490267,105,110,seed5,R2,0.26632077,0.86986088,0.08900698,1.18175556,0.31189468,0.22811618,True,
cd/490267,110,115,seed1,R2,0.47326787,0.68512559,0.35170166,1.21987536,0.53474977,0.57008885,True,
cd/490267,110,115,seed2,R2,3.85404644,0.68512559,0.35170166,1.21987536,0.53474977,2.23183905,True,
cd/490267,110,115,seed3,R2,0.13754056,0.68512559,0.35170166,1.21987536,0.53474977,1.48743915,True,
cd/490267,110,115,seed4,R2,2.00442896,0.68512559,0.35170166,1.21987536,0.53474977,0.97438074,True,
cd/490267,110,115,seed5,R2,1.38860127,0.68512559,0.35170166,1.21987536,0.53474977,0.83562902,True,
cd/490267,115,120,seed1,R2,1.9779882,0.8969236,-0.02668067,4.01374471,3.11682112,5.15870822,True,
cd/490267,115,120,seed2,R2,8.95129994,0.8969236,-0.02668067,4.01374471,3.11682112,9.41489668,True,
cd/490267,115,120,seed3,R2,1.20073465,0.8969236,-0.02668067,4.01374471,3.11682112,0.79329433,True,
cd/490267,115,120,seed4,R2,4.67913579,0.8969236,-0.02668067,4.01374471,3.11682112,3.24335836,True,
cd/490267,115,120,seed5,R2,3.12616164,0.8969236,-0.02668067,4.01374471,3.11682112,1.45846598,True,
cd/490267,120,125,seed1,R2,1.17860238,0.96754188,0.72121195,1.14123989,0.17369801,1.58284212,True,
cd/490267,120,125,seed2,R2,2.61767083,0.96754188,0.72121195,1.14123989,0.17369801,0.75606529,True,
cd/490267,120,125,seed3,R2,1.06187629,0.96754188,0.72121195,1.14123989,0.17369801,0.55545877,True,
cd/490267,120,125,seed4,R2,1.6413781,0.96754188,0.72121195,1.14123989,0.17369801,1.55505326,True,
cd/490267,120,125,seed5,R2,2.81273159,0.96754188,0.72121195,1.14123989,0.17369801,1.25678,True,
cd/490268,105,110,seed1,R2,0.03994298,0.0457736,-0.00083213,0.14925496,0.10348136,0.13208741,True,
cd/490268,105,110,seed2,R2,0.40510284,0.0457736,-0.00083213,0.14925496,0.10348136,0.31645866,True,
cd/490268,105,110,seed3,R2,0.04116198,0.0457736,-0.00083213,0.14925496,0.10348136,0.07576327,True,
cd/490268,105,110,seed4,R2,0.24325711,0.0457736,-0.00083213,0.14925496,0.10348136,0.16497305,True,
cd/490268,105,110,seed5,R2,0.01264921,0.0457736,-0.00083213,0.14925496,0.10348136,0.05699239,True,
cd/490268,110,115,seed1,R2,0.16458306,0.07634184,-0.01647031,0.42283713,0.34649529,0.08480127,True,
cd/490268,110,115,seed2,R2,0.35298419,0.07634184,-0.01647031,0.42283713,0.34649529,0.27644076,True,
cd/490268,110,115,seed3,R2,0.52920803,0.07634184,-0.01647031,0.42283713,0.34649529,0.53819589,True,
cd/490268,110,115,seed4,R2,0.54712352,0.07634184,-0.01647031,0.42283713,0.34649529,0.63725313,True,
cd/490268,110,115,seed5,R2,0.43793528,0.07634184,-0.01647031,0.42283713,0.34649529,0.57749459,True,
cd/490268,115,120,seed1,R2,0.03096217,0.08401712,-0.01261933,0.31628808,0.23227096,0.02690119,True,
cd/490268,115,120,seed2,R2,1.00275799,0.08401712,-0.01261933,0.31628808,0.23227096,0.97661405,True,
cd/490268,115,120,seed3,R2,0.10219259,0.08401712,-0.01261933,0.31628808,0.23227096,0.2664738,True,
cd/490268,115,120,seed4,R2,0.38070471,0.08401712,-0.01261933,0.31628808,0.23227096,0.25543714,True,
cd/490268,115,120,seed5,R2,0.00172633,0.08401712,-0.01261933,0.31628808,0.23227096,0.05601424,True,
cd/490268,120,125,seed1,R2,3.09650037,0.1399602,-0.28812571,1.92769087,1.78773066,3.87674092,True,
cd/490268,120,125,seed2,R2,3.86448668,0.1399602,-0.28812571,1.92769087,1.78773066,3.91083391,True,
cd/490268,120,125,seed3,R2,0.0785209,0.1399602,-0.28812571,1.92769087,1.78773066,0.01225728,True,
cd/490268,120,125,seed4,R2,0.55454393,0.1399602,-0.28812571,1.92769087,1.78773066,1.28772664,True,
cd/490268,120,125,seed5,R2,0.60377392,0.1399602,-0.28812571,1.92769087,1.78773066,0.55089557,True,
cd/490270,105,110,seed1,R2,0.02781401,0.00322702,0.04464383,0.05580444,0.05257742,0.00602998,True,
cd/490270,105,110,seed2,R2,0.13344035,0.00322702,0.04464383,0.05580444,0.05257742,0.02082211,True,
cd/490270,105,110,seed3,R2,0.03264742,0.00322702,0.04464383,0.05580444,0.05257742,0.00385645,True,
cd/490270,105,110,seed4,R2,0.3017858,0.00322702,0.04464383,0.05580444,0.05257742,0.12255526,True,
cd/490270,105,110,seed5,R2,0.00655378,0.00322702,0.04464383,0.05580444,0.05257742,0.1257584,True,
cd/490270,110,115,seed1,R2,0.00128646,0.00434178,0.00887562,0.01591509,0.01157331,0.00683476,True,
cd/490270,110,115,seed2,R2,0.03579554,0.00434178,0.00887562,0.01591509,0.01157331,0.00787753,True,
cd/490270,110,115,seed3,R2,0.00359795,0.00434178,0.00887562,0.01591509,0.01157331,0.03603781,True,
cd/490270,110,115,seed4,R2,0.06817594,0.00434178,0.00887562,0.01591509,0.01157331,0.02861212,True,
cd/490270,110,115,seed5,R2,0.01509764,0.00434178,0.00887562,0.01591509,0.01157331,0.00021323,True,
cd/490270,115,120,seed1,R2,0.00986536,0.00562532,0.0001209,0.01121193,0.0055866,0.0032145,True,
cd/490270,115,120,seed2,R2,0.00605585,0.00562532,0.0001209,0.01121193,0.0055866,0.00106622,True,
cd/490270,115,120,seed3,R2,0.0194742,0.00562532,0.0001209,0.01121193,0.0055866,0.04425693,True,
cd/490270,115,120,seed4,R2,0.01246578,0.00562532,0.0001209,0.01121193,0.0055866,0.00496702,True,
cd/490270,115,120,seed5,R2,0.00880293,0.00562532,0.0001209,0.01121193,0.0055866,0.00255497,True,
cd/490270,120,125,seed1,R2,8.389e-05,0.00625183,-0.00819991,0.04212226,0.03587044,4.242e-05,True,
cd/490270,120,125,seed2,R2,0.09214983,0.00625183,-0.00819991,0.04212226,0.03587044,0.12683999,True,
cd/490270,120,125,seed3,R2,0.01513191,0.00625183,-0.00819991,0.04212226,0.03587044,0.01458731,True,
cd/490270,120,125,seed4,R2,0.06223617,0.00625183,-0.00819991,0.04212226,0.03587044,0.06873019,True,
cd/490270,120,125,seed5,R2,9.97e-06,0.00625183,-0.00819991,0.04212226,0.03587044,0.0004114,True,
cd/490271,105,110,seed1,R2,1.71764038,0.57031391,1.59691901,1.34252116,0.77220725,1.23533786,True,
cd/490271,105,110,seed2,R2,1.82998827,0.57031391,1.59691901,1.34252116,0.77220725,0.74175769,True,
cd/490271,105,110,seed3,R2,2.77036909,0.57031391,1.59691901,1.34252116,0.77220725,2.56439902,True,
cd/490271,105,110,seed4,R2,6.48012692,0.57031391,1.59691901,1.34252116,0.77220725,1.95360742,True,
cd/490271,105,110,seed5,R2,1.89907616,0.57031391,1.59691901,1.34252116,0.77220725,0.21750379,True,
cd/490271,110,115,seed1,R2,0.44720671,0.64202776,-0.07860494,0.8596374,0.21760964,0.23227316,True,
cd/490271,110,115,seed2,R2,1.25969983,0.64202776,-0.07860494,0.8596374,0.21760964,2.06488598,True,
cd/490271,110,115,seed3,R2,0.21684037,0.64202776,-0.07860494,0.8596374,0.21760964,0.39149032,True,
cd/490271,110,115,seed4,R2,1.40221573,0.64202776,-0.07860494,0.8596374,0.21760964,1.16991876,True,
cd/490271,110,115,seed5,R2,0.57919963,0.64202776,-0.07860494,0.8596374,0.21760964,0.43961878,True,
cd/490271,115,120,seed1,R2,3.91214852,0.53274271,0.54091243,2.13291771,1.600175,1.46748398,True,
cd/490271,115,120,seed2,R2,2.32669542,0.53274271,0.54091243,2.13291771,1.600175,0.68608471,True,
cd/490271,115,120,seed3,R2,1.24587654,0.53274271,0.54091243,2.13291771,1.600175,5.08178429,True,
cd/490271,115,120,seed4,R2,2.11937693,0.53274271,0.54091243,2.13291771,1.600175,0.34517774,True,
cd/490271,115,120,seed5,R2,3.76505329,0.53274271,0.54091243,2.13291771,1.600175,3.08405781,True,
cd/490271,120,125,seed1,R2,3.49830792,0.78220766,-0.54965505,6.07168759,5.28947993,3.78302383,True,
cd/490271,120,125,seed2,R2,12.58746093,0.78220766,-0.54965505,6.07168759,5.28947993,11.26760347,True,
cd/490271,120,125,seed3,R2,7.26409793,0.78220766,-0.54965505,6.07168759,5.28947993,5.62799867,True,
cd/490271,120,125,seed4,R2,1.3858875,0.78220766,-0.54965505,6.07168759,5.28947993,2.70213119,True,
cd/490271,120,125,seed5,R2,2.87440841,0.78220766,-0.54965505,6.07168759,5.28947993,6.97768079,True,
cd/490274,105,110,seed1,R2,0.14538242,0.39923964,0.06457348,0.63987678,0.24063714,0.31524164,True,
cd/490274,105,110,seed2,R2,0.9900679,0.39923964,0.06457348,0.63987678,0.24063714,0.42160382,True,
cd/490274,105,110,seed3,R2,1.48707924,0.39923964,0.06457348,0.63987678,0.24063714,1.41811964,True,
cd/490274,105,110,seed4,R2,0.33786616,0.39923964,0.06457348,0.63987678,0.24063714,0.49655226,True,
cd/490274,105,110,seed5,R2,0.56185556,0.39923964,0.06457348,0.63987678,0.24063714,0.54786654,True,
cd/490274,110,115,seed1,R2,1.87250728,0.58566745,0.3664626,1.09636606,0.51069861,0.85018661,True,
cd/490274,110,115,seed2,R2,0.83092247,0.58566745,0.3664626,1.09636606,0.51069861,0.58248966,True,
cd/490274,110,115,seed3,R2,3.49381189,0.58566745,0.3664626,1.09636606,0.51069861,1.89517238,True,
cd/490274,110,115,seed4,R2,0.80267718,0.58566745,0.3664626,1.09636606,0.51069861,0.42585607,True,
cd/490274,110,115,seed5,R2,0.31422446,0.58566745,0.3664626,1.09636606,0.51069861,1.72812557,True,
cd/490274,115,120,seed1,R2,1.26422533,0.72711405,1.6232269,1.09137616,0.3642621,0.21302231,True,
cd/490274,115,120,seed2,R2,3.47445714,0.72711405,1.6232269,1.09137616,0.3642621,2.59896961,True,
cd/490274,115,120,seed3,R2,4.34422401,0.72711405,1.6232269,1.09137616,0.3642621,0.68475889,True,
cd/490274,115,120,seed4,R2,2.92171173,0.72711405,1.6232269,1.09137616,0.3642621,0.62796962,True,
cd/490274,115,120,seed5,R2,1.56839709,0.72711405,1.6232269,1.09137616,0.3642621,1.33216035,True,
cd/490274,120,125,seed1,R2,0.69158879,0.74309699,0.10127314,0.35230513,-0.39079186,0.26993782,True,
cd/490274,120,125,seed2,R2,0.91691347,0.74309699,0.10127314,0.35230513,-0.39079186,0.58429148,True,
cd/490274,120,125,seed3,R2,0.01511245,0.74309699,0.10127314,0.35230513,-0.39079186,0.23446374,True,
cd/490274,120,125,seed4,R2,0.46360109,0.74309699,0.10127314,0.35230513,-0.39079186,0.32444383,True,
cd/490274,120,125,seed5,R2,0.18067554,0.74309699,0.10127314,0.35230513,-0.39079186,0.34838879,True,
cd/490275,105,110,seed1,R2,0.11560469,0.05814276,0.01975102,0.05782947,-0.00031329,0.03322797,True,
cd/490275,105,110,seed2,R2,0.02612744,0.05814276,0.01975102,0.05782947,-0.00031329,0.00029361,True,
cd/490275,105,110,seed3,R2,0.17747998,0.05814276,0.01975102,0.05782947,-0.00031329,0.07461402,True,
cd/490275,105,110,seed4,R2,0.04136886,0.05814276,0.01975102,0.05782947,-0.00031329,0.18084142,True,
cd/490275,105,110,seed5,R2,0.02732153,0.05814276,0.01975102,0.05782947,-0.00031329,0.00017034,True,
cd/490275,110,115,seed1,R2,0.53746663,0.16594336,0.05387547,0.14681581,-0.01912755,0.24709767,True,
cd/490275,110,115,seed2,R2,0.10204369,0.16594336,0.05387547,0.14681581,-0.01912755,0.46200986,True,
cd/490275,110,115,seed3,R2,0.0660545,0.16594336,0.05387547,0.14681581,-0.01912755,0.00124034,True,
cd/490275,110,115,seed4,R2,0.14802888,0.16594336,0.05387547,0.14681581,-0.01912755,0.01157626,True,
cd/490275,110,115,seed5,R2,0.1498627,0.16594336,0.05387547,0.14681581,-0.01912755,0.01215491,True,
cd/490275,115,120,seed1,R2,0.33501632,0.23781062,0.05367679,0.25817226,0.02036164,1.01999027,True,
cd/490275,115,120,seed2,R2,0.35580858,0.23781062,0.05367679,0.25817226,0.02036164,0.09246639,True,
cd/490275,115,120,seed3,R2,0.28131081,0.23781062,0.05367679,0.25817226,0.02036164,0.05297832,True,
cd/490275,115,120,seed4,R2,0.36887631,0.23781062,0.05367679,0.25817226,0.02036164,0.09999451,True,
cd/490275,115,120,seed5,R2,0.21823322,0.23781062,0.05367679,0.25817226,0.02036164,0.0254318,True,
cd/490275,120,125,seed1,R2,0.00059502,0.23755561,0.30915926,0.81978075,0.58222515,0.63408386,True,
cd/490275,120,125,seed2,R2,0.07232281,0.23755561,0.30915926,0.81978075,0.58222515,1.14424394,True,
cd/490275,120,125,seed3,R2,0.95864105,0.23755561,0.30915926,0.81978075,0.58222515,0.10604654,True,
cd/490275,120,125,seed4,R2,4.07235556,0.23755561,0.30915926,0.81978075,0.58222515,2.21170347,True,
cd/490275,120,125,seed5,R2,0.54078563,0.23755561,0.30915926,0.81978075,0.58222515,0.00282595,True,
cd/490276,105,110,seed1,R2,0.78538184,0.72521066,0.21974877,1.70029618,0.97508552,0.21838246,True,
cd/490276,105,110,seed2,R2,1.9944766,0.72521066,0.21974877,1.70029618,0.97508552,0.59002816,True,
cd/490276,105,110,seed3,R2,3.77187192,0.72521066,0.21974877,1.70029618,0.97508552,3.56900245,True,
cd/490276,105,110,seed4,R2,2.06111865,0.72521066,0.21974877,1.70029618,0.97508552,2.97563744,True,
cd/490276,105,110,seed5,R2,0.98737573,0.72521066,0.21974877,1.70029618,0.97508552,1.14843038,True,
cd/490276,110,115,seed1,R2,7.35826809,1.02257965,0.19163743,3.2152396,2.19265996,4.37577511,True,
cd/490276,110,115,seed2,R2,1.80157688,1.02257965,0.19163743,3.2152396,2.19265996,1.16810543,True,
cd/490276,110,115,seed3,R2,4.13894629,1.02257965,0.19163743,3.2152396,2.19265996,4.19520794,True,
cd/490276,110,115,seed4,R2,2.18290788,1.02257965,0.19163743,3.2152396,2.19265996,5.19005357,True,
cd/490276,110,115,seed5,R2,1.55268606,1.02257965,0.19163743,3.2152396,2.19265996,1.14705596,True,
cd/490276,115,120,seed1,R2,2.37107663,0.89981914,0.79318385,3.23819783,2.33837869,1.20624623,True,
cd/490276,115,120,seed2,R2,1.69308086,0.89981914,0.79318385,3.23819783,2.33837869,5.82865565,True,
cd/490276,115,120,seed3,R2,1.49588525,0.89981914,0.79318385,3.23819783,2.33837869,0.14556305,True,
cd/490276,115,120,seed4,R2,7.23511094,0.89981914,0.79318385,3.23819783,2.33837869,5.25543262,True,
cd/490276,115,120,seed5,R2,7.36175474,0.89981914,0.79318385,3.23819783,2.33837869,3.75509159,True,
cd/490276,120,125,seed1,R2,0.30157151,1.07327901,-0.29156852,3.12548076,2.05220175,0.50474046,True,
cd/490276,120,125,seed2,R2,4.69875264,1.07327901,-0.29156852,3.12548076,2.05220175,5.7059783,True,
cd/490276,120,125,seed3,R2,0.72364619,1.07327901,-0.29156852,3.12548076,2.05220175,2.39990551,True,
cd/490276,120,125,seed4,R2,3.64767308,1.07327901,-0.29156852,3.12548076,2.05220175,2.80015629,True,
cd/490276,120,125,seed5,R2,4.79791782,1.07327901,-0.29156852,3.12548076,2.05220175,4.21662326,True,
cd/490279,105,110,seed1,R2,1.57784296,0.48874838,0.11852261,0.58507494,0.09632656,0.96194785,True,
cd/490279,105,110,seed2,R2,0.79039664,0.48874838,0.11852261,0.58507494,0.09632656,0.23033386,True,
cd/490279,105,110,seed3,R2,0.19974219,0.48874838,0.11852261,0.58507494,0.09632656,1.03042748,True,
cd/490279,105,110,seed4,R2,0.7126725,0.48874838,0.11852261,0.58507494,0.09632656,0.28377556,True,
cd/490279,105,110,seed5,R2,0.23733347,0.48874838,0.11852261,0.58507494,0.09632656,0.41888996,True,
cd/490279,110,115,seed1,R2,1.4107674,0.53932443,0.23472266,1.42596643,0.88664199,0.64137539,True,
cd/490279,110,115,seed2,R2,0.92406863,0.53932443,0.23472266,1.42596643,0.88664199,0.80907821,True,
cd/490279,110,115,seed3,R2,0.65571122,0.53932443,0.23472266,1.42596643,0.88664199,1.31883931,True,
cd/490279,110,115,seed4,R2,4.71758348,0.53932443,0.23472266,1.42596643,0.88664199,4.21391829,True,
cd/490279,110,115,seed5,R2,0.59531469,0.53932443,0.23472266,1.42596643,0.88664199,0.14662094,True,
cd/490279,115,120,seed1,R2,0.60090535,0.53498003,-0.27265373,1.75413732,1.21915729,1.07276638,True,
cd/490279,115,120,seed2,R2,1.93272206,0.53498003,-0.27265373,1.75413732,1.21915729,2.78928906,True,
cd/490279,115,120,seed3,R2,0.30046474,0.53498003,-0.27265373,1.75413732,1.21915729,0.6501605,True,
cd/490279,115,120,seed4,R2,2.59610907,0.53498003,-0.27265373,1.75413732,1.21915729,2.58970322,True,
cd/490279,115,120,seed5,R2,1.97721672,0.53498003,-0.27265373,1.75413732,1.21915729,1.66876743,True,
cd/490279,120,125,seed1,R2,0.22204064,0.68632305,-0.40308945,2.07691583,1.39059278,0.18114491,True,
cd/490279,120,125,seed2,R2,1.46168909,0.68632305,-0.40308945,2.07691583,1.39059278,1.60784976,True,
cd/490279,120,125,seed3,R2,0.56694714,0.68632305,-0.40308945,2.07691583,1.39059278,0.89359107,True,
cd/490279,120,125,seed4,R2,2.97878726,0.68632305,-0.40308945,2.07691583,1.39059278,4.16278529,True,
cd/490279,120,125,seed5,R2,3.13966777,0.68632305,-0.40308945,2.07691583,1.39059278,3.53920812,True,
cd/490280,105,110,seed1,R2,0.72007391,0.28601281,0.07900477,1.24681032,0.96079751,0.52869736,True,
cd/490280,105,110,seed2,R2,4.02714008,0.28601281,0.07900477,1.24681032,0.96079751,3.83116705,True,
cd/490280,105,110,seed3,R2,0.14510997,0.28601281,0.07900477,1.24681032,0.96079751,0.42573613,True,
cd/490280,105,110,seed4,R2,1.1609967,0.28601281,0.07900477,1.24681032,0.96079751,1.35142313,True,
cd/490280,105,110,seed5,R2,0.57575479,0.28601281,0.07900477,1.24681032,0.96079751,0.09702795,True,
cd/490280,110,115,seed1,R2,0.6856283,0.3574349,0.29911013,1.62553455,1.26809965,2.96864658,True,
cd/490280,110,115,seed2,R2,5.61030869,0.3574349,0.29911013,1.62553455,1.26809965,3.59277001,True,
cd/490280,110,115,seed3,R2,0.78801602,0.3574349,0.29911013,1.62553455,1.26809965,0.21953686,True,
cd/490280,110,115,seed4,R2,0.99880521,0.3574349,0.29911013,1.62553455,1.26809965,0.13479926,True,
cd/490280,110,115,seed5,R2,1.54046518,0.3574349,0.29911013,1.62553455,1.26809965,1.21192004,True,
cd/490280,115,120,seed1,R2,4.33731995,0.54456775,-0.18876056,2.37133839,1.82677064,3.14450906,True,
cd/490280,115,120,seed2,R2,2.69878351,0.54456775,-0.18876056,2.37133839,1.82677064,4.30954422,True,
cd/490280,115,120,seed3,R2,0.38302846,0.54456775,-0.18876056,2.37133839,1.82677064,0.71634276,True,
cd/490280,115,120,seed4,R2,3.29094828,0.54456775,-0.18876056,2.37133839,1.82677064,2.84572497,True,
cd/490280,115,120,seed5,R2,0.20280897,0.54456775,-0.18876056,2.37133839,1.82677064,0.84057096,True,
cd/490280,120,125,seed1,R2,0.35466974,0.65270231,0.23205027,0.98446741,0.3317651,0.24598363,True,
cd/490280,120,125,seed2,R2,1.52001611,0.65270231,0.23205027,0.98446741,0.3317651,1.92458946,True,
cd/490280,120,125,seed3,R2,0.76538336,0.65270231,0.23205027,0.98446741,0.3317651,0.45583794,True,
cd/490280,120,125,seed4,R2,3.38516718,0.65270231,0.23205027,0.98446741,0.3317651,1.88503826,True,
cd/490280,120,125,seed5,R2,0.05735201,0.65270231,0.23205027,0.98446741,0.3317651,0.41088774,True,
cd/490281,105,110,seed1,R2,2.14030737,0.74579925,1.28010998,2.41364464,1.66784539,0.05872507,True,
cd/490281,105,110,seed2,R2,7.05046839,0.74579925,1.28010998,2.41364464,1.66784539,2.29730942,True,
cd/490281,105,110,seed3,R2,8.22574687,0.74579925,1.28010998,2.41364464,1.66784539,4.2663275,True,
cd/490281,105,110,seed4,R2,0.39454681,0.74579925,1.28010998,2.41364464,1.66784539,3.82453143,True,
cd/490281,105,110,seed5,R2,0.65770366,0.74579925,1.28010998,2.41364464,1.66784539,1.6213298,True,
cd/490281,110,115,seed1,R2,0.93701961,0.89393665,-0.09113124,2.97859357,2.08465692,1.02127235,True,
cd/490281,110,115,seed2,R2,1.86759867,0.89393665,-0.09113124,2.97859357,2.08465692,1.51130056,True,
cd/490281,110,115,seed3,R2,6.54206327,0.89393665,-0.09113124,2.97859357,2.08465692,4.87732313,True,
cd/490281,110,115,seed4,R2,3.10083922,0.89393665,-0.09113124,2.97859357,2.08465692,3.28418761,True,
cd/490281,110,115,seed5,R2,1.98979088,0.89393665,-0.09113124,2.97859357,2.08465692,4.19888421,True,
cd/490281,115,120,seed1,R2,0.7628442,0.96678236,0.32685776,0.61345441,-0.35332794,0.46915882,True,
cd/490281,115,120,seed2,R2,0.7767444,0.96678236,0.32685776,0.61345441,-0.35332794,0.46782956,True,
cd/490281,115,120,seed3,R2,1.21894965,0.96678236,0.32685776,0.61345441,-0.35332794,0.74734762,True,
cd/490281,115,120,seed4,R2,0.71316986,0.96678236,0.32685776,0.61345441,-0.35332794,0.69907017,True,
cd/490281,115,120,seed5,R2,1.22985279,0.96678236,0.32685776,0.61345441,-0.35332794,0.6838659,True,
cd/490281,120,125,seed1,R2,3.01813353,1.06684304,0.62327357,0.95967284,-0.1071702,1.35900736,True,
cd/490281,120,125,seed2,R2,0.55081317,1.06684304,0.62327357,0.95967284,-0.1071702,1.78551419,True,
cd/490281,120,125,seed3,R2,1.81218986,1.06684304,0.62327357,0.95967284,-0.1071702,0.99843591,True,
cd/490281,120,125,seed4,R2,0.97138939,1.06684304,0.62327357,0.95967284,-0.1071702,0.14951783,True,
cd/490281,120,125,seed5,R2,1.5622061,1.06684304,0.62327357,0.95967284,-0.1071702,0.5058889,True,
cd/490282,105,110,seed1,R2,0.32496852,0.64376505,0.18676631,0.6690548,0.02528975,0.39351406,True,
cd/490282,105,110,seed2,R2,0.73886607,0.64376505,0.18676631,0.6690548,0.02528975,0.74921273,True,
cd/490282,105,110,seed3,R2,0.53212922,0.64376505,0.18676631,0.6690548,0.02528975,0.25782394,True,
cd/490282,105,110,seed4,R2,1.90894237,0.64376505,0.18676631,0.6690548,0.02528975,0.96494308,True,
cd/490282,105,110,seed5,R2,0.77419939,0.64376505,0.18676631,0.6690548,0.02528975,0.97978019,True,
cd/490282,110,115,seed1,R2,1.10883754,0.92262611,0.94820179,1.3695073,0.4468812,0.96985603,True,
cd/490282,110,115,seed2,R2,3.00651542,0.92262611,0.94820179,1.3695073,0.4468812,0.98303057,True,
cd/490282,110,115,seed3,R2,0.12283782,0.92262611,0.94820179,1.3695073,0.4468812,2.20095161,True,
cd/490282,110,115,seed4,R2,2.25027045,0.92262611,0.94820179,1.3695073,0.4468812,0.21686075,True,
cd/490282,110,115,seed5,R2,5.10008425,0.92262611,0.94820179,1.3695073,0.4468812,2.47683754,True,
cd/490282,115,120,seed1,R2,1.32303881,1.00907308,-0.21621116,2.25284846,1.24377538,1.19204752,True,
cd/490282,115,120,seed2,R2,2.4165453,1.00907308,-0.21621116,2.25284846,1.24377538,2.15844421,True,
cd/490282,115,120,seed3,R2,3.01991975,1.00907308,-0.21621116,2.25284846,1.24377538,2.25865179,True,
cd/490282,115,120,seed4,R2,1.06058852,1.00907308,-0.21621116,2.25284846,1.24377538,1.01965558,True,
cd/490282,115,120,seed5,R2,2.36309412,1.00907308,-0.21621116,2.25284846,1.24377538,4.63544321,True,
cd/490282,120,125,seed1,R2,3.16235737,0.98038818,0.44430801,1.84225232,0.86186414,4.57587219,True,
cd/490282,120,125,seed2,R2,0.80290811,0.98038818,0.44430801,1.84225232,0.86186414,0.0931947,True,
cd/490282,120,125,seed3,R2,4.6044718,0.98038818,0.44430801,1.84225232,0.86186414,2.97020131,True,
cd/490282,120,125,seed4,R2,1.15980563,0.98038818,0.44430801,1.84225232,0.86186414,0.88331576,True,
cd/490282,120,125,seed5,R2,1.70325873,0.98038818,0.44430801,1.84225232,0.86186414,0.68867764,True,
cd/490283,105,110,seed1,R2,0.3117904,0.51302015,0.16702276,1.1780996,0.66507946,0.02778529,True,
cd/490283,105,110,seed2,R2,0.54447133,0.51302015,0.16702276,1.1780996,0.66507946,1.40776864,True,
cd/490283,105,110,seed3,R2,1.0530942,0.51302015,0.16702276,1.1780996,0.66507946,0.52295983,True,
cd/490283,105,110,seed4,R2,4.36426469,0.51302015,0.16702276,1.1780996,0.66507946,3.34803659,True,
cd/490283,105,110,seed5,R2,0.45199121,0.51302015,0.16702276,1.1780996,0.66507946,0.58394767,True,
cd/490283,110,115,seed1,R2,0.8487432,0.72476691,-0.28227043,2.42026306,1.69549615,0.54170959,True,
cd/490283,110,115,seed2,R2,1.19061216,0.72476691,-0.28227043,2.42026306,1.69549615,0.98132126,True,
cd/490283,110,115,seed3,R2,2.85642207,0.72476691,-0.28227043,2.42026306,1.69549615,3.48917532,True,
cd/490283,110,115,seed4,R2,5.27727641,0.72476691,-0.28227043,2.42026306,1.69549615,6.88178155,True,
cd/490283,110,115,seed5,R2,0.51690933,0.72476691,-0.28227043,2.42026306,1.69549615,0.20732758,True,
cd/490283,115,120,seed1,R2,1.49404041,1.0123778,0.12925455,4.5269285,3.51455069,1.91620012,True,
cd/490283,115,120,seed2,R2,7.33485245,1.0123778,0.12925455,4.5269285,3.51455069,4.47899342,True,
cd/490283,115,120,seed3,R2,8.1317109,1.0123778,0.12925455,4.5269285,3.51455069,6.52789435,True,
cd/490283,115,120,seed4,R2,3.9563436,1.0123778,0.12925455,4.5269285,3.51455069,7.47860598,True,
cd/490283,115,120,seed5,R2,2.36396787,1.0123778,0.12925455,4.5269285,3.51455069,2.23294861,True,
cd/490283,120,125,seed1,R2,1.27587454,1.06124547,-0.707782,4.57563696,3.51439149,1.85941485,True,
cd/490283,120,125,seed2,R2,3.18192411,1.06124547,-0.707782,4.57563696,3.51439149,3.0420967,True,
cd/490283,120,125,seed3,R2,6.67995537,1.06124547,-0.707782,4.57563696,3.51439149,7.28157638,True,
cd/490283,120,125,seed4,R2,5.30073922,1.06124547,-0.707782,4.57563696,3.51439149,8.02796453,True,
cd/490283,120,125,seed5,R2,2.90078153,1.06124547,-0.707782,4.57563696,3.51439149,2.66713233,True,
cd/490287,105,110,seed1,R2,0.31273755,0.13852446,0.45714107,0.14336275,0.00483829,0.02907559,True,
cd/490287,105,110,seed2,R2,0.88794926,0.13852446,0.45714107,0.14336275,0.00483829,0.2284534,True,
cd/490287,105,110,seed3,R2,0.34078159,0.13852446,0.45714107,0.14336275,0.00483829,0.1527707,True,
cd/490287,105,110,seed4,R2,0.60759819,0.13852446,0.45714107,0.14336275,0.00483829,0.1624625,True,
cd/490287,105,110,seed5,R2,0.8534525,0.13852446,0.45714107,0.14336275,0.00483829,0.14405157,True,
cd/490287,110,115,seed1,R2,0.77609582,0.44290997,0.24911441,1.28294141,0.84003144,0.09548949,True,
cd/490287,110,115,seed2,R2,2.52907164,0.44290997,0.24911441,1.28294141,0.84003144,1.4147145,True,
cd/490287,110,115,seed3,R2,0.78304637,0.44290997,0.24911441,1.28294141,0.84003144,0.52018123,True,
cd/490287,110,115,seed4,R2,2.44113158,0.44290997,0.24911441,1.28294141,0.84003144,1.04079953,True,
cd/490287,110,115,seed5,R2,1.13093369,0.44290997,0.24911441,1.28294141,0.84003144,3.34352232,True,
cd/490287,115,120,seed1,R2,1.1046548,0.5822378,0.07474155,0.88643514,0.30419734,0.78967625,True,
cd/490287,115,120,seed2,R2,0.50406612,0.5822378,0.07474155,0.88643514,0.30419734,0.98004997,True,
cd/490287,115,120,seed3,R2,0.63945799,0.5822378,0.07474155,0.88643514,0.30419734,0.38199928,True,
cd/490287,115,120,seed4,R2,1.32111154,0.5822378,0.07474155,0.88643514,0.30419734,0.89729089,True,
cd/490287,115,120,seed5,R2,1.23659298,0.5822378,0.07474155,0.88643514,0.30419734,1.3831593,True,
cd/490287,120,125,seed1,R2,0.55124119,0.70312263,0.05149805,0.76363802,0.06051538,0.76096492,True,
cd/490287,120,125,seed2,R2,1.48521495,0.70312263,0.05149805,0.76363802,0.06051538,0.9993545,True,
cd/490287,120,125,seed3,R2,0.84088882,0.70312263,0.05149805,0.76363802,0.06051538,0.49123766,True,
cd/490287,120,125,seed4,R2,0.8601877,0.70312263,0.05149805,0.76363802,0.06051538,0.58912129,True,
cd/490287,120,125,seed5,R2,0.33814768,0.70312263,0.05149805,0.76363802,0.06051538,0.97751171,True,
cd/490288,105,110,seed1,R2,3.64574014,1.36632433,0.04938851,2.39697811,1.03065378,6.09277373,True,
cd/490288,105,110,seed2,R2,1.55236766,1.36632433,0.04938851,2.39697811,1.03065378,1.14277558,True,
cd/490288,105,110,seed3,R2,2.2572922,1.36632433,0.04938851,2.39697811,1.03065378,0.94206024,True,
cd/490288,105,110,seed4,R2,1.17193681,1.36632433,0.04938851,2.39697811,1.03065378,0.74598932,True,
cd/490288,105,110,seed5,R2,3.60449633,1.36632433,0.04938851,2.39697811,1.03065378,3.06129169,True,
cd/490288,110,115,seed1,R2,7.47892396,1.57356262,0.66934184,3.84908256,2.27551994,3.63118001,True,
cd/490288,110,115,seed2,R2,4.35933564,1.57356262,0.66934184,3.84908256,2.27551994,4.33027959,True,
cd/490288,110,115,seed3,R2,9.17424167,1.57356262,0.66934184,3.84908256,2.27551994,8.27855188,True,
cd/490288,110,115,seed4,R2,1.48716765,1.57356262,0.66934184,3.84908256,2.27551994,1.76678502,True,
cd/490288,110,115,seed5,R2,0.09245305,1.57356262,0.66934184,3.84908256,2.27551994,1.23861629,True,
cd/490288,115,120,seed1,R2,1.39576228,1.66639992,-0.319997,4.36055345,2.69415354,2.03602116,True,
cd/490288,115,120,seed2,R2,3.05956328,1.66639992,-0.319997,4.36055345,2.69415354,3.47838686,True,
cd/490288,115,120,seed3,R2,3.83559897,1.66639992,-0.319997,4.36055345,2.69415354,4.50832582,True,
cd/490288,115,120,seed4,R2,9.74182049,1.66639992,-0.319997,4.36055345,2.69415354,9.42458536,True,
cd/490288,115,120,seed5,R2,2.17003726,1.66639992,-0.319997,4.36055345,2.69415354,2.35544806,True,
cd/490288,120,125,seed1,R2,5.18522396,1.55486682,-0.02586167,3.27999666,1.72512984,6.50637555,True,
cd/490288,120,125,seed2,R2,2.37533673,1.55486682,-0.02586167,3.27999666,1.72512984,1.30869741,True,
cd/490288,120,125,seed3,R2,2.28656231,1.55486682,-0.02586167,3.27999666,1.72512984,3.37317426,True,
cd/490288,120,125,seed4,R2,4.63314254,1.55486682,-0.02586167,3.27999666,1.72512984,4.37280523,True,
cd/490288,120,125,seed5,R2,1.7904094,1.55486682,-0.02586167,3.27999666,1.72512984,0.83893086,True,
cd/490290,105,110,seed1,R2,0.91995255,0.54904119,0.62022046,0.49907127,-0.04996992,0.18387698,True,
cd/490290,105,110,seed2,R2,2.26722599,0.54904119,0.62022046,0.49907127,-0.04996992,0.74892582,True,
cd/490290,105,110,seed3,R2,0.37428472,0.54904119,0.62022046,0.49907127,-0.04996992,0.30908806,True,
cd/490290,105,110,seed4,R2,0.34707252,0.54904119,0.62022046,0.49907127,-0.04996992,0.92375102,True,
cd/490290,105,110,seed5,R2,1.68792288,0.54904119,0.62022046,0.49907127,-0.04996992,0.32971446,True,
cd/490290,110,115,seed1,R2,3.01647799,0.56466098,0.2322101,0.93040438,0.3657434,1.54348456,True,
cd/490290,110,115,seed2,R2,1.78615519,0.56466098,0.2322101,0.93040438,0.3657434,0.66425459,True,
cd/490290,110,115,seed3,R2,0.23887132,0.56466098,0.2322101,0.93040438,0.3657434,1.22668359,True,
cd/490290,110,115,seed4,R2,0.63650935,0.56466098,0.2322101,0.93040438,0.3657434,0.36843817,True,
cd/490290,110,115,seed5,R2,0.13505853,0.56466098,0.2322101,0.93040438,0.3657434,0.84916097,True,
cd/490290,115,120,seed1,R2,0.53727821,0.88544529,-0.04698524,1.3404175,0.45497221,1.17183754,True,
cd/490290,115,120,seed2,R2,0.39358098,0.88544529,-0.04698524,1.3404175,0.45497221,0.41390301,True,
cd/490290,115,120,seed3,R2,2.60694269,0.88544529,-0.04698524,1.3404175,0.45497221,1.76605008,True,
cd/490290,115,120,seed4,R2,1.7346653,0.88544529,-0.04698524,1.3404175,0.45497221,2.32250815,True,
cd/490290,115,120,seed5,R2,1.19469411,0.88544529,-0.04698524,1.3404175,0.45497221,1.02778872,True,
cd/490290,120,125,seed1,R2,0.18758344,0.82599744,-0.18965783,1.63334867,0.80735123,0.17084822,True,
cd/490290,120,125,seed2,R2,1.03941281,0.82599744,-0.18965783,1.63334867,0.80735123,0.62231382,True,
cd/490290,120,125,seed3,R2,1.6694502,0.82599744,-0.18965783,1.63334867,0.80735123,2.35431447,True,
cd/490290,120,125,seed4,R2,2.73056285,0.82599744,-0.18965783,1.63334867,0.80735123,3.85444073,True,
cd/490290,120,125,seed5,R2,1.59144488,0.82599744,-0.18965783,1.63334867,0.80735123,1.16482611,True,
cd/490292,105,110,seed1,R2,3.35037213,1.86712786,1.42617597,5.38775596,3.5206281,1.81816882,True,
cd/490292,105,110,seed2,R2,6.52010643,1.86712786,1.42617597,5.38775596,3.5206281,3.62706403,True,
cd/490292,105,110,seed3,R2,7.84959748,1.86712786,1.42617597,5.38775596,3.5206281,8.39188488,True,
cd/490292,105,110,seed4,R2,3.09557128,1.86712786,1.42617597,5.38775596,3.5206281,2.16002092,True,
cd/490292,105,110,seed5,R2,13.25401238,1.86712786,1.42617597,5.38775596,3.5206281,10.94164116,True,
cd/490292,110,115,seed1,R2,9.46739571,2.05390061,1.32986284,6.14197054,4.08806993,5.22644836,True,
cd/490292,110,115,seed2,R2,6.67175716,2.05390061,1.32986284,6.14197054,4.08806993,10.19902385,True,
cd/490292,110,115,seed3,R2,7.40365318,2.05390061,1.32986284,6.14197054,4.08806993,4.46258649,True,
cd/490292,110,115,seed4,R2,8.644033,2.05390061,1.32986284,6.14197054,4.08806993,3.80231711,True,
cd/490292,110,115,seed5,R2,5.17232786,2.05390061,1.32986284,6.14197054,4.08806993,7.0194769,True,
cd/490292,115,120,seed1,R2,3.27939765,2.2800257,1.44944211,4.41898106,2.13895536,1.49562315,True,
cd/490292,115,120,seed2,R2,4.66332837,2.2800257,1.44944211,4.41898106,2.13895536,3.86610763,True,
cd/490292,115,120,seed3,R2,10.03132946,2.2800257,1.44944211,4.41898106,2.13895536,6.79701737,True,
cd/490292,115,120,seed4,R2,8.44084157,2.2800257,1.44944211,4.41898106,2.13895536,7.47174271,True,
cd/490292,115,120,seed5,R2,2.92721877,2.2800257,1.44944211,4.41898106,2.13895536,2.46441444,True,
cd/490292,120,125,seed1,R2,5.22604632,2.49638259,3.2126651,4.27364689,1.77726431,1.47976409,True,
cd/490292,120,125,seed2,R2,3.89195045,2.49638259,3.2126651,4.27364689,1.77726431,2.53849723,True,
cd/490292,120,125,seed3,R2,9.7408474,2.49638259,3.2126651,4.27364689,1.77726431,8.06163713,True,
cd/490292,120,125,seed4,R2,9.35871319,2.49638259,3.2126651,4.27364689,1.77726431,6.2090309,True,
cd/490292,120,125,seed5,R2,9.21400259,2.49638259,3.2126651,4.27364689,1.77726431,3.07930511,True,
cd/490296,105,110,seed1,R2,6.77339365,1.09157885,-0.25444878,2.69682949,1.60525064,6.57882103,True,
cd/490296,105,110,seed2,R2,0.90216914,1.09157885,-0.25444878,2.69682949,1.60525064,0.83359886,True,
cd/490296,105,110,seed3,R2,0.70266931,1.09157885,-0.25444878,2.69682949,1.60525064,1.04202349,True,
cd/490296,105,110,seed4,R2,2.85597847,1.09157885,-0.25444878,2.69682949,1.60525064,4.66975504,True,
cd/490296,105,110,seed5,R2,0.97769296,1.09157885,-0.25444878,2.69682949,1.60525064,0.35994903,True,
cd/490296,110,115,seed1,R2,3.36059667,1.47614465,-0.59864646,3.69534171,2.21919706,4.8279889,True,
cd/490296,110,115,seed2,R2,1.6924361,1.47614465,-0.59864646,3.69534171,2.21919706,1.61495045,True,
cd/490296,110,115,seed3,R2,3.49871011,1.47614465,-0.59864646,3.69534171,2.21919706,3.06546541,True,
cd/490296,110,115,seed4,R2,5.40524176,1.47614465,-0.59864646,3.69534171,2.21919706,6.0073723,True,
cd/490296,110,115,seed5,R2,1.52649162,1.47614465,-0.59864646,3.69534171,2.21919706,2.96093151,True,
cd/490296,115,120,seed1,R2,5.94157721,1.67063766,0.52194351,3.49841442,1.82777677,2.40732442,True,
cd/490296,115,120,seed2,R2,6.59005786,1.67063766,0.52194351,3.49841442,1.82777677,3.90860962,True,
cd/490296,115,120,seed3,R2,2.54838285,1.67063766,0.52194351,3.49841442,1.82777677,1.22012327,True,
cd/490296,115,120,seed4,R2,3.47243905,1.67063766,0.52194351,3.49841442,1.82777677,6.20585443,True,
cd/490296,115,120,seed5,R2,1.54933273,1.67063766,0.52194351,3.49841442,1.82777677,3.75016038,True,
cd/490296,120,125,seed1,R2,3.57599326,1.67888792,-0.70801952,5.85432998,4.17544207,3.53443881,True,
cd/490296,120,125,seed2,R2,3.18324604,1.67888792,-0.70801952,5.85432998,4.17544207,4.67373826,True,
cd/490296,120,125,seed3,R2,7.86187488,1.67888792,-0.70801952,5.85432998,4.17544207,12.5769745,True,
cd/490296,120,125,seed4,R2,5.74420514,1.67888792,-0.70801952,5.85432998,4.17544207,4.44268117,True,
cd/490296,120,125,seed5,R2,5.36623301,1.67888792,-0.70801952,5.85432998,4.17544207,4.04381717,True,
cd/490297,105,110,seed1,R2,0.22290637,0.13731859,0.11640021,0.09733241,-0.03998618,0.01345338,True,
cd/490297,105,110,seed2,R2,0.04447478,0.13731859,0.11640021,0.09733241,-0.03998618,0.08677512,True,
cd/490297,105,110,seed3,R2,0.00757929,0.13731859,0.11640021,0.09733241,-0.03998618,0.11845222,True,
cd/490297,105,110,seed4,R2,0.64249646,0.13731859,0.11640021,0.09733241,-0.03998618,0.23589904,True,
cd/490297,105,110,seed5,R2,0.15120621,0.13731859,0.11640021,0.09733241,-0.03998618,0.0320823,True,
cd/490297,110,115,seed1,R2,0.9741097,0.10638907,-0.22765402,1.17124862,1.06485955,1.10046948,True,
cd/490297,110,115,seed2,R2,3.1330593,0.10638907,-0.22765402,1.17124862,1.06485955,4.09419478,True,
cd/490297,110,115,seed3,R2,0.01341856,0.10638907,-0.22765402,1.17124862,1.06485955,0.01651589,True,
cd/490297,110,115,seed4,R2,0.22688795,0.10638907,-0.22765402,1.17124862,1.06485955,0.25504718,True,
cd/490297,110,115,seed5,R2,0.3704975,0.10638907,-0.22765402,1.17124862,1.06485955,0.39001575,True,
cd/490297,115,120,seed1,R2,0.16242137,0.14004577,-0.05544318,1.48300358,1.34295781,0.66086821,True,
cd/490297,115,120,seed2,R2,5.87112105,0.14004577,-0.05544318,1.48300358,1.34295781,4.66597465,True,
cd/490297,115,120,seed3,R2,0.58900365,0.14004577,-0.05544318,1.48300358,1.34295781,0.09657836,True,
cd/490297,115,120,seed4,R2,0.03261427,0.14004577,-0.05544318,1.48300358,1.34295781,0.3061649,True,
cd/490297,115,120,seed5,R2,0.48264168,0.14004577,-0.05544318,1.48300358,1.34295781,1.68543178,True,
cd/490297,120,125,seed1,R2,0.41731984,0.11031071,-0.18077438,0.94869796,0.83838725,0.65952106,True,
cd/490297,120,125,seed2,R2,2.52946174,0.11031071,-0.18077438,0.94869796,0.83838725,2.9077063,True,
cd/490297,120,125,seed3,R2,0.12282667,0.11031071,-0.18077438,0.94869796,0.83838725,0.0920698,True,
cd/490297,120,125,seed4,R2,0.74013498,0.11031071,-0.18077438,0.94869796,0.83838725,1.00926327,True,
cd/490297,120,125,seed5,R2,0.02987465,0.11031071,-0.18077438,0.94869796,0.83838725,0.07492937,True,
cd/490303,105,110,seed1,R2,0.85667187,0.86114107,-0.14844744,2.19363529,1.33249421,0.28911227,True,
cd/490303,105,110,seed2,R2,5.35295428,0.86114107,-0.14844744,2.19363529,1.33249421,5.97446037,True,
cd/490303,105,110,seed3,R2,1.74012567,0.86114107,-0.14844744,2.19363529,1.33249421,2.01504736,True,
cd/490303,105,110,seed4,R2,2.04004937,0.86114107,-0.14844744,2.19363529,1.33249421,2.4322872,True,
cd/490303,105,110,seed5,R2,0.23613803,0.86114107,-0.14844744,2.19363529,1.33249421,0.25726925,True,
cd/490303,110,115,seed1,R2,3.54479399,1.09577798,0.13245226,2.48679941,1.39102143,5.02720785,True,
cd/490303,110,115,seed2,R2,1.657353,1.09577798,0.13245226,2.48679941,1.39102143,2.21019621,True,
cd/490303,110,115,seed3,R2,2.08215065,1.09577798,0.13245226,2.48679941,1.39102143,0.76847802,True,
cd/490303,110,115,seed4,R2,3.20067586,1.09577798,0.13245226,2.48679941,1.39102143,1.46958327,True,
cd/490303,110,115,seed5,R2,2.61128487,1.09577798,0.13245226,2.48679941,1.39102143,2.9585317,True,
cd/490303,115,120,seed1,R2,5.46683863,1.58799605,0.69025472,3.83745694,2.24946088,9.60207272,True,
cd/490303,115,120,seed2,R2,4.92704871,1.58799605,0.69025472,3.83745694,2.24946088,2.06383729,True,
cd/490303,115,120,seed3,R2,2.76786935,1.58799605,0.69025472,3.83745694,2.24946088,1.06167318,True,
cd/490303,115,120,seed4,R2,2.1352109,1.58799605,0.69025472,3.83745694,2.24946088,0.91349058,True,
cd/490303,115,120,seed5,R2,7.3415907,1.58799605,0.69025472,3.83745694,2.24946088,5.54621091,True,
cd/490303,120,125,seed1,R2,6.39378037,1.48205868,-0.24132218,3.75139168,2.26933301,5.16438697,True,
cd/490303,120,125,seed2,R2,6.37177189,1.48205868,-0.24132218,3.75139168,2.26933301,5.17509933,True,
cd/490303,120,125,seed3,R2,3.58979329,1.48205868,-0.24132218,3.75139168,2.26933301,6.22672698,True,
cd/490303,120,125,seed4,R2,0.58781526,1.48205868,-0.24132218,3.75139168,2.26933301,1.2338802,True,
cd/490303,120,125,seed5,R2,0.60718673,1.48205868,-0.24132218,3.75139168,2.26933301,0.95686494,True,
cd/490304,105,110,seed1,R2,0.81629242,0.17845907,0.10781227,0.42993069,0.25147162,0.27276078,True,
cd/490304,105,110,seed2,R2,0.37286689,0.17845907,0.10781227,0.42993069,0.25147162,0.19976316,True,
cd/490304,105,110,seed3,R2,0.4847456,0.17845907,0.10781227,0.42993069,0.25147162,1.14839297,True,
cd/490304,105,110,seed4,R2,0.65985745,0.17845907,0.10781227,0.42993069,0.25147162,0.37051844,True,
cd/490304,105,110,seed5,R2,0.35495246,0.17845907,0.10781227,0.42993069,0.25147162,0.15821811,True,
cd/490304,110,115,seed1,R2,0.3269266,0.30992917,-0.04867959,0.26980479,-0.04012437,0.36305103,True,
cd/490304,110,115,seed2,R2,0.32427144,0.30992917,-0.04867959,0.26980479,-0.04012437,0.43000749,True,
cd/490304,110,115,seed3,R2,0.26347842,0.30992917,-0.04867959,0.26980479,-0.04012437,0.34769872,True,
cd/490304,110,115,seed4,R2,0.18422793,0.30992917,-0.04867959,0.26980479,-0.04012437,0.19478023,True,
cd/490304,110,115,seed5,R2,0.00672165,0.30992917,-0.04867959,0.26980479,-0.04012437,0.0134865,True,
cd/490304,115,120,seed1,R2,0.05720825,0.46802301,-0.004613,0.65024576,0.18222275,0.42636478,True,
cd/490304,115,120,seed2,R2,0.57425384,0.46802301,-0.004613,0.65024576,0.18222275,0.20881787,True,
cd/490304,115,120,seed3,R2,2.25019505,0.46802301,-0.004613,0.65024576,0.18222275,1.65077729,True,
cd/490304,115,120,seed4,R2,0.27491679,0.46802301,-0.004613,0.65024576,0.18222275,0.95207947,True,
cd/490304,115,120,seed5,R2,0.07158986,0.46802301,-0.004613,0.65024576,0.18222275,0.01318937,True,
cd/490304,120,125,seed1,R2,1.48788458,0.5833469,-0.19144705,1.42974928,0.84640238,2.50435123,True,
cd/490304,120,125,seed2,R2,1.75534962,0.5833469,-0.19144705,1.42974928,0.84640238,1.79827948,True,
cd/490304,120,125,seed3,R2,0.72182999,0.5833469,-0.19144705,1.42974928,0.84640238,0.67774927,True,
cd/490304,120,125,seed4,R2,1.41753567,0.5833469,-0.19144705,1.42974928,0.84640238,0.97549824,True,
cd/490304,120,125,seed5,R2,0.80891131,0.5833469,-0.19144705,1.42974928,0.84640238,1.19286819,True,
cd/490305,105,110,seed1,R2,0.32558232,0.06158437,-0.04053164,0.21611986,0.15453549,0.48436092,True,
cd/490305,105,110,seed2,R2,0.27078223,0.06158437,-0.04053164,0.21611986,0.15453549,0.27434151,True,
cd/490305,105,110,seed3,R2,6.111e-05,0.06158437,-0.04053164,0.21611986,0.15453549,0.00445585,True,
cd/490305,105,110,seed4,R2,0.03283175,0.06158437,-0.04053164,0.21611986,0.15453549,0.06790963,True,
cd/490305,105,110,seed5,R2,0.24868371,0.06158437,-0.04053164,0.21611986,0.15453549,0.24953138,True,
cd/490305,110,115,seed1,R2,0.09387352,0.17818511,-0.00300631,0.03790931,-0.1402758,0.07124897,True,
cd/490305,110,115,seed2,R2,0.00426025,0.17818511,-0.00300631,0.03790931,-0.1402758,0.02208248,True,
cd/490305,110,115,seed3,R2,0.0145287,0.17818511,-0.00300631,0.03790931,-0.1402758,0.00349698,True,
cd/490305,110,115,seed4,R2,0.0350389,0.17818511,-0.00300631,0.03790931,-0.1402758,0.0811727,True,
cd/490305,110,115,seed5,R2,0.02681366,0.17818511,-0.00300631,0.03790931,-0.1402758,0.01154544,True,
cd/490305,115,120,seed1,R2,0.30982675,0.3140308,-0.04119234,0.33535839,0.02132758,0.64349237,True,
cd/490305,115,120,seed2,R2,0.00969772,0.3140308,-0.04119234,0.33535839,0.02132758,0.08407646,True,
cd/490305,115,120,seed3,R2,0.00154801,0.3140308,-0.04119234,0.33535839,0.02132758,0.01846065,True,
cd/490305,115,120,seed4,R2,0.95248739,0.3140308,-0.04119234,0.33535839,0.02132758,0.8304525,True,
cd/490305,115,120,seed5,R2,0.19727036,0.3140308,-0.04119234,0.33535839,0.02132758,0.10030996,True,
cd/490305,120,125,seed2,R2,0.42243515,0.27273272,-0.10414712,0.56446588,0.29173316,0.19451717,True,
cd/490305,120,125,seed3,R2,0.32917556,0.27273272,-0.10414712,0.56446588,0.29173316,1.1186553,True,
cd/490305,120,125,seed5,R2,0.62934557,0.27273272,-0.10414712,0.56446588,0.29173316,0.38022517,True,
cd/490306,105,110,seed1,R2,0.00229102,0.12991182,-0.01919789,0.11628243,-0.01362939,0.00031373,True,
cd/490306,105,110,seed2,R2,0.2826481,0.12991182,-0.01919789,0.11628243,-0.01362939,0.27370917,True,
cd/490306,105,110,seed3,R2,0.04390461,0.12991182,-0.01919789,0.11628243,-0.01362939,0.09332608,True,
cd/490306,105,110,seed4,R2,0.09262195,0.12991182,-0.01919789,0.11628243,-0.01362939,0.16932203,True,
cd/490306,105,110,seed5,R2,0.06395704,0.12991182,-0.01919789,0.11628243,-0.01362939,0.04474114,True,
cd/490306,110,115,seed1,R2,0.00055909,0.31176726,-0.01059796,0.13023222,-0.18153505,0.02735667,True,
cd/490306,110,115,seed2,R2,0.48835251,0.31176726,-0.01059796,0.13023222,-0.18153505,0.41260636,True,
cd/490306,110,115,seed3,R2,0.03969088,0.31176726,-0.01059796,0.13023222,-0.18153505,0.13082957,True,
cd/490306,110,115,seed4,R2,0.05977251,0.31176726,-0.01059796,0.13023222,-0.18153505,0.01805772,True,
cd/490306,110,115,seed5,R2,0.00979627,0.31176726,-0.01059796,0.13023222,-0.18153505,0.06231076,True,
cd/490306,115,120,seed1,R2,0.28621714,0.30660737,-0.10746211,0.73360228,0.42699491,0.67184919,True,
cd/490306,115,120,seed2,R2,0.48745203,0.30660737,-0.10746211,0.73360228,0.42699491,1.00422533,True,
cd/490306,115,120,seed3,R2,1.67330857,0.30660737,-0.10746211,0.73360228,0.42699491,1.4999507,True,
cd/490306,115,120,seed4,R2,0.67142758,0.30660737,-0.10746211,0.73360228,0.42699491,0.48247,True,
cd/490306,115,120,seed5,R2,0.01229549,0.30660737,-0.10746211,0.73360228,0.42699491,0.00951617,True,
cd/490306,120,125,seed1,R2,0.91815189,0.27465519,-0.12183599,0.5859468,0.3112916,1.65825146,True,
cd/490306,120,125,seed3,R2,0.61619771,0.27465519,-0.12183599,0.5859468,0.3112916,0.52580711,True,
cd/490306,120,125,seed4,R2,0.17983403,0.27465519,-0.12183599,0.5859468,0.3112916,0.09509685,True,
cd/490306,120,125,seed5,R2,0.14225959,0.27465519,-0.12183599,0.5859468,0.3112916,0.06463176,True,
cd/490307,105,110,seed1,R2,20.16671845,1.17351925,-0.16212572,6.54733666,5.37381741,16.74939985,True,
cd/490307,105,110,seed2,R2,4.68948003,1.17351925,-0.16212572,6.54733666,5.37381741,2.76056386,True,
cd/490307,105,110,seed3,R2,0.80565275,1.17351925,-0.16212572,6.54733666,5.37381741,1.86176887,True,
cd/490307,105,110,seed4,R2,2.2121222,1.17351925,-0.16212572,6.54733666,5.37381741,2.68108083,True,
cd/490307,105,110,seed5,R2,4.05208123,1.17351925,-0.16212572,6.54733666,5.37381741,8.68386987,True,
cd/490307,110,115,seed1,R2,19.32658806,1.29924282,0.03341623,7.22574647,5.92650365,20.35225526,True,
cd/490307,110,115,seed2,R2,4.73334472,1.29924282,0.03341623,7.22574647,5.92650365,3.42961307,True,
cd/490307,110,115,seed3,R2,1.45950942,1.29924282,0.03341623,7.22574647,5.92650365,1.2881645,True,
cd/490307,110,115,seed4,R2,3.52272749,1.29924282,0.03341623,7.22574647,5.92650365,3.30084301,True,
cd/490307,110,115,seed5,R2,7.25364376,1.29924282,0.03341623,7.22574647,5.92650365,7.7578565,True,
cd/490307,115,120,seed1,R2,6.45366943,1.5087756,-0.48015358,3.87612403,2.36734842,6.45537349,True,
cd/490307,115,120,seed2,R2,2.50610771,1.5087756,-0.48015358,3.87612403,2.36734842,3.24127362,True,
cd/490307,115,120,seed3,R2,2.87712581,1.5087756,-0.48015358,3.87612403,2.36734842,2.85193671,True,
cd/490307,115,120,seed4,R2,1.90178034,1.5087756,-0.48015358,3.87612403,2.36734842,2.55960488,True,
cd/490307,115,120,seed5,R2,3.24116893,1.5087756,-0.48015358,3.87612403,2.36734842,4.27243143,True,
cd/490307,120,125,seed1,R2,2.7298627,1.51950793,-0.75438657,5.44885868,3.92935075,5.50106533,True,
cd/490307,120,125,seed2,R2,6.6926641,1.51950793,-0.75438657,5.44885868,3.92935075,5.43792895,True,
cd/490307,120,125,seed3,R2,8.79601354,1.51950793,-0.75438657,5.44885868,3.92935075,10.66053546,True,
cd/490307,120,125,seed4,R2,2.8604856,1.51950793,-0.75438657,5.44885868,3.92935075,3.1099463,True,
cd/490307,120,125,seed5,R2,2.39333459,1.51950793,-0.75438657,5.44885868,3.92935075,2.53481734,True,
cd/490308,105,110,seed1,R2,0.02203892,0.06542534,0.00452974,0.04933515,-0.0160902,0.00101307,True,
cd/490308,105,110,seed2,R2,0.02559577,0.06542534,0.00452974,0.04933515,-0.0160902,0.0979813,True,
cd/490308,105,110,seed3,R2,0.13464609,0.06542534,0.00452974,0.04933515,-0.0160902,0.07623347,True,
cd/490308,105,110,seed4,R2,0.00218809,0.06542534,0.00452974,0.04933515,-0.0160902,0.0347626,True,
cd/490308,105,110,seed5,R2,0.08485556,0.06542534,0.00452974,0.04933515,-0.0160902,0.03668529,True,
cd/490308,110,115,seed1,R2,9.3e-07,0.21609723,0.04195716,0.48147317,0.26537594,0.17192147,True,
cd/490308,110,115,seed2,R2,1.42986191,0.21609723,0.04195716,0.48147317,0.26537594,0.84860893,True,
cd/490308,110,115,seed3,R2,0.89098025,0.21609723,0.04195716,0.48147317,0.26537594,0.40911621,True,
cd/490308,110,115,seed4,R2,0.0472955,0.21609723,0.04195716,0.48147317,0.26537594,0.02977873,True,
cd/490308,110,115,seed5,R2,0.24901304,0.21609723,0.04195716,0.48147317,0.26537594,0.94794051,True,
cd/490308,115,120,seed1,R2,0.07124302,0.32689795,-0.05286539,0.27041642,-0.05648152,0.11386327,True,
cd/490308,115,120,seed2,R2,0.09513329,0.32689795,-0.05286539,0.27041642,-0.05648152,0.09352915,True,
cd/490308,115,120,seed3,R2,0.29998642,0.32689795,-0.05286539,0.27041642,-0.05648152,0.32871995,True,
cd/490308,115,120,seed4,R2,0.52527976,0.32689795,-0.05286539,0.27041642,-0.05648152,0.72135454,True,
cd/490308,115,120,seed5,R2,0.09611267,0.32689795,-0.05286539,0.27041642,-0.05648152,0.09461521,True,
cd/490308,120,125,seed1,R2,0.02529208,0.39220582,0.89585962,1.46801931,1.07581348,1.24095814,True,
cd/490308,120,125,seed3,R2,0.0609102,0.39220582,0.89585962,1.46801931,1.07581348,1.025441,True,
cd/490308,120,125,seed4,R2,1.78112653,0.39220582,0.89585962,1.46801931,1.07581348,0.05925791,True,
cd/490308,120,125,seed5,R2,7.58818687,0.39220582,0.89585962,1.46801931,1.07581348,3.54642017,True,
cd/490309,105,110,seed1,R2,6.43864904,2.870672,3.54235361,5.92697879,3.05630679,4.13424947,True,
cd/490309,105,110,seed2,R2,13.10908332,2.870672,3.54235361,5.92697879,3.05630679,8.65559023,True,
cd/490309,105,110,seed3,R2,8.38859877,2.870672,3.54235361,5.92697879,3.05630679,8.18374142,True,
cd/490309,105,110,seed4,R2,8.60006319,2.870672,3.54235361,5.92697879,3.05630679,4.23002192,True,
cd/490309,105,110,seed5,R2,10.8102677,2.870672,3.54235361,5.92697879,3.05630679,4.43129092,True,
cd/490309,110,115,seed1,R2,9.17794166,3.233294,3.29862365,6.17642372,2.94312971,2.92970581,True,
cd/490309,110,115,seed2,R2,7.45517257,3.233294,3.29862365,6.17642372,2.94312971,4.25137411,True,
cd/490309,110,115,seed3,R2,8.52534152,3.233294,3.29862365,6.17642372,2.94312971,12.38399727,True,
cd/490309,110,115,seed4,R2,8.46400574,3.233294,3.29862365,6.17642372,2.94312971,5.24210749,True,
cd/490309,110,115,seed5,R2,13.75277535,3.233294,3.29862365,6.17642372,2.94312971,6.07493389,True,
cd/490309,115,120,seed1,R2,8.66712237,3.16874126,0.89270993,5.0567009,1.88795965,6.63952349,True,
cd/490309,115,120,seed2,R2,7.08420775,3.16874126,0.89270993,5.0567009,1.88795965,9.64812169,True,
cd/490309,115,120,seed3,R2,4.71042426,3.16874126,0.89270993,5.0567009,1.88795965,2.74031122,True,
cd/490309,115,120,seed4,R2,5.48288603,3.16874126,0.89270993,5.0567009,1.88795965,3.01950552,True,
cd/490309,115,120,seed5,R2,3.80241375,3.16874126,0.89270993,5.0567009,1.88795965,3.23604261,True,
cd/490309,120,125,seed1,R2,11.14582297,3.13344264,1.09511266,5.93004942,2.79660678,12.28154892,True,
cd/490309,120,125,seed2,R2,8.96389506,3.13344264,1.09511266,5.93004942,2.79660678,7.28138833,True,
cd/490309,120,125,seed3,R2,6.15268886,3.13344264,1.09511266,5.93004942,2.79660678,3.42903731,True,
cd/490309,120,125,seed4,R2,4.64089295,3.13344264,1.09511266,5.93004942,2.79660678,5.13341377,True,
cd/490309,120,125,seed5,R2,4.22251057,3.13344264,1.09511266,5.93004942,2.79660678,1.52485877,True,
cd/490312,105,110,seed1,R2,0.10928334,0.32031686,0.33660081,0.6924262,0.37210934,0.17081706,True,
cd/490312,105,110,seed2,R2,1.10110487,0.32031686,0.33660081,0.6924262,0.37210934,0.52436872,True,
cd/490312,105,110,seed3,R2,3.01292755,0.32031686,0.33660081,0.6924262,0.37210934,1.39633764,True,
cd/490312,105,110,seed4,R2,0.07220739,0.32031686,0.33660081,0.6924262,0.37210934,1.05135639,True,
cd/490312,105,110,seed5,R2,0.8496119,0.32031686,0.33660081,0.6924262,0.37210934,0.31925117,True,
cd/490312,110,115,seed1,R2,0.09756447,0.33191192,0.96537393,0.5402374,0.20832548,0.66609893,True,
cd/490312,110,115,seed2,R2,2.80735641,0.33191192,0.96537393,0.5402374,0.20832548,0.52569674,True,
cd/490312,110,115,seed3,R2,3.07829145,0.33191192,0.96537393,0.5402374,0.20832548,0.64625283,True,
cd/490312,110,115,seed4,R2,0.05841458,0.33191192,0.96537393,0.5402374,0.20832548,0.80882699,True,
cd/490312,110,115,seed5,R2,1.48642975,0.33191192,0.96537393,0.5402374,0.20832548,0.05431153,True,
cd/490312,115,120,seed1,R2,0.09177914,0.25621136,0.15328092,0.52205619,0.26584483,0.06272421,True,
cd/490312,115,120,seed2,R2,1.29205137,0.25621136,0.15328092,0.52205619,0.26584483,0.53651657,True,
cd/490312,115,120,seed3,R2,1.02377463,0.25621136,0.15328092,0.52205619,0.26584483,0.3365154,True,
cd/490312,115,120,seed4,R2,0.42767791,0.25621136,0.15328092,0.52205619,0.26584483,0.05785718,True,
cd/490312,115,120,seed5,R2,0.54140254,0.25621136,0.15328092,0.52205619,0.26584483,1.61666762,True,
cd/490312,120,125,seed1,R2,0.2068097,0.20547842,-0.07449086,0.43977938,0.23430096,0.28806203,True,
cd/490312,120,125,seed2,R2,0.66343446,0.20547842,-0.07449086,0.43977938,0.23430096,0.83154378,True,
cd/490312,120,125,seed3,R2,0.47370871,0.20547842,-0.07449086,0.43977938,0.23430096,0.55532501,True,
cd/490312,120,125,seed4,R2,0.42721818,0.20547842,-0.07449086,0.43977938,0.23430096,0.50560856,True,
cd/490312,120,125,seed5,R2,0.05527152,0.20547842,-0.07449086,0.43977938,0.23430096,0.0183575,True,
cd/490313,105,110,seed1,R2,6.93900396,0.57605445,0.82174827,1.9500824,1.37402796,3.11931026,True,
cd/490313,105,110,seed2,R2,2.54719519,0.57605445,0.82174827,1.9500824,1.37402796,2.91775769,True,
cd/490313,105,110,seed3,R2,2.78892707,0.57605445,0.82174827,1.9500824,1.37402796,1.27963602,True,
cd/490313,105,110,seed4,R2,0.74483462,0.57605445,0.82174827,1.9500824,1.37402796,1.59990125,True,
cd/490313,105,110,seed5,R2,0.83919256,0.57605445,0.82174827,1.9500824,1.37402796,0.8338068,True,
cd/490313,110,115,seed1,R2,1.94951287,0.53688541,0.06487669,0.67722569,0.14034028,1.49098327,True,
cd/490313,110,115,seed2,R2,0.38100426,0.53688541,0.06487669,0.67722569,0.14034028,0.63385703,True,
cd/490313,110,115,seed3,R2,0.19978603,0.53688541,0.06487669,0.67722569,0.14034028,0.67782791,True,
cd/490313,110,115,seed4,R2,0.25140505,0.53688541,0.06487669,0.67722569,0.14034028,0.11438874,True,
cd/490313,110,115,seed5,R2,0.92880371,0.53688541,0.06487669,0.67722569,0.14034028,0.46907152,True,
cd/490313,115,120,seed1,R2,0.52950467,0.73086574,-0.35824942,2.50884236,1.77797662,1.06864726,True,
cd/490313,115,120,seed2,R2,6.82924957,0.73086574,-0.35824942,2.50884236,1.77797662,6.30176367,True,
cd/490313,115,120,seed3,R2,0.83506557,0.73086574,-0.35824942,2.50884236,1.77797662,1.17835556,True,
cd/490313,115,120,seed4,R2,1.82140343,0.73086574,-0.35824942,2.50884236,1.77797662,2.91816891,True,
cd/490313,115,120,seed5,R2,0.73774141,0.73086574,-0.35824942,2.50884236,1.77797662,1.07727637,True,
cd/490313,120,125,seed1,R2,0.46141039,0.81573666,0.78223106,1.56779852,0.75206186,0.25003906,True,
cd/490313,120,125,seed2,R2,5.81255589,0.81573666,0.78223106,1.56779852,0.75206186,4.15753688,True,
cd/490313,120,125,seed3,R2,0.33674266,0.81573666,0.78223106,1.56779852,0.75206186,0.47106274,True,
cd/490313,120,125,seed4,R2,4.00398574,0.81573666,0.78223106,1.56779852,0.75206186,1.71592749,True,
cd/490313,120,125,seed5,R2,1.13545323,0.81573666,0.78223106,1.56779852,0.75206186,1.24442645,True,
cd/490315,105,110,seed1,R2,0.27830272,0.31403808,0.41221902,0.89619295,0.58215487,0.3125792,True,
cd/490315,105,110,seed2,R2,1.84583492,0.31403808,0.41221902,0.89619295,0.58215487,0.56351278,True,
cd/490315,105,110,seed3,R2,0.99136549,0.31403808,0.41221902,0.89619295,0.58215487,0.47521516,True,
cd/490315,105,110,seed4,R2,2.3695054,0.31403808,0.41221902,0.89619295,0.58215487,0.9709784,True,
cd/490315,105,110,seed5,R2,1.05705134,0.31403808,0.41221902,0.89619295,0.58215487,2.15867924,True,
cd/490315,110,115,seed1,R2,0.39223217,0.55338757,0.22597282,0.86329723,0.30990966,0.37078007,True,
cd/490315,110,115,seed2,R2,1.21707051,0.55338757,0.22597282,0.86329723,0.30990966,0.45731905,True,
cd/490315,110,115,seed3,R2,1.51437258,0.55338757,0.22597282,0.86329723,0.30990966,0.59870729,True,
cd/490315,110,115,seed4,R2,1.23345572,0.55338757,0.22597282,0.86329723,0.30990966,0.62924781,True,
cd/490315,110,115,seed5,R2,1.08921927,0.55338757,0.22597282,0.86329723,0.30990966,2.26043195,True,
cd/490315,115,120,seed1,R2,3.10932794,0.79023965,-0.25074793,1.76578084,0.97554119,2.75361506,True,
cd/490315,115,120,seed2,R2,1.18472362,0.79023965,-0.25074793,1.76578084,0.97554119,1.3169327,True,
cd/490315,115,120,seed3,R2,1.39898116,0.79023965,-0.25074793,1.76578084,0.97554119,2.14417113,True,
cd/490315,115,120,seed4,R2,1.32799365,0.79023965,-0.25074793,1.76578084,0.97554119,1.8398037,True,
cd/490315,115,120,seed5,R2,0.55413816,0.79023965,-0.25074793,1.76578084,0.97554119,0.7743816,True,
cd/490315,120,125,seed1,R2,1.31061989,0.85718288,-0.36354022,3.53648015,2.67929727,2.63232426,True,
cd/490315,120,125,seed2,R2,4.38398397,0.85718288,-0.36354022,3.53648015,2.67929727,3.09303513,True,
cd/490315,120,125,seed3,R2,1.0716751,0.85718288,-0.36354022,3.53648015,2.67929727,1.9672288,True,
cd/490315,120,125,seed4,R2,0.87028439,0.85718288,-0.36354022,3.53648015,2.67929727,2.60323706,True,
cd/490315,120,125,seed5,R2,8.22813628,0.85718288,-0.36354022,3.53648015,2.67929727,7.38657549,True,
cd/490316,105,110,seed1,R2,1.18591087,0.56836403,0.28955551,0.71288381,0.14451978,0.70689756,True,
cd/490316,105,110,seed2,R2,0.59614752,0.56836403,0.28955551,0.71288381,0.14451978,0.80607736,True,
cd/490316,105,110,seed3,R2,1.70938336,0.56836403,0.28955551,0.71288381,0.14451978,0.74141556,True,
cd/490316,105,110,seed4,R2,0.83275197,0.56836403,0.28955551,0.71288381,0.14451978,0.81913542,True,
cd/490316,105,110,seed5,R2,0.68800287,0.56836403,0.28955551,0.71288381,0.14451978,0.49089316,True,
cd/490316,110,115,seed1,R2,1.83590217,0.75796688,-0.20701143,2.95888677,2.20091989,0.92681772,True,
cd/490316,110,115,seed2,R2,3.3631114,0.75796688,-0.20701143,2.95888677,2.20091989,4.18761431,True,
cd/490316,110,115,seed3,R2,4.34236581,0.75796688,-0.20701143,2.95888677,2.20091989,7.29588951,True,
cd/490316,110,115,seed4,R2,0.83367949,0.75796688,-0.20701143,2.95888677,2.20091989,0.50220405,True,
cd/490316,110,115,seed5,R2,3.38431783,0.75796688,-0.20701143,2.95888677,2.20091989,1.88190825,True,
cd/490316,115,120,seed1,R2,2.96517434,0.76117877,1.03844409,2.17780391,1.41662514,0.87831417,True,
cd/490316,115,120,seed2,R2,0.75535574,0.76117877,1.03844409,2.17780391,1.41662514,1.56559379,True,
cd/490316,115,120,seed3,R2,4.05481432,0.76117877,1.03844409,2.17780391,1.41662514,2.77401059,True,
cd/490316,115,120,seed4,R2,6.83955611,0.76117877,1.03844409,2.17780391,1.41662514,3.27456359,True,
cd/490316,115,120,seed5,R2,1.46633951,0.76117877,1.03844409,2.17780391,1.41662514,2.39653743,True,
cd/490316,120,125,seed1,R2,0.44549277,0.79041129,0.28813111,1.77350029,0.98308899,0.82004736,True,
cd/490316,120,125,seed2,R2,2.52314364,0.79041129,0.28813111,1.77350029,0.98308899,2.61952736,True,
cd/490316,120,125,seed3,R2,2.39294197,0.79041129,0.28813111,1.77350029,0.98308899,1.38910369,True,
cd/490316,120,125,seed4,R2,4.72424841,0.79041129,0.28813111,1.77350029,0.98308899,3.65587216,True,
cd/490316,120,125,seed5,R2,0.22233023,0.79041129,0.28813111,1.77350029,0.98308899,0.38295088,True,
cd/490317,105,110,seed1,R2,2.19923062,0.42404698,0.73521545,1.02228867,0.59824168,3.01965459,True,
cd/490317,105,110,seed2,R2,2.80250086,0.42404698,0.73521545,1.02228867,0.59824168,0.69145158,True,
cd/490317,105,110,seed3,R2,1.57933579,0.42404698,0.73521545,1.02228867,0.59824168,0.36151012,True,
cd/490317,105,110,seed4,R2,1.79479188,0.42404698,0.73521545,1.02228867,0.59824168,0.65562636,True,
cd/490317,105,110,seed5,R2,0.41166142,0.42404698,0.73521545,1.02228867,0.59824168,0.38320068,True,
cd/490317,110,115,seed1,R2,2.94806136,0.64738541,0.18120336,1.57060258,0.92321717,1.44657217,True,
cd/490317,110,115,seed2,R2,0.52834686,0.64738541,0.18120336,1.57060258,0.92321717,0.33318178,True,
cd/490317,110,115,seed3,R2,2.23996217,0.64738541,0.18120336,1.57060258,0.92321717,3.79225633,True,
cd/490317,110,115,seed4,R2,1.77805502,0.64738541,0.18120336,1.57060258,0.92321717,0.7509871,True,
cd/490317,110,115,seed5,R2,1.26460429,0.64738541,0.18120336,1.57060258,0.92321717,1.53001552,True,
cd/490317,115,120,seed1,R2,1.89811906,0.67498172,-0.13837931,3.21985638,2.54487466,1.11987756,True,
cd/490317,115,120,seed2,R2,3.50002365,0.67498172,-0.13837931,3.21985638,2.54487466,3.47237349,True,
cd/490317,115,120,seed3,R2,2.34571536,0.67498172,-0.13837931,3.21985638,2.54487466,5.44270533,True,
cd/490317,115,120,seed4,R2,2.92053662,0.67498172,-0.13837931,3.21985638,2.54487466,2.55395642,True,
cd/490317,115,120,seed5,R2,4.74299067,0.67498172,-0.13837931,3.21985638,2.54487466,3.5103691,True,
cd/490317,120,125,seed1,R2,1.21277887,0.66114464,-0.26374234,2.08566631,1.42452167,1.15963248,True,
cd/490317,120,125,seed2,R2,2.55802441,0.66114464,-0.26374234,2.08566631,1.42452167,2.19219252,True,
cd/490317,120,125,seed3,R2,3.39755816,0.66114464,-0.26374234,2.08566631,1.42452167,3.81473241,True,
cd/490317,120,125,seed4,R2,1.10982333,0.66114464,-0.26374234,2.08566631,1.42452167,1.2631743,True,
cd/490317,120,125,seed5,R2,0.83143508,0.66114464,-0.26374234,2.08566631,1.42452167,1.99859984,True,
cd/490320,105,110,seed1,R2,0.02583694,0.01586941,-0.02917968,0.14878587,0.13291647,0.04267491,True,
cd/490320,105,110,seed2,R2,0.02108181,0.01586941,-0.02917968,0.14878587,0.13291647,0.01835106,True,
cd/490320,105,110,seed3,R2,0.41579855,0.01586941,-0.02917968,0.14878587,0.13291647,0.48173028,True,
cd/490320,105,110,seed4,R2,0.04045468,0.01586941,-0.02917968,0.14878587,0.13291647,0.06337393,True,
cd/490320,105,110,seed5,R2,0.09485901,0.01586941,-0.02917968,0.14878587,0.13291647,0.13779919,True,
cd/490320,110,115,seed1,R2,0.10606456,0.03066792,-0.02728592,0.13679069,0.10612277,0.13959006,True,
cd/490320,110,115,seed2,R2,0.026358,0.03066792,-0.02728592,0.13679069,0.10612277,0.02958856,True,
cd/490320,110,115,seed3,R2,0.20075513,0.03066792,-0.02728592,0.13679069,0.10612277,0.2605533,True,
cd/490320,110,115,seed4,R2,0.11823104,0.03066792,-0.02728592,0.13679069,0.10612277,0.14057392,True,
cd/490320,110,115,seed5,R2,0.09611512,0.03066792,-0.02728592,0.13679069,0.10612277,0.11364761,True,
cd/490320,115,120,seed1,R2,0.70289045,0.08001792,0.07387234,0.24679461,0.16677669,0.29687841,True,
cd/490320,115,120,seed2,R2,0.07251686,0.08001792,0.07387234,0.24679461,0.16677669,0.00835456,True,
cd/490320,115,120,seed3,R2,0.79537025,0.08001792,0.07387234,0.24679461,0.16677669,0.36557028,True,
cd/490320,115,120,seed4,R2,0.0252831,0.08001792,0.07387234,0.24679461,0.16677669,0.32518838,True,
cd/490320,115,120,seed5,R2,0.0072741,0.08001792,0.07387234,0.24679461,0.16677669,0.23798143,True,
cd/490320,120,125,seed1,R2,0.33169573,0.14133821,-0.01987787,0.20949975,0.06816154,0.22847944,True,
cd/490320,120,125,seed2,R2,0.13167266,0.14133821,-0.01987787,0.20949975,0.06816154,0.32674072,True,
cd/490320,120,125,seed3,R2,0.24674462,0.14133821,-0.01987787,0.20949975,0.06816154,0.15167209,True,
cd/490320,120,125,seed4,R2,0.13009209,0.14133821,-0.01987787,0.20949975,0.06816154,0.05633085,True,
cd/490320,120,125,seed5,R2,0.1079043,0.14133821,-0.01987787,0.20949975,0.06816154,0.28427566,True,
cd/490321,105,110,seed1,R2,1.29477235,0.07171448,0.26327754,0.30870283,0.23698835,0.45773861,True,
cd/490321,105,110,seed2,R2,0.0745046,0.07171448,0.26327754,0.30870283,0.23698835,0.38303254,True,
cd/490321,105,110,seed3,R2,0.03020062,0.07171448,0.26327754,0.30870283,0.23698835,0.20375804,True,
cd/490321,105,110,seed4,R2,0.71972772,0.07171448,0.26327754,0.30870283,0.23698835,0.39212417,True,
cd/490321,105,110,seed5,R2,0.74069656,0.07171448,0.26327754,0.30870283,0.23698835,0.10686079,True,
cd/490321,110,115,seed1,R2,0.06542492,0.25989333,0.18224862,0.26351819,0.00362486,0.12088628,True,
cd/490321,110,115,seed2,R2,0.04802319,0.25989333,0.18224862,0.26351819,0.00362486,0.15244222,True,
cd/490321,110,115,seed3,R2,0.05043379,0.25989333,0.18224862,0.26351819,0.00362486,0.12377525,True,
cd/490321,110,115,seed4,R2,1.36384624,0.25989333,0.18224862,0.26351819,0.00362486,0.68758858,True,
cd/490321,110,115,seed5,R2,0.70110592,0.25989333,0.18224862,0.26351819,0.00362486,0.23289864,True,
cd/490321,115,120,seed1,R2,0.11619196,0.19006814,-0.162657,1.01786477,0.82779662,0.0367586,True,
cd/490321,115,120,seed2,R2,2.18004572,0.19006814,-0.162657,1.01786477,0.82779662,3.52047919,True,
cd/490321,115,120,seed3,R2,0.22022601,0.19006814,-0.162657,1.01786477,0.82779662,0.12106018,True,
cd/490321,115,120,seed4,R2,0.48817093,0.19006814,-0.162657,1.01786477,0.82779662,0.32241571,True,
cd/490321,115,120,seed5,R2,1.27140423,0.19006814,-0.162657,1.01786477,0.82779662,1.08861015,True,
cd/490321,120,125,seed1,R2,0.00861736,0.21645957,-0.39604049,1.98673079,1.77027122,0.00704911,True,
cd/490321,120,125,seed2,R2,4.00695837,0.21645957,-0.39604049,1.98673079,1.77027122,5.0987511,True,
cd/490321,120,125,seed3,R2,0.19411347,0.21645957,-0.39604049,1.98673079,1.77027122,0.21951765,True,
cd/490321,120,125,seed4,R2,3.41536809,0.21645957,-0.39604049,1.98673079,1.77027122,4.18705984,True,
cd/490321,120,125,seed5,R2,0.32839419,0.21645957,-0.39604049,1.98673079,1.77027122,0.42127625,True,
cd/490322,105,110,seed1,R2,0.41811625,0.48717941,0.00921851,0.54828893,0.06110952,0.18577708,True,
cd/490322,105,110,seed2,R2,0.24414724,0.48717941,0.00921851,0.54828893,0.06110952,0.30712652,True,
cd/490322,105,110,seed3,R2,1.30566321,0.48717941,0.00921851,0.54828893,0.06110952,1.25983696,True,
cd/490322,105,110,seed4,R2,0.53192774,0.48717941,0.00921851,0.54828893,0.06110952,0.41587944,True,
cd/490322,105,110,seed5,R2,0.28768279,0.48717941,0.00921851,0.54828893,0.06110952,0.57282466,True,
cd/490322,110,115,seed1,R2,0.46724488,0.78415678,-0.09936338,1.01550433,0.23134755,0.26409858,True,
cd/490322,110,115,seed2,R2,1.52563738,0.78415678,-0.09936338,1.01550433,0.23134755,1.28251282,True,
cd/490322,110,115,seed3,R2,0.13697987,0.78415678,-0.09936338,1.01550433,0.23134755,0.28941885,True,
cd/490322,110,115,seed4,R2,0.39511365,0.78415678,-0.09936338,1.01550433,0.23134755,0.92183404,True,
cd/490322,110,115,seed5,R2,2.05572897,0.78415678,-0.09936338,1.01550433,0.23134755,2.31965738,True,
cd/490322,115,120,seed1,R2,1.568521,0.83746428,-0.71513537,4.31005324,3.47258896,1.3434904,True,
cd/490322,115,120,seed2,R2,7.93918389,0.83746428,-0.71513537,4.31005324,3.47258896,8.76168597,True,
cd/490322,115,120,seed3,R2,0.81698356,0.83746428,-0.71513537,4.31005324,3.47258896,0.73945713,True,
cd/490322,115,120,seed4,R2,0.89536265,0.83746428,-0.71513537,4.31005324,3.47258896,2.16553844,True,
cd/490322,115,120,seed5,R2,6.75453822,0.83746428,-0.71513537,4.31005324,3.47258896,8.54009424,True,
cd/490322,120,125,seed1,R2,4.70826701,0.92887004,1.20677102,4.96406825,4.03519822,1.11947783,True,
cd/490322,120,125,seed2,R2,4.79360269,0.92887004,1.20677102,4.96406825,4.03519822,11.18158041,True,
cd/490322,120,125,seed3,R2,1.02690727,0.92887004,1.20677102,4.96406825,4.03519822,0.72678985,True,
cd/490322,120,125,seed4,R2,8.61917765,0.92887004,1.20677102,4.96406825,4.03519822,3.96807987,True,
cd/490322,120,125,seed5,R2,11.70624174,0.92887004,1.20677102,4.96406825,4.03519822,7.82441331,True,
cd/490324,105,110,seed1,R2,1.65674662,0.51039438,-0.04487111,1.35030697,0.83991259,1.00557935,True,
cd/490324,105,110,seed2,R2,1.86436551,0.51039438,-0.04487111,1.35030697,0.83991259,1.04573771,True,
cd/490324,105,110,seed3,R2,1.45120676,0.51039438,-0.04487111,1.35030697,0.83991259,2.98837636,True,
cd/490324,105,110,seed4,R2,0.69611179,0.51039438,-0.04487111,1.35030697,0.83991259,0.57482816,True,
cd/490324,105,110,seed5,R2,0.85874863,0.51039438,-0.04487111,1.35030697,0.83991259,1.13701328,True,
cd/490324,110,115,seed1,R2,1.20816663,0.69860593,-0.25698772,1.9984925,1.29988657,2.54173525,True,
cd/490324,110,115,seed2,R2,2.15116045,0.69860593,-0.25698772,1.9984925,1.29988657,2.63729093,True,
cd/490324,110,115,seed3,R2,1.06072135,0.69860593,-0.25698772,1.9984925,1.29988657,1.00000504,True,
cd/490324,110,115,seed4,R2,3.47669738,0.69860593,-0.25698772,1.9984925,1.29988657,3.21060798,True,
cd/490324,110,115,seed5,R2,0.81077809,0.69860593,-0.25698772,1.9984925,1.29988657,0.6028233,True,
cd/490324,115,120,seed1,R2,5.05157094,0.83397251,-0.13852677,2.94711119,2.11313868,3.34072648,True,
cd/490324,115,120,seed2,R2,2.95527568,0.83397251,-0.13852677,2.94711119,2.11313868,2.31577796,True,
cd/490324,115,120,seed3,R2,3.7085593,0.83397251,-0.13852677,2.94711119,2.11313868,2.53717489,True,
cd/490324,115,120,seed4,R2,2.30973352,0.83397251,-0.13852677,2.94711119,2.11313868,5.8231878,True,
cd/490324,115,120,seed5,R2,0.01778265,0.83397251,-0.13852677,2.94711119,2.11313868,0.71868882,True,
cd/490324,120,125,seed1,R2,2.21470019,0.92478464,0.14124015,1.74737218,0.82258754,1.43746689,True,
cd/490324,120,125,seed2,R2,1.02740151,0.92478464,0.14124015,1.74737218,0.82258754,1.88502459,True,
cd/490324,120,125,seed3,R2,2.41772162,0.92478464,0.14124015,1.74737218,0.82258754,1.28251337,True,
cd/490324,120,125,seed4,R2,3.0462232,0.92478464,0.14124015,1.74737218,0.82258754,2.75007142,True,
cd/490324,120,125,seed5,R2,0.73701509,0.92478464,0.14124015,1.74737218,0.82258754,1.38178462,True,
cd/490325,105,110,seed1,R2,2.48684494,1.13683144,-0.32108608,3.36718742,2.23035598,2.04591759,True,
cd/490325,105,110,seed2,R2,3.47643338,1.13683144,-0.32108608,3.36718742,2.23035598,4.80579864,True,
cd/490325,105,110,seed3,R2,5.51070576,1.13683144,-0.32108608,3.36718742,2.23035598,6.02456164,True,
cd/490325,105,110,seed4,R2,1.99818602,1.13683144,-0.32108608,3.36718742,2.23035598,1.93683056,True,
cd/490325,105,110,seed5,R2,1.7583366,1.13683144,-0.32108608,3.36718742,2.23035598,2.02282868,True,
cd/490325,110,115,seed1,R2,3.52232513,1.49388669,0.14968242,3.08727398,1.59338729,4.1822394,True,
cd/490325,110,115,seed2,R2,5.65394831,1.49388669,0.14968242,3.08727398,1.59338729,4.34877611,True,
cd/490325,110,115,seed3,R2,1.62908296,1.49388669,0.14968242,3.08727398,1.59338729,2.60144498,True,
cd/490325,110,115,seed4,R2,3.19669592,1.49388669,0.14968242,3.08727398,1.59338729,1.7066919,True,
cd/490325,110,115,seed5,R2,2.18272966,1.49388669,0.14968242,3.08727398,1.59338729,2.5972175,True,
cd/490325,115,120,seed1,R2,2.77965333,1.61841035,0.11191076,3.6922291,2.07381875,6.57086973,True,
cd/490325,115,120,seed2,R2,7.56165337,1.61841035,0.11191076,3.6922291,2.07381875,4.9954321,True,
cd/490325,115,120,seed3,R2,4.76651122,1.61841035,0.11191076,3.6922291,2.07381875,3.48499138,True,
cd/490325,115,120,seed4,R2,1.1727422,1.61841035,0.11191076,3.6922291,2.07381875,0.64666286,True,
cd/490325,115,120,seed5,R2,2.7401392,1.61841035,0.11191076,3.6922291,2.07381875,2.76318943,True,
cd/490325,120,125,seed1,R2,0.83954795,1.59650242,0.86019495,2.81302832,1.2165259,2.36355755,True,
cd/490325,120,125,seed2,R2,7.75449549,1.59650242,0.86019495,2.81302832,1.2165259,4.59734194,True,
cd/490325,120,125,seed3,R2,3.06181251,1.59650242,0.86019495,2.81302832,1.2165259,1.66390685,True,
cd/490325,120,125,seed4,R2,0.88984683,1.59650242,0.86019495,2.81302832,1.2165259,1.71554978,True,
cd/490325,120,125,seed5,R2,5.82041354,1.59650242,0.86019495,2.81302832,1.2165259,3.72478547,True,
cd/490327,105,110,seed1,R2,1.98008117,0.70557308,0.9762665,2.61637425,1.91080117,3.06163257,True,
cd/490327,105,110,seed2,R2,2.87217409,0.70557308,0.9762665,2.61637425,1.91080117,0.70916469,True,
cd/490327,105,110,seed3,R2,7.43372426,0.70557308,0.9762665,2.61637425,1.91080117,5.06000081,True,
cd/490327,105,110,seed4,R2,3.9793358,0.70557308,0.9762665,2.61637425,1.91080117,2.84667549,True,
cd/490327,105,110,seed5,R2,1.69788841,0.70557308,0.9762665,2.61637425,1.91080117,1.40439769,True,
cd/490327,110,115,seed1,R2,2.99662922,1.27885131,-0.3329795,2.86134308,1.58249178,2.88804888,True,
cd/490327,110,115,seed2,R2,1.22342064,1.27885131,-0.3329795,2.86134308,1.58249178,1.75223457,True,
cd/490327,110,115,seed3,R2,2.60052262,1.27885131,-0.3329795,2.86134308,1.58249178,3.20750261,True,
cd/490327,110,115,seed4,R2,4.30376868,1.27885131,-0.3329795,2.86134308,1.58249178,4.85158122,True,
cd/490327,110,115,seed5,R2,1.51747676,1.27885131,-0.3329795,2.86134308,1.58249178,1.60734813,True,
cd/490327,115,120,seed1,R2,2.19861141,1.50791606,-0.36959803,2.66348312,1.15556707,2.47210501,True,
cd/490327,115,120,seed2,R2,0.90463508,1.50791606,-0.36959803,2.66348312,1.15556707,0.87069191,True,
cd/490327,115,120,seed3,R2,2.4957279,1.50791606,-0.36959803,2.66348312,1.15556707,3.80103263,True,
cd/490327,115,120,seed4,R2,4.95884808,1.50791606,-0.36959803,2.66348312,1.15556707,5.2825323,True,
cd/490327,115,120,seed5,R2,0.91160298,1.50791606,-0.36959803,2.66348312,1.15556707,0.89105378,True,
cd/490327,120,125,seed1,R2,4.52147269,1.45906889,1.09761824,3.19486272,1.73579383,2.07102177,True,
cd/490327,120,125,seed2,R2,4.48717637,1.45906889,1.09761824,3.19486272,1.73579383,2.45353771,True,
cd/490327,120,125,seed3,R2,5.79143345,1.45906889,1.09761824,3.19486272,1.73579383,3.42403927,True,
cd/490327,120,125,seed4,R2,4.19799022,1.45906889,1.09761824,3.19486272,1.73579383,4.52024607,True,
cd/490327,120,125,seed5,R2,2.46433203,1.45906889,1.09761824,3.19486272,1.73579383,3.50546877,True,
cd/490330,105,110,seed1,R2,0.02058938,0.21138264,0.24100979,0.49359316,0.28221052,0.31965818,True,
cd/490330,105,110,seed2,R2,2.34754389,0.21138264,0.24100979,0.49359316,0.28221052,1.12657786,True,
cd/490330,105,110,seed3,R2,0.17175282,0.21138264,0.24100979,0.49359316,0.28221052,0.65108664,True,
cd/490330,105,110,seed4,R2,0.9086445,0.21138264,0.24100979,0.49359316,0.28221052,0.34649881,True,
cd/490330,105,110,seed5,R2,0.22448417,0.21138264,0.24100979,0.49359316,0.28221052,0.0241443,True,
cd/490330,110,115,seed1,R2,0.02681366,0.33896028,-0.03842467,0.39556196,0.05660168,0.1665892,True,
cd/490330,110,115,seed2,R2,0.33722683,0.33896028,-0.03842467,0.39556196,0.05660168,0.6924258,True,
cd/490330,110,115,seed3,R2,0.33414122,0.33896028,-0.03842467,0.39556196,0.05660168,0.19350052,True,
cd/490330,110,115,seed4,R2,0.73670289,0.33896028,-0.03842467,0.39556196,0.05660168,0.65358815,True,
cd/490330,110,115,seed5,R2,0.35080186,0.33896028,-0.03842467,0.39556196,0.05660168,0.27170613,True,
cd/490330,115,120,seed1,R2,0.29581741,0.4610643,0.67528208,0.79225883,0.33119453,0.60342763,True,
cd/490330,115,120,seed2,R2,2.83880549,0.4610643,0.67528208,0.79225883,0.33119453,1.34092658,True,
cd/490330,115,120,seed3,R2,1.91462785,0.4610643,0.67528208,0.79225883,0.33119453,0.49785554,True,
cd/490330,115,120,seed4,R2,2.05428762,0.4610643,0.67528208,0.79225883,0.33119453,0.49900558,True,
cd/490330,115,120,seed5,R2,0.23416621,0.4610643,0.67528208,0.79225883,0.33119453,1.02007881,True,
cd/490330,120,125,seed1,R2,0.5984491,0.51751942,1.42761947,0.85608812,0.33856869,0.36495249,True,
cd/490330,120,125,seed2,R2,5.58802902,0.51751942,1.42761947,0.85608812,0.33856869,1.58879508,True,
cd/490330,120,125,seed3,R2,1.01209723,0.51751942,1.42761947,0.85608812,0.33856869,0.34479326,True,
cd/490330,120,125,seed4,R2,4.08927385,0.51751942,1.42761947,0.85608812,0.33856869,0.84181376,True,
cd/490330,120,125,seed5,R2,0.13068872,0.51751942,1.42761947,0.85608812,0.33856869,1.14008599,True,
cd/490331,105,110,seed1,R2,3.35776205,0.63642262,0.91565906,2.91846788,2.28204526,0.93496597,True,
cd/490331,105,110,seed2,R2,4.72165059,0.63642262,0.91565906,2.91846788,2.28204526,1.53367096,True,
cd/490331,105,110,seed3,R2,2.49125901,0.63642262,0.91565906,2.91846788,2.28204526,0.94690976,True,
cd/490331,105,110,seed4,R2,3.82319682,0.63642262,0.91565906,2.91846788,2.28204526,8.88854618,True,
cd/490331,105,110,seed5,R2,4.77676624,0.63642262,0.91565906,2.91846788,2.28204526,2.28824653,True,
cd/490331,110,115,seed1,R2,1.1958716,0.70690334,-0.26437369,4.25303963,3.5461363,3.10711809,True,
cd/490331,110,115,seed2,R2,2.72674267,0.70690334,-0.26437369,4.25303963,3.5461363,2.42010545,True,
cd/490331,110,115,seed3,R2,0.22041941,0.70690334,-0.26437369,4.25303963,3.5461363,0.68521197,True,
cd/490331,110,115,seed4,R2,14.68455942,0.70690334,-0.26437369,4.25303963,3.5461363,12.40103829,True,
cd/490331,110,115,seed5,R2,1.11573664,0.70690334,-0.26437369,4.25303963,3.5461363,2.65172437,True,
cd/490331,115,120,seed1,R2,2.04453159,0.94641014,0.15490818,2.75118482,1.80477468,2.44902704,True,
cd/490331,115,120,seed2,R2,2.09323753,0.94641014,0.15490818,2.75118482,1.80477468,2.06866722,True,
cd/490331,115,120,seed3,R2,0.56661631,0.94641014,0.15490818,2.75118482,1.80477468,0.6973997,True,
cd/490331,115,120,seed4,R2,9.52962665,0.94641014,0.15490818,2.75118482,1.80477468,6.58702841,True,
cd/490331,115,120,seed5,R2,0.29645289,0.94641014,0.15490818,2.75118482,1.80477468,1.95380171,True,
cd/490331,120,125,seed1,R2,3.66899794,1.20946621,-0.12616997,5.06481161,3.85534539,6.02131642,True,
cd/490331,120,125,seed2,R2,6.31632321,1.20946621,-0.12616997,5.06481161,3.85534539,5.52999389,True,
cd/490331,120,125,seed3,R2,4.7290921,1.20946621,-0.12616997,5.06481161,3.85534539,4.39342731,True,
cd/490331,120,125,seed4,R2,7.20976298,1.20946621,-0.12616997,5.06481161,3.85534539,7.28938037,True,
cd/490331,120,125,seed5,R2,2.76903195,1.20946621,-0.12616997,5.06481161,3.85534539,2.08994004,True,
cd/490333,105,110,seed1,R2,0.28394317,0.1936122,-0.06979794,0.47619716,0.28258496,0.30157064,True,
cd/490333,105,110,seed2,R2,0.73575024,0.1936122,-0.06979794,0.47619716,0.28258496,1.24370222,True,
cd/490333,105,110,seed3,R2,0.16322713,0.1936122,-0.06979794,0.47619716,0.28258496,0.09962365,True,
cd/490333,105,110,seed4,R2,0.83735058,0.1936122,-0.06979794,0.47619716,0.28258496,0.7315832,True,
cd/490333,105,110,seed5,R2,0.01172497,0.1936122,-0.06979794,0.47619716,0.28258496,0.00450606,True,
cd/490333,110,115,seed1,R2,0.17866164,0.24191671,0.07251855,0.64691927,0.40500256,0.72916307,True,
cd/490333,110,115,seed2,R2,0.47039718,0.24191671,0.07251855,0.64691927,0.40500256,0.1557578,True,
cd/490333,110,115,seed3,R2,2.48112629,0.24191671,0.07251855,0.64691927,0.40500256,1.97454547,True,
cd/490333,110,115,seed4,R2,0.09516553,0.24191671,0.07251855,0.64691927,0.40500256,0.07930206,True,
cd/490333,110,115,seed5,R2,0.37183844,0.24191671,0.07251855,0.64691927,0.40500256,0.29582797,True,
cd/490333,115,120,seed1,R2,0.13532328,0.33258247,0.04157005,0.98213794,0.64955547,0.02149534,True,
cd/490333,115,120,seed2,R2,0.02828792,0.33258247,0.04157005,0.98213794,0.64955547,0.31023476,True,
cd/490333,115,120,seed3,R2,4.91608897,0.33258247,0.04157005,0.98213794,0.64955547,3.74114774,True,
cd/490333,115,120,seed4,R2,0.01185879,0.33258247,0.04157005,0.98213794,0.64955547,0.37886648,True,
cd/490333,115,120,seed5,R2,0.02698096,0.33258247,0.04157005,0.98213794,0.64955547,0.45894538,True,
cd/490333,120,125,seed1,R2,1.81698068,0.49480904,0.3080109,0.70507317,0.21026414,0.58038881,True,
cd/490333,120,125,seed2,R2,0.00819289,0.49480904,0.3080109,0.70507317,0.21026414,0.72008667,True,
cd/490333,120,125,seed3,R2,0.82087682,0.49480904,0.3080109,0.70507317,0.21026414,0.08055554,True,
cd/490333,120,125,seed4,R2,0.55172937,0.49480904,0.3080109,0.70507317,0.21026414,1.36970815,True,
cd/490333,120,125,seed5,R2,1.86764062,0.49480904,0.3080109,0.70507317,0.21026414,0.7746267,True,
cd/490334,105,110,seed1,R2,0.11917076,0.56950087,0.1553364,3.19802573,2.62852487,0.69494342,True,
cd/490334,105,110,seed2,R2,3.04420429,0.56950087,0.1553364,3.19802573,2.62852487,4.88696934,True,
cd/490334,105,110,seed3,R2,0.24836998,0.56950087,0.1553364,3.19802573,2.62852487,0.91042937,True,
cd/490334,105,110,seed4,R2,3.16211029,0.56950087,0.1553364,3.19802573,2.62852487,2.47482337,True,
cd/490334,105,110,seed5,R2,10.19295536,0.56950087,0.1553364,3.19802573,2.62852487,7.02296318,True,
cd/490334,110,115,seed1,R2,2.01865076,0.83556704,1.28550661,1.19005256,0.35448552,0.34875571,True,
cd/490334,110,115,seed2,R2,1.9825907,0.83556704,1.28550661,1.19005256,0.35448552,0.58191837,True,
cd/490334,110,115,seed3,R2,5.93173492,0.83556704,1.28550661,1.19005256,0.35448552,1.92287825,True,
cd/490334,110,115,seed4,R2,0.82009245,0.83556704,1.28550661,1.19005256,0.35448552,0.44127468,True,
cd/490334,110,115,seed5,R2,1.62472697,0.83556704,1.28550661,1.19005256,0.35448552,2.65543578,True,
cd/490334,115,120,seed1,R2,3.9877927,0.9975662,0.33831896,1.80594942,0.80838323,2.79083621,True,
cd/490334,115,120,seed2,R2,2.12003123,0.9975662,0.33831896,1.80594942,0.80838323,2.4877862,True,
cd/490334,115,120,seed3,R2,1.79134857,0.9975662,0.33831896,1.80594942,0.80838323,0.69410212,True,
cd/490334,115,120,seed4,R2,1.50149363,0.9975662,0.33831896,1.80594942,0.80838323,0.30534571,True,
cd/490334,115,120,seed5,R2,1.32067578,0.9975662,0.33831896,1.80594942,0.80838323,2.75167688,True,
cd/490334,120,125,seed1,R2,2.15838034,1.00405199,0.51599528,2.08561086,1.08155887,4.40523283,True,
cd/490334,120,125,seed2,R2,0.82743603,1.00405199,0.51599528,2.08561086,1.08155887,2.43474121,True,
cd/490334,120,125,seed3,R2,3.76967144,1.00405199,0.51599528,2.08561086,1.08155887,1.24137599,True,
cd/490334,120,125,seed4,R2,1.96765112,1.00405199,0.51599528,2.08561086,1.08155887,0.75556238,True,
cd/490334,120,125,seed5,R2,4.28489179,1.00405199,0.51599528,2.08561086,1.08155887,1.5911419,True,
cd/490335,105,110,seed1,R2,7.80458328,0.65071577,0.54595783,1.91309846,1.26238268,4.7330556,True,
cd/490335,105,110,seed2,R2,2.17024497,0.65071577,0.54595783,1.91309846,1.26238268,0.85886714,True,
cd/490335,105,110,seed3,R2,1.0446172,0.65071577,0.54595783,1.91309846,1.26238268,0.08437043,True,
cd/490335,105,110,seed4,R2,1.13751232,0.65071577,0.54595783,1.91309846,1.26238268,3.00255641,True,
cd/490335,105,110,seed5,R2,0.13832368,0.65071577,0.54595783,1.91309846,1.26238268,0.88664272,True,
cd/490335,110,115,seed1,R2,2.41382748,0.69189486,-0.25163276,1.72199862,1.03010376,2.33775076,True,
cd/490335,110,115,seed2,R2,1.22630466,0.69189486,-0.25163276,1.72199862,1.03010376,1.50190418,True,
cd/490335,110,115,seed3,R2,0.58459681,0.69189486,-0.25163276,1.72199862,1.03010376,0.7069247,True,
cd/490335,110,115,seed4,R2,1.68897999,0.69189486,-0.25163276,1.72199862,1.03010376,1.49715426,True,
cd/490335,110,115,seed5,R2,1.43812035,0.69189486,-0.25163276,1.72199862,1.03010376,2.5662592,True,
cd/490335,115,120,seed1,R2,3.18551756,1.27177147,1.417758,1.63832332,0.36655185,0.78752852,True,
cd/490335,115,120,seed2,R2,1.69418484,1.27177147,1.417758,1.63832332,0.36655185,3.12324365,True,
cd/490335,115,120,seed3,R2,5.74273168,1.27177147,1.417758,1.63832332,0.36655185,1.98164832,True,
cd/490335,115,120,seed4,R2,3.97720699,1.27177147,1.417758,1.63832332,0.36655185,1.05722833,True,
cd/490335,115,120,seed5,R2,0.68076549,1.27177147,1.417758,1.63832332,0.36655185,1.24196777,True,
cd/490335,120,125,seed1,R2,2.5388375,1.34269429,0.63955566,2.01359837,0.67090408,1.44363785,True,
cd/490335,120,125,seed2,R2,2.57825651,1.34269429,0.63955566,2.01359837,0.67090408,1.76941057,True,
cd/490335,120,125,seed3,R2,3.41554487,1.34269429,0.63955566,2.01359837,0.67090408,4.02317517,True,
cd/490335,120,125,seed4,R2,3.98491209,1.34269429,0.63955566,2.01359837,0.67090408,1.74682403,True,
cd/490335,120,125,seed5,R2,0.74821916,1.34269429,0.63955566,2.01359837,0.67090408,1.08494422,True,
cd/490337,105,110,seed1,R2,0.25770036,0.35992946,0.11575972,0.66423731,0.30430786,0.75186204,True,
cd/490337,105,110,seed2,R2,1.59306038,0.35992946,0.11575972,0.66423731,0.30430786,1.07872066,True,
cd/490337,105,110,seed3,R2,1.15362369,0.35992946,0.11575972,0.66423731,0.30430786,0.71185047,True,
cd/490337,105,110,seed4,R2,0.32339496,0.35992946,0.11575972,0.66423731,0.30430786,0.10570135,True,
cd/490337,105,110,seed5,R2,0.57220577,0.35992946,0.11575972,0.66423731,0.30430786,0.67305206,True,
cd/490337,110,115,seed1,R2,0.02625533,0.567742,0.10001182,1.42221139,0.85446939,0.42460415,True,
cd/490337,110,115,seed2,R2,2.60826425,0.567742,0.10001182,1.42221139,0.85446939,3.21519583,True,
cd/490337,110,115,seed3,R2,2.03713947,0.567742,0.10001182,1.42221139,0.85446939,1.40066882,True,
cd/490337,110,115,seed4,R2,2.41472425,0.567742,0.10001182,1.42221139,0.85446939,1.45721506,True,
cd/490337,110,115,seed5,R2,0.52473274,0.567742,0.10001182,1.42221139,0.85446939,0.6133731,True,
cd/490337,115,120,seed1,R2,1.03616278,0.80934345,-0.4070917,2.8497497,2.04040624,1.84253434,True,
cd/490337,115,120,seed2,R2,6.01738746,0.80934345,-0.4070917,2.8497497,2.04040624,6.08885631,True,
cd/490337,115,120,seed3,R2,2.7504934,0.80934345,-0.4070917,2.8497497,2.04040624,3.54491832,True,
cd/490337,115,120,seed4,R2,2.31669688,0.80934345,-0.4070917,2.8497497,2.04040624,2.23031899,True,
cd/490337,115,120,seed5,R2,0.09254946,0.80934345,-0.4070917,2.8497497,2.04040624,0.54212052,True,
cd/490337,120,125,seed1,R2,1.40700086,0.93486275,-0.09890066,1.62927028,0.69440753,0.93596945,True,
cd/490337,120,125,seed2,R2,1.68218931,0.93486275,-0.09890066,1.62927028,0.69440753,2.01041602,True,
cd/490337,120,125,seed3,R2,1.49342237,0.93486275,-0.09890066,1.62927028,0.69440753,2.56684422,True,
cd/490337,120,125,seed4,R2,1.00169307,0.93486275,-0.09890066,1.62927028,0.69440753,0.58647818,True,
cd/490337,120,125,seed5,R2,2.06754252,0.93486275,-0.09890066,1.62927028,0.69440753,2.04664356,True,
cd/490338,105,110,seed1,R2,1.05960415,0.98612792,0.43684915,1.79715355,0.81102563,0.97504987,True,
cd/490338,105,110,seed2,R2,5.39870616,0.98612792,0.43684915,1.79715355,0.81102563,3.13774822,True,
cd/490338,105,110,seed3,R2,1.39667259,0.98612792,0.43684915,1.79715355,0.81102563,0.47738745,True,
cd/490338,105,110,seed4,R2,2.14980235,0.98612792,0.43684915,1.79715355,0.81102563,1.30296349,True,
cd/490338,105,110,seed5,R2,1.16522826,0.98612792,0.43684915,1.79715355,0.81102563,3.09261873,True,
cd/490338,110,115,seed1,R2,5.25393289,1.5524347,-0.1122013,4.03267426,2.48023956,4.78601832,True,
cd/490338,110,115,seed2,R2,5.92223847,1.5524347,-0.1122013,4.03267426,2.48023956,8.26857811,True,
cd/490338,110,115,seed3,R2,1.10198948,1.5524347,-0.1122013,4.03267426,2.48023956,1.30233158,True,
cd/490338,110,115,seed4,R2,6.01382378,1.5524347,-0.1122013,4.03267426,2.48023956,4.9114234,True,
cd/490338,110,115,seed5,R2,1.31038019,1.5524347,-0.1122013,4.03267426,2.48023956,0.8950199,True,
cd/490338,115,120,seed1,R2,18.57684994,2.020704,-0.68301654,9.27430466,7.25360065,13.51380802,True,
cd/490338,115,120,seed2,R2,7.51442716,2.020704,-0.68301654,9.27430466,7.25360065,8.88127184,True,
cd/490338,115,120,seed3,R2,3.91392933,2.020704,-0.68301654,9.27430466,7.25360065,6.50922578,True,
cd/490338,115,120,seed4,R2,3.80751739,2.020704,-0.68301654,9.27430466,7.25360065,5.88635874,True,
cd/490338,115,120,seed5,R2,9.14371678,2.020704,-0.68301654,9.27430466,7.25360065,11.58085891,True,
cd/490338,120,125,seed1,R2,5.70468377,1.86655074,0.08545127,6.83565195,4.96910121,6.02675667,True,
cd/490338,120,125,seed2,R2,6.63077939,1.86655074,0.08545127,6.83565195,4.96910121,6.77400944,True,
cd/490338,120,125,seed3,R2,5.23076895,1.86655074,0.08545127,6.83565195,4.96910121,5.51434416,True,
cd/490338,120,125,seed4,R2,3.49990197,1.86655074,0.08545127,6.83565195,4.96910121,4.9204385,True,
cd/490338,120,125,seed5,R2,13.53938203,1.86655074,0.08545127,6.83565195,4.96910121,10.94271101,True,
cd/490339,105,110,seed1,R2,1.07712153,0.44110585,0.10811189,1.19706101,0.75595516,1.29712091,True,
cd/490339,105,110,seed2,R2,3.63936316,0.44110585,0.10811189,1.19706101,0.75595516,3.6601615,True,
cd/490339,105,110,seed3,R2,0.38787134,0.44110585,0.10811189,1.19706101,0.75595516,0.01654037,True,
cd/490339,105,110,seed4,R2,0.70225645,0.44110585,0.10811189,1.19706101,0.75595516,0.84719213,True,
cd/490339,105,110,seed5,R2,0.719252,0.44110585,0.10811189,1.19706101,0.75595516,0.16429013,True,
cd/490339,110,115,seed1,R2,2.86112437,0.53380147,1.02700163,0.48787385,-0.04592762,0.67719024,True,
cd/490339,110,115,seed2,R2,0.51351941,0.53380147,1.02700163,0.48787385,-0.04592762,0.57574597,True,
cd/490339,110,115,seed3,R2,0.84777038,0.53380147,1.02700163,0.48787385,-0.04592762,0.16782459,True,
cd/490339,110,115,seed4,R2,2.8588198,0.53380147,1.02700163,0.48787385,-0.04592762,0.68024555,True,
cd/490339,110,115,seed5,R2,0.49314342,0.53380147,1.02700163,0.48787385,-0.04592762,0.33836289,True,
cd/490339,115,120,seed1,R2,0.33257988,0.64277785,0.45691184,0.17478598,-0.46799187,0.12614515,True,
cd/490339,115,120,seed2,R2,1.00230251,0.64277785,0.45691184,0.17478598,-0.46799187,0.33482921,True,
cd/490339,115,120,seed3,R2,0.92173576,0.64277785,0.45691184,0.17478598,-0.46799187,0.16394714,True,
cd/490339,115,120,seed4,R2,0.69013482,0.64277785,0.45691184,0.17478598,-0.46799187,0.08210755,True,
cd/490339,115,120,seed5,R2,0.21173611,0.64277785,0.45691184,0.17478598,-0.46799187,0.16690082,True,
cd/490339,120,125,seed1,R2,1.74410998,0.8648019,0.88854493,2.26066366,1.39586176,1.23906454,True,
cd/490339,120,125,seed2,R2,3.76981622,0.8648019,0.88854493,2.26066366,1.39586176,0.93942031,True,
cd/490339,120,125,seed3,R2,2.43557377,0.8648019,0.88854493,2.26066366,1.39586176,2.44434452,True,
cd/490339,120,125,seed4,R2,7.24356348,0.8648019,0.88854493,2.26066366,1.39586176,3.19557192,True,
cd/490339,120,125,seed5,R2,0.5529795,0.8648019,0.88854493,2.26066366,1.39586176,3.48491702,True,
cd/490340,105,110,seed1,R2,0.65281616,0.4719832,0.40814268,0.64434894,0.17236574,0.23366717,True,
cd/490340,105,110,seed2,R2,2.44613499,0.4719832,0.40814268,0.64434894,0.17236574,0.91322505,True,
cd/490340,105,110,seed3,R2,1.30518655,0.4719832,0.40814268,0.64434894,0.17236574,0.2862016,True,
cd/490340,105,110,seed4,R2,0.28744602,0.4719832,0.40814268,0.64434894,0.17236574,1.77944542,True,
cd/490340,105,110,seed5,R2,0.57087438,0.4719832,0.40814268,0.64434894,0.17236574,0.00920544,True,
cd/490340,110,115,seed1,R2,1.05345461,0.49344241,0.11581019,2.9180671,2.42462469,1.8032363,True,
cd/490340,110,115,seed2,R2,3.922326,0.49344241,0.11581019,2.9180671,2.42462469,2.56286657,True,
cd/490340,110,115,seed3,R2,3.34008878,0.49344241,0.11581019,2.9180671,2.42462469,3.21890017,True,
cd/490340,110,115,seed4,R2,6.54415792,0.49344241,0.11581019,2.9180671,2.42462469,6.21982822,True,
cd/490340,110,115,seed5,R2,0.3093591,0.49344241,0.11581019,2.9180671,2.42462469,0.78550422,True,
cd/490340,115,120,seed1,R2,1.2540831,0.54576904,-0.29651084,3.38680952,2.84104048,1.08591236,True,
cd/490340,115,120,seed2,R2,1.37047034,0.54576904,-0.29651084,3.38680952,2.84104048,0.87445361,True,
cd/490340,115,120,seed3,R2,7.33729052,0.54576904,-0.29651084,3.38680952,2.84104048,8.01847122,True,
cd/490340,115,120,seed4,R2,3.22209084,0.54576904,-0.29651084,3.38680952,2.84104048,5.6496791,True,
cd/490340,115,120,seed5,R2,2.26755863,0.54576904,-0.29651084,3.38680952,2.84104048,1.30553132,True,
cd/490340,120,125,seed1,R2,0.63172984,0.47705621,0.22380275,0.83762814,0.36057193,0.06595895,True,
cd/490340,120,125,seed2,R2,0.35377284,0.47705621,0.22380275,0.83762814,0.36057193,1.36802865,True,
cd/490340,120,125,seed3,R2,2.21095133,0.47705621,0.22380275,0.83762814,0.36057193,1.13127942,True,
cd/490340,120,125,seed4,R2,2.03864467,0.47705621,0.22380275,0.83762814,0.36057193,1.19727465,True,
cd/490340,120,125,seed5,R2,0.07205574,0.47705621,0.22380275,0.83762814,0.36057193,0.42559903,True,
cd/490341,105,110,seed1,R2,5.16793633,1.33447085,2.00938721,3.02041582,1.68594497,1.24409319,True,
cd/490341,105,110,seed2,R2,6.5331401,1.33447085,2.00938721,3.02041582,1.68594497,5.35925962,True,
cd/490341,105,110,seed3,R2,3.80795025,1.33447085,2.00938721,3.02041582,1.68594497,1.8902404,True,
cd/490341,105,110,seed4,R2,6.09172607,1.33447085,2.00938721,3.02041582,1.68594497,2.71847307,True,
cd/490341,105,110,seed5,R2,3.54826244,1.33447085,2.00938721,3.02041582,1.68594497,3.89001284,True,
cd/490341,110,115,seed1,R2,3.01072268,1.7726604,-0.66691287,6.64786922,4.87520881,4.15944581,True,
cd/490341,110,115,seed2,R2,10.75424338,1.7726604,-0.66691287,6.64786922,4.87520881,10.48434297,True,
cd/490341,110,115,seed3,R2,7.27445185,1.7726604,-0.66691287,6.64786922,4.87520881,7.89521787,True,
cd/490341,110,115,seed4,R2,6.89534058,1.7726604,-0.66691287,6.64786922,4.87520881,7.2620726,True,
cd/490341,110,115,seed5,R2,1.97002323,1.7726604,-0.66691287,6.64786922,4.87520881,3.43826682,True,
cd/490341,115,120,seed1,R2,2.92507881,1.87647785,0.39511812,4.81969248,2.94321463,2.36858093,True,
cd/490341,115,120,seed2,R2,7.0019357,1.87647785,0.39511812,4.81969248,2.94321463,9.2240837,True,
cd/490341,115,120,seed3,R2,5.24999667,1.87647785,0.39511812,4.81969248,2.94321463,4.2962137,True,
cd/490341,115,120,seed4,R2,8.09498549,1.87647785,0.39511812,4.81969248,2.94321463,4.64646447,True,
cd/490341,115,120,seed5,R2,2.80205633,1.87647785,0.39511812,4.81969248,2.94321463,3.56311958,True,
cd/490341,120,125,seed1,R2,3.6768665,1.97955788,0.91900614,2.43209945,0.45254157,2.2723091,True,
cd/490341,120,125,seed2,R2,3.64754416,1.97955788,0.91900614,2.43209945,0.45254157,1.94462163,True,
cd/490341,120,125,seed3,R2,4.38827243,1.97955788,0.91900614,2.43209945,0.45254157,2.95903331,True,
cd/490341,120,125,seed4,R2,3.10944206,1.97955788,0.91900614,2.43209945,0.45254157,4.42490238,True,
cd/490341,120,125,seed5,R2,1.93340281,1.97955788,0.91900614,2.43209945,0.45254157,0.55963083,True,
cd/490342,105,110,seed1,R2,23.31958669,0.5128326,1.64839897,4.49754518,3.98471259,15.00307329,True,
cd/490342,105,110,seed2,R2,1.56417693,0.5128326,1.64839897,4.49754518,3.98471259,1.62863294,True,
cd/490342,105,110,seed3,R2,1.00410994,0.5128326,1.64839897,4.49754518,3.98471259,0.7994074,True,
cd/490342,105,110,seed4,R2,2.99358342,0.5128326,1.64839897,4.49754518,3.98471259,4.84867346,True,
cd/490342,105,110,seed5,R2,1.8482638,0.5128326,1.64839897,4.49754518,3.98471259,0.20793881,True,
cd/490342,110,115,seed1,R2,6.68313659,0.80449232,-0.37286819,3.64147947,2.83698715,6.52837606,True,
cd/490342,110,115,seed2,R2,1.93835138,0.80449232,-0.37286819,3.64147947,2.83698715,1.23705616,True,
cd/490342,110,115,seed3,R2,2.76916704,0.80449232,-0.37286819,3.64147947,2.83698715,2.95838842,True,
cd/490342,110,115,seed4,R2,4.62842921,0.80449232,-0.37286819,3.64147947,2.83698715,7.360769,True,
cd/490342,110,115,seed5,R2,0.32397216,0.80449232,-0.37286819,3.64147947,2.83698715,0.1228077,True,
cd/490342,115,120,seed1,R2,0.56096752,1.2690856,0.40540225,2.84210539,1.57301979,0.39598582,True,
cd/490342,115,120,seed2,R2,6.9901957,1.2690856,0.40540225,2.84210539,1.57301979,5.42129471,True,
cd/490342,115,120,seed3,R2,2.16704947,1.2690856,0.40540225,2.84210539,1.57301979,2.84786201,True,
cd/490342,115,120,seed4,R2,3.7906032,1.2690856,0.40540225,2.84210539,1.57301979,4.3611149,True,
cd/490342,115,120,seed5,R2,2.72872234,1.2690856,0.40540225,2.84210539,1.57301979,1.18426952,True,
cd/490342,120,125,seed1,R2,1.0586417,1.09029612,0.75041809,2.17417024,1.08387412,1.21105561,True,
cd/490342,120,125,seed2,R2,3.64212022,1.09029612,0.75041809,2.17417024,1.08387412,3.4645805,True,
cd/490342,120,125,seed3,R2,2.26787891,1.09029612,0.75041809,2.17417024,1.08387412,2.64644901,True,
cd/490342,120,125,seed4,R2,3.9853347,1.09029612,0.75041809,2.17417024,1.08387412,2.62944958,True,
cd/490342,120,125,seed5,R2,3.6689661,1.09029612,0.75041809,2.17417024,1.08387412,0.9193165,True,
cd/490343,105,110,seed1,R2,1.18396093,0.78333847,0.42495068,1.18916286,0.40582439,0.63370224,True,
cd/490343,105,110,seed2,R2,3.66670061,0.78333847,0.42495068,1.18916286,0.40582439,2.63936154,True,
cd/490343,105,110,seed3,R2,0.6354548,0.78333847,0.42495068,1.18916286,0.40582439,0.90350028,True,
cd/490343,105,110,seed4,R2,1.7234799,0.78333847,0.42495068,1.18916286,0.40582439,1.39550763,True,
cd/490343,105,110,seed5,R2,0.86097144,0.78333847,0.42495068,1.18916286,0.40582439,0.3737426,True,
cd/490343,110,115,seed1,R2,1.11585829,0.9152629,0.28481517,1.10597804,0.19071514,0.52247152,True,
cd/490343,110,115,seed2,R2,0.90212362,0.9152629,0.28481517,1.10597804,0.19071514,1.0011566,True,
cd/490343,110,115,seed3,R2,0.77507113,0.9152629,0.28481517,1.10597804,0.19071514,1.13525376,True,
cd/490343,110,115,seed4,R2,3.52536625,0.9152629,0.28481517,1.10597804,0.19071514,1.97418159,True,
cd/490343,110,115,seed5,R2,0.63554672,0.9152629,0.28481517,1.10597804,0.19071514,0.89682672,True,
cd/490343,115,120,seed1,R2,7.82869066,1.25569496,1.26834429,3.25666061,2.00096565,3.44563818,True,
cd/490343,115,120,seed2,R2,2.68486285,1.25569496,1.26834429,3.25666061,2.00096565,2.47453256,True,
cd/490343,115,120,seed3,R2,4.69010113,1.25569496,1.26834429,3.25666061,2.00096565,2.9367215,True,
cd/490343,115,120,seed4,R2,6.74112152,1.25569496,1.26834429,3.25666061,2.00096565,4.00728983,True,
cd/490343,115,120,seed5,R2,0.68024833,1.25569496,1.26834429,3.25666061,2.00096565,3.41912098,True,
cd/490343,120,125,seed1,R2,3.5952906,1.56370036,1.31646343,4.76559424,3.20189388,2.46436411,True,
cd/490343,120,125,seed2,R2,11.86015021,1.56370036,1.31646343,4.76559424,3.20189388,7.52520441,True,
cd/490343,120,125,seed3,R2,6.47189793,1.56370036,1.31646343,4.76559424,3.20189388,3.28206807,True,
cd/490343,120,125,seed4,R2,3.18773727,1.56370036,1.31646343,4.76559424,3.20189388,2.36510963,True,
cd/490343,120,125,seed5,R2,5.29521232,1.56370036,1.31646343,4.76559424,3.20189388,8.19122497,True,
cd/490344,105,110,seed1,R2,2.46470034,0.32340615,-0.21130312,1.19974361,0.87633746,2.45451229,True,
cd/490344,105,110,seed2,R2,0.54907759,0.32340615,-0.21130312,1.19974361,0.87633746,1.02895764,True,
cd/490344,105,110,seed3,R2,0.51011453,0.32340615,-0.21130312,1.19974361,0.87633746,0.97531017,True,
cd/490344,105,110,seed4,R2,1.2021601,0.32340615,-0.21130312,1.19974361,0.87633746,1.07486421,True,
cd/490344,105,110,seed5,R2,0.2161499,0.32340615,-0.21130312,1.19974361,0.87633746,0.46507373,True,
cd/490344,110,115,seed1,R2,0.94986423,0.26737053,0.05933606,0.4081383,0.14076776,0.49293283,True,
cd/490344,110,115,seed2,R2,0.12818864,0.26737053,0.05933606,0.4081383,0.14076776,0.00061136,True,
cd/490344,110,115,seed3,R2,0.00297197,0.26737053,0.05933606,0.4081383,0.14076776,0.15511676,True,
cd/490344,110,115,seed4,R2,0.86934697,0.26737053,0.05933606,0.4081383,0.14076776,0.39925963,True,
cd/490344,110,115,seed5,R2,0.38699995,0.26737053,0.05933606,0.4081383,0.14076776,0.9927709,True,
cd/490344,115,120,seed1,R2,0.10219355,0.26621584,0.41606671,0.22782055,-0.03839529,0.32428351,True,
cd/490344,115,120,seed2,R2,0.53443717,0.26621584,0.41606671,0.22782055,-0.03839529,0.40150683,True,
cd/490344,115,120,seed3,R2,0.81706204,0.26621584,0.41606671,0.22782055,-0.03839529,0.06852389,True,
cd/490344,115,120,seed4,R2,1.31527226,0.26621584,0.41606671,0.22782055,-0.03839529,0.32773428,True,
cd/490344,115,120,seed5,R2,0.45047132,0.26621584,0.41606671,0.22782055,-0.03839529,0.01705427,True,
cd/490344,120,125,seed1,R2,0.20496591,0.25523413,-0.09991484,0.79352298,0.53828885,0.18362588,True,
cd/490344,120,125,seed2,R2,1.90090576,0.25523413,-0.09991484,0.79352298,0.53828885,1.74995546,True,
cd/490344,120,125,seed3,R2,0.20421309,0.25523413,-0.09991484,0.79352298,0.53828885,0.37680382,True,
cd/490344,120,125,seed4,R2,1.05111083,0.25523413,-0.09991484,0.79352298,0.53828885,1.50408135,True,
cd/490344,120,125,seed5,R2,0.10684512,0.25523413,-0.09991484,0.79352298,0.53828885,0.15314841,True,
cd/490347,105,110,seed1,R2,5.19832552,0.87161497,-0.15854614,3.51812871,2.64651374,3.36387929,True,
cd/490347,105,110,seed2,R2,4.07370783,0.87161497,-0.15854614,3.51812871,2.64651374,8.88732292,True,
cd/490347,105,110,seed3,R2,0.75183157,0.87161497,-0.15854614,3.51812871,2.64651374,1.44670596,True,
cd/490347,105,110,seed4,R2,1.93982735,0.87161497,-0.15854614,3.51812871,2.64651374,0.73032662,True,
cd/490347,105,110,seed5,R2,4.83422059,0.87161497,-0.15854614,3.51812871,2.64651374,3.16240876,True,
cd/490347,110,115,seed1,R2,4.44523215,1.16424746,0.35313826,2.8419865,1.67773904,3.21402598,True,
cd/490347,110,115,seed2,R2,2.28089804,1.16424746,0.35313826,2.8419865,1.67773904,2.96222343,True,
cd/490347,110,115,seed3,R2,1.8731691,1.16424746,0.35313826,2.8419865,1.67773904,1.64781229,True,
cd/490347,110,115,seed4,R2,1.17004452,1.16424746,0.35313826,2.8419865,1.67773904,1.16790778,True,
cd/490347,110,115,seed5,R2,6.20627998,1.16424746,0.35313826,2.8419865,1.67773904,5.21796303,True,
cd/490347,115,120,seed1,R2,1.33511517,1.11898177,0.09040552,2.03185522,0.91287345,0.51149844,True,
cd/490347,115,120,seed2,R2,1.54208274,1.11898177,0.09040552,2.03185522,0.91287345,2.87500807,True,
cd/490347,115,120,seed3,R2,0.4709365,1.11898177,0.09040552,2.03185522,0.91287345,0.6004208,True,
cd/490347,115,120,seed4,R2,2.46046125,1.11898177,0.09040552,2.03185522,0.91287345,2.61325689,True,
cd/490347,115,120,seed5,R2,4.80270805,1.11898177,0.09040552,2.03185522,0.91287345,3.5590919,True,
cd/490347,120,125,seed1,R2,1.66723351,1.25112693,0.59950629,2.03260822,0.78148129,1.04094156,True,
cd/490347,120,125,seed2,R2,3.05478471,1.25112693,0.59950629,2.03260822,0.78148129,1.58269566,True,
cd/490347,120,125,seed3,R2,3.18787166,1.25112693,0.59950629,2.03260822,0.78148129,2.39816466,True,
cd/490347,120,125,seed4,R2,4.21846558,1.25112693,0.59950629,2.03260822,0.78148129,2.26192283,True,
cd/490347,120,125,seed5,R2,1.03221712,1.25112693,0.59950629,2.03260822,0.78148129,2.87931641,True,
cd/490348,105,110,seed1,R2,0.65580861,0.37593858,0.14897254,0.51812186,0.14218328,0.27665439,True,
cd/490348,105,110,seed2,R2,1.1428732,0.37593858,0.14897254,0.51812186,0.14218328,0.54521407,True,
cd/490348,105,110,seed3,R2,0.58084415,0.37593858,0.14897254,0.51812186,0.14218328,0.24334518,True,
cd/490348,105,110,seed4,R2,0.87529614,0.37593858,0.14897254,0.51812186,0.14218328,0.91571638,True,
cd/490348,105,110,seed5,R2,0.08064992,0.37593858,0.14897254,0.51812186,0.14218328,0.60967927,True,
cd/490348,110,115,seed1,R2,0.25732068,0.4288055,-0.04436673,2.12105784,1.69225235,1.09844258,True,
cd/490348,110,115,seed2,R2,1.99385325,0.4288055,-0.04436673,2.12105784,1.69225235,1.94601542,True,
cd/490348,110,115,seed3,R2,1.26503004,0.4288055,-0.04436673,2.12105784,1.69225235,0.53374674,True,
cd/490348,110,115,seed4,R2,2.18195216,0.4288055,-0.04436673,2.12105784,1.69225235,3.89182166,True,
cd/490348,110,115,seed5,R2,4.68529942,0.4288055,-0.04436673,2.12105784,1.69225235,3.13526283,True,
cd/490348,115,120,seed1,R2,0.61141763,0.71325679,0.04075859,2.25249923,1.53924243,0.9005021,True,
cd/490348,115,120,seed2,R2,5.36647517,0.71325679,0.04075859,2.25249923,1.53924243,6.03029936,True,
cd/490348,115,120,seed3,R2,3.88688955,0.71325679,0.04075859,2.25249923,1.53924243,3.25126137,True,
cd/490348,115,120,seed4,R2,0.52271491,0.71325679,0.04075859,2.25249923,1.53924243,0.67743302,True,
cd/490348,115,120,seed5,R2,1.07879183,0.71325679,0.04075859,2.25249923,1.53924243,0.40300028,True,
cd/490348,120,125,seed1,R2,0.84854012,0.79311288,-0.32921123,2.94030237,2.14718949,2.51752284,True,
cd/490348,120,125,seed2,R2,5.88158228,0.79311288,-0.32921123,2.94030237,2.14718949,5.27109936,True,
cd/490348,120,125,seed3,R2,5.20868555,0.79311288,-0.32921123,2.94030237,2.14718949,4.7755104,True,
cd/490348,120,125,seed4,R2,0.62173848,0.79311288,-0.32921123,2.94030237,2.14718949,0.76681676,True,
cd/490348,120,125,seed5,R2,0.49490927,0.79311288,-0.32921123,2.94030237,2.14718949,1.37056249,True,
cd/490351,105,110,seed1,R2,21.10931989,1.14926573,3.01785563,4.14728999,2.99802426,9.56214661,True,
cd/490351,105,110,seed2,R2,6.66751368,1.14926573,3.01785563,4.14728999,2.99802426,3.6606223,True,
cd/490351,105,110,seed3,R2,5.62893476,1.14926573,3.01785563,4.14728999,2.99802426,1.72898214,True,
cd/490351,105,110,seed4,R2,1.11433655,1.14926573,3.01785563,4.14728999,2.99802426,3.25121581,True,
cd/490351,105,110,seed5,R2,1.30562321,1.14926573,3.01785563,4.14728999,2.99802426,2.5334831,True,
cd/490351,110,115,seed1,R2,6.01041125,1.52942006,0.88375268,2.55958494,1.03016488,3.64363613,True,
cd/490351,110,115,seed2,R2,5.19870032,1.52942006,0.88375268,2.55958494,1.03016488,3.31069059,True,
cd/490351,110,115,seed3,R2,2.96202865,1.52942006,0.88375268,2.55958494,1.03016488,0.44319243,True,
cd/490351,110,115,seed4,R2,1.30285795,1.52942006,0.88375268,2.55958494,1.03016488,1.68971268,True,
cd/490351,110,115,seed5,R2,1.7426899,1.52942006,0.88375268,2.55958494,1.03016488,3.71069285,True,
cd/490351,115,120,seed1,R2,7.87946059,1.57254964,0.84483169,3.00455717,1.43200753,5.11108143,True,
cd/490351,115,120,seed2,R2,3.02063962,1.57254964,0.84483169,3.00455717,1.43200753,3.7500077,True,
cd/490351,115,120,seed3,R2,2.11736317,1.57254964,0.84483169,3.00455717,1.43200753,1.69985051,True,
cd/490351,115,120,seed4,R2,1.76237425,1.57254964,0.84483169,3.00455717,1.43200753,1.95073664,True,
cd/490351,115,120,seed5,R2,4.46710667,1.57254964,0.84483169,3.00455717,1.43200753,2.51110955,True,
cd/490351,120,125,seed1,R2,2.47309442,1.6322455,0.48282018,3.96349404,2.33124854,0.84926617,True,
cd/490351,120,125,seed2,R2,1.29680872,1.6322455,0.48282018,3.96349404,2.33124854,1.37637168,True,
cd/490351,120,125,seed3,R2,5.90657085,1.6322455,0.48282018,3.96349404,2.33124854,5.58259549,True,
cd/490351,120,125,seed4,R2,5.88791148,1.6322455,0.48282018,3.96349404,2.33124854,4.35461761,True,
cd/490351,120,125,seed5,R2,6.66718559,1.6322455,0.48282018,3.96349404,2.33124854,7.65461923,True,
cd/490352,105,110,seed1,R2,1.6159556,1.07475611,0.10356462,1.03603304,-0.03872307,1.34058857,True,
cd/490352,105,110,seed2,R2,0.51153502,1.07475611,0.10356462,1.03603304,-0.03872307,1.20844289,True,
cd/490352,105,110,seed3,R2,1.13340646,1.07475611,0.10356462,1.03603304,-0.03872307,0.81634633,True,
cd/490352,105,110,seed4,R2,1.55402106,1.07475611,0.10356462,1.03603304,-0.03872307,1.48129912,True,
cd/490352,105,110,seed5,R2,0.88307016,1.07475611,0.10356462,1.03603304,-0.03872307,0.33348829,True,
cd/490352,110,115,seed1,R2,3.09517125,1.1026206,-0.18738521,3.4679647,2.3653441,5.0001667,True,
cd/490352,110,115,seed2,R2,6.15001815,1.1026206,-0.18738521,3.4679647,2.3653441,6.2951214,True,
cd/490352,110,115,seed3,R2,2.32605149,1.1026206,-0.18738521,3.4679647,2.3653441,2.4521151,True,
cd/490352,110,115,seed4,R2,4.00177535,1.1026206,-0.18738521,3.4679647,2.3653441,2.48752332,True,
cd/490352,110,115,seed5,R2,0.82988124,1.1026206,-0.18738521,3.4679647,2.3653441,1.104897,True,
cd/490352,115,120,seed1,R2,1.97209441,1.22075201,-0.34843936,3.2122948,1.99154279,4.36883125,True,
cd/490352,115,120,seed2,R2,0.65932013,1.22075201,-0.34843936,3.2122948,1.99154279,1.52691416,True,
cd/490352,115,120,seed3,R2,6.71852616,1.22075201,-0.34843936,3.2122948,1.99154279,5.75931087,True,
cd/490352,115,120,seed4,R2,3.61382642,1.22075201,-0.34843936,3.2122948,1.99154279,3.08260574,True,
cd/490352,115,120,seed5,R2,1.35551009,1.22075201,-0.34843936,3.2122948,1.99154279,1.32381199,True,
cd/490352,120,125,seed1,R2,1.21645384,1.36605756,0.02351762,1.64805299,0.28199542,2.75639966,True,
cd/490352,120,125,seed2,R2,0.94011809,1.36605756,0.02351762,1.64805299,0.28199542,0.30611108,True,
cd/490352,120,125,seed3,R2,2.05699373,1.36605756,0.02351762,1.64805299,0.28199542,1.3827284,True,
cd/490352,120,125,seed4,R2,0.39612294,1.36605756,0.02351762,1.64805299,0.28199542,0.41195504,True,
cd/490352,120,125,seed5,R2,3.74816444,1.36605756,0.02351762,1.64805299,0.28199542,3.38307076,True,
cd/490353,105,110,seed1,R2,0.6463778,0.68379728,0.44184262,1.1950722,0.51127492,1.77386213,True,
cd/490353,105,110,seed2,R2,2.94695018,0.68379728,0.44184262,1.1950722,0.51127492,1.26169763,True,
cd/490353,105,110,seed3,R2,2.55986223,0.68379728,0.44184262,1.1950722,0.51127492,1.05436757,True,
cd/490353,105,110,seed4,R2,0.68882293,0.68379728,0.44184262,1.1950722,0.51127492,0.56883526,True,
cd/490353,105,110,seed5,R2,1.34256098,0.68379728,0.44184262,1.1950722,0.51127492,1.31659841,True,
cd/490353,110,115,seed1,R2,5.22218893,0.75635321,-0.20246159,2.40540781,1.64905461,4.79460836,True,
cd/490353,110,115,seed2,R2,0.64367961,0.75635321,-0.20246159,2.40540781,1.64905461,0.44028342,True,
cd/490353,110,115,seed3,R2,0.3639449,0.75635321,-0.20246159,2.40540781,1.64905461,0.29196272,True,
cd/490353,110,115,seed4,R2,3.34950549,0.75635321,-0.20246159,2.40540781,1.64905461,5.79597844,True,
cd/490353,110,115,seed5,R2,1.43541221,0.75635321,-0.20246159,2.40540781,1.64905461,0.70420612,True,
cd/490353,115,120,seed1,R2,2.33574172,0.98676912,1.38261711,3.02479974,2.03803062,4.56232941,True,
cd/490353,115,120,seed2,R2,4.67004357,0.98676912,1.38261711,3.02479974,2.03803062,1.75633398,True,
cd/490353,115,120,seed3,R2,0.68709843,0.98676912,1.38261711,3.02479974,2.03803062,1.51889086,True,
cd/490353,115,120,seed4,R2,11.9254779,0.98676912,1.38261711,3.02479974,2.03803062,6.01708905,True,
cd/490353,115,120,seed5,R2,2.41872262,0.98676912,1.38261711,3.02479974,2.03803062,1.2693554,True,
cd/490353,120,125,seed1,R2,3.39281879,1.20212715,0.952331,2.8661013,1.66397416,2.67888508,True,
cd/490353,120,125,seed2,R2,7.95936153,1.20212715,0.952331,2.8661013,1.66397416,4.88937772,True,
cd/490353,120,125,seed3,R2,0.26619367,1.20212715,0.952331,2.8661013,1.66397416,1.99429296,True,
cd/490353,120,125,seed4,R2,3.58797144,1.20212715,0.952331,2.8661013,1.66397416,4.04987003,True,
cd/490353,120,125,seed5,R2,3.88581608,1.20212715,0.952331,2.8661013,1.66397416,0.71808074,True,
cd/490354,105,110,seed1,R2,4.52378138,1.6712802,1.7508513,3.7610764,2.0897962,1.82009325,True,
cd/490354,105,110,seed2,R2,11.14032459,1.6712802,1.7508513,3.7610764,2.0897962,8.8164943,True,
cd/490354,105,110,seed3,R2,5.56440773,1.6712802,1.7508513,3.7610764,2.0897962,3.8784208,True,
cd/490354,105,110,seed4,R2,1.7249295,1.6712802,1.7508513,3.7610764,2.0897962,2.275074,True,
cd/490354,105,110,seed5,R2,4.60619531,1.6712802,1.7508513,3.7610764,2.0897962,2.01529966,True,
cd/490354,110,115,seed1,R2,8.13484272,2.14198229,0.0187685,8.66464691,6.52266462,7.83222574,True,
cd/490354,110,115,seed2,R2,19.66382735,2.14198229,0.0187685,8.66464691,6.52266462,15.19298535,True,
cd/490354,110,115,seed3,R2,3.88845839,2.14198229,0.0187685,8.66464691,6.52266462,6.9558963,True,
cd/490354,110,115,seed4,R2,3.33500754,2.14198229,0.0187685,8.66464691,6.52266462,7.16608099,True,
cd/490354,110,115,seed5,R2,8.39494107,2.14198229,0.0187685,8.66464691,6.52266462,6.17604619,True,
cd/490354,115,120,seed1,R2,9.64321219,2.26226621,-1.12281885,9.6898701,7.42760389,10.00100629,True,
cd/490354,115,120,seed2,R2,8.74008856,2.26226621,-1.12281885,9.6898701,7.42760389,14.00015685,True,
cd/490354,115,120,seed3,R2,7.6066572,2.26226621,-1.12281885,9.6898701,7.42760389,5.71596176,True,
cd/490354,115,120,seed4,R2,6.66496598,2.26226621,-1.12281885,9.6898701,7.42760389,5.23878047,True,
cd/490354,115,120,seed5,R2,10.18033234,2.26226621,-1.12281885,9.6898701,7.42760389,13.49344513,True,
cd/490354,120,125,seed1,R2,11.05457223,2.15179821,-1.29628461,9.70154332,7.54974511,15.61414228,True,
cd/490354,120,125,seed2,R2,4.61969052,2.15179821,-1.29628461,9.70154332,7.54974511,5.47018533,True,
cd/490354,120,125,seed3,R2,5.09039462,2.15179821,-1.29628461,9.70154332,7.54974511,4.83809864,True,
cd/490354,120,125,seed4,R2,4.11729108,2.15179821,-1.29628461,9.70154332,7.54974511,5.04616976,True,
cd/490354,120,125,seed5,R2,17.14434507,2.15179821,-1.29628461,9.70154332,7.54974511,17.53912057,True,
cd/490356,105,110,seed1,R2,4.39991351,0.56205923,0.00674724,2.08269356,1.52063434,4.08694863,True,
cd/490356,105,110,seed2,R2,1.81301136,0.56205923,0.00674724,2.08269356,1.52063434,1.06762114,True,
cd/490356,105,110,seed3,R2,1.21535535,0.56205923,0.00674724,2.08269356,1.52063434,1.1388331,True,
cd/490356,105,110,seed4,R2,1.64458967,0.56205923,0.00674724,2.08269356,1.52063434,2.53279838,True,
cd/490356,105,110,seed5,R2,1.37433414,0.56205923,0.00674724,2.08269356,1.52063434,1.58726657,True,
cd/490356,110,115,seed1,R2,2.5184081,0.88601073,1.00732846,2.95393797,2.06792724,2.16898117,True,
cd/490356,110,115,seed2,R2,3.63902214,0.88601073,1.00732846,2.95393797,2.06792724,2.65877679,True,
cd/490356,110,115,seed3,R2,1.64769406,0.88601073,1.00732846,2.95393797,2.06792724,0.42831029,True,
cd/490356,110,115,seed4,R2,9.47487702,0.88601073,1.00732846,2.95393797,2.06792724,6.07996411,True,
cd/490356,110,115,seed5,R2,2.52633082,0.88601073,1.00732846,2.95393797,2.06792724,3.4336575,True,
cd/490356,115,120,seed1,R2,3.36795119,1.22954221,0.32451248,2.99932251,1.76978029,4.46846943,True,
cd/490356,115,120,seed2,R2,2.7220453,1.22954221,0.32451248,2.99932251,1.76978029,1.60110557,True,
cd/490356,115,120,seed3,R2,0.45743529,1.22954221,0.32451248,2.99932251,1.76978029,0.36060058,True,
cd/490356,115,120,seed4,R2,6.75117468,1.22954221,0.32451248,2.99932251,1.76978029,7.45817373,True,
cd/490356,115,120,seed5,R2,3.32056847,1.22954221,0.32451248,2.99932251,1.76978029,1.10826322,True,
cd/490356,120,125,seed1,R2,4.63871253,1.33186105,1.17745096,2.50925749,1.17739644,2.38475819,True,
cd/490356,120,125,seed2,R2,5.88323991,1.33186105,1.17745096,2.50925749,1.17739644,4.01919998,True,
cd/490356,120,125,seed3,R2,0.55202913,1.33186105,1.17745096,2.50925749,1.17739644,1.30244548,True,
cd/490356,120,125,seed4,R2,3.74151588,1.33186105,1.17745096,2.50925749,1.17739644,1.48847211,True,
cd/490356,120,125,seed5,R2,3.61804483,1.33186105,1.17745096,2.50925749,1.17739644,3.35141171,True,
cd/490357,105,110,seed1,R2,0.20737766,0.25159785,-0.06013975,0.42151868,0.16992082,0.2161552,True,
cd/490357,105,110,seed2,R2,0.45183873,0.25159785,-0.06013975,0.42151868,0.16992082,0.36771244,True,
cd/490357,105,110,seed3,R2,0.42687691,0.25159785,-0.06013975,0.42151868,0.16992082,0.50731574,True,
cd/490357,105,110,seed4,R2,0.66441161,0.25159785,-0.06013975,0.42151868,0.16992082,0.89908411,True,
cd/490357,105,110,seed5,R2,0.05638975,0.25159785,-0.06013975,0.42151868,0.16992082,0.11732589,True,
cd/490357,110,115,seed1,R2,1.45061603,0.41516214,-0.08907992,0.85474614,0.439584,1.60171481,True,
cd/490357,110,115,seed2,R2,0.29150697,0.41516214,-0.08907992,0.85474614,0.439584,0.38671247,True,
cd/490357,110,115,seed3,R2,0.97821785,0.41516214,-0.08907992,0.85474614,0.439584,1.0229498,True,
cd/490357,110,115,seed4,R2,0.65000521,0.41516214,-0.08907992,0.85474614,0.439584,1.04269771,True,
cd/490357,110,115,seed5,R2,0.45798503,0.41516214,-0.08907992,0.85474614,0.439584,0.2196559,True,
cd/490357,115,120,seed1,R2,0.94079344,0.53996422,-0.04547994,0.61061689,0.07065267,0.89098583,True,
cd/490357,115,120,seed2,R2,0.57012344,0.53996422,-0.04547994,0.61061689,0.07065267,0.93263364,True,
cd/490357,115,120,seed3,R2,0.74231957,0.53996422,-0.04547994,0.61061689,0.07065267,0.81495696,True,
cd/490357,115,120,seed4,R2,0.12251142,0.53996422,-0.04547994,0.61061689,0.07065267,0.03885771,True,
cd/490357,115,120,seed5,R2,0.44993687,0.53996422,-0.04547994,0.61061689,0.07065267,0.37565028,True,
cd/490357,120,125,seed1,R2,0.0930531,0.60437937,1.44364504,1.35740839,0.75302902,1.80536197,True,
cd/490357,120,125,seed2,R2,2.25621559,0.60437937,1.44364504,1.35740839,0.75302902,0.59797831,True,
cd/490357,120,125,seed3,R2,3.21395191,0.60437937,1.44364504,1.35740839,0.75302902,0.93704711,True,
cd/490357,120,125,seed4,R2,4.73316817,0.60437937,1.44364504,1.35740839,0.75302902,2.68293758,True,
cd/490357,120,125,seed5,R2,3.70887837,0.60437937,1.44364504,1.35740839,0.75302902,0.76371697,True,
cd/490360,105,110,seed1,R2,2.08759372,0.96117799,-0.48026572,4.72505642,3.76387843,1.36057237,True,
cd/490360,105,110,seed2,R2,1.04319864,0.96117799,-0.48026572,4.72505642,3.76387843,0.23804074,True,
cd/490360,105,110,seed3,R2,0.56820816,0.96117799,-0.48026572,4.72505642,3.76387843,1.30767541,True,
cd/490360,105,110,seed4,R2,5.30260344,0.96117799,-0.48026572,4.72505642,3.76387843,6.27795871,True,
cd/490360,105,110,seed5,R2,12.22234953,0.96117799,-0.48026572,4.72505642,3.76387843,14.44103485,True,
cd/490360,110,115,seed1,R2,0.48695333,1.28155884,-0.17146061,1.8727498,0.59119096,0.55220143,True,
cd/490360,110,115,seed2,R2,1.28424299,1.28155884,-0.17146061,1.8727498,0.59119096,0.7037912,True,
cd/490360,110,115,seed3,R2,1.1331627,1.28155884,-0.17146061,1.8727498,0.59119096,2.13892867,True,
cd/490360,110,115,seed4,R2,4.12913172,1.28155884,-0.17146061,1.8727498,0.59119096,4.43179318,True,
cd/490360,110,115,seed5,R2,1.47295521,1.28155884,-0.17146061,1.8727498,0.59119096,1.53703452,True,
cd/490360,115,120,seed1,R2,5.30032174,1.61838151,-0.62051629,4.00087175,2.38249024,5.51804894,True,
cd/490360,115,120,seed2,R2,5.33555431,1.61838151,-0.62051629,4.00087175,2.38249024,5.34300842,True,
cd/490360,115,120,seed3,R2,2.01072244,1.61838151,-0.62051629,4.00087175,2.38249024,3.07651371,True,
cd/490360,115,120,seed4,R2,2.16393674,1.61838151,-0.62051629,4.00087175,2.38249024,3.42551359,True,
cd/490360,115,120,seed5,R2,2.09124207,1.61838151,-0.62051629,4.00087175,2.38249024,2.6412741,True,
cd/490360,120,125,seed1,R2,4.58753923,1.68708642,0.2156189,4.90996469,3.22287827,2.9961894,True,
cd/490360,120,125,seed2,R2,10.90351848,1.68708642,0.2156189,4.90996469,3.22287827,8.7450283,True,
cd/490360,120,125,seed3,R2,5.67358211,1.68708642,0.2156189,4.90996469,3.22287827,2.58535378,True,
cd/490360,120,125,seed4,R2,3.38483547,1.68708642,0.2156189,4.90996469,3.22287827,6.89277105,True,
cd/490360,120,125,seed5,R2,1.07844267,1.68708642,0.2156189,4.90996469,3.22287827,3.33048092,True,
cd/490361,105,110,seed1,R2,5.68381555,0.4388811,0.43583556,2.21064902,1.77176793,4.62139332,True,
cd/490361,105,110,seed2,R2,0.13198839,0.4388811,0.43583556,2.21064902,1.77176793,1.46361592,True,
cd/490361,105,110,seed3,R2,1.13645539,0.4388811,0.43583556,2.21064902,1.77176793,0.07278556,True,
cd/490361,105,110,seed4,R2,4.56233508,0.4388811,0.43583556,2.21064902,1.77176793,4.48311068,True,
cd/490361,105,110,seed5,R2,1.71782852,0.4388811,0.43583556,2.21064902,1.77176793,0.41233963,True,
cd/490361,110,115,seed1,R2,0.80349167,0.63859217,0.39168798,1.00842592,0.36983375,0.43714423,True,
cd/490361,110,115,seed2,R2,0.66323515,0.63859217,0.39168798,1.00842592,0.36983375,2.61872476,True,
cd/490361,110,115,seed3,R2,0.48734269,0.63859217,0.39168798,1.00842592,0.36983375,0.16954841,True,
cd/490361,110,115,seed4,R2,1.73593478,0.63859217,0.39168798,1.00842592,0.36983375,0.37434542,True,
cd/490361,110,115,seed5,R2,3.31056522,0.63859217,0.39168798,1.00842592,0.36983375,1.44236676,True,
cd/490361,115,120,seed1,R2,1.88221625,0.67016888,0.43905151,0.79556344,0.12539456,0.45587258,True,
cd/490361,115,120,seed2,R2,0.21587424,0.67016888,0.43905151,0.79556344,0.12539456,0.69245522,True,
cd/490361,115,120,seed3,R2,0.13429468,0.67016888,0.43905151,0.79556344,0.12539456,1.40544119,True,
cd/490361,115,120,seed4,R2,2.1448314,0.67016888,0.43905151,0.79556344,0.12539456,1.00300183,True,
cd/490361,115,120,seed5,R2,1.79585818,0.67016888,0.43905151,0.79556344,0.12539456,0.42104638,True,
cd/490361,120,125,seed1,R2,2.4582775,0.54425467,-0.3275777,2.20365353,1.65939886,2.29353197,True,
cd/490361,120,125,seed2,R2,1.01136498,0.54425467,-0.3275777,2.20365353,1.65939886,0.70220951,True,
cd/490361,120,125,seed3,R2,3.71341131,0.54425467,-0.3275777,2.20365353,1.65939886,6.17938987,True,
cd/490361,120,125,seed4,R2,1.54338944,0.54425467,-0.3275777,2.20365353,1.65939886,1.02855518,True,
cd/490361,120,125,seed5,R2,0.65393597,0.54425467,-0.3275777,2.20365353,1.65939886,0.81458115,True,
cd/490363,105,110,seed1,R2,3.74184087,0.63024563,0.4230352,3.65403261,3.02378698,1.97244736,True,
cd/490363,105,110,seed2,R2,13.2256671,0.63024563,0.4230352,3.65403261,3.02378698,9.29524382,True,
cd/490363,105,110,seed3,R2,0.32707946,0.63024563,0.4230352,3.65403261,3.02378698,1.13099504,True,
cd/490363,105,110,seed4,R2,2.12603426,0.63024563,0.4230352,3.65403261,3.02378698,1.86868369,True,
cd/490363,105,110,seed5,R2,0.96471733,0.63024563,0.4230352,3.65403261,3.02378698,4.00279313,True,
cd/490363,110,115,seed1,R2,3.29934273,1.13774864,0.12076912,4.64103572,3.50328709,1.46770278,True,
cd/490363,110,115,seed2,R2,13.09068489,1.13774864,0.12076912,4.64103572,3.50328709,10.39606126,True,
cd/490363,110,115,seed3,R2,1.65713737,1.13774864,0.12076912,4.64103572,3.50328709,0.99042262,True,
cd/490363,110,115,seed4,R2,0.58225778,1.13774864,0.12076912,4.64103572,3.50328709,0.69737998,True,
cd/490363,110,115,seed5,R2,5.17960144,1.13774864,0.12076912,4.64103572,3.50328709,9.653612,True,
cd/490363,115,120,seed1,R2,5.23751183,1.27662061,-0.69895247,4.29898603,3.02236543,6.20212899,True,
cd/490363,115,120,seed2,R2,6.34427291,1.27662061,-0.69895247,4.29898603,3.02236543,6.64261246,True,
cd/490363,115,120,seed3,R2,4.20012793,1.27662061,-0.69895247,4.29898603,3.02236543,5.03673848,True,
cd/490363,115,120,seed4,R2,1.05907218,1.27662061,-0.69895247,4.29898603,3.02236543,1.95219803,True,
cd/490363,115,120,seed5,R2,1.15918297,1.27662061,-0.69895247,4.29898603,3.02236543,1.66125221,True,
cd/490363,120,125,seed1,R2,1.94965007,1.58438151,-1.02114878,6.58785725,5.00347574,3.7314952,True,
cd/490363,120,125,seed2,R2,6.92784799,1.58438151,-1.02114878,6.58785725,5.00347574,7.73387036,True,
cd/490363,120,125,seed3,R2,3.81268717,1.58438151,-1.02114878,6.58785725,5.00347574,3.891708,True,
cd/490363,120,125,seed4,R2,9.45272944,1.58438151,-1.02114878,6.58785725,5.00347574,8.26786781,True,
cd/490363,120,125,seed5,R2,5.69062767,1.58438151,-1.02114878,6.58785725,5.00347574,9.31434486,True,
